12465	2	12538
20009	2	14079
17027	2	17106
23973	0	17722
22042	0	22019
21359	0	21269
16323	1	16335
15178	2	14779
14297	2	12589
15555	2	12461
20191	1	20246
21168	0	21080
12474	3	21064
22995	1	23048
17454	0	17444
17049	2	14448
22584	0	22710
23956	0	17722
13679	0	14363
23965	0	23953
21342	0	21269
15200	0	14704
20035	3	20107
12998	3	12633
21151	0	21080
17327	3	14080
16186	2	16237
16444	1	16459
12506	0	12504
19251	0	19178
15892	2	14238
16409	1	16422
15984	1	16095
12546	1	12563
17789	2	12409
12386	1	12406
16804	0	12600
15242	0	15178
18937	0	18928
12599	2	12626
21981	2	12423
21134	0	21080
21175	0	21143
19703	0	19178
20729	0	20667
21691	2	12482
19234	0	19178
22707	1	22747
12377	1	12396
23896	4	23685
21313	0	21267
13505	3	13664
17259	2	12590
18437	0	17781
21570	0	21485
15225	0	15178
15784	3	15942
22551	0	22535
22995	0	22957
19111	0	15892
21158	0	21143
20712	0	20667
17340	0	17332
16962	0	16966
12547	2	12589
15951	2	12409
21714	0	21692
12817	3	12616
21296	0	21267
17588	3	13663
19060	2	12595
19661	1	19972
15208	0	15178
17447	1	17470
17673	0	17444
13119	0	12994
23364	2	12589
15480	0	15462
12500	3	14348
17531	0	17500
12600	3	12633
22534	0	22535
21141	0	21143
20166	0	20138
20607	2	12906
15555	2	14234
21697	0	21692
21279	0	21267
20380	2	12855
20428	0	20378
15191	0	15178
19037	0	19040
13102	0	12994
17328	0	17327
12868	2	12902
15570	0	15554
18855	1	18915
12501	3	17182
15296	0	15178
20139	2	12593
17304	2	14088
16968	3	13661
17722	2	12587
16186	2	12533
22716	2	12536
14387	2	12585
14696	2	12409
20631	0	20628
21367	0	21267
21236	0	21230
14916	0	14704
18652	1	18742
23385	1	23406
13190	0	12994
15714	0	15555
16853	0	16849
17769	0	17763
23682	3	23702
20155	0	20140
18083	1	18363
18929	2	12483
14082	2	12500
19108	0	19040
13173	0	12994
17920	0	17872
15697	0	15555
18477	0	18452
14156	0	14136
23109	1	23107
20011	2	13778
17284	3	21673
20452	0	20390
14387	3	14449
16964	2	12461
19074	0	19064
20744	1	20819
16742	0	16721
16354	2	14496
20519	3	20542
14065	2	12500
19091	0	19040
14904	1	14903
18460	0	18452
12592	3	15944
20337	2	12618
19125	3	19119
20338	2	20375
19657	0	20010
22379	0	22093
13510	2	12362
14455	2	14695
15996	1	16068
16725	0	16721
18565	0	18452
18491	1	18490
20431	0	20378
12600	2	16813
17933	1	18213
20589	2	12410
14889	4	14704
21324	1	21431
14303	3	14349
12465	2	12485
17616	0	17444
19308	0	19178
13908	2	12621
22362	0	22093
22551	1	22600
15555	2	12408
15299	0	15178
13485	1	13490
18994	0	18928
18548	0	18452
17991	0	17872
15488	0	15460
22736	0	22639
14187	2	12460
20406	0	20388
17599	0	17444
15729	4	15676
22729	0	22710
14737	1	14774
15998	0	15873
14532	0	14523
15930	3	23416
22345	0	22093
12600	2	12625
20395	2	12812
21795	2	12628
15282	0	15178
14063	2	12906
21942	0	21937
17974	0	17872
15471	0	15460
21830	1	21829
23616	0	23670
17736	0	17722
22093	2	22708
12704	0	12548
22725	0	22722
12994	2	12535
16214	0	16186
15956	1	15964
15981	0	15873
16326	1	16340
20378	2	12812
18705	0	18623
14813	1	14850
14704	3	12632
16865	1	16892
22818	0	22771
23153	0	23137
23068	1	23076
16683	0	16721
23673	1	23678
15551	3	12594
18688	0	18623
22015	2	12501
12547	2	12536
12461	3	14313
19362	0	19178
14204	0	14187
17585	2	16073
22801	0	22771
14187	2	12944
20135	2	12586
23497	1	23552
22021	2	12527
12694	4	12548
23140	1	23161
13912	1	13989
17444	2	17500
18096	0	17781
14569	0	14547
23988	0	23683
17781	2	12500
17258	0	17260
22119	1	22223
20865	2	21032
18079	0	17781
17786	2	12495
14552	0	14547
12476	3	17163
17781	2	12850
19147	0	19060
16305	1	16304
22656	0	22637
12860	2	12859
20338	2	12483
16756	1	16802
23362	2	14097
19065	0	19062
15078	0	14704
17443	3	15549
12429	2	12460
13505	2	13493
19599	1	19811
23572	2	12455
21771	0	21772
12559	0	12548
18659	0	18618
17770	0	17762
20344	0	20393
20711	0	20660
17463	1	17487
15612	0	15611
15558	1	15563
20044	0	20031
13668	2	12829
17306	2	17304
21485	2	21676
13735	2	12498
18642	0	18618
20694	0	20660
21682	0	23359
16027	1	16098
22712	2	12821
13668	3	14343
23182	1	23180
23310	4	23181
19297	1	19494
14527	1	14536
12817	3	14336
22039	0	22020
15555	2	15604
14305	0	14306
12523	3	15945
23930	1	23928
16728	0	16633
16222	0	16184
20312	0	20279
20423	0	20383
20391	2	12455
20637	0	20607
12597	3	23083
15796	1	15826
21846	2	14235
12460	3	14325
22912	2	14093
15969	2	12425
14490	3	21670
20295	0	20279
18076	1	18357
16851	0	16849
12867	2	12500
12478	3	17159
22671	0	22645
12472	3	12936
12543	1	12564
12997	2	13396
13146	1	13427
14232	3	14780
15043	4	14704
12761	0	12548
18934	0	18929
15710	4	15555
23441	2	12501
21773	0	21768
22676	0	22640
12561	0	12544
20194	1	20249
14654	4	14640
19196	1	19394
19183	1	19382
18543	4	18496
20450	0	20379
17034	0	17027
20726	0	20668
20039	0	20068
18697	0	18622
20305	1	20326
17688	0	17668
12590	3	21057
16148	4	15873
17386	1	17402
12461	3	20542
15752	1	15758
13679	0	13668
18706	0	18622
15592	0	15555
20424	0	20342
20377	0	20381
16754	1	16783
23263	0	23181
22659	0	22640
20634	1	20645
15212	1	15333
20447	0	20395
22971	0	22956
12544	2	12590
13943	1	14019
22093	2	16239
13571	0	13505
12597	3	13768
19589	1	19802
13525	1	13594
16030	0	15873
16131	4	15873
18128	0	17872
20442	0	20379
14641	0	14640
23361	2	12590
12874	0	12867
18689	0	18622
12590	3	13486
20407	0	20342
21363	1	21483
20434	0	20389
18850	0	18623
23246	0	23181
17444	2	17663
12464	2	12478
13849	0	13845
14528	0	14455
20430	0	20395
13670	0	14361
12861	3	21064
14126	2	12534
13742	1	13759
20198	0	20143
20427	1	20460
16495	0	16403
18562	1	18595
16013	0	15873
22644	3	12594
18145	1	18423
20417	0	20389
18833	0	18623
23253	4	23181
14511	0	14455
18651	0	18620
15771	1	15775
20280	2	12586
21351	1	21478
17614	0	17588
15663	0	15555
15996	0	15873
16965	2	12498
19064	2	12659
13122	0	12997
14616	0	14455
20401	0	20393
22047	0	22018
23987	0	23952
21068	2	12457
20169	0	20141
16834	2	12830
12527	3	21055
18452	2	12657
22814	0	22093
13505	2	12501
12584	3	14072
22707	0	22715
22030	0	22018
23970	0	23952
12595	3	23414
19342	1	19540
20152	0	20141
22774	1	22821
18858	1	18918
16922	3	23060
17983	0	17872
17987	1	18267
22797	0	22093
15217	1	15438
14070	2	12461
16965	3	17021
16818	2	16830
15875	2	16073
16920	2	15782
22093	2	12535
22527	2	12498
17197	1	17206
14656	2	12621
18942	0	18927
20706	1	20783
13193	0	12997
16321	2	12409
14679	1	14690
17966	0	17872
15894	2	14242
18434	2	12586
22780	0	22093
13969	0	13668
14308	3	14310
16834	2	16347
12996	3	13403
23359	2	12541
13668	2	14065
16921	0	16850
20391	2	14496
15873	2	15971
20144	2	12458
12786	3	21057
16985	0	16966
15198	0	14704
15555	2	15551
14186	2	14232
23363	0	21683
15565	1	15573
15628	4	15555
18671	0	18623
21956	0	21938
20722	0	20661
20451	0	20381
15485	0	15461
23847	1	23846
18054	0	17872
17760	0	17761
12605	3	12632
17091	0	17027
16402	2	12480
12497	3	14357
14547	2	14598
22712	3	22768
14075	2	12590
16077	3	15945
14454	0	14455
23393	0	23364
18654	0	18623
20519	2	12455
20705	0	20661
21939	0	21938
15468	0	15461
17310	2	12623
13556	1	13624
15286	0	14704
20087	1	20104
12853	3	13768
13444	1	13470
22869	2	14599
17769	1	17777
17781	2	12476
18637	0	18623
20688	0	20661
15491	0	15463
19138	2	12501
23303	0	23181
12587	3	17276
20689	0	20665
15269	0	14704
14455	2	12845
23812	4	23685
22732	0	22713
23436	2	12597
21794	2	12461
15554	3	13402
21689	2	12811
16858	0	16848
19113	0	19060
20447	0	20342
13668	2	12455
12544	2	12537
14075	3	14080
14201	0	14188
17859	1	17869
21713	0	21688
23243	4	23306
17532	0	17588
20418	0	20388
14393	0	14387
22423	1	22515
20351	2	12423
17762	2	12906
20430	0	20342
13816	0	13668
12455	3	14330
14448	3	14780
14075	3	12925
21798	1	21804
20369	2	12460
20842	2	12630
19373	1	19570
17045	2	17047
21990	1	22003
17427	0	17358
18018	1	18297
17292	2	12501
23209	4	23306
18696	0	18621
23143	1	23164
19093	1	19101
16993	0	16964
16588	0	16551
12842	2	12363
13782	0	13668
22975	1	23028
22122	1	22226
19766	0	19178
15782	3	21673
15282	1	15377
19694	1	19883
18679	0	18621
22654	0	22645
14148	0	13668
14457	0	14458
20192	0	16354
21031	2	12460
22734	0	22709
15989	1	16062
17045	2	16242
14364	0	14361
20437	0	20384
12605	2	12624
21317	1	21425
20429	0	20394
19155	0	19058
13668	2	14228
18662	0	18621
20082	0	20071
20714	0	20663
13870	1	13893
17381	0	17356
22730	0	22721
19743	1	19912
17917	1	18197
16741	1	16774
20412	0	20394
16969	2	14233
22735	0	22716
16186	3	14080
23953	2	14496
17364	0	17356
12455	3	17042
12999	0	12996
17676	1	17699
23362	2	12597
20012	0	20006
19300	1	19497
21693	3	14359
19063	3	14543
12994	2	13397
15691	1	15690
22042	0	22023
24053	2	12407
13668	2	14362
16720	1	16762
19063	2	12628
13906	3	23576
18816	0	18623
17259	2	12460
16871	1	16898
21796	3	21801
20745	0	20661
17685	0	17669
22584	0	22714
23438	2	23432
23248	1	23247
13195	1	13381
17459	0	17443
14393	1	14425
16970	2	13839
14184	2	14242
20388	2	12940
23950	0	23685
12481	3	17162
12511	0	12503
20197	1	20252
17442	0	17443
19186	1	19385
21073	1	21077
17668	2	12591
23933	0	23685
23319	4	23195
12692	4	12548
16969	2	12623
17441	3	17485
15755	1	15761
20944	0	20923
16311	1	16310
22662	0	22643
22577	0	22536
23000	0	22956
16431	2	12461
20717	0	20666
21261	0	21234
13119	0	12998
13975	0	13909
16967	0	16965
18452	2	12417
17890	0	17781
22153	1	22256
20382	2	12587
22044	0	22019
13519	1	13587
22340	1	22433
18565	1	18598
14547	2	12935
20428	0	20382
21146	0	21142
20700	0	20666
21683	3	23416
13102	0	12998
22926	1	22946
13958	0	13909
12868	2	12906
21702	0	21691
17957	1	18237
17262	2	12837
18471	1	18470
22027	0	22019
20011	2	13648
15494	0	15458
15262	1	15431
20300	0	20278
13866	1	13886
17978	0	17781
23992	0	23683
13941	0	13909
23923	1	23922
12659	3	14780
14128	1	14132
15473	1	15513
16431	2	12595
17495	2	12540
22727	0	22718
20625	2	20652
12460	3	17281
15810	0	15765
12438	0	12430
13190	0	12998
14716	0	14704
20283	0	20278
14232	3	14353
17961	0	17781
23975	0	23683
13924	0	13909
13737	2	13778
21708	0	21693
15875	2	14089
20667	2	12458
23973	0	23955
20155	0	20144
21810	1	21809
23361	3	12789
14065	3	14069
17516	0	17494
22777	1	22824
14455	2	12471
22664	0	22639
13173	0	12998
18066	0	17781
14156	0	14140
17739	0	17725
15873	2	16081
20452	0	20394
17944	0	17781
23958	0	23683
16046	0	15971
19336	1	19533
20187	1	20243
19189	1	19388
15893	2	12591
23956	0	23955
22018	2	12935
17499	0	17494
21744	1	21756
18049	0	17781
17450	0	17441
22573	1	22620
17332	2	12581
21795	2	12498
20338	2	20379
20701	1	20826
16500	0	16402
17441	2	14094
13144	0	12996
17330	0	17327
14673	1	14683
14803	2	12804
14251	0	13668
13127	0	12996
22736	0	22643
22099	1	22203
21485	2	13707
23685	2	12585
15855	4	15850
23147	0	23139
20406	0	20392
21229	2	14106
19020	3	19021
22729	0	22714
22052	0	22017
12872	0	12867
12535	3	23415
12600	2	12629
18094	1	18373
16855	0	16849
20424	0	20399
14901	1	14899
13110	0	12996
19062	2	19085
17794	0	17786
21710	0	21689
22725	0	22726
12548	2	12817
15168	1	15167
20006	2	12527
20383	2	12461
14925	4	14704
20280	2	16831
16206	0	16200
20407	0	20399
13510	2	12850
21743	2	12595
15309	1	15400
20162	0	20135
21032	3	14591
17786	2	12365
20663	2	12906
18936	0	18623
14818	0	14803
12501	3	23415
13198	0	12996
16189	0	16200
21846	3	17256
20116	2	14242
14511	0	14512
13501	0	13497
18620	2	12500
12461	3	14317
16402	2	12858
20135	2	12590
17993	1	18273
14801	0	14803
17358	2	12455
23325	2	14232
19757	1	19923
14891	4	14704
14063	2	12455
20078	0	20035
16990	0	16965
20607	2	12857
20699	1	20777
16697	1	16706
20932	0	20865
21229	2	12496
23362	3	12633
12767	2	12787
13021	0	12997
13394	3	23061
22656	0	22641
18452	2	13653
14147	0	14138
15873	2	15894
13434	0	12996
21234	3	17819
13505	2	13497
17874	1	18155
18971	3	17163
22674	0	22648
18659	0	18622
21944	0	21937
20344	0	20397
20044	0	20035
19096	1	19104
17232	1	17243
23097	0	23098
16403	2	12817
14063	2	12589
18990	0	18623
22978	1	23031
15285	1	15380
14455	2	14512
22657	0	22648
18642	0	18622
15863	4	15848
23155	0	23137
15992	1	16065
13440	0	12998
12880	0	12865
17339	0	17332
14455	2	12418
12690	4	12671
16849	2	14229
13450	1	13476
19060	2	17352
20393	2	20472
13092	0	12997
12909	2	12461
23001	1	23063
12817	3	14340
15555	2	15608
20530	0	20519
15639	1	15638
12586	3	14341
21903	0	21772
23954	2	20473
20423	0	20387
18098	0	17781
18623	2	12524
20011	2	14079
17535	0	17495
18925	3	17161
22560	0	22536
13075	0	12997
21940	2	12498
21357	1	21476
12544	2	12460
12548	2	12630
13749	0	13737
18081	0	17781
22543	0	22536
17679	1	17702
20843	0	20842
16210	0	16183
15080	0	14704
20143	2	12588
22416	1	22509
12909	2	12595
21773	0	21772
22676	0	22644
22021	3	12411
15181	1	15315
20450	0	20383
18064	0	17781
17737	0	17725
14082	2	12935
14455	2	12902
12485	2	12494
20844	2	12409
13060	1	13260
20830	1	20836
21074	2	14097
16193	0	16183
20377	0	20385
13050	0	12997
20608	0	20606
23570	3	17182
22659	0	22644
20448	1	20476
12744	4	12671
14396	1	14428
18684	0	18620
20447	0	20399
15168	0	14704
20406	1	20510
18948	0	18925
21861	0	21772
20442	0	20383
17527	0	17444
20434	0	20393
18152	0	17781
13907	0	13909
23307	0	23181
13033	0	12997
12464	2	12482
22643	3	22767
20842	2	14781
12727	1	12726
20430	0	20399
14704	2	14802
21512	0	21485
20391	2	14232
18931	0	18925
22673	0	22636
17510	0	17444
20417	0	20393
16760	1	16789
19143	0	19057
22055	0	20134
17444	2	12540
21310	1	21419
13949	1	14025
20280	2	12590
17588	2	15780
18466	4	18452
16001	1	16124
12714	0	12671
19064	2	12663
17493	0	17444
13905	3	17282
22657	1	22686
23995	0	17722
20401	0	20397
16633	2	13729
15239	0	14704
18993	0	18928
22047	0	22022
23093	0	23091
21066	3	21064
12540	3	15762
22343	1	22436
12927	3	12937
17598	0	17444
16402	2	14094
22718	2	12536
20703	0	20669
12909	3	12499
17690	0	17668
12466	1	12469
21287	0	21269
22707	0	22719
22030	0	22022
20152	0	20145
15790	0	15766
16309	0	16200
12860	3	12631
23265	0	23181
18809	1	18869
20747	0	20665
20686	0	20669
22035	0	22017
21352	0	21267
12601	2	12861
16818	2	16834
21270	0	21269
20628	2	20655
17269	0	17259
19000	0	18991
13093	0	12996
14075	2	12460
20174	0	20116
19648	0	19178
23669	2	12625
20730	0	20665
23817	0	23685
21335	0	21267
13789	1	13807
14308	3	14314
20116	2	12579
13157	1	13343
22111	0	22093
21182	1	21224
15048	0	15178
13076	0	12996
20157	0	20116
19631	0	19178
18925	2	18977
16985	0	16970
23091	2	14094
21358	0	21269
12865	2	12586
23005	0	22955
19076	0	19040
21093	1	21118
19179	1	19379
17027	2	14134
20722	0	20665
12717	0	12671
17760	0	17765
20071	3	17018
19614	0	19178
16054	0	15969
21341	0	21269
23362	3	14353
20518	3	13768
20149	0	20116
12997	3	12633
16750	1	16780
22988	0	22955
17601	0	17444
22055	0	21691
19719	0	19178
20705	0	20665
15014	0	15178
22717	3	22767
23287	1	23286
14306	3	14356
16037	0	15969
18533	0	18452
20385	2	12855
21485	2	12662
15571	0	15552
12851	2	12853
15499	0	15457
21133	0	21080
13030	0	12994
20688	0	20665
16834	2	16835
22716	3	17815
23685	2	12479
20689	0	20669
16020	0	15969
22732	0	22717
20662	2	12410
19147	0	19040
17689	0	17444
12763	1	12762
15456	0	15460
14739	0	14704
20413	0	20386
13195	0	12997
21980	0	21981
15723	4	15662
15482	0	15457
15313	0	14704
17797	0	17789
21713	0	21692
16364	1	16384
20565	1	20583
15207	0	15178
12421	3	23413
17672	0	17444
20405	0	20380
13118	0	12994
20418	0	20392
20591	0	20553
23138	0	23137
17517	1	17545
20624	0	20626
14136	2	12906
23351	1	23357
12591	3	23061
17284	3	17278
23907	1	23906
17655	0	17444
13101	0	12994
18506	4	18452
13668	3	14323
14189	0	14187
21234	3	20962
20338	2	12597
15932	0	15873
20519	2	14232
16633	2	16709
18452	2	14702
20042	0	20067
20445	0	20388
20393	2	12527
20135	2	12834
16993	0	16968
22384	0	22093
13682	0	13667
20702	1	20780
15614	0	15611
21866	0	21848
15022	1	15021
20848	0	20669
15493	0	15463
22741	0	22642
17762	2	12455
17032	3	17042
13491	3	20542
13175	1	13361
20437	0	20388
19060	2	14079
17919	0	17872
20429	0	20398
12913	1	12920
13668	2	14232
20390	2	20473
21849	0	21848
20140	2	12455
20010	2	13778
21947	0	21940
20831	0	20669
20714	0	20667
21715	0	21688
12649	0	12548
13848	0	13845
12486	0	12485
19139	2	12595
15481	0	15458
21796	2	12586
17902	0	17872
20412	0	20398
14200	1	14220
22735	0	22720
22019	2	12817
19215	1	19415
22643	3	12594
13753	0	13667
23389	0	23361
15892	2	16556
16291	1	16290
20343	0	20385
16973	0	16963
14894	1	14893
15464	0	15458
19691	1	19879
17885	0	17872
13453	1	13479
20370	2	15782
13911	0	13909
19307	0	19178
12854	3	14349
16207	0	16184
13520	0	13512
17668	2	12461
12523	3	21670
13543	1	13611
20685	0	20662
21795	3	21801
22020	2	12854
20745	0	20665
19290	0	19178
16590	0	16551
14406	0	14384
16548	2	15928
20394	2	12812
17877	0	17872
22138	1	22242
12498	3	17163
20742	0	20670
16834	2	12460
14197	0	14185
23320	4	23251
16213	0	16186
17375	1	17414
12424	3	19022
14389	0	14384
15497	1	15537
23383	1	23418
22419	1	22512
12956	1	12979
17673	0	17668
20725	0	20670
12502	1	12513
22817	0	22771
17064	1	17081
16196	0	16186
22662	0	22647
20369	2	12627
13842	1	13851
22580	0	22093
19265	0	19178
14803	3	14886
22800	0	22771
21772	2	13491
14645	4	14642
22582	0	22535
17495	2	12410
19360	1	19557
20717	0	20670
23364	2	12597
16967	0	16969
12500	3	14356
17728	0	17723
21937	2	21977
21857	0	21846
17027	2	12471
22563	0	22093
13752	0	13668
16841	2	16845
16922	2	16557
12656	3	16375
22783	0	22771
15873	2	15601
20428	0	20386
21743	2	12786
22565	0	22535
20700	0	20670
22668	0	22093
16923	0	16922
16200	2	16186
19146	0	19060
15082	4	14704
22546	0	22093
12775	0	12767
22962	1	23015
15873	2	15951
20433	0	20381
15269	1	15364
21313	1	21422
20390	2	17253
22020	2	12533
15494	0	15462
17239	0	17229
23221	4	23181
22548	0	22535
22651	0	22093
22660	1	22689
17588	3	16249
17722	2	12595
14964	0	14704
12531	3	13768
22717	3	12594
22727	0	22722
21080	2	21139
20416	0	20381
21231	0	21229
15810	0	15769
16639	0	16633
19246	1	19445
20395	2	13491
13845	2	12410
16321	2	12523
21152	1	21194
14232	3	14357
14387	2	12943
12535	3	21057
18621	2	14233
21901	0	21772
15987	0	15875
13511	0	13510
20137	0	16354
18707	0	18620
13929	0	13908
14455	2	12475
20378	2	13491
20452	0	20398
22038	0	22020
13516	0	13505
16946	0	16930
19594	1	19805
13962	1	14038
13577	0	13512
13178	0	12997
15970	0	15875
20013	0	20009
21032	2	12597
17677	0	17496
23191	0	23181
13912	0	13908
16157	0	15873
20338	2	20383
23961	0	23954
13792	1	13810
15958	0	15873
12501	3	21057
13161	0	12997
12994	2	12409
20440	0	20393
16431	2	16466
16164	4	15873
17496	2	12500
12430	2	12456
14547	2	12618
22771	3	12594
14447	3	17187
16756	0	16721
18682	0	18620
18039	0	17872
14126	2	12461
15906	0	15893
12455	3	14310
17917	0	17872
12908	2	12621
14089	3	14085
20191	0	20141
16147	4	15873
21061	0	21068
18663	1	18753
18022	0	17872
14616	1	14634
22547	0	22536
23459	2	12363
12711	1	12710
13983	0	13908
14645	4	14455
20708	0	20668
21710	0	21693
16029	0	15873
16130	4	15873
15951	2	12580
18127	0	17872
12548	2	12821
15476	0	15463
12407	3	21063
17786	2	17846
18005	0	17872
18050	1	18330
14527	0	14455
22529	1	22532
20162	0	20139
21485	2	12906
20395	2	17492
14126	2	12595
16012	0	15873
22151	0	22093
18110	0	17872
19076	1	19081
16842	1	16844
15459	0	15463
22707	0	22642
12479	3	14349
15557	0	15555
17585	2	17586
17127	3	17186
21698	0	21688
13914	0	13668
21772	3	13663
15139	4	14704
18552	1	18585
15875	2	12617
20378	2	17492
20123	0	20114
22913	1	22933
22134	0	22093
18093	0	17872
20568	1	20586
14615	0	14455
20338	2	20062
17944	1	18224
21745	2	12461
21229	2	12500
22117	0	22093
21683	2	14097
14970	1	14969
13784	0	13668
17229	2	12479
13150	1	13337
22322	1	22323
17165	0	17168
14152	0	14137
12500	3	15942
20448	0	20391
13575	1	13643
18848	1	18908
14066	3	14072
18690	0	18618
16431	2	15929
20408	0	20338
16433	2	12624
20565	0	20551
20294	1	20317
20177	0	16354
13872	0	13668
14135	0	14137
15214	0	14704
23733	0	23685
20071	2	13491
23282	4	23306
14148	1	14168
12527	3	17278
15999	0	15971
23386	0	23362
20260	0	20116
17174	1	17184
23351	0	23325
20427	0	20379
22973	0	22959
16880	0	16848
16386	3	16429
18673	0	18618
19038	2	14702
20143	2	12458
22666	0	22093
12817	3	14344
23716	0	23685
15982	0	15971
21260	0	21234
12800	1	12803
19077	0	19128
20661	2	12861
12586	3	14345
19717	0	19178
20842	2	12423
21955	0	21938
15555	2	12579
20423	0	20391
20410	0	20379
15484	0	15461
21234	2	14699
15892	3	19119
14455	2	13711
16402	2	12541
20523	0	20369
21243	0	21234
13019	1	13225
18452	2	14491
13080	0	12996
23433	3	17282
22713	2	12630
14496	3	14349
20704	0	20661
14082	2	14094
15467	0	15461
23473	0	23459
14194	0	14186
14701	2	12460
21796	3	13405
17732	0	17723
17372	0	17358
21039	0	20865
12580	3	19119
12500	3	14332
16210	0	16187
13754	0	13736
20411	0	20386
15783	3	14357
15645	1	15644
22676	0	22648
13063	0	12996
13546	1	13614
22367	1	22460
20450	0	20387
23787	0	23685
14455	2	12906
17355	0	17358
12792	0	12548
21981	2	15924
16193	0	16187
19788	0	19178
22528	2	12494
13750	1	13767
20135	2	12407
13046	0	12996
22659	0	22648
20280	2	12460
16385	0	16386
16403	2	12500
14200	0	14188
13442	0	12998
12549	0	12547
16180	1	16181
22869	3	14080
17989	1	18270
20009	2	12587
15500	1	15540
16332	0	16321
18150	0	17872
20434	0	20397
20736	0	20663
20146	0	20138
17333	1	17342
12425	3	14780
17027	2	12581
16024	0	15969
16321	3	15942
21745	2	12624
13038	0	12996
22956	2	12535
22562	0	22536
22734	0	22636
22673	0	22640
20435	0	20398
14384	2	12585
20417	0	20397
20686	1	20764
17828	4	17781
21232	1	21245
12648	0	12646
19063	2	12421
16007	0	15969
17427	0	17419
15006	1	15005
17766	0	17763
22545	0	22536
19363	1	19560
23672	0	23670
21749	0	21745
20040	0	20032
23321	4	23296
21770	2	14232
19736	1	19910
22720	3	13402
18008	1	18287
16212	0	16183
17306	2	14092
21795	2	12478
18932	1	18955
20525	1	20536
21266	1	21376
13909	2	12861
14366	1	14375
20690	0	20661
16431	3	17256
13929	0	13668
20184	1	20239
22965	1	23018
23008	0	16922
23311	1	23310
22707	0	22723
16402	2	14448
12604	2	12624
21772	2	12580
15873	2	12812
20117	0	20112
13739	2	13778
16183	2	12461
20448	0	20338
22871	1	22890
20747	0	20669
22035	0	22021
14202	0	14184
13912	0	13668
12479	3	14780
12626	3	23414
12471	3	17042
12750	0	12671
20308	0	20280
20419	0	20384
22584	0	22641
19249	1	19448
16551	2	16549
14613	0	14455
23000	0	16922
17532	1	17553
20730	0	20669
17295	2	17127
14158	0	14137
21981	2	14448
20341	2	12906
12733	0	12671
20291	0	20280
14122	0	13668
15969	2	12596
18710	0	18623
21692	3	14359
22811	0	22093
15765	2	13732
23861	0	23685
14186	2	14240
21269	2	17127
21326	1	21435
20553	2	12460
22672	0	22641
21683	3	14349
17733	0	17722
23325	2	12923
23966	0	23685
18693	0	18623
17684	0	17669
13983	0	13668
15881	1	15888
22403	1	22496
13795	1	13813
22655	0	22641
22988	0	22959
16972	0	16965
17288	2	12421
12901	3	13768
23853	0	23685
21863	0	21846
23949	0	23685
16442	0	16386
20387	2	12940
19591	0	20008
18020	1	18300
12365	3	21063
23238	1	23237
16321	2	12901
20009	2	15783
20438	0	20380
20435	1	20463
20965	2	12535
24066	1	24070
18685	0	18623
22785	1	22832
12851	2	12857
13030	0	12998
20688	0	20669
22037	0	22017
13512	3	13658
20135	2	20275
15046	1	15045
20194	0	20144
16721	2	13648
22720	2	12455
20421	0	20380
20938	1	20947
13095	0	12996
18668	0	18623
20413	0	20390
20719	0	20661
21695	0	21689
16929	1	16947
23995	0	23955
13200	0	12996
20120	0	20115
16841	2	12580
17538	0	17494
12412	3	17186
13118	0	12998
20405	0	20384
13078	0	12996
19144	0	19060
16633	2	14485
12466	0	12465
23151	1	23172
21360	0	21269
15991	0	15971
17370	0	17358
23274	4	23306
12523	3	21056
18656	0	18618
13183	0	12996
17284	3	17282
19040	2	13831
21104	0	21079
16055	1	16133
21145	0	21142
13101	0	12998
16214	1	16259
13668	3	14327
21701	0	21691
16200	2	16243
16056	0	15969
21080	2	13491
22026	0	22019
23966	0	23953
18555	1	18588
21955	1	21974
23365	2	12661
12817	3	14320
13166	0	12996
22916	1	22936
20035	2	20030
20299	0	20278
21087	0	21079
20445	0	20392
19252	0	19178
15875	2	12861
23597	0	23578
16039	0	15969
16596	1	16595
17855	0	17781
20661	2	13776
17763	2	12362
14809	0	14805
15930	3	14353
23578	2	12629
13189	0	12998
13149	0	12996
20063	3	15762
23913	1	23912
16321	2	12580
22162	1	22266
19235	0	19178
16022	0	15969
14136	2	12455
22743	0	22724
15226	0	15178
14707	1	14744
13845	2	12817
14964	1	14962
20731	0	20668
17173	0	17166
20718	0	20662
15712	1	15710
17166	3	17182
15481	0	15462
22729	0	22641
12601	3	12633
13875	1	13896
15864	0	15850
23140	0	23137
21794	2	12498
22735	0	22724
13817	2	12365
13667	2	13774
23363	1	23395
21683	2	12597
23389	0	23365
14829	0	14704
20343	0	20389
22093	2	22639
20701	0	20662
13103	0	12994
15464	0	15462
21485	2	12479
14145	0	13668
14934	0	14704
15974	0	15875
20400	0	20397
14812	0	14704
20873	4	20865
14250	0	13668
13086	0	12994
19152	0	19058
20685	0	20666
23146	0	23139
20145	2	12588
13734	0	13737
13191	0	12994
15246	1	15427
23998	0	23685
20850	0	20669
20013	1	20021
14306	3	14307
16965	2	12482
13668	2	12626
14656	2	12471
20414	0	20389
20382	2	12461
17229	2	14496
14682	1	14693
14157	0	14136
20428	1	20481
23981	0	23685
17268	0	17259
17135	0	17130
22014	2	14599
23347	1	23354
15158	1	15157
18935	0	18623
14942	0	15178
17663	2	12365
22361	1	22453
12467	0	12464
17195	2	12426
21514	0	21485
12382	1	12403
23964	0	23685
12645	0	12647
14954	1	14953
20441	0	20385
23118	4	23108
20037	0	20033
20739	0	20666
21497	0	21485
20382	2	12595
17336	1	17345
15770	0	15765
14408	1	14451
14387	2	12813
20931	0	20865
13671	0	13735
12508	0	12503
22794	0	22093
13559	1	13627
20010	2	12656
15489	0	15460
24052	0	23685
20689	1	20767
21062	0	21060
13433	0	12996
20433	0	20385
12699	0	12671
12503	2	12533
12601	2	12625
20607	2	20623
12500	3	12616
14188	2	12810
18658	0	18622
21943	0	21937
15551	3	15587
12713	4	12600
23683	2	12597
12605	3	12616
22727	0	22726
21080	2	21143
16215	0	16186
23096	0	23098
20416	0	20385
23470	1	23525
20906	1	20905
21819	4	21772
12706	4	12671
20408	0	20395
18009	0	17781
16321	2	12527
12959	0	12950
15815	0	15768
16692	1	16700
12696	4	12600
15008	0	14704
13742	0	13735
12689	4	12671
16435	0	16433
17992	0	17781
18074	1	18354
17722	2	14238
15798	0	15768
20529	0	20519
14188	2	12944
17316	0	17310
13908	2	12849
21851	1	21877
20842	2	12480
12485	2	12421
12951	0	12950
23134	4	23120
12672	4	12671
14570	0	14547
14704	2	12501
17801	1	17814
20741	0	20662
19139	2	15929
23589	0	23669
17975	0	17781
23989	0	23683
15629	1	15628
22096	0	22093
21749	1	21759
14188	2	14233
18080	0	17781
12600	2	12853
20440	0	20397
21795	2	12856
21343	0	21269
14698	2	12408
23347	0	23346
23186	1	23185
15764	0	15768
12507	0	12504
21329	1	21438
15893	2	14238
16386	2	12423
22675	0	22644
16992	0	16968
13668	2	13728
12455	3	14314
21326	0	21269
20045	0	20031
15858	0	15848
17496	2	16826
22959	2	22955
20191	0	20145
15062	0	14704
23090	2	12423
16984	1	17008
22658	0	22644
20196	0	20140
14187	2	12822
17842	0	17786
13535	0	13505
14802	3	14800
21309	0	21269
23775	4	23685
22167	0	22093
21982	0	21981
19106	2	12906
22996	0	22957
21370	1	21477
12548	2	12825
12409	3	17187
20713	0	20667
23210	0	23181
17526	0	17444
23685	2	23681
18828	1	18888
18014	1	18293
16354	3	15944
22040	0	22020
13518	0	13505
21554	0	21485
20372	0	20370
15209	0	15178
15150	0	14704
22150	0	22093
13180	0	12997
16729	0	16633
22979	0	22957
21101	0	21080
16920	3	17278
20941	1	20950
22956	2	12592
20696	0	20667
17509	0	17444
23294	4	23181
12479	3	14353
21698	0	21692
12717	1	12716
14188	2	12623
21280	0	21267
22958	1	23012
12763	0	12600
13501	0	13505
13667	2	12461
15192	0	15178
18615	3	12499
16712	0	16633
22962	0	22957
15070	0	15178
20296	0	20279
21084	0	21080
22877	1	22896
20679	0	20667
14547	3	15586
22731	0	22709
16443	0	16431
21683	3	12633
20176	0	20135
17289	3	23429
15806	0	15766
15722	4	15654
16052	1	16110
21795	2	12535
17498	0	17500
12786	3	23082
20664	1	20748
17378	0	17356
20159	0	20135
21172	0	21080
13069	0	12994
12599	2	12480
20530	0	20393
22919	1	22939
20448	0	20395
17663	2	12796
21351	0	21267
17361	0	17356
22019	2	12581
13685	1	13720
20833	0	20669
13052	0	12994
20408	0	20342
16433	2	12628
16551	2	16606
20075	0	20035
22165	1	22269
21334	0	21267
12527	3	17282
12555	0	12545
22711	2	12419
21485	2	12589
13779	1	13797
21517	1	21681
22641	2	14448
17615	0	17588
12586	3	14349
19075	0	19040
16966	2	12498
20842	2	12427
20009	2	20028
13878	1	13899
20187	0	20138
18549	0	18452
14296	2	12455
21083	1	21108
17313	1	17319
16560	2	14303
23441	2	17051
12461	3	14354
15030	1	15029
15207	1	15330
20704	0	20665
13106	0	12997
14600	0	14455
21795	3	13405
17825	1	17824
20629	0	20626
17166	2	12478
15738	1	15745
12500	3	14336
15877	0	15873
19615	1	19824
20411	0	20390
23365	2	21683
15498	0	15457
20179	0	20138
21292	0	21267
20379	2	12812
23359	3	15944
23436	2	12662
12463	2	12477
16931	2	12595
18515	0	18452
20390	2	20266
22989	1	23042
12908	2	12922
23972	0	17722
12525	3	15944
13065	1	13263
15552	3	12594
16198	0	16186
17260	3	17276
22874	1	22893
12407	3	17042
17940	1	18221
14805	2	12588
17495	2	12524
20736	0	20667
23578	2	16524
13843	2	12534
14387	2	12923
23325	3	15944
21957	0	21938
12505	0	12504
21485	2	16240
22931	0	22912
12867	2	12407
22785	0	22771
13559	0	13512
22400	0	22093
15182	0	14704
18936	0	18928
14455	2	12455
19063	2	12425
20010	2	13705
17427	0	17423
17283	3	21055
16187	2	12501
20452	0	20378
14553	0	14547
22990	0	22955
18655	0	18623
17958	0	17781
23972	0	23683
21980	1	21997
23321	4	23300
18623	2	18977
15224	0	15178
20865	2	16080
15705	1	15704
21485	2	14496
19178	2	12857
22661	0	22639
15661	1	15660
17524	0	17444
16748	1	16792
13562	1	13630
17941	0	17781
20008	2	12458
20690	0	20665
16500	0	16386
15270	0	14704
16738	0	16721
23382	0	23359
16354	3	16375
15303	0	15178
14411	0	14387
12604	2	12628
17763	2	13708
17786	2	12804
16445	0	14547
20389	2	20473
19114	0	19060
12603	2	12597
14455	2	12589
12865	2	12460
20448	0	20342
13668	2	14293
13165	1	13351
22035	0	22025
13513	0	13510
16497	0	16402
15906	0	15873
16365	1	16380
22021	2	18447
19040	3	17256
20419	0	20388
14394	0	14387
17198	0	17189
15295	0	15178
18646	1	18736
14230	3	17163
20697	1	20774
13015	1	13222
23578	2	12820
18990	0	18928
23227	4	23306
23317	1	23316
15756	1	15763
22725	0	22710
20171	0	20140
23670	2	12455
16206	0	16184
16281	1	16280
21039	0	21032
14786	1	14791
22672	0	22645
21854	1	21880
13916	1	13992
21683	3	14353
20188	0	20116
23674	0	23670
21992	1	22004
21774	0	21768
16471	2	14697
16189	0	16184
15973	1	16086
22655	0	22645
16972	0	16969
20418	1	20491
15875	2	12597
20660	2	12906
16741	0	16721
13567	0	13510
19637	1	19969
20518	3	20542
12767	2	12421
18540	4	18508
14905	4	14704
14064	2	12500
14916	1	14915
19750	0	19178
12851	2	12861
23670	2	12589
14803	3	13658
21068	2	12498
20142	0	20135
13512	3	13662
12476	3	13768
12591	3	13486
18564	0	18452
12998	3	13402
17786	2	12483
15487	1	15527
23116	4	23108
20421	0	20384
17444	2	12361
22669	0	22637
18455	1	18453
12826	0	12825
20413	0	20394
16987	1	17011
21695	0	21693
12861	3	15762
16115	4	15873
23623	0	23670
23954	2	14496
14993	4	14704
18547	0	18452
20724	0	20660
20344	0	20381
21060	2	12498
15487	0	15460
17053	2	14232
12865	3	12899
19040	2	15929
21824	1	21823
14500	0	14498
16440	0	16432
13668	2	12817
24000	0	23954
19732	1	19907
15997	0	15873
23089	0	23092
18095	0	17872
16098	4	15873
12431	0	12432
16320	1	16334
16877	1	16914
16333	1	16346
14455	2	14496
18656	0	18622
17294	0	17262
20707	0	20660
16721	2	12847
12625	3	17158
14308	3	14351
13668	3	14331
17786	2	12617
20984	1	20985
23983	0	23954
13668	2	14106
15980	0	15873
22026	0	22023
18078	0	17872
20010	2	13652
22529	0	22528
20389	2	17253
12817	3	14324
20278	2	12453
23359	3	16375
24053	2	12501
22710	2	12522
20682	0	20670
16963	2	12365
18452	2	14121
12710	4	12548
19057	2	12471
17265	0	17260
12527	3	17042
17669	2	17715
13089	0	12997
16966	3	17021
20394	2	13491
12460	3	14313
16021	1	16137
21530	1	21621
17528	1	17550
20527	0	20519
16321	2	12584
22725	1	22748
13492	0	13503
20392	2	12854
20309	1	20329
22415	0	22093
20392	2	16237
23270	4	23271
19040	2	17352
13072	0	12997
16386	2	12935
14566	0	14455
13928	0	13908
17669	2	12588
23325	3	16375
16051	0	15873
18149	0	17872
18675	0	18618
12676	4	12548
22668	0	22638
23001	0	22956
21062	1	21072
20145	2	12458
20718	0	20666
20138	2	12900
17166	3	17186
13055	0	12997
14549	0	14455
21234	2	21229
12534	3	14072
22168	1	22272
16559	0	16558
16752	0	16633
22651	0	22638
20447	0	20383
22984	0	22956
20343	0	20393
13668	2	12496
20701	0	20666
17933	0	17872
22713	3	22768
21703	0	21691
20006	2	12458
12802	2	12621
16721	2	12526
20591	0	20590
12423	3	21673
18681	0	18620
15567	0	15553
16735	0	16633
15495	0	15458
12854	3	13768
16965	3	15586
20430	0	20383
18821	1	18882
17916	0	17872
18521	1	18520
20685	0	20670
17262	2	12581
14472	1	14488
23377	0	23364
23304	0	23181
18664	0	18620
18021	0	17872
13191	0	12998
16905	3	17282
15478	0	15458
17058	0	17027
17418	2	17438
13482	2	12457
17036	0	17032
13668	2	12630
16221	0	16184
20672	0	20661
20401	0	20381
20414	0	20393
23287	0	23181
17228	0	17231
16922	2	13398
20280	2	20279
20394	2	17492
17175	0	17166
15463	2	13491
20431	0	20342
12507	1	12516
16356	1	16370
20165	0	20141
12531	3	19119
21020	1	21021
16441	1	16456
20441	0	20389
14074	2	12619
20739	0	20670
23762	4	23685
14362	2	12498
21942	1	21961
13678	0	13668
15894	2	14230
23235	4	23272
20439	1	20482
14252	0	13668
12483	3	17161
19178	2	13906
13783	0	13668
12625	3	14072
23745	4	23685
23266	4	23264
20433	0	20389
14960	1	14959
12861	3	21670
14125	2	12534
19063	2	19085
16966	2	12421
22577	0	22093
16494	0	16403
20338	2	12902
18623	2	12455
22955	2	12527
23728	4	23685
13029	0	12998
20416	0	20389
20083	0	20071
18436	1	18442
17231	2	14496
20176	0	16354
14805	3	14881
20408	0	20399
13565	1	13633
16321	2	12531
20519	3	14358
21716	1	21741
13749	0	13668
20967	0	20865
21262	0	21229
19733	0	19178
17669	3	14450
13012	0	12998
17445	1	17468
19057	2	13707
14306	3	14340
13742	0	13739
17213	1	17216
17669	2	12535
20159	0	16354
22665	0	22093
20404	0	20384
20385	2	13778
19716	0	19178
21691	2	12527
15553	3	15581
23436	2	12585
20079	0	20035
15750	0	15555
20522	0	20369
15550	0	15551
20933	0	20865
16966	2	12905
20521	0	20338
16817	2	16819
20746	0	20661
22796	0	22093
17686	0	17669
16218	1	16254
12600	2	12857
20664	0	20663
21060	2	12474
14193	0	14186
16934	0	16933
12732	4	12600
19144	0	19040
12996	2	12495
20628	3	18449
16209	0	16187
18080	1	18360
12410	3	14085
14789	1	14794
17789	2	12588
16386	2	12427
22675	0	22648
21280	1	21389
13668	2	13732
12455	3	14318
20011	2	15783
17424	1	17432
20045	0	20035
12715	4	12600
20455	1	20470
22666	0	22638
23069	0	22959
14073	0	13668
15976	1	16089
23482	1	23536
22025	2	12804
22658	0	22648
22889	0	22869
20196	0	20144
20607	2	20656
15875	2	15874
12698	4	12600
20945	0	20923
15178	2	12409
22578	0	22536
22872	0	22869
21981	2	14241
17979	1	18260
21958	0	14701
20928	0	20923
17332	3	14591
22561	0	22536
14805	3	13405
16580	1	16579
21244	0	21230
20429	0	20382
13512	2	13654
21941	0	14701
12584	3	14357
15490	0	15463
12856	3	21057
13171	1	13357
16220	1	16250
22544	0	22536
13773	3	14441
22730	0	22709
20279	2	12624
22731	0	22713
12472	3	14778
21688	2	12811
20350	2	12490
16211	0	16183
16922	2	12540
21089	0	21079
20412	0	20382
17305	2	14092
22869	2	22910
21228	0	21234
17226	0	17220
12762	4	12671
15473	0	15463
14074	3	14080
21712	0	21688
20349	2	12587
13928	0	13668
12856	3	13486
21745	2	12819
23362	2	12585
19040	2	14079
17529	0	17496
20007	2	12848
23578	3	12594
20409	0	20398
13069	0	12998
18703	0	18621
13925	0	13909
20609	0	20606
20693	0	20663
18929	2	12662
21772	3	16249
20448	0	20399
23225	4	23306
18434	2	17193
23301	1	23300
12608	0	12603
13174	0	12998
17512	0	17496
20453	0	20394
15766	2	12535
17427	1	17435
13052	0	12998
17945	0	17781
23882	4	23685
16849	2	12363
21533	1	21624
14464	0	14458
20965	2	20972
22019	2	12935
22116	1	22220
13157	0	12998
14184	2	14230
12495	3	14358
20436	0	20394
18685	1	18775
17928	0	17781
20179	1	20233
23865	4	23685
16030	0	15971
22056	0	20134
12457	3	12899
18678	0	18621
13140	0	12998
12850	3	21063
17911	0	17781
15569	1	15576
22742	0	22716
23747	0	23685
16201	1	16225
23848	4	23685
16013	0	15971
17911	1	18191
23187	1	23188
15768	2	15780
18661	0	18621
20978	4	20979
13123	0	12998
16526	3	14347
20851	1	20860
13006	0	12996
13979	0	13909
12461	3	14358
20704	0	20669
15552	3	13403
21068	2	21065
19060	2	12587
23730	0	23685
22093	3	19140
15996	0	15971
12500	3	14340
13111	0	12996
20411	0	20394
17903	0	17781
18644	0	18621
21711	0	21689
15498	0	15461
23504	0	23459
18010	1	18290
17997	1	18278
23936	4	23685
15685	1	15684
17363	0	17356
20007	2	12527
13176	0	12994
23620	0	19060
19001	0	18991
13094	0	12996
21694	0	21689
22560	0	22093
23487	0	23459
15036	1	15035
21336	0	21267
17386	0	17358
17027	2	17127
16643	1	16662
17423	3	20962
20119	0	20115
16190	0	16200
13159	0	12994
17537	0	17494
23603	0	19060
16920	2	12497
14201	0	13668
13077	0	12996
12503	2	16835
22543	0	22093
20337	2	12476
23092	2	14094
17369	0	17358
21769	2	20266
13843	2	12538
17236	0	17229
13182	0	12996
13142	0	12994
23586	0	19060
20017	0	20008
18623	3	17163
16055	0	15969
15807	0	15769
23595	0	19060
21059	0	21065
14455	2	12459
23007	0	22956
13165	0	12996
20452	0	20382
14387	3	14441
14384	2	12943
16974	0	16965
20444	0	20392
16968	2	12623
13940	1	14016
16038	0	15969
17444	2	12902
19586	1	19799
16266	4	16200
18623	2	18981
17691	0	17496
13681	1	13717
20596	0	20589
21945	0	21937
20068	3	16249
22661	0	22643
21940	2	12539
19178	2	16244
13776	3	16375
13945	1	14022
12544	2	12501
13513	1	13581
14455	2	14687
16021	0	15969
12851	2	12597
17674	0	17496
20350	2	13726
18517	0	18452
23361	2	12501
16876	0	16849
13027	1	13231
14740	0	14704
12881	0	12865
18147	1	18426
16610	1	16621
20419	0	20392
20406	0	20380
14723	0	14704
22022	2	22087
15467	1	15507
13817	2	12426
12864	0	12865
13080	1	13419
21312	1	21418
20424	0	20387
17385	1	17416
16963	2	12906
12527	3	23060
14828	0	14704
22725	0	22714
19348	0	19178
14190	0	14187
23909	0	23685
21485	2	12540
23095	0	23090
15809	0	15765
12437	0	12430
17069	1	17085
13750	0	13737
20407	0	20387
18028	1	18308
20175	0	20135
17960	0	17781
18925	2	12923
19330	1	19527
21774	0	21772
15904	1	15919
17844	1	17853
18033	1	18314
18065	0	17781
12605	2	12588
20305	0	20280
12640	4	12671
20158	0	20135
13042	0	12997
17356	3	12411
17943	0	17781
20150	0	20145
14455	3	14591
22527	2	12409
18048	0	17781
17449	0	17441
12802	2	12812
20142	0	20139
23980	0	23685
18620	2	13777
21862	0	21772
13034	0	12997
17663	2	12426
17444	2	12365
17883	1	18164
18031	0	17781
14107	1	14113
20431	0	20399
15979	1	16092
22669	0	22641
23359	3	12862
20413	0	20398
23365	2	12535
21940	2	14446
16933	2	12624
18932	0	18925
21845	0	21772
18927	2	15943
22674	0	22636
20722	1	20797
18136	0	17781
20344	0	20385
13017	0	12997
12610	0	12671
13873	0	13908
22022	2	12906
18014	0	17781
20036	0	20033
20035	2	13838
15849	0	15850
21828	0	21772
22657	0	22636
18991	2	16819
18119	0	17781
13976	1	14052
13000	0	12997
16432	2	12941
14308	3	14355
23611	0	23669
16019	1	16100
23325	3	12862
16386	2	12805
16403	2	14094
16191	0	16184
16205	0	16200
22370	1	22463
23955	2	12592
12817	3	14328
12586	3	14329
14198	0	14185
18623	2	18928
16188	0	16200
14390	0	14384
14461	1	14475
17460	0	17444
13685	0	14363
23713	0	23685
21269	2	12626
14154	0	14138
19178	2	19574
14657	2	12625
20037	1	20049
16293	0	16200
19769	1	19935
14062	2	12455
14704	3	14881
18633	1	18723
21181	0	21143
22668	0	22642
16431	2	14303
17729	0	17723
21319	0	21267
19138	2	15929
15147	1	15148
20011	2	20028
15892	2	12596
22651	0	22642
20447	0	20387
19615	0	19178
13668	2	12500
23368	1	23398
20439	0	20397
21794	2	12856
22989	0	22955
20434	0	20381
14802	3	12633
18566	1	18599
20391	2	17253
19598	0	19178
20430	0	20387
22927	1	22947
23222	4	23181
20198	0	20135
20422	0	20397
12998	2	12994
17495	2	16826
12546	0	12547
16204	1	16228
15066	4	14704
20133	0	20116
17914	1	18194
22972	0	22955
16005	0	15875
22039	0	21691
18452	2	16837
20417	0	20381
22717	3	17815
16640	0	16633
13091	0	12997
19581	0	19178
21359	1	21460
23205	4	23181
23938	1	23939
22714	2	14448
20035	2	20067
14948	0	14704
21902	0	21772
19590	0	19178
13196	0	12997
20089	0	20069
15483	0	15457
22731	0	22636
15988	0	15875
17534	0	17495
23953	2	20473
19686	0	19178
20672	0	20665
20401	0	20385
20414	0	20397
13074	0	12997
13930	0	13908
19040	2	13652
23391	0	23360
19131	0	19040
19130	2	12845
22093	3	22767
12460	3	14346
13179	0	12997
15466	0	15457
17517	0	17495
21100	0	21080
23098	2	12597
23293	4	23181
13057	0	12997
18818	1	18878
13913	0	13908
15297	0	14704
20165	0	20145
15555	2	15409
12599	2	12407
12587	3	23416
18434	2	13733
19114	0	19040
17656	0	17444
18483	0	18452
20402	0	20392
20116	2	20138
19705	1	19979
21868	0	21772
12755	0	12671
14661	0	14656
14390	1	14422
13162	0	12997
20170	0	20140
16970	2	12461
20441	0	20393
21283	0	21269
14704	3	13405
23668	1	23675
14448	3	17187
16922	2	12597
20446	0	20388
23090	3	12789
20558	0	20553
13145	0	12997
16184	2	16239
20744	0	20669
20153	0	20140
16321	2	15784
21266	0	21269
20848	0	20844
21062	0	21068
20529	0	20393
13512	2	12906
20727	0	20669
14704	2	15408
16354	2	12854
22100	1	22204
19139	3	17718
13666	0	13667
20116	2	20272
13140	1	13331
20338	2	12906
17092	1	17096
23436	2	12455
21948	0	21940
15477	0	15463
17605	0	17444
22651	1	22680
15255	0	14704
14805	3	14885
20710	0	20669
12455	3	12899
16551	3	15549
17259	2	12855
13516	1	13584
12554	0	12545
18940	1	18961
21274	1	21382
12998	2	12457
18111	0	17872
14306	3	14344
20697	0	20663
13030	1	13234
14232	3	17163
21699	0	21688
21683	2	13707
13754	0	13667
22155	1	22259
20342	2	12849
17032	2	17126
20404	0	20388
15668	4	15555
22652	0	22641
22135	0	22093
20396	0	20398
18150	1	18429
16613	1	16624
20384	2	12940
19148	0	19059
17959	1	18240
20625	2	12858
15470	1	15510
23386	0	21683
16587	4	16551
23091	3	19140
20190	0	20116
12490	3	23414
20080	0	20067
19257	1	19454
20746	0	20665
22118	0	22093
16697	0	16633
20352	0	20351
15892	2	15926
17114	0	17027
12600	2	12861
20664	0	20667
14387	2	12500
20418	0	20380
15812	0	15768
16558	2	13491
14805	3	12925
20173	0	20116
13843	2	12461
14153	0	14137
13668	2	13736
17264	0	17260
15110	0	14704
12359	2	12363
15795	0	15768
13668	3	14311
23435	2	12662
20156	0	20116
20389	2	20266
18934	1	18988
21143	2	12456
20566	0	20551
20338	2	12585
21357	0	21269
23460	1	23515
18434	2	14485
13498	3	13508
12614	0	12601
19111	1	19121
17233	1	17244
19735	0	19178
12905	3	14358
13684	0	13736
18502	4	18452
22663	0	22647
12374	0	12359
16922	2	12410
23281	1	23280
17495	2	12585
20735	0	20667
23963	0	23953
14803	2	12365
13668	2	12931
22654	0	22637
21149	0	21080
19718	0	19178
14502	0	14498
22646	0	22647
19249	0	19178
23362	2	12455
14110	1	14116
21039	1	21050
22784	0	22771
15240	0	15178
15192	1	15411
18709	1	18799
15181	0	14704
19219	1	19418
18935	0	18928
15610	0	15611
21244	0	21234
20429	0	20386
21132	0	21080
20725	1	20800
19701	0	19178
12460	3	15582
22019	2	12455
22547	0	22093
19232	0	19178
16633	2	12859
20193	0	20140
17229	3	17254
12427	3	13768
15223	0	15178
20350	2	12494
18140	1	18420
20559	1	20577
16211	0	16187
21677	3	15762
19057	2	12585
20412	0	20386
22660	0	22639
20684	0	20670
22735	0	22708
13979	1	14055
16319	4	16274
22530	0	22093
19215	0	19178
15811	0	15769
15883	0	15875
15206	0	15178
15166	1	15165
17671	0	17444
23362	2	12589
19789	0	19178
17529	0	17500
13738	0	13736
12465	2	12534
23004	1	23054
13552	1	13620
20693	0	20667
20164	0	20138
15049	4	14704
17062	1	17079
15794	0	15769
16386	2	16432
14826	0	14704
15189	0	15178
20698	0	20662
17654	0	17444
20379	2	13491
17512	0	17500
23092	2	12541
22959	3	14357
20453	0	20398
20147	0	20138
23090	2	12460
12498	3	13768
20518	2	14232
20135	2	12501
20681	0	20662
22093	3	12594
20436	0	20398
18636	1	18726
21485	2	12597
14914	0	14704
12742	1	12743
16920	2	16555
15931	3	14780
19696	1	19996
16988	0	16969
20148	0	20145
13187	1	13373
17786	2	12410
13505	3	13660
18537	4	18470
20041	0	20032
22742	0	22720
18067	1	18347
13544	0	13512
18927	2	12483
23478	1	23533
21799	0	21795
19627	1	19834
12547	2	12585
19209	1	19409
12749	4	12548
23371	1	23401
19060	2	12591
17358	2	12500
23364	2	12585
15480	0	15458
12500	3	14344
14063	2	12500
20351	2	12362
20709	0	20668
17901	0	17872
17027	2	12459
17220	2	17051
21858	1	21884
13447	1	13473
21711	0	21693
22930	1	22950
23669	2	12589
16321	2	16349
17519	1	17558
22739	1	22761
15908	0	15873
16723	0	16721
18006	0	17872
18649	0	18620
13512	2	12532
14413	0	14384
20692	0	20668
17884	0	17872
20369	2	15782
17444	2	12422
21694	0	21693
20590	2	12902
12600	2	14447
23365	2	12592
12614	0	12548
16114	4	15873
22360	0	22093
14384	2	12813
15891	0	15873
17989	0	17872
15486	0	15460
20292	0	20280
16977	1	17001
20675	0	20668
14805	2	12596
12719	0	12548
14721	1	14758
22727	0	22710
21940	2	12409
17444	2	13711
23575	3	23576
20379	2	17492
17669	3	14080
22710	2	12799
18094	0	17872
22343	0	22093
16097	4	15873
20393	2	12812
12595	3	15945
17972	0	17872
13142	0	12998
21814	1	21813
15469	0	15460
14196	0	14185
15979	0	15873
12423	3	19022
18077	0	17872
20663	2	12630
21169	0	21142
17955	0	17872
20452	0	20386
12604	2	12852
16974	0	16969
22816	0	22771
16196	1	16263
12685	0	12548
21032	2	12585
23137	2	12587
17444	2	12906
15634	4	15555
18623	2	18985
16402	2	12582
19657	0	20006
19333	1	19530
22718	3	22768
14460	0	14455
22799	0	22771
18026	1	18306
13668	2	12423
13573	0	13512
20391	2	12854
18691	0	18618
14833	0	14805
20440	0	20381
14567	0	14547
20175	1	20230
21520	1	21611
22562	0	22093
15096	1	15095
19649	1	19848
21794	3	14882
15052	1	15051
15263	1	15358
22782	0	22771
23783	1	23781
18674	0	18618
13510	2	13647
13704	3	14355
15751	2	12588
22667	0	22093
14550	0	14547
18098	1	18377
16551	2	12589
22545	0	22093
13734	0	13668
20344	1	20346
20183	0	20139
22528	2	12535
17429	0	17418
19106	2	12540
20424	0	20391
21677	3	21670
21683	2	12662
18657	0	18618
17238	0	17229
20077	0	20068
14802	3	14784
16633	2	16673
22650	0	22093
20042	0	20031
22725	0	22718
23615	0	23578
14455	2	14236
15809	0	15769
20407	0	20391
18640	0	18618
14187	2	14095
20175	0	20139
13822	0	13668
16386	2	12541
14924	1	14923
16363	0	16354
23598	0	23578
19684	0	19178
16818	2	12423
21848	2	12587
12605	2	12592
20158	0	20139
17444	2	12585
18993	0	18623
16194	0	16187
21848	3	14882
22147	0	22093
16639	1	16659
15186	1	15321
20842	2	17054
20389	2	12455
17676	0	17496
20635	0	20607
20393	2	12625
16849	3	13400
21938	2	12494
20732	0	20668
12544	3	12594
12802	2	12816
20142	0	20143
16550	1	16553
20351	2	12659
20010	2	12587
16319	4	16250
18151	0	17872
20293	0	20279
15971	2	12595
16023	1	16140
20198	0	16354
20966	3	12594
14124	2	12625
21068	2	12856
14370	0	14361
12476	3	20542
23325	2	12480
12759	0	12548
18932	0	18929
15708	4	15555
21771	0	21768
22674	0	22640
17236	1	17247
14652	4	14640
14125	2	12461
16991	0	16964
21510	1	21602
21095	1	21121
20448	0	20379
18134	0	17872
20344	0	20389
21229	2	13777
19639	1	19839
16146	4	15873
16963	2	12589
12742	0	12548
12765	2	12471
16405	0	16403
13752	0	13737
21060	2	12856
22657	0	22640
23445	0	23441
16321	2	12458
20527	0	20393
12773	0	12765
14531	1	14544
14308	3	14359
23378	0	23360
16129	4	15873
23570	2	16839
16471	2	16478
23359	2	12590
15674	4	15555
13491	3	14358
20728	1	20803
16841	2	14231
15083	1	15081
20357	0	20350
12908	2	12422
12754	4	12600
13552	0	13505
12586	3	14333
18546	1	18579
16966	2	12482
16493	0	16403
16112	4	15873
18109	0	17872
14554	1	14576
20423	0	20379
22955	2	12588
20562	1	20580
16619	1	16630
15951	3	14885
16007	1	16099
12480	3	14780
21308	1	21415
23691	0	23683
12737	4	12600
23997	0	23954
20122	0	20114
17612	0	17588
16386	2	14448
15661	0	15555
12494	3	21063
12548	2	12622
13861	1	13883
14614	0	14455
12597	3	23429
20432	0	20338
12725	0	12671
22707	0	22093
22376	1	22469
14159	0	14137
12500	3	14320
14704	3	14885
22093	2	22867
17053	2	12630
20342	2	12906
17065	1	17082
22676	0	22636
17595	0	17588
13668	2	13659
16043	1	16116
12612	0	12671
22812	0	22093
15892	2	14694
22997	0	22959
18697	0	18618
20415	0	20338
13879	0	13668
21498	0	21485
19598	1	19808
18842	1	18902
12602	0	12600
20424	0	20338
22659	0	22636
22022	2	12589
22583	0	22536
20447	0	20391
22795	0	22093
13984	0	13668
22041	0	20134
20414	1	20492
16554	3	23429
22967	0	16922
23845	0	23685
12707	0	12600
18639	1	18729
22989	0	22959
18940	0	18927
20147	1	20203
19106	2	13776
13981	0	13909
20407	0	20338
12902	3	13768
13668	2	12854
21864	0	21846
20728	0	20661
19040	2	16905
20430	0	20391
22778	0	22093
23755	1	23754
14563	0	14455
22024	0	20134
22050	0	22019
13967	0	13668
15971	2	12408
20010	2	15783
20198	0	20139
22745	0	22723
12359	2	12420
16919	0	16850
12994	3	13403
22972	0	22959
20435	0	20386
13964	0	13909
12683	0	12671
22665	0	22638
12424	3	23576
22720	2	12630
12415	3	12828
19790	1	19956
19063	2	12409
20195	0	20144
13950	0	13668
20188	1	20242
22728	0	22723
20035	2	20071
18669	0	18623
13505	2	13652
22730	0	22636
13013	0	12994
15483	0	15461
20672	0	20669
16436	0	16433
23996	0	23955
21267	2	12581
19040	2	13656
23391	0	23364
20010	2	12534
16934	1	16949
21957	0	14701
12460	3	14350
18652	0	18623
20703	0	20661
20927	0	20923
15466	0	15461
23803	0	23685
23979	0	23955
17522	0	17494
22179	1	22283
13062	0	12996
12998	2	13482
18635	0	18623
14295	2	12416
20686	0	20661
19038	2	12409
20170	0	20144
12855	3	21057
12585	3	17276
12601	2	12853
20441	0	20397
17055	1	17073
23379	0	23359
21344	0	21269
15607	2	14235
23962	0	23955
14297	2	12858
17505	0	17494
15295	1	15387
20446	0	20392
13085	0	12998
13045	0	12996
19111	0	19060
12600	2	12597
20153	0	20144
19281	1	19478
21327	0	21269
20388	2	12855
12855	3	13486
17974	1	18254
18452	2	18614
13150	0	12996
13068	0	12998
18642	1	18732
16023	0	15969
20680	1	20758
18928	2	12662
14186	2	14228
21310	0	21269
22959	2	13839
15000	1	14999
15938	0	21689
22955	2	12535
13133	0	12996
13051	0	12998
17425	0	17358
16006	0	15969
16821	0	16817
14463	0	14458
12426	3	17281
12541	3	23415
17290	2	12501
12939	3	12936
17288	2	12409
16986	0	16969
22980	0	22957
20443	0	20384
18992	0	16848
13116	0	12996
21102	0	21080
17831	0	17781
14306	3	14348
20697	0	20667
23509	0	23459
23996	1	24044
21769	2	14232
19202	0	19178
21699	0	21692
16808	1	16811
23390	0	23365
16029	0	15971
23864	4	23685
15989	0	15969
15266	1	15361
21538	0	21485
15193	0	15178
20404	0	20392
21068	2	12482
22652	0	22645
12757	0	12671
20426	0	20384
14833	1	14870
14146	0	13668
12825	2	12474
23007	0	16922
23373	0	23365
16012	0	15971
14824	0	14803
14813	0	14704
20338	2	12455
20413	0	20378
21953	1	21972
12429	2	12432
13087	0	12994
19153	0	19058
22635	0	22645
18660	0	18621
21065	2	12498
20080	0	20071
16817	2	16827
20279	2	12364
14129	0	13668
17797	0	17781
21031	3	21057
17379	0	17356
17901	1	18181
22716	2	12455
18613	2	16837
20418	0	20384
20085	0	20066
20851	0	20669
13070	0	12994
16368	0	16321
16184	3	14080
23233	4	23231
19178	2	20009
12417	3	23585
17780	0	17781
17362	0	17356
12504	2	12420
12858	3	17276
13175	0	12994
13668	3	14315
13053	0	12994
13668	2	14090
20281	1	20286
15675	1	15674
20351	2	13708
20338	2	12589
20531	0	20518
13576	1	13644
20144	2	12483
12614	0	12605
18814	0	18623
22025	2	22022
13158	0	12994
20445	0	20380
23965	0	23685
12864	1	12883
16186	2	12586
17683	0	17669
23895	1	23893
16850	2	13648
22654	0	22641
17457	0	17443
20554	0	20550
13845	2	12455
16968	2	13839
20386	2	12940
19015	0	19017
22743	0	22712
17373	1	17410
12509	0	12503
20429	0	20390
13667	2	12473
19317	1	19514
17440	0	17443
12801	2	12804
14184	2	12815
19642	1	19842
16183	2	15779
20047	0	20030
20193	0	20144
16963	2	12483
21682	0	15894
16633	2	16246
20412	0	20390
18091	1	18371
22660	0	22643
22735	0	22712
23282	4	23188
18047	1	18327
21683	2	12585
21868	1	21894
19276	0	19178
15816	1	15846
16216	0	16186
13668	2	12480
20349	3	20367
22725	0	22641
12842	2	12843
15943	3	15944
20391	2	20266
13512	2	12857
17888	0	17781
20380	2	12587
16849	2	16909
16199	0	16186
13743	0	13735
20400	0	20385
18549	1	18582
21103	0	21079
12455	3	14355
20698	0	20666
21700	0	21691
21771	1	21782
17871	0	17781
21346	1	21455
19106	2	12597
17588	2	12365
16182	0	16186
20298	0	20278
21086	0	21079
15892	2	19126
19060	2	12461
20742	0	20662
20681	0	20666
14184	2	14238
17976	0	17781
17946	1	18227
23364	2	12455
19347	0	19178
20660	2	13776
13560	0	13512
15808	0	15765
18929	3	17163
13673	1	13727
20338	2	14496
17540	1	17577
20281	0	20278
12941	3	14085
20725	0	20662
17108	1	17117
21074	2	12455
21032	3	21056
17959	0	17781
23973	0	23683
15871	0	15850
17664	1	17666
13668	2	13903
14145	0	14140
22742	0	22724
20665	2	12458
13543	0	13512
21163	1	21205
15791	0	15765
23359	3	12789
16410	0	16402
22662	0	22639
20369	2	12619
17308	2	14292
16681	1	16682
17942	0	17781
23956	0	23683
20717	0	20662
23968	1	24017
16251	4	16200
20455	0	20389
16186	2	15782
18047	0	17781
17585	3	14449
23685	2	20473
22053	0	22022
15051	4	14704
15990	0	15875
15046	0	14704
16498	0	16402
17419	2	12460
21074	2	12589
20700	0	20662
23190	4	23181
18030	0	17781
17781	2	12903
19305	0	19178
15873	2	15943
20663	2	12500
22036	0	22022
22959	2	16848
15973	0	15875
12480	3	14353
15076	1	15075
23069	0	16848
12806	3	17186
15853	4	15850
23145	0	23139
22727	0	22714
17295	2	12903
16713	0	16633
21085	0	21080
20408	0	20383
16751	1	16779
16920	2	12855
17667	1	17693
21793	0	21796
12548	2	12545
13737	2	13774
17792	0	17786
21708	0	21689
23610	0	23669
16212	1	16236
16696	0	16633
15611	2	12421
15054	0	15178
16204	0	16200
14260	0	14126
23617	0	19060
20605	0	20607
15969	2	16077
23689	0	23683
12860	2	12457
12604	2	12856
15004	0	14704
19234	1	19432
16044	0	15875
12581	3	23413
14455	2	12817
16551	2	12459
23449	0	23441
12900	3	12899
13088	1	13283
15298	1	15390
14489	2	13705
16402	2	12586
14460	0	14459
12423	3	17282
24053	3	14080
13668	2	12427
18623	2	12923
18691	0	18622
23248	0	23181
20440	0	20385
16391	1	16399
13969	0	13908
14803	3	13402
20432	0	20395
16721	2	12457
13556	0	13505
21373	1	21470
12410	3	14069
16116	4	15873
13510	2	13651
18674	0	18622
16275	0	16200
17781	2	12582
12867	2	12903
12860	2	12591
20280	2	14599
13952	0	13908
20415	0	20395
16441	0	16432
22738	0	22717
21061	0	21060
13539	0	13505
20183	0	20143
14704	2	12623
17429	0	17422
16099	4	15873
20900	1	20899
20424	0	20395
14977	4	14704
14187	2	12810
18657	0	18622
20708	0	20660
16245	3	15762
23214	0	23181
13002	0	12997
16633	2	16677
15854	0	15848
20042	0	20035
12498	3	14069
20181	1	20236
23095	0	23098
20966	3	20974
14413	1	14453
22530	0	22528
20407	0	20395
17444	2	17716
13113	1	13305
18640	0	18622
15194	1	15325
20923	2	20958
21567	0	21485
14836	1	14873
20175	0	20143
12441	0	12429
12950	2	12477
20990	1	20991
15631	0	15555
16818	2	12427
18062	0	17872
13434	1	13460
20279	2	14702
20844	2	12592
21293	0	21267
13501	0	13493
20158	0	20143
21229	2	13647
20528	0	20519
22713	2	14448
18434	2	14599
21987	0	21940
14363	2	12460
16923	1	16928
20369	3	14080
20671	0	20665
13073	0	12997
21276	0	21267
15178	2	12527
16965	2	12901
22191	0	22093
14187	2	14233
20395	2	20062
15465	0	15457
20737	0	20667
12455	3	23430
20841	0	20842
16208	0	16183
23680	0	23681
22400	1	22493
22174	0	22093
21337	1	21445
16753	0	16633
22674	0	22644
12625	3	14353
23003	0	22957
22720	2	12821
16991	0	16968
21953	0	21940
14455	2	12630
20448	0	20383
12865	2	12501
14660	0	14656
21709	1	21734
20378	2	20062
20720	0	20667
18623	2	18802
17533	0	17444
15183	0	14704
13776	3	21673
21031	3	14080
12581	3	23576
13098	1	13292
20592	0	20590
19708	1	19981
22657	0	22644
16736	0	16633
12597	3	15944
15589	2	15601
22986	0	22957
23441	2	16905
20557	0	20553
17443	3	16249
16939	0	16931
15555	2	13726
15166	0	14704
22166	0	22093
20116	2	12628
22746	0	22715
16365	0	16354
23378	0	23364
14829	0	14802
15044	0	14704
17525	0	17444
18977	3	17161
19320	1	19517
12909	2	12457
15271	0	14704
20045	1	20057
17059	0	17027
19645	1	19845
21067	3	21069
12586	3	14337
18457	0	18452
12540	3	23061
14812	0	14802
22955	2	12592
17508	0	17444
19141	0	19057
23288	0	23181
21683	2	12479
14187	2	12623
15254	0	14704
16596	0	16551
23625	0	23669
15132	0	14704
19774	0	19178
22015	2	12530
12461	3	14342
12548	2	12626
12523	3	23061
16188	0	16558
14700	3	17163
17199	0	17189
20432	0	20342
17423	2	12481
16442	0	16431
12921	3	16375
23271	0	23181
23993	0	17722
24002	0	23953
12500	3	14324
15237	0	14704
17025	0	17027
20411	0	20378
15805	0	15766
17789	3	17817
20403	0	20388
17781	2	12529
14191	1	14210
20415	0	20342
12485	2	12490
23985	0	23953
12656	3	17282
15279	0	15178
17786	2	12524
14523	3	14543
15788	0	15766
12602	0	12604
19722	1	19901
21576	1	21667
12589	3	17182
20279	2	12421
21350	0	21267
16550	0	16549
12607	0	12599
13737	2	12461
19040	2	12587
15262	0	15178
20916	4	20864
13668	2	12858
17111	1	17120
20728	0	20665
22050	0	22023
13568	0	13510
21333	0	21267
13554	0	13505
12854	3	17163
20342	2	12455
22956	2	12527
20668	2	12461
23600	0	19060
21166	1	21208
12359	2	12424
20435	0	20390
19629	0	19178
20155	0	20116
22665	0	22642
12462	0	12465
12482	3	14780
13551	0	13510
21316	0	21267
21142	3	16249
19074	0	19040
22670	0	22637
13505	2	13656
13013	0	12998
16245	3	21670
19040	2	19137
19612	0	19178
23624	0	23670
20186	0	20138
23459	2	12786
22056	0	22025
13534	0	13510
20279	2	12905
17262	2	14232
20338	2	20351
23431	3	17282
13819	1	13825
15777	3	14355
12453	3	13486
14384	3	14441
22653	0	22637
12460	3	14354
20703	0	20665
23271	1	23270
22715	3	22767
23607	0	23670
20668	2	12595
12465	2	12461
13517	0	13510
17358	3	13508
15569	0	15552
21770	2	12480
12603	2	12585
20747	0	20661
20686	0	20665
23440	2	23432
12601	2	12857
20192	0	20140
18699	1	18789
14514	1	14519
22424	0	22093
19145	0	19040
17687	0	17444
12421	3	16375
12747	1	12746
20691	0	20660
16873	0	16849
14230	3	13768
20551	3	12411
20398	2	15930
20976	1	20975
13102	1	13409
23815	1	23814
20730	0	20661
13817	2	12410
17314	0	17309
23771	1	23770
17795	0	17789
15238	1	15348
15311	0	14704
18130	1	18410
17259	3	17276
12409	3	13768
21981	2	20267
14943	4	14704
13668	2	12537
17670	0	17444
20674	0	20660
16856	0	16849
21330	1	21439
20381	2	15930
19128	2	19086
23136	0	23137
17904	1	18184
22372	1	22466
22416	0	22093
17443	3	17485
17049	2	12627
13952	0	13668
15294	0	14704
19001	1	19013
18045	0	17872
15156	1	15155
15938	0	21693
20946	0	20923
17653	0	17444
17511	0	17500
12775	0	12548
21872	0	21848
22399	0	22093
21169	1	21211
12497	3	13768
14123	2	12804
20444	1	20465
19109	0	19106
20929	0	20923
20631	1	20642
20443	0	20388
14306	3	14352
16754	0	16721
21716	0	21693
17441	3	16249
12535	3	14072
21855	0	21848
12597	3	16375
22382	0	22093
23312	4	23310
22985	0	22956
22195	1	22299
18623	2	14106
13818	1	13837
15607	2	12629
17292	2	16905
20007	2	12458
13817	2	13833
20426	0	20388
16499	0	16386
23381	0	23359
17168	2	17166
17500	2	12906
14740	1	14777
22741	0	22720
12582	3	17042
12643	4	12548
15302	0	15178
22968	0	22956
16966	3	15586
13512	2	13398
20338	2	12459
15496	0	15458
20413	0	20382
21981	2	12830
16444	0	14547
13087	0	12998
17195	2	12471
21847	0	21848
16848	2	12501
12907	0	12908
21798	0	21795
20865	2	12498
13846	0	13845
21493	1	21585
22536	3	12594
18665	0	18620
20342	2	14496
12484	0	12485
15479	0	15458
16933	2	16930
23468	1	23523
17530	0	17496
14464	1	14478
19777	1	19943
17900	0	17872
19064	2	12822
13070	0	12998
17231	3	17257
23578	3	17815
21679	3	15944
17037	0	17032
23980	1	24028
21842	0	21772
12876	1	12892
23387	0	23361
12465	3	12499
12842	2	12579
13014	0	12997
18648	0	18620
14308	3	14339
13175	0	12998
17513	0	17496
13668	3	14319
13908	2	12410
17883	0	17872
13053	0	12998
17798	1	17811
13668	2	14094
16048	0	15971
16205	0	16184
12613	0	12548
20865	3	20963
12817	3	14312
13574	0	13510
17171	0	17168
18631	0	18620
13158	0	12998
20445	0	20384
19606	0	20008
12799	3	16375
22018	2	12854
19227	1	19426
16031	0	15971
16188	0	16184
12410	3	19119
21683	2	12455
16968	2	12904
17443	2	14094
21751	1	21762
15291	1	15384
17229	2	17253
14203	1	14221
20740	0	20670
20149	0	20141
22093	2	16081
20008	2	15776
17108	0	17032
13566	0	13510
14653	0	14642
22743	0	22716
17970	1	18251
17261	0	17260
16014	0	15971
23685	2	14598
15769	2	13707
20425	0	20389
20731	0	20660
12801	2	12808
19130	2	14089
17671	0	17668
19268	1	19465
20723	0	20670
20667	2	12861
17444	3	14882
21779	0	21770
13848	0	13841
16022	1	16132
20087	0	20066
13501	1	13507
13101	1	13295
14258	1	14276
22660	0	22647
22578	0	22093
17032	2	12625
21683	2	12589
20706	0	20670
20066	2	12587
12906	3	14349
22798	0	22771
20008	2	12527
17534	1	17570
20343	0	20381
14643	4	14642
14832	0	14805
20070	0	20066
12842	2	12847
22561	0	22093
13750	0	13668
22781	0	22771
16729	1	16769
13743	0	13739
20400	0	20389
12764	0	12767
22957	2	12534
12455	3	14359
20698	0	20670
23983	1	24031
20165	1	20220
12879	1	12895
14202	0	13668
22544	0	22093
20386	2	13778
17428	0	17418
21770	2	20266
22018	2	12533
19595	0	19178
17237	0	17229
20076	0	20068
12498	3	17159
20742	0	20666
20681	0	20670
22649	0	22093
12490	3	23585
16965	2	12474
13668	2	12618
22715	3	12594
22969	0	22955
20934	0	20865
15629	0	15555
20414	0	20381
15808	0	15769
23008	0	22956
19578	0	19178
20393	2	13491
20725	0	20666
23388	1	23409
15791	0	15769
12948	2	12453
23572	3	19019
18107	1	18387
12604	2	12592
13510	3	13663
17295	2	12423
14803	3	14882
18929	2	18985
19067	0	19063
16944	0	16930
22667	0	22638
21272	1	21379
20900	0	20865
20309	0	20279
20454	0	20389
17675	0	17496
20455	0	20393
13690	0	14361
22726	3	13402
22384	1	22477
16850	2	16848
23669	2	12597
12996	2	12804
14644	0	14640
20520	0	20391
16856	1	16885
22650	0	22638
14128	0	14123
14653	0	14455
20141	2	13830
21691	2	18447
20965	3	12594
22709	3	13402
12682	4	12600
15566	0	15553
18037	0	17872
23364	2	14232
19063	2	19073
16966	2	12409
15551	3	15579
22744	0	22715
20189	0	20141
23436	3	23429
23096	0	23090
23435	2	17289
12585	3	14357
16870	0	16850
20408	0	20387
20526	0	20393
14643	4	14455
14701	2	15408
20921	4	20887
23990	0	23952
20172	0	20141
21691	3	14080
14306	3	14328
21679	3	16375
13510	2	12582
15611	2	12425
15474	0	15463
22717	2	13654
15894	2	14702
21485	2	19050
12641	4	12671
14525	0	14455
20356	0	20350
20393	2	17492
14066	2	12906
18702	1	18792
14816	1	14853
23680	1	23693
19199	1	19399
21014	1	21015
21696	0	21688
21981	2	12806
22889	0	20279
15892	2	12527
22959	2	14303
18708	0	18623
20677	0	20663
20440	0	20389
12729	4	12671
17032	2	12922
20407	1	20490
22729	1	22751
14465	0	14458
19060	2	12628
20432	0	20399
19582	1	19796
16584	4	16551
22872	0	20279
14232	3	17281
17027	2	12496
21560	1	21651
18928	2	15943
15893	2	14230
22675	0	22636
21032	2	14232
13036	0	12998
17781	2	12586
18137	0	17781
12860	2	12595
12611	0	12671
21848	2	12461
20415	0	20399
14384	2	12500
20429	1	20461
13878	0	13668
22738	0	22721
14360	2	13726
12592	3	23414
21172	1	21214
12587	3	14353
22658	0	22636
23446	0	23437
23685	2	12935
22040	0	20134
22014	2	12660
23612	0	23669
19040	2	19060
20391	3	12632
13861	0	13668
16431	2	12624
23325	2	14448
20518	3	14358
22718	2	12455
23731	0	23685
17027	2	12630
22777	0	22093
15997	0	15971
19178	2	13707
23384	0	23362
23683	2	14496
23349	0	23325
21267	2	12858
14569	1	14588
18645	0	18621
16878	0	16848
15557	0	15551
21956	1	21979
17786	3	16350
17782	0	17781
12590	3	17276
14097	3	23415
14455	2	12500
15980	0	15971
23367	0	23362
16964	2	12494
18628	0	18621
12848	3	21055
23471	1	23526
14467	1	14481
23819	0	23685
20671	0	20669
23920	4	23685
21241	0	21234
14126	2	14230
21795	2	12527
22576	1	22623
15465	0	15461
21848	2	14234
23471	0	23459
15799	1	15829
14192	0	14186
22422	0	22093
18065	1	18344
16208	0	16187
23680	0	23685
12867	2	12586
20409	0	20386
16279	1	16278
18925	2	12480
23085	0	22959
15607	2	12418
21323	1	21433
15873	2	12861
14256	0	14123
13061	0	12996
23365	2	15930
20448	0	20387
21682	0	21485
14459	2	12804
23785	0	23685
20607	2	14496
15118	1	15117
12849	3	17278
20453	0	20382
18699	0	18621
13044	0	12996
16183	2	16243
18616	2	12811
20387	2	12855
22746	0	22719
21269	2	12854
13510	2	12529
22973	0	22955
20436	0	20382
13109	0	12994
20449	0	20394
22040	0	21691
14914	1	14913
19142	1	19159
13027	0	12996
19271	1	19468
23670	2	12500
16650	1	16670
12675	0	12600
15484	0	15457
22732	0	22636
12909	2	12811
19158	0	19058
12383	1	12402
20638	0	20628
17826	4	17781
16005	0	15969
21243	0	21230
17425	0	17419
14990	1	14989
18853	0	18623
14123	2	12861
20035	3	16249
13019	0	12996
12423	3	23060
19040	2	12457
12461	3	14346
14724	0	14704
23099	1	23101
20073	0	20069
15467	0	15457
12997	2	12461
20038	0	20032
19050	3	15762
12500	3	14328
15988	0	15969
20411	0	20382
18613	2	13731
17789	3	17821
18836	0	18623
18614	2	12628
20403	0	20392
12786	3	17276
13668	2	13667
23986	1	24034
15892	2	14702
17141	0	17130
20168	1	20223
14458	2	12455
12695	1	12694
23361	3	12631
13198	1	13384
16491	1	16510
18702	0	18621
23091	3	12789
14405	1	14435
13848	1	13855
12595	3	21056
20559	0	20553
16633	2	12656
12589	3	17186
20154	0	20140
17796	0	17781
14200	0	14184
15793	0	15765
16941	0	16931
13684	0	13667
12607	0	12603
23616	0	19060
20306	0	20280
19717	0	20008
18679	1	18769
13687	0	14362
19109	1	19118
17285	2	12845
20728	0	20669
20388	2	12595
14489	2	14490
21745	2	12620
23795	1	23794
12902	3	20542
22743	0	22639
20435	0	20394
17927	0	17781
18110	1	18390
16942	1	16957
23859	0	23685
19063	2	12417
14366	0	14362
20143	2	12483
12940	3	12932
17260	2	12855
12613	0	12605
21767	0	21769
20551	2	12460
22670	0	22641
20278	2	12498
18032	0	17781
16987	0	16965
12604	2	12836
20444	0	20380
17201	0	17189
18536	4	18466
13872	1	13894
17910	0	17781
22535	3	19140
15136	1	15135
19038	2	19049
22733	0	22726
22735	0	22639
13668	3	12632
22653	0	22641
22023	2	12906
18015	0	17781
13978	0	13909
12460	3	14358
23947	0	23685
20385	2	12587
12548	2	12659
12851	2	12585
13738	0	13667
20626	2	12858
17588	3	17644
17037	1	17044
18497	1	18496
18120	0	17781
20669	2	12424
13739	2	13774
17998	0	17781
17781	3	18449
13505	2	12855
14786	0	15178
20353	0	20351
15554	3	15582
12909	2	12624
23930	0	23685
20192	0	20144
16637	1	16656
23619	0	19060
20419	0	20380
15813	0	15768
18103	0	17781
17981	0	17781
17171	1	17180
23995	0	23683
15936	0	16933
23578	2	12812
19672	1	19864
20668	2	14238
23993	0	23955
20118	0	20115
15178	2	15406
20008	2	12584
16290	4	16200
17536	0	17494
23602	0	19060
12490	3	21064
14203	0	14187
14155	0	14138
13499	3	13508
14305	0	13668
22672	0	22637
13181	0	12996
16560	2	12364
22957	2	12591
13668	2	13830
15607	2	12849
16818	2	12407
12589	3	23415
16277	0	16200
18998	0	18623
22655	0	22637
23443	0	23438
13164	0	12996
16759	1	16787
17588	2	12426
21743	2	13860
20297	0	20278
20443	0	20392
19250	0	19178
22732	1	22754
13704	3	15762
23673	0	19060
13147	0	12996
22146	1	22250
20426	0	20392
20337	2	12627
19233	0	19178
22346	1	22439
20135	2	20271
17053	2	12935
20194	0	20140
18945	1	18965
17166	2	13706
14962	4	14704
22741	0	22724
21148	0	21143
23360	2	12501
15496	0	15462
20431	0	20387
16617	1	16627
16875	0	16849
20553	3	12411
20731	1	20806
20199	0	20135
16817	2	12863
20550	2	12595
16560	2	12848
22029	0	22020
15067	4	14704
19216	0	19178
19040	2	12538
21153	1	21195
21320	1	21428
14945	4	14704
19178	2	12662
22727	0	22641
15479	0	15462
17530	0	17500
17032	2	12361
22737	0	22709
20116	2	14702
19050	3	21670
20182	0	20135
17441	2	12944
16818	2	13830
20174	0	20145
16850	2	16905
21078	1	21105
17356	2	12658
23387	0	23365
14827	0	14704
14308	3	14343
12965	0	12948
17513	0	17500
12822	3	17186
23189	4	23181
23392	0	23360
14932	0	14704
20157	0	20145
15033	4	14704
13820	1	13828
15972	0	15875
17518	0	17495
20015	0	20009
15898	1	15913
18040	1	18320
14810	0	14704
13058	0	12997
13914	0	13908
20682	0	20662
12586	3	14317
19139	2	12461
21485	3	16350
23375	0	23360
18623	2	12500
16562	0	16558
19631	1	19967
21869	0	21772
13163	0	12997
14662	0	14656
23578	2	12625
17501	0	17495
13189	0	12994
22579	1	22626
12765	2	12589
13041	0	12997
23441	2	23435
13492	0	13495
20149	0	20145
20920	4	20883
17791	0	17786
23358	0	23360
22743	0	22720
23681	3	23702
12597	3	23413
14898	0	14704
13146	0	12997
20380	2	12461
18928	2	12483
20425	0	20393
18143	0	17781
14259	0	14126
17500	2	12589
16981	0	16963
17266	0	17259
14671	1	14672
16202	1	16226
17292	2	14494
18979	3	17161
12580	3	23413
18667	0	18620
13129	0	12997
14123	2	12621
23484	1	23539
20568	0	20550
14183	0	14184
12460	3	15944
22054	0	22018
21844	0	21772
16432	2	14702
12935	3	12937
18135	0	17781
17976	1	18257
12609	0	12671
18650	0	18620
16982	0	16970
20923	2	14119
20439	0	20385
13112	0	12997
13968	0	13908
15769	2	12906
15134	0	14704
21495	0	21485
14696	2	12365
20381	2	12848
12409	3	14069
20351	2	12456
23954	2	12423
19611	0	19178
20400	0	20393
18985	3	17163
18633	0	18620
17990	0	17872
20139	2	13838
13668	2	13777
16470	1	16474
20422	0	20385
20135	2	17051
23365	3	15944
17428	0	17422
12697	0	12671
16970	2	12904
17262	2	12923
17231	2	17253
23459	2	12416
23978	0	17722
19020	2	19018
15222	0	14704
23449	1	23457
21682	1	21684
14727	1	14764
21685	2	19574
20279	2	12535
23090	2	12822
12703	0	12548
23092	3	19140
15652	4	15555
20439	0	20519
22969	0	22959
20965	3	20974
20414	0	20385
20081	0	20067
16920	2	12595
21817	4	21772
19060	2	12819
13739	2	12461
15205	0	14704
12440	0	12429
19284	1	19481
20171	1	20226
12460	3	14334
15107	4	14704
13740	0	13735
15764	1	15772
15310	0	14704
14826	1	14863
21995	1	22007
20670	2	12461
21238	1	21249
20402	0	20380
15796	0	15768
22667	0	22642
12993	0	12994
16984	0	16966
20567	0	20551
20454	0	20393
20441	0	20381
20455	0	20397
20398	2	12527
15293	0	14704
20739	0	20662
23587	0	23669
21269	2	12427
21743	2	14291
14232	3	23083
16922	2	12585
14065	2	12590
22094	0	22093
20015	1	20023
14802	2	12479
14126	2	14287
15287	1	15381
14972	0	14704
22650	0	22642
12766	0	12767
22959	2	12534
20116	2	18971
20162	0	16354
20394	2	20062
15276	0	14704
23345	0	23346
15461	2	12597
22739	0	22713
16945	1	16960
20388	2	13778
14662	1	14670
18486	4	18452
14676	1	14686
15765	2	13704
19597	0	19178
18658	0	18618
21916	1	21932
20670	2	12595
15894	3	19119
15900	0	15892
18622	2	18802
17663	2	12845
15551	3	15583
13840	0	13668
22041	0	22025
21324	0	21269
13491	3	21055
20043	0	20031
22744	0	22719
15894	2	12478
20189	0	20145
12607	1	12644
19702	0	19178
14387	2	14448
20408	0	20391
23289	4	23288
22914	0	22912
20849	1	20858
14188	2	14095
22024	0	22025
13823	0	13668
14303	3	23083
21307	0	21269
13675	1	13698
16402	2	12810
21678	3	15762
14232	3	13768
20172	0	20145
14306	3	14332
14828	0	14802
19685	0	19178
17672	1	17696
23309	4	23181
22055	0	22017
20636	0	20628
12868	2	12455
19727	1	19904
20177	0	20140
19790	0	19178
17316	0	17306
21846	2	12418
20396	0	20386
20383	2	15930
13908	2	12845
20311	0	20279
21099	0	21080
20194	0	20116
19668	0	19178
17507	0	17444
14704	2	12497
19199	0	19178
21696	0	21692
13692	0	14361
13053	1	13254
15190	0	15178
19113	0	19040
19675	1	19867
19773	0	19178
20294	0	20279
14097	3	21057
21082	0	21080
19651	0	19178
20677	0	20667
17288	2	12527
23670	2	14785
19182	0	19178
23364	2	12626
21230	2	12838
15804	0	15766
14304	3	17182
17027	2	12500
19756	0	19178
22675	0	22640
16992	0	16964
20277	0	20279
20721	0	20663
16633	2	12363
13134	1	13325
17290	2	17291
17781	3	12411
15787	0	15766
12825	2	12592
21170	0	21080
13668	2	14074
15692	4	15555
20528	0	20393
22658	0	22640
23446	0	23441
16922	2	14492
20420	0	20398
17056	2	14093
14803	2	14447
16038	1	16105
19040	2	19064
12460	3	16375
13172	0	12994
16633	2	13652
20713	0	20663
20451	0	20390
21566	1	21657
16431	2	12628
15142	1	15141
12595	3	19019
22149	1	22253
20358	0	20350
22049	0	22023
21332	0	21267
19178	2	13711
20628	3	15542
14455	2	14598
16848	2	13904
14068	2	12906
15461	2	12410
14657	2	12589
22956	2	12588
15199	1	15328
20696	0	20663
12364	3	13486
12819	3	17187
20865	2	17284
16386	2	12903
22032	0	22023
17613	0	17588
22639	2	14448
20083	1	20101
17692	0	17444
15588	1	15593
23365	3	16375
20679	0	20663
13904	3	17278
14294	0	14297
18926	1	18952
12617	3	14069
17588	2	12804
12716	4	12548
20185	0	20138
21032	2	12626
18481	1	18480
16551	2	12496
23372	0	23361
15765	2	12362
14663	1	14669
15766	2	15776
23090	3	19140
17498	0	17496
17596	0	17588
20676	0	20668
20449	1	20489
22541	1	22590
22985	0	16922
19063	2	14702
12598	0	12548
23606	0	23670
20071	2	13707
13880	0	13668
13928	0	23459
14143	0	14137
14362	2	13726
17973	0	17872
20409	0	20390
15470	0	15460
15901	1	15916
22968	0	16922
17051	3	23430
17956	0	17872
20453	0	20386
13982	0	13909
21984	0	21940
17093	0	17032
20160	0	20138
21865	0	21846
13968	0	13668
14448	3	23083
17231	2	17229
16494	1	16513
22746	0	22723
17939	0	17872
20436	0	20386
12373	0	12359
20449	0	20398
13109	0	12998
13965	0	13909
23805	1	23804
17285	2	12581
19361	0	19178
13909	2	12459
21485	2	12585
12941	3	14069
16205	1	16229
15501	0	15458
18670	0	18623
22929	0	22912
12850	3	21055
13948	0	13909
22742	0	22708
23571	0	23572
14372	0	14360
13557	0	13512
16410	0	16386
22734	0	22718
15892	2	12478
14817	0	14805
17425	0	17423
17140	1	17154
17540	0	17494
14551	0	14547
19040	2	12461
12461	3	14350
18653	0	18623
13973	1	14049
23091	2	12407
19178	2	12585
12455	3	15762
16965	2	12588
13540	0	13512
20669	2	20670
20078	0	20068
17523	0	17494
18636	0	18623
15783	3	13768
21290	1	21396
16473	1	16477
22529	0	22093
12503	2	14599
21304	1	21412
16498	0	16386
12819	3	23416
23380	0	23359
16053	0	15971
23435	2	12597
18641	0	18618
12642	4	12548
12463	2	12473
22185	1	22289
17288	2	14702
17663	2	12471
17506	0	17494
19112	0	19060
12601	2	12597
16633	2	12660
20154	0	20144
14730	1	14767
15793	0	15769
19040	2	12595
23377	1	23421
22535	3	12594
18812	1	18872
18624	0	18618
23091	2	12541
13151	0	12996
14490	3	17251
17601	1	17648
22584	0	22723
19287	1	19484
12736	1	12737
13735	2	12535
12813	3	15944
16850	3	13400
12851	2	12455
13134	0	12996
18941	1	18986
22743	0	22643
14646	0	14640
16204	0	16184
12879	0	12867
12426	3	19119
17220	2	14490
18855	0	18623
16920	2	20544
17168	3	17182
22670	0	22645
16987	0	16969
20444	0	20384
15897	0	15893
22025	2	22087
20716	0	20668
21911	0	21795
22583	0	22093
16693	0	16633
20868	0	20865
22735	0	22643
12409	3	19119
23258	4	23181
18616	2	12628
22653	0	22645
14384	3	14449
17687	0	17668
12589	3	21057
17143	0	17130
20699	0	20668
17356	2	12849
16041	0	15875
19040	2	16462
16739	0	16721
16549	2	14229
12548	2	12663
18943	0	18623
21038	1	21058
12774	0	12765
14825	0	14803
18118	0	17872
14062	2	12500
20875	4	20865
21066	2	12498
15969	2	12812
15554	3	15586
16722	0	16721
17510	1	17568
13548	0	13510
18926	0	18623
13847	0	13841
20086	0	20066
14808	0	14803
20691	0	20668
16971	1	16995
12379	1	12399
20197	0	20143
16113	4	15873
23621	0	23670
20424	0	20379
15556	0	15551
17988	0	17872
12471	3	14359
21344	1	21452
20674	0	20668
12548	2	12797
16438	0	16432
23998	0	23954
20180	0	20143
15995	0	15873
16096	4	15873
20407	0	20379
23206	1	23205
19157	1	19173
15969	2	12946
12958	1	12980
12662	3	17186
23340	1	23344
23981	0	23954
13056	1	13257
16816	3	15762
20163	0	20143
15645	0	15555
18076	0	17872
16633	2	12473
14188	2	12595
22014	2	12424
15893	2	14694
18698	0	18618
22025	2	12906
20555	0	20550
15969	2	14235
20368	1	20373
16969	2	13839
16964	2	12474
12497	3	20542
23964	0	23954
23448	0	23437
18059	0	17872
21940	2	22009
16841	2	12796
17262	2	17302
16964	3	17021
21514	1	21605
12842	2	12453
20390	2	12854
22973	1	23026
12455	3	23414
21230	2	16465
13137	1	13328
20390	2	16237
13505	2	12538
18666	1	18756
20431	0	20391
22779	0	22093
15873	2	15874
14564	0	14455
14306	3	12616
23365	2	12527
12465	2	12498
20199	0	20139
12597	3	21055
12691	0	12600
22188	0	22093
18147	0	17872
12825	2	12836
22744	0	22642
14070	2	12498
17032	2	12365
22737	0	22713
20182	0	20139
20865	2	12856
22729	0	22723
20923	3	14080
16551	2	16578
21676	3	21670
16863	0	16848
18130	0	17872
22649	0	22638
14127	0	14123
21080	2	18968
14308	3	14347
22959	2	12591
19204	1	19402
23360	3	23414
22745	0	22093
14530	0	14455
23392	0	23364
22093	2	22721
16401	0	16403
21030	0	20865
12421	3	21673
20357	0	20338
12908	2	12410
20682	0	20666
12586	3	14321
22728	0	22093
23375	0	23364
20627	2	12861
20188	0	20141
14826	0	14802
22020	3	12411
16354	2	13838
22025	2	12585
20687	0	20661
16869	0	16850
12906	3	23083
21485	2	20266
20340	0	20338
13046	1	13248
12581	3	17278
16610	0	16551
22544	1	22593
13492	0	13499
15553	3	13402
15256	1	15355
23441	2	23439
23989	0	23952
23358	0	23364
17495	2	12362
18619	0	18623
12996	2	12410
16852	0	16850
20425	0	20397
17027	2	12423
17327	2	17332
20870	1	20869
14137	2	12483
12432	2	12457
21844	1	21843
23010	0	22959
20428	0	20338
20137	0	20144
15072	1	15071
14183	0	14188
23136	1	23159
23753	0	23685
15457	3	12789
14369	0	14361
23668	0	23578
22888	0	20279
22054	0	22022
20669	2	17047
14806	1	14843
20447	0	20379
21004	1	21005
19109	0	15894
16497	1	16516
23096	1	23106
20865	2	12535
12967	0	12948
20439	0	20389
17499	1	17541
21294	0	21269
14360	2	12498
23208	4	23306
20351	2	12460
20430	0	20379
23510	0	23459
17110	0	17027
20422	0	20389
14299	0	14296
16850	2	14494
15990	0	15969
19057	2	14240
16547	0	16549
22745	0	22711
23377	0	23360
12359	2	12408
20369	2	12497
16633	2	12420
13668	3	14356
18137	1	18417
12605	2	12527
22964	0	22957
14308	2	12461
12908	3	12499
22133	1	22237
14455	2	12427
16439	0	16386
23493	0	23459
12859	3	21670
20338	2	12630
15973	0	15969
17793	0	17786
22728	0	22711
16492	0	16403
12748	0	12600
18128	1	18407
23726	4	23685
17725	2	17722
20081	0	20071
12923	3	15945
12741	0	12671
16922	2	12455
22716	2	12630
17798	0	17781
15893	2	15930
23476	0	23459
22717	2	12455
22991	0	16922
20851	0	20844
23690	0	23683
17339	1	17350
16921	1	16925
12460	3	14338
12731	0	12600
23383	0	23362
22188	1	22292
13740	0	13739
20431	0	20338
16877	0	16848
23365	3	16082
16864	1	16893
20402	0	20384
20833	1	20840
13054	0	12994
12993	0	12998
18627	0	18621
16984	0	16970
20454	0	20397
23604	0	23670
12723	0	12600
20145	2	12483
16185	1	16262
19139	2	12628
14547	2	14448
23325	2	13704
19290	1	19487
20446	0	20380
12600	2	12585
16964	2	12905
20744	0	20661
20377	0	20394
13037	0	12994
20369	3	14495
14191	0	14186
14497	1	14503
16932	0	16933
12598	0	12605
22739	0	22717
14698	2	12490
20442	0	20392
23084	0	22959
22021	2	14231
14255	0	14123
20727	0	20661
13020	0	12994
17667	0	17669
20043	0	20035
22744	0	22723
16198	1	16223
13029	0	12994
12662	3	17162
20083	0	20067
17845	1	17852
13125	0	12994
23067	0	22959
13491	3	15582
20048	0	20030
22887	0	22869
20710	0	20661
17588	3	12631
14205	1	14224
17168	2	12478
22723	3	13402
20395	2	12906
16408	0	16402
12496	3	14085
13012	0	12994
14306	3	14336
13108	0	12994
18540	4	18480
23915	0	23685
20670	2	14238
22870	0	22869
22055	0	22021
20177	0	20144
20404	0	20380
20378	2	12906
21956	0	14701
20396	0	20390
16560	2	12478
17786	2	12455
20433	1	20505
21277	0	21267
23978	0	23955
13689	0	13667
21242	0	21230
17424	0	17419
19079	1	19084
15559	0	15554
15927	3	15944
17295	2	12460
21939	0	14701
14142	0	13668
21772	2	16557
20072	0	20069
23881	0	23685
16431	2	12498
14296	2	12858
22965	0	22956
16209	0	16183
17455	0	17441
12760	4	12671
12961	1	12983
23004	0	22957
15902	0	15892
22710	2	13649
20721	0	20667
21229	2	12586
12548	3	12862
20282	0	20278
17786	2	12589
21096	1	21122
23593	1	23636
23365	3	12862
18927	2	12662
20280	3	17815
15769	2	14496
17838	0	17781
17465	1	17488
20607	2	20652
18938	0	18925
20278	2	12425
18452	2	17126
12685	1	12684
16940	0	16931
12606	0	12603
22663	0	22639
13172	0	12998
16980	0	16963
20451	0	20394
19218	0	19178
23880	4	23685
13686	0	14362
18925	2	14448
19314	0	19178
20387	2	12595
21068	3	21069
22646	0	22639
18669	1	18759
15463	2	12845
17926	0	17781
19201	0	19178
20429	0	20378
21747	1	21758
23785	1	23784
18676	0	18621
21182	0	21142
19306	0	19178
18100	1	18380
13904	3	17282
12486	0	12465
17166	2	14304
17909	0	17781
19184	0	19178
22740	0	22716
14455	2	12858
23846	4	23685
23372	0	23365
15732	4	15692
23432	3	23430
23511	1	23566
17500	2	14447
20412	0	20378
15766	2	15780
21679	3	21673
20684	0	20662
14185	2	12460
21228	0	21230
17332	2	12618
16200	3	14080
21165	0	21142
22717	2	12536
15728	4	15680
19289	0	19178
14979	1	14980
17892	0	17781
20030	2	20064
21775	1	21785
15280	0	15178
23986	0	23953
20111	0	20113
21485	2	12455
18531	4	18451
17444	2	14240
14068	2	12455
20409	0	20394
20632	0	20625
19272	0	19178
14148	0	14136
12608	0	12599
12455	3	14343
15263	0	15178
13174	0	12994
16306	4	16200
20279	3	14080
13549	1	13617
20453	0	20390
17735	0	17723
17464	1	17489
17053	2	17050
13049	1	13251
12584	3	17281
16045	0	15875
16195	0	16186
13157	0	12994
14244	0	14126
23601	0	19060
20148	1	20204
22572	0	22535
16403	2	12586
14304	3	23415
20436	0	20390
14461	0	14459
14185	2	12944
14988	0	14704
14068	2	12589
16028	0	15875
23579	1	23582
21234	3	13400
20738	0	20662
13140	0	12994
16272	4	16200
15501	0	15462
17723	2	13657
21507	1	21599
20919	4	20875
22555	0	22535
15613	1	15616
14126	2	12628
22742	0	22712
13505	2	12461
17260	2	12595
14185	2	14233
22734	0	22722
16011	0	15875
17160	3	17164
23994	1	24042
20437	0	20397
16646	0	16633
12867	3	12899
14809	1	14846
23442	0	23438
13123	0	12994
23211	4	23181
23365	3	23413
15810	1	15840
20032	2	20060
14954	0	14704
22912	3	22951
14363	2	12501
15994	0	15875
17296	0	17262
20594	0	20589
16849	2	12843
20709	0	20660
15472	0	15460
19366	1	19563
13936	0	13908
17763	2	12501
20440	1	20515
22032	1	22065
18641	0	18622
19146	0	19040
20692	0	20660
23359	2	12501
16874	0	16849
21752	0	21745
14738	0	14704
20399	2	15930
15873	2	15931
15042	0	14704
16567	0	16558
17796	0	17789
21957	1	21975
13667	2	12624
17027	2	14090
18624	0	18622
20675	0	20660
21551	0	21485
19363	0	19178
14205	0	14187
21940	2	15784
16920	2	12843
14070	2	12905
20385	2	12461
14070	3	14069
17924	0	17872
16213	1	16255
21534	0	21485
19346	0	19178
17027	2	12935
15807	0	15765
12909	2	12498
20383	2	12527
17168	3	17186
23325	2	12659
19110	0	19106
20876	1	20875
20444	0	20388
19138	2	12461
21517	0	21485
19329	0	19178
17285	2	14492
22175	0	22093
16036	0	15873
20144	2	12902
12477	3	23576
18063	0	17781
20379	2	20062
18695	0	18622
13877	1	13897
12638	4	12671
13040	0	12997
17293	2	16905
15163	4	14704
14500	1	14506
12630	3	17182
12560	0	12545
20385	2	12595
13453	0	12996
17228	1	17241
22158	0	22093
16737	0	16633
15056	1	15055
12644	4	12548
12743	4	12671
20627	2	20623
16975	0	16968
14512	2	12786
20432	0	20383
18046	0	17781
22886	0	20279
13023	0	12997
16740	1	16799
17027	2	12480
14158	1	14178
13668	2	13704
13436	0	12996
21772	2	21794
22788	1	22835
13847	0	13845
16720	0	16633
12726	4	12671
19138	2	12595
12430	2	12786
20428	0	20395
20415	0	20383
19154	0	19059
17231	2	16241
22536	3	17815
18029	0	17781
20662	2	12500
16931	2	12624
20424	0	20383
14813	0	14802
15028	0	14704
17421	0	17420
20196	0	20116
15556	0	15555
14061	0	14066
16848	2	12595
16551	2	12931
16849	2	12656
20865	2	12592
18012	0	17781
15768	2	12906
20393	2	12483
23626	0	23669
20034	0	20033
22133	0	22093
16402	3	23082
21826	0	21772
20407	0	20383
16808	0	16633
19653	0	19178
17516	1	17574
18117	0	17781
17895	1	18175
15238	0	14704
17026	0	17027
17045	2	12819
13668	2	13838
23609	0	23669
15116	0	14704
12480	3	17187
20338	3	15945
16695	0	16633
12417	3	15762
16304	4	16200
16969	2	12904
23861	1	23860
22999	1	23051
18698	0	18622
13668	2	14188
17689	0	17668
12591	3	21057
15221	0	14704
20150	0	20141
23592	0	23669
20865	3	21057
15789	0	15766
17307	0	17308
23448	0	23441
16818	2	13704
16963	3	17021
17458	0	17444
15873	3	15945
20732	0	20660
13572	0	13505
17672	0	17668
13683	0	14363
23969	0	23953
15204	0	14704
22959	2	12461
20338	2	20392
21155	0	21080
19724	0	19178
20865	3	13486
17941	1	18220
23578	2	13654
20591	1	20598
20431	0	20395
19274	1	19471
13555	0	13505
20199	0	20143
15246	0	15178
20530	0	20369
20669	2	12461
17668	2	12417
12603	2	12626
14455	2	12618
21179	0	21143
20733	0	20667
23230	0	23181
16983	0	16966
12662	3	21057
21317	0	21267
22737	0	22717
13538	0	13505
20182	0	20143
15229	0	15178
14805	3	14800
22716	2	12821
20521	1	20533
17763	2	12582
21162	0	21143
22649	0	22642
17308	2	12617
18672	1	18762
20695	0	20665
21300	0	21267
22043	0	22020
13521	0	13505
15647	0	15555
20387	2	13778
22720	2	14448
14189	1	14208
19016	3	19019
19596	0	19178
12599	2	12590
20669	2	12595
16406	0	16402
12586	3	14325
20068	2	15782
17494	2	14079
20188	0	20145
16905	3	23430
22970	0	22955
20606	2	20616
12806	3	23082
13915	1	13990
20687	0	20665
22715	3	17815
21132	1	21137
15892	2	12458
20340	0	20342
21800	0	21794
19579	0	19178
23591	0	23670
12581	3	17282
23203	4	23181
12422	3	14359
13668	2	12362
15588	0	15589
22712	2	14448
15735	0	15555
16970	2	16966
12461	3	14330
21234	2	12585
21986	0	21940
21900	0	21772
15613	0	15555
17532	0	17495
23365	2	14304
17496	2	12427
12500	3	14312
22020	2	14233
14064	2	12529
17027	2	12427
21371	0	21267
20635	0	20628
19129	0	19040
22190	0	22093
12480	3	23416
13177	0	12997
14671	0	14455
17515	0	17495
20428	0	20342
19062	2	14694
21703	1	21728
19667	0	19178
16560	2	12535
14490	3	15942
12585	3	23416
19112	0	19040
15701	0	15555
18481	0	18452
14249	1	14267
20521	0	20391
13160	0	12997
13505	2	13510
23969	1	24018
14659	0	14656
23133	4	23113
16968	2	12461
19078	0	19064
15893	2	12417
20439	0	20393
23669	2	14785
13936	0	13668
21060	2	12527
17288	2	12588
15278	0	14704
17495	2	12500
14235	3	14072
13668	2	12846
19095	0	19040
12596	3	15944
20556	0	20553
19314	1	19511
13143	0	12997
19061	0	19064
22383	0	22093
20422	0	20393
23685	2	23954
15190	1	15440
22745	0	22715
15261	0	14704
12476	3	16375
12359	2	12412
20435	0	20378
12478	3	17042
18638	0	18623
16871	0	16850
20427	0	20388
15463	2	13707
17444	2	12524
19312	0	19178
16612	0	16551
22960	1	23013
14802	2	14447
22366	0	22093
19137	3	17718
12817	3	14353
20278	2	12482
15813	1	15843
22728	0	22715
18616	2	14702
20035	2	20063
21067	2	12590
18998	0	18928
12853	3	15582
19139	2	12498
18093	1	18374
16854	0	16850
20410	0	20388
17603	0	17444
15253	0	14704
22733	0	22710
12600	2	12455
15589	3	12594
16534	1	16544
22719	3	22767
22349	0	22093
12460	3	14342
14067	2	12906
22035	1	22068
17259	2	16905
15132	1	15131
21680	3	15944
17740	0	17722
15236	0	14704
12998	2	12535
23388	0	23361
13068	1	13266
20402	0	20388
18709	0	18623
17514	0	17496
20116	2	20134
21030	0	21032
16437	0	16432
13054	0	12998
16970	2	12457
20144	2	12662
20678	0	20663
17496	3	16249
20638	1	20650
21243	1	21252
12428	0	12432
23371	0	23361
13960	1	14036
13575	0	13510
23384	0	21683
16585	4	16551
15565	0	15552
14447	3	19021
20446	0	20384
18692	0	18623
17497	0	17496
21795	2	12592
20744	0	20665
20377	0	20398
13037	0	12998
20338	2	20473
17112	0	17027
13668	2	12525
13533	1	13601
13728	2	12471
23367	0	21683
17500	2	12410
22739	0	22721
20171	0	20116
17669	2	15784
13841	2	12461
20727	0	20665
23495	0	23459
13020	0	12998
17761	2	13726
17422	2	15409
16386	2	16481
16922	2	14232
14556	0	14547
13125	0	12998
19151	0	19060
20564	0	20551
23937	1	23936
20710	0	20665
13550	0	13510
19018	3	19023
23833	4	23685
15998	0	15971
17377	0	17358
17588	2	12410
12547	2	12500
17058	0	17056
20259	0	20116
23596	1	23639
20715	0	20660
18646	0	18621
23350	0	23325
18535	4	18462
21152	0	21142
12372	0	12359
14802	3	14886
13108	0	12998
14232	3	17159
22055	0	22025
13533	0	13510
12503	3	12499
15981	0	15971
16484	1	16503
21068	2	12474
22652	0	22637
22791	1	22838
20396	0	20394
14414	0	14387
18629	0	18621
22741	0	22708
12911	0	12908
19350	1	19547
14184	2	12539
14816	0	14805
21242	0	21234
17424	0	17423
22635	0	22637
21769	2	12480
19030	1	19035
12527	3	15945
23439	2	23432
12923	3	15762
20141	2	12582
20517	0	20518
22423	0	22093
16964	2	12588
22722	2	16081
20395	2	12455
21675	3	15762
15463	2	12365
22880	1	22899
20397	2	15930
20037	0	20066
15611	3	15617
14257	0	14123
16551	2	16558
16025	1	16149
14308	3	14327
20116	2	12592
20378	2	12455
12806	3	15942
20914	4	20865
23009	0	22956
13668	3	14307
19787	0	19178
17027	2	12858
12482	3	17159
13668	2	14082
15985	1	16096
18620	2	14233
15971	2	16080
15047	4	14704
16761	0	16721
18938	0	18929
15792	0	15769
20829	1	20837
22663	0	22643
20897	4	20865
22992	0	22956
22957	3	14357
20043	0	20068
20451	0	20398
21871	0	21848
16945	0	16930
20735	0	20663
17032	2	12479
12496	3	13768
20338	2	17253
22646	0	22643
20880	4	20865
14657	2	12597
12548	2	12590
13564	1	13631
21854	0	21848
18623	2	13773
16990	1	17014
16034	0	15873
12460	3	21055
17448	1	17471
12878	0	12867
22636	2	12819
20884	0	20865
22562	1	22610
14304	3	21057
18854	0	18623
18672	0	18620
14144	0	13668
15896	0	15893
21910	0	21795
20039	0	20032
22740	0	22720
22967	0	22956
22648	3	12594
19106	2	12455
21794	2	12478
20684	0	20666
18837	0	18623
15552	3	15579
18615	2	12628
21940	2	12592
12407	3	23060
20719	0	20670
21797	0	21795
20190	0	20141
12500	3	14072
15811	0	15765
13008	1	13216
22724	2	12819
17285	2	12455
18942	0	18623
13126	0	12997
17308	2	12861
20405	0	20393
22051	0	22018
23991	0	23952
20173	0	20141
14148	0	14140
12730	4	12548
23386	1	23407
14606	1	14624
15794	0	15765
21680	3	16375
12455	3	14347
18647	0	18620
18004	0	17872
22818	0	22093
23119	1	23118
16817	2	12660
21577	1	21668
12588	3	14072
22034	0	22018
16197	1	16271
23974	0	23952
20156	0	20141
22719	3	12594
22992	1	23045
23361	3	13664
17987	0	17872
18630	0	18620
22801	0	22093
20290	0	20280
15765	2	12854
20673	0	20668
17285	2	12589
20745	1	20820
23957	0	23952
17356	2	12455
18946	0	18927
21184	0	21142
20738	0	20666
18452	2	12621
15715	4	15624
16988	0	16965
20148	0	20141
20919	4	20879
21706	1	21731
13909	2	12817
15938	1	15948
22093	2	13654
22734	0	22726
20395	2	14496
17934	1	18214
18075	0	17872
20661	2	12630
14252	1	14270
21167	0	21142
12374	1	12393
23972	1	24021
18016	0	17781
13667	2	12494
23365	3	23417
16187	2	12587
12494	3	16522
16713	1	16716
20455	0	20381
16848	2	12786
18701	0	18620
20378	2	14496
18058	0	17872
17765	2	12586
19040	2	12819
17309	2	17324
21150	0	21142
20399	2	20472
20634	0	20625
17999	0	17781
22716	3	22768
14696	2	12617
20354	0	20351
20389	2	12854
21030	1	21044
16920	2	13652
23227	4	23258
22718	2	12630
20116	2	12539
14831	0	14805
16308	4	16200
20389	2	16237
22093	2	22648
12958	0	12950
15461	2	12581
15783	3	20542
23385	0	23362
22656	0	22093
14458	2	12817
18434	2	13839
16879	0	16848
22931	1	22953
14076	0	14074
14123	2	12418
16908	3	17282
23816	4	23685
23069	1	23077
17032	2	12426
23368	0	23362
20181	0	20139
19057	2	15777
21693	2	12811
16862	0	16848
20075	0	20068
20069	3	13661
16274	4	16200
20142	0	16354
14802	2	12597
17262	2	16908
12741	1	12740
14306	3	14316
23498	1	23553
23613	0	23578
18615	2	13730
14139	0	14138
14384	2	14448
14704	3	14800
13144	1	13425
18999	0	18623
21485	2	12622
19194	1	19392
20356	0	20338
19719	1	19898
13820	0	13668
18618	2	14233
20842	2	12460
23596	0	23578
20865	2	20972
22019	3	12411
15894	2	12596
20076	1	20094
20632	1	20643
16187	2	16238
17049	2	17047
19066	0	19063
16192	0	16187
21846	3	14882
13536	1	13604
23579	0	23578
22357	1	22450
22021	3	20962
16823	1	16832
23962	1	24012
17331	0	17332
20432	0	20387
12440	1	12451
14064	2	12586
13909	2	12630
13668	2	13708
20428	0	20399
20415	0	20387
21553	0	21485
21743	2	12799
21066	2	12856
22738	0	22709
17965	1	18244
20183	0	20135
14368	0	14361
15490	1	15530
23360	2	12595
17262	2	12854
19298	1	19495
16930	2	12597
21494	1	21586
14839	0	14803
16599	4	16581
14061	0	14070
14802	3	14780
21536	0	21485
19040	2	19048
17385	0	17356
13117	1	13309
17426	0	17419
16839	3	19021
16551	2	16318
14455	2	14232
20074	0	20069
13668	2	12903
12771	0	12765
21035	0	21031
14785	3	14780
15797	1	15827
12651	1	12667
17368	0	17356
21227	0	21230
12801	2	12422
23376	0	23360
17066	1	17090
22041	1	22074
19353	1	19550
13003	0	12996
12504	2	12522
19206	1	19405
19193	1	19393
20016	0	20006
18856	1	18916
12604	2	12527
17502	0	17495
20355	0	20350
12455	3	14778
12998	2	13397
16850	2	12461
20082	0	20035
16194	0	16183
12752	4	12600
21768	2	12663
20551	2	12501
12562	0	12545
22914	1	22934
23092	3	12789
21853	0	21772
20040	0	20069
12478	3	15944
16942	0	16931
21268	0	21269
14890	1	14889
17267	0	17259
22990	0	16922
17032	2	12589
12995	1	13207
22674	1	22703
17293	2	14494
18452	2	18529
13130	0	12997
20392	2	12940
19156	0	19059
18434	2	12847
12461	3	15944
14698	2	12417
16841	2	14093
23364	3	16082
20116	2	12836
12875	0	12868
12718	4	12600
16433	2	14702
15544	0	15463
12603	2	12630
22643	3	17815
23953	2	15749
14123	2	12365
16351	0	16321
13671	0	14362
16983	0	16970
16685	1	16689
23670	2	14232
12905	3	17042
22737	0	22721
16432	2	14446
12365	3	23060
17838	1	17850
23445	0	23437
21234	2	12455
22581	0	22536
13874	0	13909
23996	0	17722
22978	0	22959
20140	2	13838
22039	0	20134
22965	0	16922
23094	0	23091
16967	1	17020
20695	0	20669
23944	4	23685
16993	1	17017
13668	2	12582
20449	0	20382
17451	1	17474
14498	2	12362
12548	2	12834
22552	1	22601
23690	1	23699
16551	2	13903
17894	0	17781
22564	0	22536
19016	3	19023
23979	0	17722
22048	0	22019
21768	2	21791
20518	2	12460
22970	0	22959
20606	2	20620
13962	0	13909
12681	0	12671
20687	0	20669
18992	0	18991
18927	2	12455
23228	1	23227
21794	3	21807
23962	0	17722
22031	0	22019
23971	0	23953
16849	2	12473
22775	1	22822
12657	3	14353
13011	1	13219
20394	2	12906
12461	3	14334
14737	0	14704
17722	2	12421
21940	2	12836
12512	0	12504
18534	4	18458
17982	0	17781
23996	0	23683
13945	0	13909
20065	0	20067
12500	3	14316
16434	0	16433
23994	0	23955
14409	1	14438
20176	0	20144
18656	1	18746
18943	0	18928
23389	1	23410
20707	1	20784
20403	0	20380
13194	0	12998
17781	3	17819
14720	0	14704
21955	0	14701
22997	0	22955
20278	2	14446
12548	3	12789
17965	0	17781
23979	0	23683
12410	3	14358
23801	0	23685
20399	2	12527
15971	2	12620
23977	0	23955
17663	2	12455
20159	0	20144
23365	3	12789
15112	1	15111
17520	0	17494
18926	0	18928
18504	4	18452
22022	2	12585
13060	0	12996
23141	1	23162
21067	2	12460
12434	0	12430
23962	0	23683
17669	2	14231
14070	2	12535
23960	0	23955
23444	0	23438
22022	2	12935
17503	0	17494
13668	2	12850
14908	1	14907
13043	0	12996
13679	0	14360
12582	3	12899
17294	0	17295
21325	0	21269
20386	2	12855
17306	2	14292
22745	0	22719
23674	0	19060
12359	2	12416
17295	2	17193
18495	1	18494
20435	0	20382
13148	0	12996
17937	1	18217
16354	2	12586
20427	0	20392
16586	1	16585
13026	0	12996
14255	1	14273
20195	0	20140
22555	1	22604
14984	1	14983
21308	0	21269
12817	3	14357
20369	2	12855
22728	0	22719
12599	2	12623
16529	0	16526
13131	0	12996
22740	0	22643
14073	0	14075
16433	2	12421
15555	2	12592
20410	0	20392
15191	1	15451
19217	0	19178
17798	0	17789
17259	2	12587
22733	0	22714
22056	0	22017
20637	0	20628
21373	0	21267
20178	0	20140
16004	0	15969
12825	3	12828
16859	0	16849
19618	1	19828
13114	0	12996
16962	0	16963
21714	0	21689
12548	2	12647
17860	1	17870
12502	0	12465
20434	1	20501
19200	0	19178
13838	3	16375
23388	0	23365
20161	0	20140
15987	0	15969
14929	4	14704
23623	0	19060
17514	0	17500
14817	1	14854
14295	2	12412
21031	2	12855
23611	1	23653
21079	3	13658
14141	1	14161
20166	0	20135
16869	1	16896
17140	0	17130
20678	0	20667
21697	0	21689
20667	2	12906
23092	2	12460
19183	0	19178
23072	1	23080
23360	3	12631
23371	0	23365
15970	0	15969
14822	0	14803
21799	1	21805
14811	0	14704
13202	0	12996
20683	0	20662
13085	0	12994
21794	2	12535
17497	0	17500
21858	0	21848
17795	0	17781
15017	4	14704
23501	1	23556
18571	0	18452
16920	3	15945
14895	4	14704
20849	0	20669
13068	0	12994
22976	1	23029
12819	3	14353
23127	0	23108
18680	0	18622
17332	2	17351
12461	3	16375
18554	0	18452
22742	0	22639
18144	0	17781
15753	1	15759
13025	0	12997
20832	0	20669
13051	0	12994
14151	0	14138
13438	0	12996
14365	0	14362
12487	0	12485
14983	4	14704
18663	0	18622
16986	0	16965
20569	0	20550
13156	0	12994
20443	0	20380
16853	1	16882
14243	0	14126
23963	0	23685
23390	0	23361
14067	2	12589
15178	2	12495
17262	2	17286
14231	3	14069
24058	1	24064
20552	0	20550
13139	0	12994
17886	0	17872
20426	0	20380
15500	0	15462
15463	2	12585
18826	1	18886
15867	4	15848
23953	3	12594
16159	1	16158
22741	0	22712
23373	0	23361
14970	0	14704
18634	0	18620
12604	3	12862
15188	1	15323
19020	2	12427
19301	1	19498
19064	2	17352
22635	0	22641
20397	2	20472
17027	2	17050
23364	3	23413
14297	2	12533
18991	2	12473
22014	2	15925
12700	4	12548
18102	0	17781
18617	0	18620
13935	0	13908
16432	3	15586
23091	2	12822
15800	1	15830
15880	0	15875
14308	3	14331
22093	2	12906
18085	0	17781
20019	0	20009
17957	0	17872
13843	2	12811
12687	0	12548
16818	2	12663
19257	0	19178
16197	0	16186
13741	0	13735
18705	0	18620
20198	1	20253
12587	3	17163
22025	2	22018
19187	1	19386
17198	1	17207
12524	3	21801
15935	0	23325
17940	0	17872
20627	2	12845
17315	0	17310
12670	0	12548
16402	2	12501
15091	4	14704
21229	2	14233
21032	2	12854
18688	0	18620
21557	1	21648
20740	0	20662
15172	0	14704
22743	0	22708
15202	1	15449
19345	0	19178
22017	3	12411
18623	2	13777
22718	2	12821
13558	0	13512
17496	2	12407
20438	0	20393
20425	0	20381
20723	0	20662
17781	2	12497
22959	3	23083
13746	1	13763
22740	0	22724
16966	2	12588
13541	0	13512
13840	0	13843
20143	2	12902
20079	0	20068
20662	2	12427
20421	0	20393
19147	0	19057
15552	3	15583
16977	0	16963
20706	0	20662
20190	0	20145
12558	1	12574
13668	2	12476
12927	2	12946
20405	0	20397
17823	1	17822
22051	0	22022
20173	0	20145
16849	2	16905
17027	2	12541
20400	0	20381
22336	1	22337
15145	4	14704
12455	3	14351
14410	0	14384
14124	2	12410
18625	0	18618
23188	4	23181
22535	3	17815
15589	2	14093
13668	3	14340
22034	0	22022
20156	0	20145
12527	3	15762
13685	0	13668
13667	2	12364
22778	1	22825
18862	1	18922
19669	0	19178
23067	0	16848
13693	0	14361
21356	0	21267
20279	2	12523
23374	0	23360
14651	1	14652
17444	2	16826
18120	1	18401
22132	0	22093
23669	2	12455
20710	1	20787
21083	0	21080
15010	0	14704
19652	0	19178
23276	4	23181
20738	0	20670
12460	3	14322
15898	0	15893
15233	1	15345
21912	0	21795
23608	0	23669
16920	2	16905
14145	0	14136
17220	2	14234
22115	0	22093
20743	0	20665
16694	0	16633
22671	0	22642
19635	0	19178
14258	0	14126
21772	2	12540
20183	0	16354
18929	2	18977
16386	2	12944
16989	0	16970
13667	2	12498
20116	2	20114
19218	1	19416
20170	0	20116
22726	2	12819
16042	0	15875
21171	0	21080
20454	0	20381
20726	0	20665
23447	0	23441
20455	0	20385
13128	0	12997
23851	1	23850
13984	0	13908
16976	0	16964
17764	0	17765
19618	0	19178
17652	1	17657
23242	4	23181
17585	2	12500
22053	0	22018
14448	3	17163
20153	0	20116
12727	0	12548
16025	0	15875
22709	2	12819
20175	0	16354
15676	4	15555
15659	1	15658
12997	3	13402
14902	1	14900
14805	3	12633
13967	0	13908
22721	3	22767
15018	0	15178
13934	1	14009
12530	3	14069
18434	2	12904
23293	4	23291
22036	0	22018
12902	3	14358
20529	0	20369
15782	3	15762
20158	0	16354
21178	0	21143
13950	0	13908
17262	2	12590
22736	0	22717
23999	0	23954
13537	0	13505
20181	0	20143
12585	3	14349
20884	1	20883
20408	0	20379
21984	0	21981
13199	0	12997
20680	0	20663
17786	3	17818
21161	0	21143
12547	2	12480
23212	0	23181
12496	3	14069
23952	2	14237
21299	0	21267
13004	1	13213
14306	3	14320
12480	3	19021
23982	0	23954
23364	2	12480
17597	0	17588
19064	2	19072
23391	1	23425
22427	1	22519
13909	2	12500
21485	2	12626
16054	1	16134
12786	3	17187
21144	0	21143
23614	1	23656
12597	3	17282
12439	0	12429
20700	1	20778
23382	1	23404
18066	1	18348
14140	2	12906
16698	1	16707
21282	0	21267
12590	3	23416
23449	0	23437
18060	0	17872
18510	4	18452
21573	1	21665
17049	2	17051
21769	2	12460
13864	0	13668
20526	0	20519
19062	2	12527
14123	2	12906
23504	1	23559
17588	2	12524
21985	0	21940
20935	0	20923
23147	1	23168
12534	3	14349
15612	0	15555
20391	2	16237
20397	2	12527
14701	2	12501
20432	0	20391
14565	0	14455
20139	2	12834
19658	1	19855
14064	2	12590
22979	1	23032
22189	0	22093
21870	0	21848
12589	3	15942
20549	0	20551
20734	0	20663
21068	2	12588
20393	2	20062
22745	0	22642
15497	0	15463
20415	0	20391
19040	3	19119
14458	2	12500
14548	0	14455
22738	0	22713
13668	2	14062
14365	0	13667
17262	2	12858
21321	1	21429
22172	0	22093
20420	0	20386
20433	0	20398
22930	0	22912
16751	0	16633
20144	2	12455
21951	0	21940
15899	0	15892
22728	0	22642
23361	3	23414
18992	1	19003
19040	2	19052
22746	0	22093
13935	0	13668
21032	2	12480
17426	0	17423
21060	2	12588
15461	2	14492
20451	0	20378
13523	0	13505
23365	2	23359
13861	0	23459
12527	3	23414
20628	3	14591
22155	0	22093
22913	0	22912
20416	0	20398
23578	2	12589
20338	2	20266
20358	0	20338
15164	0	14704
21227	0	21234
23376	0	23364
14827	0	14802
19611	1	19822
12504	2	12526
17680	1	17703
17519	0	17496
20016	0	20010
19304	1	19501
20116	2	16678
15892	2	14292
17418	2	12588
13915	0	13909
17057	0	17027
16611	0	16551
12858	3	14349
23006	0	16922
21065	3	21069
13524	0	13512
16724	1	16766
20144	2	12589
17898	0	17872
14810	0	14802
20193	0	20116
16963	2	12455
20671	0	20661
16558	2	12796
20923	2	13733
16594	0	16551
23252	1	23251
19772	0	19178
17721	1	17742
20737	0	20663
23494	1	23550
15235	0	14704
14698	2	12421
15458	3	12789
17023	0	17027
22959	2	12819
20409	0	20378
19057	2	20266
15607	2	12410
15803	0	15766
16431	2	16483
19755	0	19178
12625	3	14349
19190	1	19389
21104	1	21128
23438	2	12662
19110	0	15894
20720	0	20663
16969	2	12457
20143	2	12662
17214	0	17195
17128	0	17027
12455	3	14327
12649	0	12646
23383	0	21683
14089	3	17485
22666	0	22647
18620	2	18803
21794	2	12592
22584	0	22093
23511	0	23459
17197	0	17195
23578	2	12857
21311	1	21420
15260	0	15178
22746	0	22711
21042	1	21053
13510	2	12521
13668	2	12586
20449	0	20386
16971	0	16969
12548	2	12838
21861	0	21846
23494	0	23459
22048	0	22023
23009	0	16922
22344	1	22437
15974	0	15969
21770	2	12663
20553	2	12501
18569	1	18602
20865	2	20923
18822	0	18623
17789	3	15585
22569	0	22535
20531	0	16920
14802	3	13658
16615	1	16625
19150	0	19060
15555	3	15586
14657	2	14134
15894	2	15930
18475	1	18474
22031	0	22023
15472	1	15511
12561	1	12577
22992	0	16922
12461	3	14338
19633	1	19836
22420	1	22513
20065	0	20071
23927	1	23926
23622	0	23670
20184	0	20138
14968	0	14704
22721	3	12594
22731	0	22722
19130	2	12581
16008	0	15875
13532	0	13510
20403	0	20384
17448	0	17443
16353	0	16321
14547	2	12903
23605	0	23670
20167	0	20138
23435	2	12585
15971	2	12624
12463	2	12461
13515	0	13510
21031	2	12591
22781	1	22828
21234	2	14232
13933	0	13908
20007	2	12857
13059	0	12996
12601	2	12585
15978	1	16094
17027	2	17107
23572	2	12480
23588	0	23670
17681	0	17496
21748	1	21760
18677	0	18623
23595	0	23578
22584	0	22711
20388	2	12587
23965	0	23954
16848	2	13839
12545	2	12408
22670	1	22700
16186	2	16238
15892	2	14239
17888	1	18168
18929	2	12455
14704	3	14780
22888	0	22869
22020	3	20962
15461	3	15549
12871	0	12865
16760	0	16721
18043	0	17872
17134	1	17148
14384	2	12923
12599	2	12627
21981	2	12424
20729	0	20668
19038	2	19041
22103	1	22207
16050	0	15873
22733	0	22718
22056	0	22021
20178	0	20144
16743	0	16721
18026	0	17872
12484	1	12489
19107	0	19106
20712	0	20668
20879	4	20865
21298	1	21406
21714	0	21693
19583	1	19795
23899	0	23685
16033	0	15873
12597	3	17042
20161	0	20144
15172	1	15171
12819	3	23083
23686	1	23696
17669	2	12625
17053	2	12659
17290	2	16905
14531	0	14455
20166	0	20139
16497	0	16386
21697	0	21693
16016	0	15873
16964	3	15586
21088	0	21079
15894	2	19126
20683	0	20666
17456	0	17441
14514	0	14455
13681	0	14360
12746	4	12548
15570	0	15555
13668	2	12533
12548	2	12785
12423	3	14355
20662	2	13773
12460	3	17278
23617	1	23659
14497	0	14455
20625	2	20649
17035	0	17032
23692	0	23682
20351	2	12501
18939	0	18925
22742	0	22643
17511	0	17496
15861	4	15850
12625	3	14780
15856	0	15850
17494	2	16828
23973	0	23952
14803	3	14797
18711	0	18618
17878	1	18159
17169	0	17168
12523	3	12616
13156	0	12998
23150	1	23171
14655	0	14657
13491	3	15944
20715	0	20668
21716	0	21689
19180	1	19378
14235	3	17276
23956	0	23952
12408	3	19119
13079	1	13277
17262	2	17290
22982	1	23035
18694	0	18618
16212	0	16200
21183	0	21142
13139	0	12998
15951	3	12499
14361	2	12498
17500	2	12902
22888	1	22907
14651	0	14642
22741	0	22716
20431	0	20379
20394	2	14496
13927	1	14003
21166	0	21142
21696	1	21721
17027	2	17054
12945	3	17485
23364	3	23417
13668	2	14306
20665	2	12861
15555	2	12409
17444	3	15549
13846	0	13841
14807	0	14803
23217	4	23272
17727	1	17753
23578	2	12483
20406	0	20389
14805	3	14784
16558	2	12906
22729	0	22711
20633	0	20625
15765	2	12460
20527	0	20369
23570	3	17821
23618	0	23578
12600	2	12626
14308	3	14335
22717	2	12630
14830	0	14805
17683	1	17706
12957	0	12950
22093	2	22709
17736	0	17723
23710	4	23685
13741	0	13739
12430	2	12583
17668	2	12535
14245	0	14126
14704	3	12633
14200	0	13668
16931	2	12421
20384	2	13778
17420	2	17438
14187	2	12595
23255	1	23254
14400	1	14432
14785	3	23083
21987	1	22001
20740	0	20666
12547	2	12537
12461	3	14314
13446	0	12998
12553	0	12547
20438	0	20397
20425	0	20385
20911	4	20865
14498	2	12476
17500	2	12581
12868	2	12500
12479	3	17159
20723	0	20666
17781	2	12501
12731	1	12730
22636	3	13402
17049	2	12786
13429	0	12998
20915	0	20865
22738	0	22636
22029	0	21691
13021	0	12994
20421	0	20397
14614	1	14632
22656	0	22638
15552	3	15587
18927	2	18985
20706	0	20666
19065	0	19063
12429	2	12461
21228	1	21255
13505	2	13494
23068	0	22959
20898	0	20865
17770	0	17763
14185	2	12822
20711	0	20661
22661	1	22690
17267	1	17277
21753	0	21745
23875	1	23874
21267	2	12423
12579	3	21055
22724	3	13402
12673	0	12600
13668	2	12830
14063	2	12586
23831	1	23830
22093	2	12589
22347	1	22440
21485	2	21677
17306	2	17305
12994	2	12804
14651	0	14455
14557	1	14579
20881	0	20865
20694	0	20661
18625	0	18622
22744	0	22093
17358	2	16908
13933	0	13668
21552	0	21485
16633	2	12408
20379	2	12906
13668	3	14344
12680	4	12600
14455	2	12415
13668	2	14119
20121	0	20112
18813	1	18873
23362	2	14232
16187	2	12461
20452	0	20338
22039	0	22021
15555	2	15605
14206	0	14184
20279	2	12527
21535	0	21485
23374	0	23364
18435	0	18434
23434	3	23429
18613	3	12499
16920	2	12587
17384	1	17413
16868	0	16850
14724	1	14761
12460	3	14326
21518	0	21485
13673	0	13667
23988	0	23952
16321	2	12597
13161	1	13347
20743	0	20669
16851	0	16850
20278	2	14694
15903	0	15892
12604	2	12588
22815	0	22093
12639	4	12671
19178	2	14106
18929	2	18981
20140	2	12476
12751	4	12600
21773	0	21769
13454	0	12996
12561	0	12545
20454	0	20385
20726	0	20669
17194	1	17204
16976	0	16968
17737	0	17722
13707	3	15944
20039	0	20069
21235	1	21246
21074	2	14094
22887	0	20279
23578	3	23585
13491	3	16375
12734	4	12600
18706	0	18623
23137	2	20028
20377	0	20382
13050	0	12994
16447	1	16463
22971	0	22957
12544	2	12591
16446	0	16386
12771	1	12781
21035	1	21047
22870	0	20279
20442	0	20380
15928	3	23430
17129	2	13650
12874	0	12868
18689	0	18623
23953	2	12427
17137	1	17151
13033	0	12994
13025	1	13229
12464	2	12479
16354	2	12834
22041	0	22017
14123	2	12426
14295	2	12526
16386	2	16465
22744	0	22711
22106	1	22210
14126	2	12535
23742	4	23685
23669	2	14232
22736	0	22721
16431	2	14446
12585	3	14353
22963	0	22957
16818	2	16347
12865	2	12904
19755	1	19995
20680	0	20667
12487	0	12465
18651	0	18621
16549	2	16555
19185	0	19178
22024	0	22017
16841	2	12410
22038	0	20134
21301	1	21409
12747	0	12600
13204	0	12996
21680	3	21673
14306	3	14324
14186	2	12460
19243	1	19442
13122	0	12998
14498	2	12423
20401	0	20394
23009	1	23058
17893	0	17781
22047	0	22019
23987	0	23953
23278	4	23306
23830	4	23685
21364	0	21269
15995	0	15971
21846	2	12410
20396	0	20378
13187	0	12996
21173	0	21080
18643	0	18621
19273	0	19178
16920	2	14494
22030	0	22019
23970	0	23953
15264	0	15178
21347	0	21269
21065	2	12474
16922	3	23061
21156	0	21080
18626	0	18621
18000	1	18280
20344	0	20341
19256	0	19178
16965	3	17022
19060	2	12624
16818	2	16831
16920	2	15783
20628	2	20652
15247	0	15178
23796	4	23685
15720	4	15646
22093	2	12536
18942	0	18928
13036	0	12994
15928	3	17282
21180	0	21143
20734	0	20667
14149	1	14169
19239	0	19178
12409	3	14358
13179	1	13365
21318	0	21267
21575	0	21485
15230	0	15178
13141	0	12994
13668	2	14066
17444	2	12455
20010	2	20028
18452	2	13731
17881	1	18162
20420	0	20390
14183	0	13668
14254	0	14123
21163	0	21143
18925	2	18974
15555	2	15552
15752	0	15751
22014	2	12656
19214	1	19413
19040	2	19056
21301	0	21267
15102	1	15101
15213	0	15178
20451	0	20382
13124	0	12994
15485	0	15462
22733	0	22641
23066	0	22959
12605	3	12633
22886	0	22869
19017	3	19019
20630	0	20626
16407	0	16402
18614	2	12811
23393	0	23365
20595	0	20589
21284	0	21267
16295	1	16294
14833	0	14704
16434	1	16449
14898	1	14897
17872	2	12496
13107	0	12994
17333	0	17327
12504	2	12530
22038	0	21691
17519	0	17500
15468	0	15462
13930	1	14006
14455	2	12496
12858	3	14353
14938	0	14704
20349	2	13726
20144	2	12593
17262	2	12407
13547	1	13615
20088	0	20069
16528	0	16526
16805	2	12586
20923	2	12798
13090	0	12994
20689	0	20666
15554	3	13403
21241	0	21230
15558	0	15554
17032	2	12597
13195	0	12994
20676	0	20660
18499	0	18452
16858	0	16849
24002	0	23685
13668	2	12456
12796	3	15762
14698	2	12425
17380	0	17422
20409	0	20382
19057	2	20270
20386	2	12461
20008	2	12849
16730	1	16772
20659	0	20660
14705	0	14704
23985	0	23685
16969	2	12461
17459	1	17482
19079	0	19064
14126	2	12482
12455	3	14331
12679	1	12678
17262	2	12541
23359	3	12631
18541	4	18486
20453	0	20378
20006	2	13707
20369	2	12461
14911	4	14704
15892	3	15944
18465	0	18452
23716	1	23714
14144	0	14136
19330	0	19178
22805	1	22852
17045	2	17048
18845	1	18905
15734	4	15700
13707	3	16375
20145	2	12902
14122	1	14130
17669	2	17354
17781	2	17872
16979	0	16963
13668	2	12590
20449	0	20390
20436	0	20378
17607	1	17634
18570	0	18452
19364	1	19561
12548	2	12842
21516	1	21608
19313	0	19178
20386	2	12595
13526	0	13512
22367	0	22093
19138	3	17718
20295	1	20316
18933	1	18956
15304	0	15178
23325	3	12631
15898	0	15873
23435	2	12455
18999	0	18928
12855	3	17276
15493	0	15460
22741	0	22639
14802	3	13662
14457	0	14459
17925	0	17781
22734	0	22710
12601	2	12455
14364	0	14362
13509	0	13512
21871	1	21897
20437	0	20385
20844	2	12621
14412	0	14384
16003	0	15873
12605	2	12625
15287	0	15178
19040	2	12453
21947	0	21937
17260	2	16905
17908	0	17781
12364	3	21801
22730	0	22722
23139	2	13905
20669	2	20662
22731	0	22726
16219	0	16186
14395	0	14384
21823	4	21772
15868	1	15867
18013	0	17781
15971	3	14543
17891	0	17781
19131	0	19130
15012	0	14704
21795	2	13491
15971	2	12628
17762	2	12586
13746	0	13735
12999	0	12997
20012	0	20007
21031	2	12595
18816	1	18876
17996	0	17781
12994	2	13398
20595	1	20603
22806	0	22771
16190	0	16184
13668	2	14363
21810	0	21772
22182	1	22286
20140	2	12586
18101	0	17781
12955	0	12950
17032	2	12410
20745	0	20662
17979	0	17781
23993	0	23683
22584	0	22715
15100	0	14704
22100	0	22093
17263	0	17260
13796	1	13814
17423	2	15409
21793	0	21772
16288	4	16200
22571	0	22535
16186	2	16242
18084	0	17781
23351	0	23346
14704	3	14784
12457	3	15945
16027	0	15875
20881	1	20879
15083	0	14704
20342	2	12805
12613	0	12601
17059	0	17056
21776	0	21772
16271	4	16200
21100	1	21125
20716	0	20660
18067	0	17781
12523	3	21801
23481	1	23537
20683	1	20761
15862	0	15848
19038	2	19045
17500	2	16826
17259	2	12595
22733	0	22722
16645	0	16633
21091	1	21115
14512	2	12424
14501	0	14498
18049	1	18328
20699	0	20660
16525	1	16535
12541	3	21057
21986	0	21981
20393	3	15945
22171	0	22093
18622	2	13777
22717	2	12821
12996	2	12455
21547	1	21638
23671	0	19060
16967	0	16966
12500	3	14353
12996	2	13394
22044	0	22020
13522	0	13505
17358	2	17420
20166	0	20143
21558	0	21485
12800	0	12548
16016	1	16102
22109	1	22213
16733	0	16633
16963	3	15586
20428	0	20383
21146	0	21143
16200	2	16183
20683	0	20670
21702	0	21692
20197	0	20135
20069	2	15782
22027	0	22020
12501	3	17187
22917	1	22937
20300	0	20279
12423	3	14359
15623	1	15622
17722	2	12592
20180	0	20135
16170	4	15873
20662	2	13777
12460	3	17282
23950	0	23954
12766	0	12548
22954	0	22955
15614	0	15555
18939	0	18929
21778	0	21768
12814	3	23576
23285	0	23181
20283	0	20279
22563	1	22634
14974	1	14973
24066	0	24053
14184	2	12417
20163	0	20135
16052	0	15873
16153	4	15873
20035	2	15782
23578	2	14447
22326	1	22327
20550	2	12457
20155	0	20145
15031	4	14704
18711	0	18622
17516	0	17495
14708	1	14745
20429	0	20342
16439	0	16431
22664	0	22640
13056	0	12997
20452	0	20395
17358	2	12427
15892	3	16375
13576	0	13505
16929	0	16930
16035	0	15873
18133	0	17872
16136	4	15873
21867	0	21772
18694	0	18622
17499	0	17495
20412	0	20342
13039	0	12997
14533	0	14455
16933	2	14702
20338	2	20380
14152	1	14172
12851	3	12862
16404	0	16403
13182	1	13368
15685	0	15555
16500	0	16403
16018	0	15873
18116	0	17872
19686	1	19975
21850	0	21772
20431	0	20383
13144	0	12997
23325	2	12460
13022	0	12997
14516	0	14455
18928	2	18977
16850	2	12579
17290	2	14494
12590	3	14349
18623	2	12362
16970	2	12498
13127	0	12997
12458	3	15944
15766	2	12495
20406	0	20393
13005	0	12997
19020	3	19022
22729	0	22715
13861	0	13908
23992	0	23952
13838	3	21673
22052	0	22018
20174	0	20141
12872	0	12868
12854	3	15582
12535	3	23416
12600	2	12630
16855	0	16850
14617	1	14635
13110	0	12997
14604	0	14455
13966	0	13908
14140	2	12483
22350	0	22093
19579	1	19792
22093	2	22713
15969	2	12617
17053	2	12476
16361	1	16382
23975	0	23952
20157	0	20141
16807	0	16633
14185	3	14072
23278	4	23229
13924	1	13999
12586	3	14313
21743	2	12596
21742	0	21743
15460	3	12789
14123	2	12483
15894	2	12527
13917	0	23459
23958	0	23952
14560	1	14582
20134	2	14079
20145	2	12662
12501	3	23416
13198	0	12997
23578	2	18448
23976	0	17722
17971	0	17872
15220	0	14704
21068	3	14080
12461	3	14318
23385	0	21683
20338	2	14232
13668	3	12925
23364	2	12541
18452	2	12365
17113	0	17027
23959	0	17722
13682	0	14363
16990	0	16966
15203	0	14704
20006	2	12662
17337	1	17346
20607	2	12858
20626	3	18449
19064	2	13656
17045	2	12620
23368	0	21683
15607	2	12658
15771	0	15766
12407	3	14778
15633	4	15555
13021	0	12998
17786	2	12500
23436	2	12626
22656	0	22642
17310	2	17324
15186	0	14704
18021	1	18301
13505	2	13498
17310	2	14291
22994	0	22955
18659	0	18623
16982	0	16966
21944	0	21938
20439	0	20381
19367	1	19564
20711	0	20665
20344	0	20398
16920	2	12457
15291	0	14704
12483	3	15942
19137	2	12624
12592	3	15762
14063	2	12590
23712	4	23685
13075	1	13274
17494	2	12457
16368	0	16354
17306	2	17309
18642	0	18623
20422	0	20381
21745	2	12592
23308	0	23181
14370	1	14379
20694	0	20665
21682	0	23364
14411	1	14442
15274	0	14704
17062	0	17027
22969	1	23022
23369	0	23362
13668	3	14348
23315	1	23314
14415	0	14387
18484	4	18452
13668	2	14123
13923	1	14000
13092	0	12998
20121	0	20116
20393	2	20473
20452	0	20342
12423	3	15945
12817	3	14341
22039	0	22025
14206	0	14188
14124	2	13707
16180	0	15873
19700	0	19178
16920	2	12591
20391	2	12460
20423	0	20388
14398	0	14387
18623	2	12525
18925	3	17162
19253	1	19452
13821	0	13668
20393	2	12902
12460	3	14330
20369	2	20544
16163	0	15873
12545	2	12522
19683	0	19178
12480	3	23083
22407	0	22093
19063	2	12523
20143	2	12589
19601	1	19812
20008	2	13711
22676	0	22645
19666	0	19178
17034	0	17032
20192	0	20116
23891	1	23890
14065	2	12586
19111	0	19040
13091	1	13286
19771	0	19178
16551	2	15928
20377	0	20386
13050	0	12998
22659	0	22645
18684	0	18621
19649	0	19178
15958	0	15951
14462	0	14458
12544	2	12595
15951	3	15967
15277	0	14704
18024	1	18304
16745	0	16721
22739	0	22709
23362	2	12626
12549	0	12544
20442	0	20384
14068	2	12500
19094	0	19040
23361	2	12595
19754	0	19178
20434	0	20394
22789	1	22836
13033	0	12998
18829	1	18889
22041	0	22021
21230	3	14080
21060	3	21063
17213	0	17195
14704	2	14803
16386	2	16469
15050	1	15049
20942	1	20951
22673	0	22637
20864	4	20865
20417	0	20394
19143	0	19058
18626	1	18716
16435	0	14547
20702	0	20663
22365	0	22093
22024	0	22021
16528	1	16538
17196	0	17195
15733	4	15696
17262	2	16920
12458	3	16375
12460	3	17042
19178	2	12500
18838	0	18623
14128	0	13668
13004	0	12996
15126	1	15125
17027	2	12362
20401	0	20398
16001	0	15873
22047	0	22023
18434	2	12457
20396	0	20382
18821	0	18623
14111	0	13668
20041	0	20069
17690	0	17669
12948	2	12482
13076	1	13273
22707	0	22720
21768	2	12407
22030	0	22023
24054	1	24060
15852	1	15851
18559	1	18592
13437	1	13463
12860	3	12632
22920	1	22940
18804	0	18623
17464	0	17443
12589	3	14072
17951	1	18231
18465	1	18464
16431	2	12490
23370	0	23361
20628	2	20656
15184	1	15319
17269	0	17260
20669	2	14303
15545	0	15463
17447	0	17443
20398	2	13491
23917	1	23916
22166	1	22270
17376	1	17398
14308	3	14315
18947	0	18927
14141	0	14137
14137	2	12906
13141	0	12998
14455	2	12366
13668	2	14070
14711	1	14748
20420	0	20394
14184	2	12661
15873	2	12943
18930	0	18927
23005	0	22956
21168	0	21142
17954	0	17872
20722	0	20666
13124	0	12998
20451	0	20386
13980	0	13909
13879	1	13900
17332	2	12476
12455	3	15945
17091	0	17032
23578	2	12597
17895	0	17781
19017	3	19023
20387	2	12587
22049	0	22019
12592	3	21670
12538	3	14072
13966	0	13668
14075	2	12595
21084	1	21109
20379	2	14496
20964	0	20965
22988	0	22956
21151	0	21142
20519	2	12460
17937	0	17872
12371	0	12359
13107	0	12998
15208	1	15331
20705	0	20666
13963	0	13909
22717	3	22768
21707	0	21691
12625	3	23083
18928	2	12455
22032	0	22019
19344	1	19541
12868	2	12480
15499	0	15458
20688	0	20666
16834	2	16836
13090	0	12998
20689	0	20670
13946	0	13909
19780	1	19946
22740	0	22708
21690	0	21691
12910	0	12908
16195	1	16269
20667	2	13776
12650	0	12548
22732	0	22718
14815	0	14805
17781	2	16803
12410	3	21673
13195	0	12998
15482	0	15458
12928	1	12934
13668	2	12460
15242	1	15441
15767	1	15773
17422	2	17438
21713	0	21693
22721	2	16081
17288	2	16524
20405	0	20381
17521	0	17494
16404	1	16417
15969	2	12861
20624	0	20627
12435	0	12430
12625	3	13768
12455	3	14335
19230	1	19429
16051	0	15971
18639	0	18618
20006	2	13711
17504	0	17494
17727	0	17725
14144	0	14140
18577	1	18610
16633	2	16710
22991	0	22956
17996	1	18277
17335	0	17327
20042	0	20068
19130	2	12455
16993	0	16969
21937	2	12366
14696	2	12471
13682	0	13668
17168	2	13706
13668	2	12944
16848	3	13400
17027	2	12659
14256	0	13668
13132	0	12996
15971	2	12498
22741	0	22643
13787	0	13668
15860	4	15850
23152	0	23139
17260	2	12587
22734	0	22714
20693	1	20771
17424	0	17358
12877	0	12867
20437	0	20389
20844	2	12625
12605	2	12629
18440	1	18445
20429	0	20399
13668	2	14233
15895	0	15893
21909	0	21795
17443	2	12944
20714	0	20668
22023	2	22087
22581	0	22093
21715	0	21689
19178	2	12581
22730	0	22726
19730	1	19905
20669	2	20666
14840	0	14803
20866	0	20865
20388	2	12461
16331	1	16344
21796	2	12587
16211	0	16200
16321	2	12361
20412	0	20399
12527	3	23585
23235	4	23236
14704	2	14079
15735	1	15742
15928	3	23060
22564	0	22093
13753	0	13668
22723	2	12819
18941	0	18623
13069	1	13267
15206	1	15416
12772	0	12765
14823	0	14803
16973	0	16964
22093	2	22636
13746	0	13739
14913	4	14704
15766	2	13707
20012	0	20011
22669	0	22093
14516	0	14512
18078	1	18358
20423	1	20507
21550	1	21641
14455	2	12663
18924	0	18623
14806	0	14803
20084	0	20066
13917	1	13993
16354	3	14355
20083	0	20035
20745	0	20666
21503	0	21485
22584	0	22719
20526	0	20369
23617	0	23578
20937	0	20865
23360	3	13664
15001	4	14704
16186	2	16246
13439	0	12996
18945	0	18927
16177	1	16179
17928	1	18208
20006	2	12585
15607	2	12581
18976	3	17163
21949	0	21937
12551	1	12567
20553	2	12538
16817	2	12461
22410	1	22503
13094	1	13289
20660	2	12630
22957	2	20028
22662	0	22648
16868	1	16895
13668	2	12407
21574	0	21485
21745	3	14080
12702	4	12600
13445	0	12998
12552	0	12547
22021	2	12589
22582	0	22536
17603	1	17631
16967	0	16970
12500	3	14357
22792	1	22839
20398	2	20472
18832	1	18892
16841	2	16846
15264	1	15359
20291	1	20313
21812	0	21772
16388	1	16395
20428	0	20387
22565	0	22536
20945	1	20954
17789	2	12902
12678	4	12671
12618	3	23585
16200	2	16187
20381	2	20472
20197	0	20139
17724	1	17755
16433	3	15586
16531	1	16541
21742	1	21755
22557	1	22603
15892	2	19053
12601	2	12622
23209	4	23258
21065	2	12588
23438	2	17289
15494	0	15463
12588	3	14357
22548	0	22536
18086	0	17781
13949	0	13668
17722	2	12596
20180	0	20139
22727	0	22723
16215	0	16183
23158	1	23179
16848	2	16909
22954	0	22959
16861	0	16848
23572	2	16839
21778	0	21772
20372	0	20338
12950	2	12457
14979	0	15178
23622	1	23662
14232	3	14358
23798	4	23685
13932	0	13668
14184	2	12421
20163	0	20139
23821	1	23820
14721	0	14704
20550	2	12461
13908	2	12496
13929	0	13909
14455	2	12476
20355	0	20338
22664	0	22644
22923	1	22943
16683	1	16687
20452	0	20399
20278	2	12527
20550	2	12811
19025	0	19020
22018	3	12411
13530	1	13598
22023	2	12585
20013	0	20010
18623	2	12582
13912	0	13909
23886	4	23685
14704	3	13662
20338	2	20384
22169	1	22273
23961	0	23955
20116	2	12474
23670	3	12594
21073	0	21074
12545	2	12579
20356	1	20364
12994	2	12410
14714	1	14751
16034	0	15971
18928	2	18981
15484	1	15524
18682	0	18621
12590	3	14353
15906	0	15894
21065	2	12856
23092	2	12501
20030	2	12461
23751	0	23685
20406	0	20397
14367	0	14361
22043	0	20134
22729	0	22719
22052	0	22022
23090	2	12420
21087	1	21112
19748	1	19993
19107	0	15894
13010	0	12996
20135	2	12461
20338	2	20518
20708	0	20669
17384	0	17356
16433	2	12946
21269	2	12830
22093	2	22717
17500	2	12455
13674	1	13714
12548	2	12822
19347	1	19544
21543	1	21635
13115	0	12996
12407	3	21064
23508	0	23459
23839	0	23685
22040	0	22017
20162	0	20140
16817	2	12408
19783	1	19949
20011	2	12527
14126	2	12596
21275	0	21269
22093	3	17815
13180	0	12994
21080	3	13658
13098	0	12996
22993	1	23046
16562	1	16571
17127	3	17187
23491	0	23459
15555	2	12901
13677	0	14361
13501	0	13502
21340	0	21267
17588	2	12455
15951	2	12365
12461	3	14322
23776	1	23774
12739	0	12671
16471	2	12624
13081	0	12996
22878	1	22897
16407	1	16420
19636	0	19178
23260	4	23181
21291	1	21399
16990	0	16970
20849	0	20844
21363	0	21269
23688	0	23683
17373	0	17358
15570	1	15577
23010	0	22955
16367	0	16321
17032	2	14134
16183	3	14080
14187	2	14242
20137	0	20140
13064	0	12996
23599	0	19060
16840	0	16841
20154	0	20116
13505	2	13502
17606	0	17444
22994	0	22959
20865	2	12531
15893	2	12409
20711	0	20669
12661	3	15944
22722	3	22767
19145	1	19162
16920	2	12461
13496	3	13508
16042	0	15969
17494	2	12461
22093	2	12597
20068	3	17018
17283	3	15762
15665	1	15664
17589	0	17444
13035	0	12994
22043	0	21691
13566	1	13634
20694	0	20669
16804	1	16809
16025	0	15969
22912	3	14543
21683	2	14232
17027	2	12903
13668	3	14352
18521	0	18452
20427	0	20380
14455	2	12423
13018	0	12994
20338	2	12626
16735	1	16796
13169	1	13355
12817	3	14345
23825	0	23685
15568	0	15552
20343	1	20347
12586	3	14346
17995	1	18274
17677	0	17444
20423	0	20392
20410	0	20380
20596	0	20553
19739	1	19991
19369	0	19178
20046	0	20030
23143	0	23137
13001	0	12994
17032	2	12524
21750	0	21745
20369	3	14357
17536	1	17561
12511	1	12520
18650	1	18740
20349	2	12498
14736	0	14704
20393	2	12906
14832	0	14704
12409	3	23413
13106	0	12994
14194	0	14187
23913	0	23685
20029	0	20030
21770	2	12460
16285	1	16284
18081	1	18361
20143	2	12593
13920	1	13996
23978	0	23683
20450	0	20388
18929	2	12923
13704	3	21670
23976	0	23955
20140	2	12834
13687	0	13667
14068	3	14069
14704	2	12579
15768	2	12524
18069	0	17781
15936	0	23325
20377	0	20390
24001	0	23685
22746	0	22642
20381	2	12527
16403	2	12501
12598	0	12601
23959	0	23955
12549	0	12548
20442	0	20388
17931	1	18211
23207	1	23208
18052	0	17781
17453	0	17441
14366	0	13667
14701	2	12595
20434	0	20398
17496	2	12582
20395	2	20473
20545	3	14357
17738	1	17756
23984	0	23685
20146	0	20139
17360	1	17390
17027	2	12582
21485	2	12854
13038	0	12997
23897	1	23896
16005	1	16117
22673	0	22641
17907	0	17872
20417	0	20398
15727	4	15674
20378	2	20473
23090	2	12501
12592	3	21056
23967	0	23685
20702	0	20667
18936	0	18925
13542	0	13512
16978	0	16963
20279	2	18980
21828	1	21827
18835	1	18895
16212	0	16184
21745	2	12409
13525	0	13512
21066	3	21069
12527	3	21064
13674	0	13735
14122	0	14124
16431	2	13649
13775	3	15762
16876	1	16902
20690	0	20662
20988	1	20989
19295	0	19178
22707	0	22724
14411	0	14384
16633	2	12579
17214	1	17215
12604	2	12625
20399	2	12812
17882	0	17872
20117	0	20113
20747	0	20670
22035	0	22022
12484	0	12465
14202	0	14185
24001	0	23953
16818	2	16839
23370	0	23365
21769	2	12822
16218	0	16186
13910	1	13987
23068	0	16848
14394	0	14384
22584	0	22642
14657	2	12455
21534	1	21625
20966	2	20973
20730	0	20670
14308	3	14319
14158	0	14138
23984	0	23953
16297	0	16200
20116	2	12584
21794	2	13491
14066	2	12455
15969	2	12597
12498	3	15582
13736	2	13774
12587	3	13768
22668	1	22697
19270	0	19178
14146	0	14136
16686	1	16690
16321	2	13707
20666	2	12454
22116	0	22093
22805	0	22771
14999	4	14704
12946	3	12938
12606	0	12599
23967	0	23953
17872	2	13659
14994	0	14704
18452	2	14089
17839	1	17851
20338	2	12923
20722	0	20670
17733	0	17723
15556	1	15561
17669	2	13711
16745	1	16790
14455	2	13659
17032	2	12471
16043	0	15875
23441	2	20028
22172	1	22276
14125	2	12905
15769	2	15781
23109	0	23108
12661	3	16375
15244	0	15178
23243	4	23181
22570	0	22535
20705	0	20670
12802	2	12455
21375	1	21465
14986	0	14704
15087	4	14704
14938	1	14937
14066	2	12589
12365	3	21064
16026	0	15875
20438	0	20381
14137	2	12455
14383	1	14416
20395	2	17253
12851	2	12858
15499	0	15462
14802	3	13402
22553	0	22535
20688	0	20670
22037	0	22018
23952	3	12594
22740	0	22712
17967	1	18247
17669	2	12906
20553	2	12595
12550	0	12547
22722	3	12594
14123	2	12597
20137	0	20116
22732	0	22722
16009	0	15875
20421	0	20381
13095	0	12997
20278	2	12905
16644	0	16633
23587	1	23629
13951	0	13908
20378	2	17253
20719	0	20662
15482	0	15462
20673	1	20751
23209	4	23181
14296	2	12533
22718	2	14448
21985	0	21981
14952	0	14704
21906	0	21772
19594	0	19178
13200	0	12997
20120	0	20116
15992	0	15875
17538	0	17495
19128	2	12597
16747	1	16777
20418	0	20397
20405	0	20385
13078	0	12997
21267	2	12407
13934	0	13908
20008	2	12857
17496	2	12529
20337	2	12416
20659	0	20668
17027	2	12529
12455	3	14339
13183	0	12997
18639	0	18622
14185	2	14095
20018	0	20009
12430	2	12835
16872	0	16849
23196	0	23181
13917	0	13908
13668	3	14328
22026	0	22020
23966	0	23954
16565	0	16558
18704	0	18620
18061	0	17872
13565	0	13512
13166	0	12997
19711	1	19892
20035	2	20031
16445	1	16460
20673	0	20660
20445	0	20393
14461	0	14455
16410	1	16423
19127	2	19086
17313	0	17306
21946	1	21965
19622	1	19965
18687	0	18620
18044	0	17872
13149	0	12997
12460	3	14310
17922	0	17872
17372	1	17395
13505	2	12457
12652	0	12548
16152	4	15873
16933	2	12535
21164	1	21206
23270	4	23268
20437	0	20393
18027	0	17872
19108	0	19106
21715	0	21693
22022	2	12817
20278	2	12584
22173	0	22093
18132	0	17872
21952	0	21940
15481	0	15463
22729	0	22642
14532	0	14455
14802	2	12455
13569	1	13637
22390	1	22483
15161	4	14704
22156	0	22093
12704	1	12705
18115	0	17872
17449	1	17472
14565	1	14585
16973	0	16968
22093	2	22640
15464	0	15463
21703	0	21688
14515	0	14455
13172	1	13358
21234	2	13655
15144	4	14704
15672	4	15555
22772	1	22819
22139	0	22093
16718	0	16633
16969	2	12498
19152	0	19059
17229	2	16241
20685	0	20667
20625	3	15542
20745	0	20670
20660	2	12500
19331	1	19528
20145	2	12589
20626	2	20649
16591	4	16551
14811	0	14802
12745	1	12744
18653	1	18743
15127	4	14704
20704	1	20781
12701	1	12700
21234	2	12500
23066	0	16848
14802	2	12589
22122	0	22093
19767	1	19933
15766	2	12906
19060	2	12474
23769	1	23768
13789	0	13668
23320	4	23256
12767	2	12365
22131	0	22093
15816	0	15768
18612	0	18613
18084	1	18364
20177	0	20116
20199	0	16354
21059	1	21070
14157	0	14137
16684	0	16633
12905	3	12899
17428	1	17436
18622	2	12496
13707	3	21673
15114	0	14704
21848	3	13663
17593	0	17588
22114	0	22093
23845	1	23844
19634	0	19178
21981	2	12786
17884	1	18165
20413	0	20338
18695	0	18618
12467	0	12465
20182	0	16354
13877	0	13668
15219	0	14704
16561	0	16551
13561	0	13505
19739	0	19178
17420	2	15409
14805	2	12479
16975	0	16964
20432	0	20379
15768	2	13707
12536	3	23083
16965	2	12617
18452	2	12426
17670	0	17668
22671	0	22093
15202	0	14704
15458	3	15542
22957	2	12461
15770	0	15766
21153	0	21080
16187	2	14486
19722	0	19178
13671	0	13736
21862	0	21846
12508	0	12504
14547	2	12944
20428	0	20391
20415	0	20379
19253	0	19178
15489	0	15461
17789	2	12906
23435	2	12626
12625	3	14069
13553	0	13505
17663	2	12500
15185	0	14704
20528	0	20369
23360	2	12587
16930	2	12589
20433	0	20386
12503	2	12534
12601	2	12626
14061	0	14062
23228	0	23181
21845	0	21846
21943	0	21938
22023	2	12455
23478	0	23459
19040	2	12624
13737	2	12498
14199	0	14186
13536	0	13505
15227	0	15178
16215	0	16187
20416	0	20386
14462	1	14476
16407	0	16386
23461	0	23459
12874	1	12890
17360	0	17358
13519	0	13505
15210	0	15178
23674	1	23679
23270	4	23215
13742	0	13736
19085	3	23082
15794	1	15824
22959	2	20028
14455	2	12480
13668	2	14184
22664	0	22648
13844	1	13852
20168	0	20138
16390	0	16386
12600	2	14598
22817	1	22865
13447	0	12998
22023	2	12589
20383	2	13491
22584	0	22536
14397	0	14387
23436	2	16554
22808	1	22855
20741	0	20663
18684	1	18773
23589	0	23670
19105	1	19115
20151	0	20138
21537	1	21628
20338	2	20388
21269	3	12925
22120	1	22224
15280	1	15375
20258	1	20276
12545	2	12583
22567	0	22536
22739	0	22636
16320	0	16321
20440	0	20398
14157	1	14175
14698	2	12409
18689	1	18779
22018	2	14233
18115	1	18394
19061	1	19068
13512	2	12817
18928	2	18985
12430	2	12461
12464	2	12410
12603	2	12622
21066	2	12527
21315	1	21423
20733	0	20663
20380	2	15930
17771	0	17763
12455	3	14315
22550	0	22536
13951	0	13668
15559	1	15564
20669	2	12807
20045	0	20032
20121	1	20132
12455	3	21670
17915	1	18195
15699	0	15555
17531	1	17551
20695	0	20661
13934	0	13668
23881	1	23880
12501	3	14780
16321	2	12796
20923	2	20621
22708	3	13402
14233	3	14072
21908	0	21795
21768	3	21069
17905	0	17872
13931	0	13909
20007	2	12361
22381	0	22093
15689	1	15688
22040	0	22021
20162	0	20144
23232	1	23231
13917	0	13668
13180	0	12998
20350	2	14231
16642	1	16660
21698	0	21693
21366	1	21463
17167	1	17177
23005	0	16922
23883	0	23685
22364	0	22093
13794	1	13811
12461	3	14326
18614	2	14702
15895	0	15873
20296	0	20280
14127	0	13668
22731	0	22710
23363	0	23359
12847	3	15762
22988	0	16922
23866	0	23685
22347	0	22093
20397	2	12812
15878	0	15873
23875	0	23685
14110	0	13668
23360	3	14449
17738	0	17722
20306	1	20327
16968	2	12457
19714	1	19895
12906	3	13768
15213	1	15334
17426	0	17358
17721	0	17722
21868	0	21846
23292	1	23290
16447	0	16386
14070	2	12527
13944	1	14020
20280	2	12786
19590	1	19803
17170	0	17168
13117	0	12996
18690	0	18623
19040	2	12921
16551	2	16607
13035	0	12998
23841	0	23685
12366	3	15945
19662	1	19858
13517	1	13585
16430	0	16386
20116	2	19057
18563	1	18596
13512	2	12630
14571	0	14547
20427	0	20384
13100	0	12996
13031	1	13235
18673	0	18623
12471	3	15945
12853	3	21055
13018	0	12998
17168	2	14304
12659	3	16375
12817	3	14349
13147	1	13334
18678	0	18618
13205	0	12996
12586	3	14350
18973	3	17162
20410	0	20384
13083	0	12996
19149	0	19060
23921	1	23920
20666	2	12861
20117	1	20125
13001	0	12998
23098	2	14094
22393	1	22486
17375	0	17358
18661	0	18618
13188	0	12996
19258	1	19455
22654	0	22093
13106	0	12998
21706	0	21691
20009	2	12458
23619	0	23578
17049	2	12477
15979	0	15971
21743	2	12417
21066	2	12474
16842	0	16841
23438	2	12597
20411	0	20391
18859	1	18919
16051	1	16123
18644	0	18618
13171	0	12996
22093	3	13660
20179	0	20139
20450	0	20392
21772	2	12906
20067	3	13661
16044	0	15969
23602	0	23578
19334	1	19531
12364	3	17276
14082	2	12944
20351	2	14233
14814	0	14805
15178	2	14447
20038	1	20050
21683	2	12626
12525	3	15945
22092	1	22197
23437	2	23432
18997	0	18623
19062	2	12625
16386	2	14599
20393	2	12455
17680	0	17496
18614	2	12421
13505	3	12632
17592	1	17646
17496	2	12586
20736	0	20668
20146	0	20143
21939	1	21959
17027	2	12586
21485	2	12858
14075	2	14079
23325	3	15945
21693	2	21691
12943	3	12936
22956	2	12540
22734	0	22641
20518	2	15782
22673	0	22645
14111	1	14117
15869	0	15850
12358	1	12360
19018	3	19019
12763	0	12548
19220	1	19419
13430	0	12998
16558	2	12410
13667	2	12409
18936	0	18929
12870	0	12865
12626	3	13486
20726	1	20801
20895	4	20865
20383	2	20472
22990	0	22956
16184	2	15776
17334	0	17327
14802	3	14882
20135	2	15929
17765	2	12501
20520	1	20546
16943	0	16930
16150	4	15873
13445	1	13471
23669	2	12500
14186	2	12822
16834	2	12843
14639	4	14640
13868	1	13891
22196	1	22300
13674	0	13739
14255	0	13668
19157	0	19058
20690	0	20666
12596	3	17042
17765	2	17762
14459	2	12410
12876	0	12867
20882	0	20865
12465	2	12474
18852	0	18623
12604	2	12629
17781	3	12631
23005	1	23055
21834	1	21833
16970	2	12482
17991	1	18271
20419	0	20389
20387	2	12461
18835	0	18623
21269	2	12460
17956	1	18234
16551	2	16554
22424	1	22516
23986	0	23685
23435	3	23429
14308	3	14323
20116	2	12588
18940	0	18623
12765	2	12785
14618	0	14455
14190	0	14184
21519	0	21485
20171	0	20141
14146	0	14140
14515	0	14512
15792	0	15765
23183	4	23260
22816	0	22093
23144	1	23165
15225	1	15339
17461	0	17443
22811	1	22858
21502	0	21485
23972	0	23952
20195	1	20250
12421	3	16522
20936	0	20865
23359	3	13664
15283	1	15378
15873	2	14240
22799	0	22093
23372	1	23402
16834	2	12522
15990	1	16063
22993	0	22959
18944	0	18927
20438	0	20385
20411	0	20338
12704	0	12671
21841	4	21772
21332	1	21442
22782	0	22093
22871	0	20279
22037	0	22022
13512	3	13663
16208	1	16232
12458	3	21673
17918	1	18198
22976	0	22959
22732	0	22726
20393	2	14496
20421	0	20385
22669	0	22638
12817	3	14780
21743	2	13653
20413	0	20395
20719	0	20666
18994	1	19006
12964	0	12950
22955	3	23060
14185	2	12810
14944	1	14943
20370	2	14234
20724	0	20661
15487	0	15461
17677	1	17700
20405	0	20389
12694	4	12671
20337	2	12420
16440	0	16433
21162	1	21204
17997	0	17781
18004	1	18285
17781	2	12623
20707	0	20661
12625	3	17159
12956	0	12950
21365	0	21269
16817	2	12656
13668	3	14332
17059	1	17076
16200	2	16248
12625	3	20542
17444	2	12496
13196	1	13382
14394	1	14426
20445	0	20397
21348	0	21269
23814	4	23685
17313	0	17310
23366	0	23362
21796	2	12461
17855	0	17786
16178	1	16175
15084	0	14704
17669	2	17716
16860	0	16848
12535	3	14353
12661	3	23413
12460	3	14314
12725	1	12724
17741	0	17725
21331	0	21269
20392	2	12855
20116	2	15784
17296	1	17299
13667	2	12490
16027	0	15969
21576	0	21485
23780	4	23685
21314	0	21269
13947	1	14023
21987	0	21981
23001	0	22957
22737	0	22636
16963	2	12500
21269	2	21267
21164	0	21143
20718	0	20667
14297	2	12822
17166	3	17187
21323	0	21269
12501	3	14353
22655	1	22684
17791	1	17804
21234	2	21230
22045	0	22020
17761	2	12409
21559	0	21485
13520	1	13588
22341	1	22434
16734	0	16633
21278	1	21386
22984	0	22957
20142	1	20201
14232	3	23413
20343	0	20394
17835	0	17781
21147	0	21143
22093	2	22644
20701	0	20667
23198	0	23181
21703	0	21692
23767	0	23685
22159	1	22263
14062	2	12586
22028	0	22020
15197	0	15178
17024	2	12453
16965	2	14231
12761	0	12671
16804	0	16805
20560	1	20578
15894	2	12458
22736	0	22709
20181	0	20135
15474	1	15514
20663	2	13777
20145	2	12593
14659	1	14666
14817	0	14704
12559	1	12575
15180	0	15178
13091	0	12994
16974	1	16998
19025	1	19036
19261	1	19458
19060	3	19119
14185	2	12623
14698	2	14694
23459	2	12425
17801	0	17781
15555	3	13403
17383	0	17356
24067	0	24053
14306	3	14312
13155	1	13341
21180	1	21222
20401	0	20382
13074	0	12994
21033	0	21031
23955	2	14496
17366	0	17356
19609	1	19818
20014	0	20006
21954	0	21940
13057	0	12994
20413	0	20342
20312	1	20333
20080	0	20035
16192	0	16183
20007	2	13707
19040	2	12494
16042	1	16121
22987	0	22957
23969	0	23685
16431	2	12474
13777	3	21670
12872	1	12888
16431	3	16082
23285	1	23284
22646	1	22706
20553	2	20601
12543	0	12545
12996	2	12817
12483	3	17162
15908	0	15894
20390	2	12940
23362	3	16082
23950	1	24003
21062	0	21065
12873	0	12868
20433	0	20390
20420	0	20378
16431	2	14702
12503	2	12538
12761	1	12760
19020	2	12529
12601	2	12630
12428	1	12442
20607	2	20628
14188	2	12815
20844	2	12796
16187	2	15779
19297	0	19178
15891	0	15894
19063	2	19086
19040	2	12628
20563	1	20581
15882	0	15873
17444	2	13732
20416	0	20390
14186	3	14072
23994	0	17722
13983	1	14059
19744	1	19913
22386	1	22480
16220	0	16186
23364	3	15944
20395	2	20266
14547	2	16465
22377	1	22470
20384	2	12587
22046	0	22019
23977	0	17722
23578	2	23669
16203	0	16186
22741	1	22769
17287	3	17282
12908	2	12496
20300	0	22869
15930	3	15944
23212	1	23211
20378	2	20266
15553	3	15582
15784	3	19021
17053	2	14448
17875	0	17781
20741	0	20667
12964	1	12986
23960	0	17722
13667	2	13726
17032	2	12585
23369	0	21683
15550	0	15552
20044	1	20056
20302	0	20278
20343	0	20341
18452	2	18525
12510	0	12504
14188	2	14238
15020	1	15019
23994	0	23683
17980	0	17781
12600	2	12858
19063	2	14093
17858	0	17781
20627	2	20652
13564	0	13512
18640	1	18730
18941	0	18928
16050	1	16119
14558	0	14547
17963	0	17781
23977	0	23683
12455	3	14319
13668	2	13733
15228	1	15342
12362	3	23082
18928	2	12923
19138	2	12624
13547	0	13512
18071	1	18351
13686	0	13667
18924	0	18928
20517	0	16920
22666	0	22639
22978	0	22955
14198	1	14218
17946	0	17781
23960	0	23683
13535	0	13510
20449	0	20378
15212	0	15178
12854	3	15944
15993	1	16066
17780	1	17783
16255	4	16200
14656	2	12423
14892	1	14891
13744	0	13736
22538	0	22535
16850	2	14230
13451	1	13477
17495	2	12582
20394	2	20473
22040	0	22025
13518	0	13510
20384	2	12855
16502	0	16402
23672	0	19060
17921	1	18201
23098	2	12541
14399	0	14387
22956	2	12597
23362	3	12862
20550	2	12498
15977	0	15875
15300	0	15178
20141	2	12501
22136	1	22240
16527	0	16526
23149	0	23139
22730	0	22710
17229	3	17251
14725	1	14762
22731	0	22714
22093	2	12471
20176	0	20140
15953	1	15962
16211	0	16184
14123	2	14134
13194	0	12994
16857	0	16849
22417	1	22510
21818	1	21817
19130	2	12923
22093	2	12821
21712	0	21689
13491	3	17278
19198	0	19178
14230	3	15582
20159	0	20140
14927	4	14704
16386	2	16079
14184	2	12592
16208	0	16200
21229	2	12859
17288	2	14093
23621	0	19060
20135	2	14242
23570	3	19021
20609	0	20607
14397	1	14429
20164	0	20135
22017	2	14599
20665	2	12906
16746	0	16721
14809	0	14704
18545	4	18508
23952	2	20271
19057	2	15749
12947	0	12948
14388	1	14419
20147	0	20135
19337	1	19534
13711	3	13768
14464	0	14459
20965	2	20973
16431	2	12905
15015	4	14704
18569	0	18452
20280	2	14079
14893	4	14704
16921	0	16920
16436	0	14547
16019	0	15873
16120	4	15873
17781	2	12412
20966	2	12524
15267	1	15362
13818	0	14137
23125	0	23108
22569	1	22616
18678	0	18622
15897	0	15873
17995	0	17872
17099	1	17103
15737	1	15743
18552	0	18452
15492	0	15460
12586	3	14354
22740	0	22639
20729	0	20660
14123	2	12524
22658	1	22687
16002	0	15873
16103	4	15873
13668	3	12616
12579	3	23060
15768	2	15781
12436	0	12432
21834	0	21772
14981	4	14704
15751	2	13711
18661	0	18622
21946	0	21937
20712	0	20660
15475	0	15460
18125	0	17781
13006	0	12997
12461	3	14359
17269	1	17280
20704	0	20670
14840	1	14876
17056	2	12410
23243	4	23242
12732	4	12548
14229	3	14069
15985	0	15873
12500	3	14341
16402	2	13839
13111	0	12997
20411	0	20395
20394	2	17253
18644	0	18622
16931	2	14694
15498	0	15462
20179	0	20143
18108	0	17781
23364	3	16375
21772	2	21770
23157	0	23137
14928	1	14927
21795	2	14097
12715	4	12548
21848	2	12421
17172	0	17168
15968	0	15873
18632	0	18620
12692	4	12671
13094	0	12997
23098	2	23092
20399	2	13491
18613	2	12589
23362	3	23413
15930	3	16375
22744	1	22764
20139	2	12586
12698	4	12548
18100	0	17781
17260	3	17281
13158	1	13344
18927	3	17161
20354	1	20361
18531	4	18508
21183	1	21225
13077	0	12997
17109	0	17032
17494	2	12498
20062	3	14349
18680	0	18618
12595	3	15942
16848	2	13860
23006	0	22956
19612	1	19821
18083	0	17781
20017	0	20009
12480	3	17163
20007	2	12662
15460	3	15542
14554	0	14455
16633	2	12453
17092	0	17032
21772	2	12455
15610	0	15555
21059	0	21066
16757	0	16633
18663	0	18618
12585	3	17163
14811	1	14847
20452	0	20383
17938	0	17872
15187	0	14704
20596	0	20590
21945	0	21938
20610	0	20606
22661	0	22644
16740	0	16633
23572	3	17182
13739	2	12498
18686	0	18620
15500	0	15458
12854	3	16375
20116	2	12458
20402	1	20484
15170	0	14704
20690	0	20670
23382	0	23364
14371	0	14360
18937	1	18959
17529	0	17444
12948	2	12494
12465	2	12478
18981	3	17161
22152	1	22257
17063	0	17027
18550	1	18583
20393	2	14232
12454	3	15762
22019	2	12533
17512	0	17444
20566	1	20584
22961	0	22955
20453	0	20342
16565	1	16574
20406	0	20381
19145	0	19057
23292	0	23181
20419	0	20393
17233	0	17231
16935	1	16950
16551	2	12586
15480	1	15520
12600	2	12618
20399	2	17492
19129	1	19134
20436	0	20342
16446	0	16431
22725	0	22715
14190	0	14188
21772	3	21808
20171	0	20145
15809	0	15766
23670	2	12460
14123	2	12471
18511	1	18510
17128	0	17129
17692	0	17668
17315	0	17306
18846	1	18906
13683	0	13668
21354	0	21267
14257	0	13668
13788	0	13668
17230	1	17242
18643	1	18733
20151	1	20207
20438	0	20389
20411	0	20342
19650	0	19178
23274	4	23181
23759	1	23758
13674	0	14361
12802	2	12813
21337	0	21267
20142	0	20140
15782	3	15945
20070	1	20091
20865	3	14080
16499	0	16403
14180	3	13768
20661	2	12362
13034	0	12998
20421	0	20389
12365	3	15945
22669	0	22642
19633	0	19178
12860	2	12852
20181	0	16354
20413	0	20399
18927	2	18977
14496	3	15944
21691	2	12906
12608	1	12640
19078	0	19040
15667	0	15555
21501	1	21592
20439	0	20369
19738	0	19178
20724	0	20665
20344	0	20386
13017	0	12998
13873	0	13909
19616	0	19178
21865	1	21891
12996	2	12524
13124	1	13315
13668	2	12822
19061	0	19040
15643	1	15642
19721	0	19178
20266	3	15762
20707	0	20665
13000	0	12998
14522	1	14534
23611	0	23670
13668	3	14336
20661	2	12496
13908	2	12427
15755	0	15555
23359	2	12587
14455	2	12407
17444	2	12500
22183	1	22287
20938	0	20865
22139	1	22243
19704	0	19178
22959	2	16922
12817	3	14329
14198	0	14186
18623	2	18929
19149	0	19040
15738	0	15555
17691	0	17444
19057	2	12476
12427	3	17042
13197	0	12997
13753	1	13771
20066	3	13661
15640	4	15555
12460	3	14318
16321	2	12589
23980	0	23954
23362	2	12480
20743	0	20661
19132	0	19040
17674	0	17444
12408	3	16375
22671	0	22638
20138	2	18971
22420	0	22093
16989	0	16966
14455	2	12541
20625	3	18449
20684	1	20762
14361	2	13726
15298	0	14704
14138	2	12906
15004	1	15003
18675	0	18623
20726	0	20661
23447	0	23437
12472	3	17251
17764	0	17761
14061	0	13668
23435	2	16554
22403	0	22093
18064	1	18345
15765	2	15782
12498	3	17042
20933	0	20923
20447	0	20388
20343	0	20398
13668	2	12501
22566	0	22536
24000	1	24048
20182	1	20237
12582	3	16522
14062	2	12590
14454	1	14456
20434	0	20382
21066	2	12588
20011	2	12458
15495	0	15463
20430	0	20388
22549	0	22536
22033	0	22019
14546	0	14455
16018	1	16113
17354	3	23585
22736	0	22713
14805	2	14447
21354	1	21466
12546	0	12548
14298	1	14301
21485	2	13777
17358	2	14485
17309	2	15930
20417	0	20382
22928	0	22912
13091	0	12998
14498	2	14509
21851	0	21848
13947	0	13909
19247	1	19446
15478	0	15463
14650	1	14649
12844	3	21057
21794	3	16249
23324	1	23331
23359	3	23414
22016	0	22019
19137	2	12425
17905	1	18185
12490	3	17186
13196	0	12998
17534	0	17496
20414	0	20398
22911	0	22912
13074	0	12998
12797	3	17282
20401	0	20386
13930	0	13909
23904	4	23685
12597	3	17278
23391	0	23361
13963	1	14039
13179	0	12998
17517	0	17496
20014	0	20010
13057	0	12998
20338	2	12423
13913	0	13909
22707	0	22708
15679	1	15678
19720	1	19899
16052	0	15971
14469	0	14458
18542	4	18490
23213	4	23306
20007	2	13711
19040	2	12498
16558	2	12524
18700	0	18621
16321	2	14496
13162	0	12998
14661	0	14657
22022	2	12854
19178	2	12622
20441	0	20394
18452	2	14878
23769	0	23685
17296	0	17295
23870	4	23685
16035	0	15971
23236	1	23235
14455	2	14448
18683	0	18621
13145	0	12998
13028	0	12996
21848	3	16249
20031	2	12461
16018	0	15971
19040	3	16082
20433	0	20394
20420	0	20382
15231	1	15423
18666	0	18621
19108	0	15894
13011	0	12996
21229	3	14080
19646	1	19846
23483	1	23540
14704	2	15409
19139	2	12421
13666	0	13668
16183	2	12580
20116	2	20273
14496	3	16375
14070	2	12588
14803	2	14781
17358	2	12659
20416	0	20394
17032	2	12455
16402	2	12473
19142	0	19058
23578	2	12585
22582	0	22093
12423	3	23585
15769	2	15765
18051	1	18331
23570	2	12595
22802	0	22771
21074	3	21075
14647	4	14642
21262	0	21234
12923	3	17161
13099	0	12996
17142	0	17130
22565	0	22093
21699	0	21689
23492	0	23459
22046	0	22023
20865	2	14235
15972	0	15969
13747	0	13739
20404	0	20389
18553	1	18586
18820	0	18623
15259	1	15429
23971	0	23685
16568	1	16577
14206	0	13668
19148	0	19060
17945	1	18225
15553	3	15586
15894	2	12625
22548	0	22093
21350	1	21459
23670	2	14448
17463	0	17443
19139	2	12905
20746	0	20666
14188	2	14242
23708	4	23685
20031	2	14234
16413	1	16426
20664	0	20668
13752	1	13770
15812	0	15769
12996	2	12500
13151	1	13338
12842	3	12632
17446	0	17443
20397	2	13491
19178	2	20006
12853	3	17278
17112	1	17121
14153	0	14138
12455	3	14323
13668	2	13737
13497	3	13508
13481	1	13487
20007	2	12585
19138	2	12628
12430	2	12819
17032	2	14228
15795	0	15769
12461	3	23060
22666	0	22643
12599	3	12631
18996	0	18623
20904	0	20865
13684	0	13737
17679	0	17496
14656	2	12427
23094	1	23104
16971	0	16965
20386	2	12587
23963	0	23954
12547	3	12594
22536	3	13660
22654	0	22638
12950	2	12498
14787	0	15178
23144	0	23137
18930	1	18953
22018	3	20962
12686	4	12600
12869	0	12865
18935	0	18929
23436	2	12858
20429	0	20387
13020	1	13226
13512	2	13659
15080	1	15079
20382	2	20472
17528	0	17494
22963	1	23016
14091	3	14085
17653	1	17660
22730	0	22714
20193	0	20141
17229	3	17255
13127	1	13318
16963	2	12480
20338	2	13659
22731	0	22718
20669	2	14238
16000	1	16106
14195	0	14187
15814	0	15765
12669	4	12600
23439	2	17289
20412	0	20387
18087	0	17781
19728	1	19986
22735	0	22709
14647	4	14455
20877	4	20865
21080	2	12455
14525	1	14537
13435	1	13461
21712	0	21693
13491	3	17282
23897	0	23685
15797	0	15765
22038	1	22071
23362	2	12590
13736	2	13705
21031	2	12587
22721	2	13654
13738	0	13737
18070	0	17781
12465	2	12535
20310	0	20280
20693	0	20668
17948	0	17781
20164	0	20139
20397	2	17492
20338	2	12854
16386	2	16433
20338	2	16237
15218	1	15337
18053	0	17781
15302	1	15394
20453	0	20399
17454	0	17441
12906	3	20542
22727	0	22093
17726	0	17725
13705	3	15762
20147	0	20139
17334	1	17343
17981	1	18261
14946	0	15178
14184	2	14235
12951	1	12973
18036	0	17781
20436	0	20399
23364	3	12862
17500	2	12496
15768	2	14496
20687	1	20765
18937	0	18925
20669	2	12628
18141	0	17781
12586	3	14358
20257	0	19057
14123	2	12528
13505	3	13661
20041	0	20033
17308	2	17322
21068	2	14304
22662	0	22636
21685	2	12931
21799	0	21796
12547	2	12586
13776	3	15762
12523	3	23082
20185	1	20240
16321	3	14882
17496	2	12460
12500	3	14345
15273	1	15368
16210	0	16200
12966	0	12948
20411	0	20399
17027	2	12460
23735	0	23685
20994	1	20995
16315	0	16200
18649	0	18621
21849	1	21875
12407	3	15762
13438	1	13464
16193	0	16200
12949	0	12948
20369	2	15783
18696	1	18786
23362	3	23417
22730	1	22752
15570	0	15551
12662	3	14353
16549	2	12819
14067	2	12455
14805	2	12597
16431	2	12588
22727	0	22711
20631	0	20625
16281	0	16200
13966	1	14042
14196	0	14186
17734	0	17723
21772	2	12459
18929	2	12480
14126	2	12905
22404	1	22497
12581	3	23060
13667	2	12417
15873	2	16074
17284	3	21670
21169	0	21143
20452	0	20387
16974	0	16970
20444	0	20397
21793	1	21802
12453	3	16540
13113	0	12997
22661	0	22648
13667	2	13706
19603	0	19178
19657	0	20007
23227	4	23181
22043	1	22091
13444	0	12998
12551	0	12547
22977	0	22955
23952	3	17815
22044	0	21691
16010	0	15875
12465	2	12482
22722	3	17815
13096	0	12997
18667	1	18757
21074	2	12854
19324	1	19521
17175	1	17185
13510	2	13648
13201	0	12997
21907	0	21772
13205	1	13392
15488	0	15457
22736	0	22636
22027	0	21691
17539	0	17495
22961	0	22959
20419	0	20397
20406	0	20385
13079	0	12997
14805	3	14780
18054	1	18334
17830	4	17781
12688	0	12600
17429	0	17419
15930	3	23413
12600	2	12622
23730	1	23728
20424	0	20392
14728	0	14704
20035	3	17018
13753	0	13737
13184	0	12997
20077	0	20069
15471	0	15457
13002	0	12994
21751	0	21745
21772	2	14232
22725	0	22719
20847	0	20842
16214	0	16183
20407	0	20392
16721	2	12588
14978	0	15178
13167	0	12997
20175	0	20140
13668	3	14072
21288	0	21269
20563	0	20553
12646	2	12656
20158	0	20140
19040	2	12421
12461	3	14310
14204	0	14184
13688	0	13667
14703	0	14704
17531	0	17444
12586	3	15944
20382	2	12527
20732	0	20669
17115	1	17124
12802	2	12817
20142	0	20144
21516	0	21485
13671	0	13667
16432	2	12812
21074	2	12533
14187	2	14230
20293	0	20280
21170	1	21212
15901	0	15892
12860	2	12856
20338	2	12480
18927	2	18981
23863	0	23685
12429	2	12457
12460	3	12899
16633	2	12620
21771	0	21769
22674	0	22641
12559	0	12545
13452	0	12996
18470	4	18452
20724	0	20669
20344	0	20390
20379	2	20473
21936	0	21940
13776	3	21670
16922	3	13661
15243	0	14704
16487	0	16402
18997	0	18928
23097	0	23091
16403	2	12810
14803	3	12862
17602	0	17444
22657	0	22641
16850	2	16922
18453	4	18452
18057	1	18337
18044	1	18325
20707	0	20669
23275	1	23274
17188	0	17189
20389	2	12940
21981	2	14490
20626	3	15542
21291	0	21269
13742	0	13667
16471	2	16479
16386	2	12810
20138	2	12425
20195	0	20116
20162	1	20217
17045	2	16479
23955	2	12597
12817	3	14333
20357	0	20351
22039	0	22017
14232	3	15582
13063	1	13261
20014	1	20022
22966	1	23019
12586	3	14334
14125	2	12596
21274	0	21269
16966	2	12483
20423	0	20380
13097	0	12996
20178	0	20116
15725	4	15666
15244	1	15444
23997	0	23955
20122	0	20115
14657	2	12630
19757	0	19178
12548	2	12623
12597	3	23430
23440	2	12662
17423	2	12478
20161	0	20116
20394	2	20266
17669	2	12597
14704	3	14886
21362	0	21269
20426	1	20498
13503	3	13508
22676	0	22637
13185	0	12996
19740	0	19178
21981	2	12530
22668	0	22647
20590	2	12529
21485	2	20063
14490	3	16540
18452	2	16708
13667	2	12848
21691	2	12589
23968	0	23953
21345	0	21269
12602	0	12601
20377	0	20378
22659	0	22637
13168	0	12996
21154	0	21080
17984	1	18264
20301	0	20278
19723	0	19178
23365	2	14097
20635	1	20646
22651	0	22647
20447	0	20392
20400	1	20477
12544	2	12587
13560	1	13628
19254	0	19178
15882	1	15889
13495	3	13508
16041	0	15969
14802	2	12817
16807	0	12600
15463	2	15460
23951	0	23953
15245	0	15178
23361	2	12587
18940	0	18928
20434	0	20386
17166	2	12597
16721	2	12535
15010	1	15009
20284	0	20278
15310	1	15401
20430	0	20392
19237	0	19178
20663	2	12846
22033	0	22023
12365	3	15762
20198	0	20140
22772	0	22771
15228	0	15178
19151	0	19040
20417	0	20386
22554	0	22535
22665	0	22639
23569	0	23572
16408	0	16386
15750	0	15751
15071	4	14704
19220	0	19178
17801	0	17789
20135	2	12530
22016	0	22023
20410	1	20457
12750	1	12751
21497	1	21589
20379	2	17253
15211	0	15178
17676	0	17444
13122	0	12994
15483	0	15462
22731	0	22641
14455	3	14543
17534	0	17500
23472	1	23527
12849	3	21056
22537	0	22535
20672	0	20670
20401	0	20390
23142	0	23137
17056	2	12658
21796	2	12498
13120	1	13312
19203	1	19403
20169	0	20138
12453	3	14072
23984	1	24032
14803	2	12423
15993	0	15875
12880	1	12896
23391	0	23365
20593	0	20589
19132	1	19133
14831	0	14704
20703	0	20662
15466	0	15462
21852	1	21878
17517	0	17500
13441	1	13467
22707	0	22712
21229	2	12786
20152	0	20138
14936	0	14704
22733	1	22755
15037	4	14704
15976	0	15875
13062	0	12997
20140	2	12501
13918	0	13908
20686	0	20662
20170	0	20145
16965	3	17018
12601	2	12854
20441	0	20398
16566	0	16558
23578	2	12455
22643	2	12819
22126	1	22230
13193	0	12994
18497	0	18452
13045	0	12997
21683	3	16082
14235	3	14349
12926	1	12930
17314	0	17306
20153	0	20145
14308	3	14307
15463	3	15549
12586	3	16375
23685	3	23702
12996	3	13400
13549	0	13512
14902	0	14704
20384	2	12461
22407	1	22500
17923	0	17872
16985	0	16963
19077	0	19064
12653	0	12548
12754	4	12548
20122	1	20129
18983	3	17161
12584	3	23413
18671	0	18620
18028	0	17872
15485	0	15458
18463	0	18452
15765	2	15599
17906	0	17872
20391	2	15782
19704	1	19889
14142	0	14136
14129	0	14124
19328	0	19178
22023	2	12817
16821	0	16818
22647	3	12594
18002	1	18282
12737	4	12548
23393	0	23361
14234	3	14069
18654	0	18620
18568	0	18452
17235	0	17231
18011	0	17872
15468	0	15458
22051	1	22089
14306	3	14349
20697	0	20668
23325	2	20617
17889	0	17872
19311	0	19178
21699	0	21693
14298	0	14297
20384	2	12595
20342	2	12854
16119	4	15873
12527	3	21670
16733	1	16773
17781	2	12473
18615	2	14702
20404	0	20393
15896	0	15873
20342	2	16237
18637	0	18620
18551	0	18452
17994	0	17872
15491	0	15460
19138	2	12498
20689	0	20662
22732	0	22710
17169	1	17178
15894	2	12629
19294	0	19178
18099	0	17872
12602	0	12548
20413	0	20379
20398	2	12812
15285	0	15178
17977	0	17872
20746	0	20670
14499	0	14455
21528	1	21619
14201	0	14185
23361	3	14449
17526	1	17548
12362	3	21801
17114	0	17032
12707	0	12548
12997	2	12535
17380	0	17418
15656	4	15555
16217	0	16186
14081	1	14087
20418	0	20385
14393	0	14384
21821	4	21772
18082	0	17872
15984	0	15873
20381	2	12812
16848	2	16820
19064	2	12819
20351	2	12420
15935	0	21691
18680	1	18770
17285	2	12785
19178	2	20010
12853	3	17282
19129	0	19130
15111	4	14704
21794	2	14097
15554	3	12594
20369	2	12457
17032	2	14232
16685	0	16633
12590	3	17163
13668	3	14316
20338	2	12590
22804	0	22771
13950	1	14026
13578	0	13512
18696	0	18618
22353	1	22447
14649	4	14642
14838	0	14805
16855	1	16883
20445	0	20381
16186	2	12587
22567	0	22093
15098	0	14704
13780	1	13798
22098	0	22093
22787	0	22771
15782	3	21670
21683	3	12862
22654	0	22642
18679	0	18618
17457	0	17444
20166	0	16354
12545	2	12490
22672	0	22093
15461	2	12427
14457	0	14455
23349	0	23346
12948	2	12421
19015	0	19018
22550	0	22093
20437	0	20381
20392	2	13778
17595	1	17625
20429	0	20391
17057	0	17056
18662	0	18618
17440	0	17444
12801	2	12805
17733	1	17749
23225	4	23181
17314	1	17320
20082	0	20068
20714	0	20660
22655	0	22093
13844	0	13668
20047	0	20031
22730	0	22718
20193	0	20145
23620	0	23578
19139	2	12588
15064	0	14704
15814	0	15769
19706	0	19178
16643	0	16633
20412	0	20391
22735	0	22713
21080	2	12459
16216	0	16187
20343	0	20378
23603	0	23578
15797	0	15769
22725	0	22642
19689	0	19178
17500	2	12366
12842	2	12844
15943	3	15945
12851	2	12659
12998	2	12625
12465	2	12539
15086	1	15085
22042	0	22020
13520	0	13505
20164	0	20143
13066	1	13264
16199	0	16187
22152	0	22093
18706	1	18796
16351	0	16354
23586	0	23578
14548	1	14573
21103	0	21080
20394	2	12455
14820	1	14857
19672	0	19178
20698	0	20667
21018	1	21019
23296	4	23181
16391	0	16386
21700	0	21692
22577	1	22624
20983	1	20982
14281	1	14284
20067	2	15782
20147	0	20143
16182	0	16187
16714	0	16633
21905	1	21922
20298	0	20279
21086	0	21080
21031	2	14230
20519	2	15782
13668	2	12615
16168	4	15873
20660	2	13777
17500	2	12500
21234	2	12838
12764	0	12548
18937	0	18929
17781	2	12420
15713	4	15555
21776	0	21768
21234	2	13777
18139	0	17872
17284	3	21056
20281	0	20279
22019	2	14233
13831	3	23082
21691	2	12483
21032	3	21057
13505	3	13665
16151	4	15873
21176	1	21218
12591	3	14357
16410	0	16403
15696	4	15555
12601	2	12480
22551	0	22536
22662	0	22640
12901	3	12899
13510	3	13660
14649	4	14455
18501	1	18500
12547	2	12590
17588	2	12500
15951	2	12410
19127	2	12471
21068	2	21074
12622	3	14349
21683	2	12854
16134	4	15873
21032	3	13486
18131	0	17872
19060	2	12596
20717	0	20663
23364	2	12590
15480	0	15463
12500	3	14349
22534	0	22536
17585	3	14450
19178	2	19957
14568	1	14597
16841	2	16838
15313	1	15404
16732	1	16793
16321	2	16354
23959	1	24008
16498	0	16403
15683	0	15555
18114	0	17872
20428	0	20379
20700	0	20663
21683	3	23413
21702	0	21688
22729	0	22093
13918	0	13668
23447	1	23455
23365	2	12597
17617	0	17588
13016	1	13223
19077	0	19040
22138	0	22093
18097	0	17872
16968	2	12498
14095	3	14072
14619	0	14455
16044	1	16152
19737	1	19989
16862	1	16917
22727	0	22715
14511	1	14517
18638	1	18727
19632	1	19968
15463	2	12455
17600	0	17588
16853	0	16850
22817	0	22093
23002	0	22959
14602	0	14455
21855	1	21881
22989	0	16922
14138	2	12483
15803	1	15833
22348	0	22093
12471	3	19019
21993	1	22005
20155	0	20141
15754	0	15555
20429	0	20338
22664	0	22636
20453	1	20468
14156	0	14137
17739	0	17722
20033	2	12461
17512	1	17543
20452	0	20391
14387	3	14450
22800	0	22093
22972	0	16922
12604	2	12857
13577	0	13505
15590	0	15589
21032	2	12590
20412	0	20338
21672	3	14349
21869	0	21846
16686	0	16721
22783	0	22093
19657	0	20011
23737	0	23685
22029	0	20134
13972	0	13668
20408	0	20518
21230	2	12481
13510	2	12363
18691	0	18623
23362	2	12541
12377	0	12359
20440	0	20386
22977	0	22959
12409	3	17042
13969	0	13909
17111	0	17027
15457	3	15542
23366	0	21683
15461	2	12858
12592	3	23061
22956	3	23060
18674	0	18623
12867	2	12904
12860	2	12592
15488	0	15461
14089	3	16522
13952	0	13909
16441	0	16433
20183	0	20144
20607	3	18449
17429	0	17423
13084	0	12996
18657	0	18623
21942	0	21938
20708	0	20661
15471	0	15461
23477	0	23459
13002	0	12998
16633	2	16678
17444	3	16249
19130	2	12423
17376	0	17358
22725	0	22723
14656	2	12407
21503	1	21595
16214	0	16187
20607	2	19136
17045	2	12482
17527	0	17494
14090	3	14085
13067	0	12996
18640	0	18623
16406	0	16386
20923	2	20959
20175	0	20144
23460	0	23459
12441	0	12430
14404	0	14387
16874	1	16900
20172	1	20227
23990	1	24038
17786	2	12362
23791	0	23685
17060	0	17027
23384	0	23359
14126	2	12588
17359	0	17358
23439	2	12597
21692	2	12811
17292	2	14702
21485	2	13838
17510	0	17494
21848	2	12592
17195	2	12362
13202	1	13388
16633	2	12490
17781	2	13656
12605	2	12597
12646	2	12660
13501	0	13494
20158	0	20144
16045	0	15969
21531	1	21622
14204	0	14188
23367	0	23359
12485	3	12499
13155	0	12996
16633	2	16812
14396	0	14387
17493	0	17494
22093	2	12455
13073	0	12998
17288	2	12788
16028	0	15969
13739	2	12535
23781	4	23685
23799	1	23798
13138	0	12996
17786	2	12496
19106	3	14543
21068	2	12861
14124	2	12630
15567	1	15574
16946	1	16961
16011	0	15969
12652	0	12646
17195	2	12496
21065	2	12527
13953	1	14029
22674	0	22645
16991	0	16969
20448	0	20384
20344	0	20394
21915	0	21795
12854	3	21673
20044	0	20032
21080	2	21079
17832	1	17833
15994	0	15969
22955	2	13398
21269	2	12501
21060	2	12861
22657	0	22645
17518	1	17583
22871	0	22869
21682	0	23360
12500	3	14780
23378	0	23365
14829	0	14803
14066	2	12500
23359	2	12595
21067	2	14079
13092	0	12994
18977	3	17162
14805	3	13658
12817	3	14337
12908	2	12427
15034	1	15033
16726	0	16721
12586	3	14338
13552	0	13510
17829	1	17828
17444	2	12858
20312	0	20280
14812	0	14803
20423	0	20384
22869	2	12425
21233	0	17423
13075	0	12994
19141	0	19058
21683	2	12480
12588	3	14780
16117	4	15873
15894	2	13491
23625	0	23670
17194	0	17195
15875	3	16082
12548	2	12627
20295	0	20280
20073	0	20066
23987	0	23685
16442	0	16432
15769	2	13732
12997	2	13397
20411	0	20379
23438	2	12585
12433	0	12432
13482	2	13491
14722	0	14805
20008	2	13707
22676	0	22641
18819	0	18623
15894	3	15944
17262	2	12460
20450	0	20380
14823	1	14860
14109	0	13668
18697	0	18623
23970	0	23685
17688	0	17669
17496	2	13729
16200	2	13711
21943	1	21962
23669	2	14448
12585	3	23429
18702	0	18618
12418	3	12616
12602	0	12605
22659	0	22641
17462	0	17443
20559	0	20550
12420	3	23082
20391	2	12940
13744	0	13667
18614	2	12409
20865	2	13491
20434	0	20390
16968	3	17021
21567	1	21658
14702	3	14357
17445	0	17443
24058	0	23685
18452	2	12524
22150	1	22254
13670	0	14362
20198	0	20144
17444	3	17485
20028	3	14357
16200	2	12906
13909	2	13659
12359	2	12425
20435	0	20391
14458	2	12586
20417	0	20390
18437	1	18443
22665	0	22643
12363	3	23585
19178	2	12496
13505	2	13657
13690	1	13723
22730	0	22641
23318	4	23180
19040	2	19138
20186	0	20139
15879	1	15885
12842	2	12417
14186	2	12810
17067	1	17083
22535	3	13660
13748	0	13735
18452	2	12658
12460	3	14355
21149	0	21142
16386	2	12627
20703	0	20666
14783	3	14778
22715	3	22768
21705	0	21691
12945	3	16522
17876	0	17781
14184	2	12523
22707	0	22716
12595	3	23415
16283	0	16200
23435	2	12858
15902	1	15917
19307	1	19504
20303	0	20278
21091	0	21079
23360	2	12819
20747	0	20662
20686	0	20666
12585	3	17281
12601	2	12858
20665	2	13776
17859	0	17781
21068	2	14097
16354	2	17051
15813	0	15765
15070	1	15069
13193	0	12998
22583	1	22630
20446	0	20397
15873	2	14094
16431	2	12836
14186	2	12944
20730	0	20662
17314	0	17310
17964	0	17781
14308	3	14311
12425	3	17485
22719	2	16081
20008	2	12581
14140	2	12455
19139	3	13405
12996	3	13404
23364	3	12789
15969	2	12589
16415	0	16402
20006	2	12500
15607	2	12496
16200	2	12585
14186	2	14233
14123	2	12455
20722	0	20662
22955	2	12540
16256	4	16200
17760	0	17762
14142	0	14140
14547	2	14599
21229	3	17821
20705	0	20662
20443	0	20389
14306	3	14353
20844	2	14447
22536	3	13400
13728	2	12618
15978	0	15875
17160	3	15945
17781	2	12477
20404	0	20397
14254	0	13668
20688	0	20662
13817	2	13834
20426	0	20389
23578	2	14232
23150	0	23139
17789	2	12817
23381	0	23360
21543	0	21485
22732	0	22714
12860	2	12836
15456	0	15457
20413	0	20383
14282	0	14126
21290	0	21269
22021	2	22087
21798	0	21796
12907	0	12909
17797	0	17786
21713	0	21689
15026	0	14704
20009	2	12527
20418	0	20389
14878	3	14780
14186	2	12623
21229	2	14697
15059	0	15178
16209	0	16200
20337	2	12408
13668	2	12806
18452	2	12471
23993	1	24041
20696	1	20775
13483	0	12998
23387	0	23362
20435	0	20338
13668	3	14320
14189	0	14184
13668	2	14095
15894	3	16375
14514	0	14512
20015	0	20006
12817	3	14313
18696	0	18622
20445	0	20385
23122	4	23108
19606	0	20009
20081	0	20035
15875	2	12854
23590	0	23669
21501	0	21485
18686	1	18776
22031	1	22064
16993	0	16965
12792	1	12793
20523	0	20338
18679	0	18622
23236	0	23181
13845	2	12460
20141	2	17051
18948	1	18989
21484	0	21485
18117	1	18397
22743	0	22717
12465	2	12409
13437	0	12996
14496	3	21673
20135	2	14120
18928	2	12480
20429	0	20395
19155	0	19059
13483	0	13482
20731	0	20661
18662	0	18622
18974	3	17163
12801	2	12809
17355	1	17387
20047	0	20035
19224	1	19422
23098	3	19140
20087	0	20067
22536	2	12453
12710	4	12671
16850	2	12848
14244	1	14261
16972	1	16996
20412	0	20395
22660	0	22648
12380	1	12400
22735	0	22717
21156	1	21198
21572	0	21485
21683	2	12590
21743	3	14080
20343	0	20382
22093	2	22632
20070	0	20067
12994	2	12459
20391	3	14080
12842	2	12848
21744	0	21743
21298	0	21267
14781	3	14778
20048	1	20061
15802	0	15768
20400	0	20390
16644	1	16663
18928	3	17161
12676	4	12671
21281	0	21267
13057	1	13258
16431	3	15586
18438	0	18434
22528	2	12597
12547	2	12460
22196	0	22093
20379	2	20266
17459	0	17444
23459	2	12413
20742	0	20667
23961	0	17722
20008	2	12662
20846	0	20842
16213	0	16183
20414	0	20382
15724	4	15658
12511	0	12504
14646	1	14645
16758	0	16633
17442	0	17444
23008	0	22957
15719	4	15642
20725	0	20667
21024	1	21025
21074	2	12460
21330	0	21269
15188	0	14704
20518	2	12497
20338	3	12632
13138	1	13329
13668	2	13908
16196	0	16183
23436	2	15928
21141	1	21185
22662	0	22644
13510	3	13664
14803	3	14883
16944	0	16931
23685	3	12594
21683	2	12858
23000	0	22957
22667	0	22639
22021	2	12585
17786	2	13708
20717	0	20667
17530	0	17444
14296	2	12822
21570	1	21661
19222	0	19178
14803	3	12789
15146	1	15145
23884	4	23685
18929	2	14448
20553	2	20589
15154	0	14704
13670	0	13667
16353	0	16354
22650	0	22639
14128	0	14124
18561	1	18594
20700	0	20667
18148	1	18427
21683	3	23417
17513	0	17444
16611	1	16622
19146	0	19057
21773	1	21783
21485	3	15944
15259	0	14704
20338	2	12541
20433	0	20378
17591	1	17622
15196	0	15178
13735	2	13711
15566	0	15554
15592	1	15597
19310	0	19178
21032	2	12460
15551	3	15580
16447	0	16431
15301	0	15178
23436	3	23430
18996	0	18928
22727	0	22719
23096	0	23091
12598	1	12634
20416	0	20378
15810	0	15766
16402	2	12457
15179	0	15178
20408	0	20388
22721	2	12536
12523	3	17158
19293	0	19178
22545	1	22594
21372	0	21267
17382	0	17356
16431	2	12946
16430	0	16431
15284	0	15178
23990	0	23953
18616	2	16837
21176	0	21080
15905	1	15920
12603	2	12480
14489	2	12421
18034	1	18315
12361	3	21801
22038	0	22017
21355	0	21267
17365	0	17356
12604	2	12861
12612	0	12599
15267	0	15178
13178	0	12994
23622	0	19060
14455	2	12822
20013	0	20006
17196	1	17205
22869	2	12482
22528	2	12410
12657	3	14069
17220	2	12417
20666	2	12906
17045	2	14446
14704	3	13658
21338	0	21267
14296	2	12501
15250	0	15178
14807	1	14844
19096	0	19040
13161	0	12994
23605	0	19060
20440	0	20390
14781	3	23585
12624	3	19021
17664	0	17663
12430	2	12453
13556	0	13510
21321	0	21267
14232	3	17282
23274	4	23275
22675	0	22637
12868	2	12586
19079	0	19040
12455	3	14307
23588	0	19060
12908	2	12618
23491	1	23546
12373	1	12394
12619	3	17282
20191	0	20138
16011	1	16115
21061	0	21065
14295	2	12799
18995	1	19007
13539	0	13510
18553	0	18452
15849	1	15847
23436	3	17282
22658	0	22637
17604	0	17444
14187	2	12815
20708	0	20665
13977	1	14053
15892	2	12662
22720	3	22767
19062	2	19086
23612	0	23670
19130	2	12427
15881	0	15873
15756	0	15555
20713	0	20660
15476	0	15460
17356	2	12415
16684	0	12600
17587	0	17444
13550	1	13618
22371	1	22464
22719	3	17815
13668	3	14080
15986	0	15873
14126	2	12592
20383	2	12812
16403	2	13839
14965	4	14704
23670	2	12822
22716	2	14448
18645	0	18622
19150	0	19040
22956	2	12585
18519	0	18452
20696	0	20660
16878	0	16849
15459	0	15460
22707	0	22639
12433	1	12444
15557	0	15552
16633	2	12494
23158	0	23137
20844	2	12597
14097	3	23416
13501	0	13498
22912	2	15924
16202	0	16186
17800	0	17789
14734	1	14771
16386	2	13839
20669	3	20863
16035	1	16127
18628	0	18622
17675	0	17444
16633	2	16816
12490	3	17251
20679	0	20660
20594	0	20553
19367	0	19178
23141	0	23137
20278	2	13491
22421	0	22093
18634	1	18724
19291	1	19488
21487	1	21579
15952	0	15873
16965	2	12906
12767	2	12788
14830	0	14704
14187	2	14238
19350	0	19178
14192	0	14187
22789	0	22771
22404	0	22093
12682	4	12548
18925	2	12481
15935	0	15873
14557	0	14547
12625	3	14358
19114	0	19106
17962	0	17781
23976	0	23683
12418	3	21801
20448	0	20388
16759	0	16721
18927	2	12923
23369	1	23399
14066	3	14069
17327	2	15930
20160	0	20135
17358	3	12411
23959	0	23683
12600	2	12659
15167	4	14704
15555	2	13731
12523	3	14072
23386	0	23359
20012	0	19178
22746	0	22720
20411	1	20474
15307	0	15178
22973	0	22956
17310	2	15930
14364	0	13667
21958	1	21976
18050	0	17781
23438	2	12455
21852	0	21848
20143	2	12455
20543	3	14357
14805	3	13662
12912	0	12908
16501	0	16402
12586	3	14342
21485	3	16375
13028	1	13232
18670	0	18620
15484	0	15458
22955	2	12597
17535	0	17496
14802	2	14785
18033	0	17781
16975	1	16999
13075	0	12998
17202	0	17189
21847	0	21772
19139	2	12836
17425	0	17420
19062	2	12483
16484	0	16402
20452	1	20513
17585	3	14080
13019	0	12997
18653	0	18620
12461	3	14347
17234	0	17231
15467	0	15458
21348	1	21456
16721	2	12409
12500	3	14329
16210	0	16184
16848	2	14303
21830	0	21772
20411	0	20383
20379	2	12455
15039	4	14704
17327	2	17353
14457	1	14473
20403	0	20393
18121	0	17781
16647	1	16666
18636	0	18620
20450	0	20384
21691	2	12597
12485	2	12495
17070	1	17086
16036	0	15971
16193	0	16184
12909	2	12946
18702	0	18622
20608	0	20607
18104	0	17781
20280	2	12457
12595	3	21057
16240	3	14349
20154	0	20141
15215	1	15447
14200	0	14185
13684	0	13668
13571	0	13510
12607	0	12604
17311	0	17308
17379	0	17418
19060	2	19126
20736	0	20660
17444	2	17668
22024	1	22058
22643	3	22768
17676	0	17668
20146	0	20135
21518	1	21609
17420	2	12478
20728	0	20670
14547	2	16079
13021	1	13413
12595	3	13486
20134	2	12498
13554	0	13510
16930	2	14785
13141	1	13332
17062	0	17056
20435	0	20395
13654	3	23585
22665	0	22647
13559	0	13505
17444	2	12541
18623	2	18620
22803	0	22771
14997	4	14704
21767	0	21770
22670	0	22642
15093	4	14704
21275	1	21383
21940	2	21977
20186	0	20143
22566	0	22093
12407	3	23585
23093	0	23092
12927	3	12938
13748	0	13739
22653	0	22642
19617	0	19178
14193	1	14211
12584	3	15582
22568	0	22535
12460	3	14359
13909	2	12858
20703	0	20670
18151	1	18430
19208	1	19406
17356	2	12846
20442	1	20504
21776	1	21786
22549	0	22093
22708	2	12819
13738	0	13668
15651	0	15555
17588	3	17645
20391	2	13778
17231	2	12501
20393	2	17253
20626	2	16242
15711	4	15620
19600	0	19178
12603	2	12590
13667	2	12535
14455	2	12582
12998	2	13491
13505	2	12856
20747	0	20666
14295	2	12425
22035	0	22018
20686	0	20670
16970	2	12474
20551	2	12595
20192	0	20145
22720	3	12594
22974	0	22955
20939	0	20865
20419	0	20381
15813	0	15769
20691	0	20665
13093	0	12997
13949	0	13908
16970	3	17021
19583	0	19178
20730	0	20666
15592	0	15589
22548	1	22597
15739	0	15555
12498	3	21055
23955	2	20473
20118	0	20116
17259	3	17281
12858	3	23083
17536	0	17495
20922	0	20865
20449	0	20342
20674	0	20665
23312	4	23181
13076	0	12997
22785	0	22093
15908	1	15923
18710	0	18620
12548	2	12794
18037	1	18318
13932	0	13908
14203	0	14188
20381	2	13491
20874	1	20873
19770	1	19936
23580	1	23583
20553	2	12457
22672	0	22638
15969	2	12943
13181	0	12997
14675	0	14455
12675	0	12548
14123	2	12459
17195	3	12594
15624	4	15555
18693	0	18620
12589	3	23416
16563	0	16558
15705	0	15555
23590	1	23630
20525	0	20391
22655	0	22638
23443	0	23439
13164	0	12997
14663	0	14656
14658	0	14455
21008	1	21009
20297	0	20279
17761	2	12588
20443	0	20393
17292	2	12588
14306	3	14357
22714	3	13402
22019	3	20962
15193	1	15412
20934	0	20923
12455	3	23061
18685	0	18620
15571	0	15553
12851	2	12854
18042	0	17872
13147	0	12997
20426	0	20393
20135	2	20272
23381	0	23364
20194	0	20141
15271	1	15365
18141	1	18421
23440	2	17289
16875	0	16850
15456	0	15461
15496	0	15463
18668	0	18620
18025	0	17872
20413	0	20387
20531	0	20393
23995	0	23952
20120	0	20112
16186	2	12461
21950	0	21940
20418	0	20393
18438	1	18446
15479	0	15463
19144	0	19057
23291	0	23181
22727	0	22642
12845	3	21057
22722	2	13654
18008	0	17872
16487	0	16386
13668	2	12810
15257	0	14704
22374	1	22467
14455	2	14489
17509	1	17556
20398	2	17492
14657	2	12480
14308	3	14344
22959	2	12588
20435	0	20342
22538	1	22588
13668	3	14324
21701	0	21688
14189	0	14188
14513	0	14455
12421	3	21670
20381	2	17492
20015	0	20010
12817	3	14317
13058	0	12998
18819	1	18879
13914	0	13909
17133	0	17027
20445	0	20389
20682	0	20663
14470	0	14458
18623	2	12501
20338	2	16920
23766	4	23685
16589	4	16551
14809	0	14802
19294	1	19491
17032	2	12496
14662	0	14657
13041	0	12998
13492	0	13496
13188	1	13374
22743	0	22721
12597	3	23414
19060	2	16524
17258	0	16920
20197	0	16354
12629	3	17276
20731	0	20665
16981	0	16964
17266	0	17260
23854	4	23685
16019	0	15971
22045	0	20134
21846	3	13663
23732	4	23685
18979	3	17162
18667	0	18621
23437	2	12662
20087	0	20071
13397	3	14349
20568	0	20551
20180	0	16354
22735	0	22721
17032	2	12630
16002	0	15971
16559	0	16551
22028	0	20134
23389	0	23362
19737	0	19178
20343	0	20386
18650	0	18621
20070	0	20071
12995	0	12996
12822	3	14072
21795	2	12906
20163	0	16354
23719	0	23685
15985	0	15971
19720	0	19178
20400	0	20394
18633	0	18621
13668	2	13778
20685	0	20663
13095	1	13408
18452	2	16826
16633	2	12417
15253	1	15353
15968	0	15971
16970	2	12905
20525	0	20338
23000	1	23052
23459	2	12417
22021	2	12455
14197	0	14186
23807	0	23685
20521	0	20518
13668	2	12623
22427	0	22093
16213	0	16187
20414	0	20386
13066	0	12996
17673	0	17669
20011	2	12580
16196	0	16187
13740	0	13736
13103	1	13296
14260	1	14277
17195	2	12423
13049	0	12996
16388	0	16386
18027	1	18307
22667	0	22643
20454	0	20394
20441	0	20382
22045	0	21691
23953	3	17815
20455	0	20398
15999	1	16143
20037	0	20030
20739	0	20663
23587	0	23670
19040	2	12836
21521	1	21612
19650	1	19849
21267	3	12925
18938	1	18960
20932	0	20923
22650	0	22643
22959	2	12535
15489	0	15457
22028	0	21691
17027	2	12822
18673	1	18763
23928	4	23685
16010	0	15969
20433	0	20382
23789	1	23788
18858	0	18623
13024	0	12996
18104	1	18384
15551	3	15584
20043	0	20032
22744	0	22720
20416	0	20382
21231	0	21230
16402	2	12461
18841	0	18623
20408	0	20392
22046	1	22078
19742	1	19992
12376	1	12397
15815	0	15765
21779	1	21789
20380	2	12409
18707	0	18621
15673	1	15672
22038	0	22021
15798	0	15765
16946	0	16931
12612	0	12603
13908	2	12846
13178	0	12998
20311	0	20280
13553	1	13621
17949	0	17781
21696	0	21693
13692	0	14362
21683	2	12541
17766	1	17774
20290	1	20335
16402	2	12595
22023	2	12935
13672	0	13667
16433	2	12812
16403	2	12420
13161	0	12998
16922	2	12854
14188	2	14230
20294	0	20280
21772	3	17718
15769	2	12854
20440	0	20394
20677	0	20668
17932	0	17781
16849	2	15926
16431	2	16467
15768	2	13732
16173	1	16172
12410	3	16522
15764	0	15765
22675	0	22641
16992	0	16965
21511	1	21603
20277	0	20280
12455	3	14311
12720	1	12721
19640	1	19840
22956	2	12455
17915	0	17781
16847	1	16912
22738	0	22726
20258	0	19057
12417	3	12616
22658	0	22641
18020	0	17781
13983	0	13909
20607	2	20649
14802	3	14797
21866	1	21892
20279	2	12483
15814	1	15844
21268	1	21377
16633	2	13653
19370	1	19567
17166	2	12662
18003	0	17781
15084	1	15082
20358	0	20351
23940	4	23685
13933	1	14010
17420	2	12535
16432	2	16073
16312	4	16200
13668	2	13859
23624	0	19060
18144	1	18424
12962	0	12950
19090	1	19098
22707	0	22643
21698	0	21689
20981	1	20979
21772	2	12500
21796	3	14882
23715	4	23685
14126	2	12946
16558	2	12459
16850	2	12478
18676	0	18618
13203	0	12996
20123	0	20115
16194	0	16200
21903	1	21919
19137	2	12494
23607	0	19060
17358	2	12460
16633	2	12848
23372	0	23362
16299	0	16200
15766	2	15777
14065	2	12538
12541	3	14353
17240	0	17229
13186	0	12996
20146	0	16354
17524	0	17494
22652	0	22093
19062	2	14097
15306	1	15397
21704	0	21691
14143	0	14138
20409	0	20391
13169	0	12996
15456	1	15502
14152	0	14138
22635	0	22093
23359	2	12819
20448	0	20392
19255	0	19178
21687	0	21691
23600	0	23578
16911	3	17163
19604	1	19815
16808	0	12600
23966	1	24015
20453	0	20387
15555	2	12796
15765	2	12497
20160	0	20139
14135	0	14138
18995	0	18623
17419	2	17438
14512	2	12620
16920	3	12632
14967	4	14704
22746	0	22724
17678	0	17496
17585	2	12944
16880	0	16849
20436	0	20387
20403	1	20488
12929	0	12909
23954	3	12594
12769	1	12779
21743	2	12629
15484	0	15462
22732	0	22641
17535	0	17500
14126	2	12625
23487	1	23543
22742	0	22709
15851	4	15848
20187	0	20135
14232	3	15944
22017	3	20962
16930	2	12427
23671	0	23578
15892	2	12479
15055	4	14704
17540	0	17495
20369	3	13768
13080	0	12997
12461	3	14351
21688	2	12483
20704	0	20662
14082	2	14095
12970	0	12948
15467	0	15462
12500	3	14333
22535	3	13400
13754	0	13737
20411	0	20387
20078	0	20069
15472	0	15457
17523	0	17495
12765	3	12789
20179	0	20135
13063	0	12997
20403	0	20397
18046	1	18324
17899	1	18179
23130	1	23128
23687	0	23681
16194	1	16265
23380	0	23360
13007	0	12996
17440	1	17466
14920	0	14704
17506	0	17495
22358	1	22451
14064	2	13839
15296	1	15388
14281	0	14126
13046	0	12997
14093	3	23413
21031	3	13768
14303	3	15944
20154	0	20145
16198	0	16183
12756	4	12600
17796	0	17786
16968	2	12482
17379	0	17422
12749	4	12671
20451	0	20338
13151	0	12997
18454	1	18451
14205	0	14184
23443	1	23451
12931	3	14085
21704	1	21729
21866	0	21772
12545	2	12421
14123	2	14289
21745	2	12625
12813	3	15945
12587	3	15944
16633	3	12862
13134	0	12997
20435	0	20399
13106	1	13299
16991	1	17015
14513	0	14512
12603	2	12460
12648	0	12647
21849	0	21772
12879	0	12868
17427	0	17420
14547	3	14591
12940	3	12937
18140	0	17781
12614	0	12671
18655	0	18620
14928	0	15178
16987	0	16970
20444	0	20385
15897	0	15894
21940	2	21981
20040	0	20033
21500	0	21485
20111	1	20124
18623	2	18974
12584	3	21063
21832	0	21772
12719	0	12671
19178	2	12854
14803	2	14879
22661	0	22636
17498	0	17444
18123	0	17781
12420	3	17158
24000	0	17722
14384	3	14450
20144	2	13838
22969	0	16922
20140	2	17051
20138	2	14694
18676	1	18766
12522	3	23082
17356	2	12850
12709	0	12600
15122	0	14704
12851	2	12590
14887	1	14888
20409	0	20338
21839	4	21772
23983	0	17722
14455	2	12586
12865	2	12457
15969	2	12813
15554	3	15587
15129	4	14704
22974	0	22959
20086	0	20067
17789	3	16350
20419	0	20385
12685	0	12671
20691	0	20669
21770	2	13778
20424	0	20380
16548	2	12819
13745	0	13735
21981	2	13860
20674	0	20669
23685	2	20271
23361	3	14543
12548	2	12798
21146	1	21188
16438	0	16433
20282	1	20287
20407	0	20380
15801	0	15768
13817	2	13708
20553	2	12461
20162	0	20116
22672	0	22642
21335	1	21443
15095	4	14704
21707	1	21732
23805	0	23685
13668	2	13835
12662	3	17187
13504	3	13508
12498	3	12899
17027	3	17158
20553	2	12811
22099	0	22093
18508	4	18452
16634	1	16653
13096	1	13290
21942	0	14701
14253	1	14271
19040	2	12409
22655	0	22642
19619	0	19178
20555	0	20551
16972	0	16966
20399	2	20062
20443	0	20397
21346	0	21269
19591	0	20009
23350	0	23346
17382	1	17401
12582	3	15762
22993	0	22955
17332	3	13405
21234	2	12903
16963	3	17018
17262	2	17303
16964	3	17022
19602	0	19178
19318	1	19515
19643	1	19843
20426	0	20397
21329	0	21269
13039	1	13416
20390	2	12855
20194	0	20145
12455	3	23415
22976	0	22955
13152	0	12996
19707	0	19178
22721	3	17815
20431	0	20392
23435	2	15928
15873	2	15875
20413	0	20391
19238	0	19178
15002	0	15178
20199	0	20140
22029	0	22025
21312	0	21269
12825	2	12837
17220	2	12799
20344	0	20378
15487	0	15457
18991	2	12490
14232	3	16375
13135	0	12996
19690	0	19178
23314	4	23181
18097	1	18378
19221	0	19178
16849	2	12921
16008	0	15969
16823	0	16817
20182	0	20140
18928	2	14448
20865	2	12857
14455	2	14493
12431	0	12429
20626	3	14591
16863	0	16849
20388	2	15930
22039	1	22072
21104	0	21080
14308	3	14348
22959	2	12592
19673	0	19178
21145	0	21143
19204	0	19178
21701	0	21692
22043	0	22017
23392	0	23365
13072	1	13270
18616	2	13731
14933	4	14704
15195	0	15178
19778	0	19178
17518	0	17500
12817	3	14321
12759	0	12671
15555	2	15589
20299	0	20279
21087	0	21080
20682	0	20667
17293	2	12527
12586	3	14322
17947	1	18228
19187	0	19178
23375	0	23365
13905	3	23061
12927	2	12479
15180	1	15316
14815	0	14704
14303	3	16375
20077	1	20095
13089	0	12994
17032	2	12500
16966	3	17018
17501	0	17500
12742	0	12671
20742	1	20817
17799	0	17781
17109	1	17118
16321	2	12581
23441	2	23440
15553	3	13403
13492	0	13500
24065	0	24053
16970	2	16963
21234	2	12582
18615	2	16837
14083	1	14086
13072	0	12994
12441	1	12452
20370	2	12620
20425	0	20398
20731	0	20669
16981	0	16968
12587	3	16375
13668	2	13648
13177	0	12994
13908	2	12903
20145	2	12455
20718	0	20663
17609	0	17444
13055	0	12994
16157	1	16156
14097	3	14349
14369	0	14362
22054	0	22023
12906	3	14358
23586	1	23627
16633	2	16609
20447	0	20380
19062	2	12597
13160	0	12994
22055	1	22084
20343	0	20390
20701	0	20663
20439	0	20390
23269	1	23268
13706	3	17186
16721	2	12523
12423	3	21670
17618	0	17588
22795	1	22842
13143	0	12994
20430	0	20380
17890	0	17872
20400	0	20398
14704	2	14783
14299	0	14297
20422	0	20390
23377	0	23361
18638	0	18620
12366	3	14441
24055	0	23685
22025	2	12854
16046	1	16153
16965	2	12483
17978	0	17872
20414	0	20390
20401	0	20378
22884	1	22903
14184	3	14072
17598	1	17650
17902	1	18182
19278	0	19178
17268	0	17260
12600	3	12862
21307	1	21416
20351	2	12595
20010	2	12523
22973	0	16922
12460	3	14339
20382	2	12812
23362	3	15944
15936	0	21691
23439	2	12662
17961	0	17872
17422	2	12478
21031	2	12498
20393	2	20266
15299	1	15391
20165	0	20138
19261	0	19178
15555	3	12594
16201	0	16186
20518	2	12855
15858	1	15857
23225	4	23222
15252	0	15178
22667	0	22647
20454	0	20398
20441	0	20386
17944	0	17872
12378	0	12359
16633	2	12905
19366	0	19178
20739	0	20667
21853	0	21846
16922	2	12590
18806	1	18866
14126	2	14292
21795	2	12589
20744	0	20662
16321	2	15777
22650	0	22647
21080	2	12500
19178	2	13903
19349	0	19178
14191	0	14187
22788	0	22771
13562	0	13512
20116	2	15943
16415	0	16386
22739	0	22718
20727	0	20662
18658	0	18623
17729	1	17754
22551	0	22093
20116	2	20265
19332	0	19178
22744	0	22724
21769	2	21792
16970	2	12588
21775	0	21772
13545	0	13512
13844	0	13843
19735	1	19909
22025	2	12533
14448	3	16375
21231	0	21234
20083	0	20068
13871	1	13890
20528	1	20540
20710	0	20662
22534	0	22093
14837	1	14874
15815	0	15769
13012	1	13220
23440	2	12597
18646	0	18618
14306	3	14337
18535	4	18459
17293	2	14702
16848	2	14230
12868	2	12460
14410	1	14439
20177	0	20145
22038	0	22025
17781	2	12461
13516	0	13510
20404	0	20381
15798	0	15769
20396	0	20391
13908	2	12850
14414	0	14384
23685	2	12460
16922	3	12925
18629	0	18618
20279	2	14447
16817	2	12494
23123	1	23122
21745	2	14292
15975	0	15875
13689	0	13668
19138	2	12836
17682	0	17496
22996	1	23049
20139	2	12501
15289	1	15382
19064	2	12457
14099	1	14103
17285	2	12423
12600	2	12854
16431	3	19140
20664	0	20660
16934	0	16930
16209	0	16184
15281	0	15178
18452	2	12455
14304	3	17187
15764	0	15769
12945	3	12936
23280	4	23181
20624	0	20607
22675	0	22645
16992	0	16969
15902	0	15893
21710	1	21735
21916	0	21795
20721	0	20668
12590	3	13768
22959	2	22956
21777	0	21768
16698	0	16633
16817	2	12628
20844	2	12471
20282	0	20279
12906	3	15944
22956	2	13398
12825	2	12597
13099	1	13293
13668	2	14079
14256	1	14274
22658	0	22645
23976	1	24025
16930	2	12618
20196	0	20141
15006	0	14704
12748	0	12548
16046	0	15875
16744	0	16721
12472	3	21057
22663	0	22640
16681	0	16633
14067	2	12500
22372	0	22093
17599	1	17628
20713	0	20668
23685	2	23682
20735	0	20660
19321	1	19518
17675	0	17668
12767	2	12662
16354	3	15945
20669	2	20862
21981	2	14238
16135	4	15873
19137	2	13653
12731	0	12548
16034	1	16122
16727	0	16721
20179	0	16354
15680	4	15555
18010	0	17872
22646	0	22640
13971	0	13908
20696	0	20668
12948	2	12409
14805	3	13402
16919	0	16920
16321	3	16350
21795	3	14882
16434	0	14547
15040	1	15039
16017	0	15873
16118	4	15873
20429	0	20379
19677	1	19868
18676	0	18622
17993	0	17872
15490	0	15460
12868	3	12899
14142	1	14162
12476	3	14359
15461	2	13704
20679	0	20668
12848	3	21064
12723	0	12548
16443	0	16432
20383	2	17492
20185	0	20143
12589	3	14349
16000	0	15873
17289	3	23430
16101	4	15873
17529	1	17560
18098	0	17872
15766	2	15781
20412	0	20379
20684	0	20663
20377	0	20342
22042	1	22075
15473	0	15460
22093	2	12817
14656	2	12903
23616	0	23578
23502	1	23557
23986	0	23954
20111	0	20114
15983	0	15873
15650	0	15555
18081	0	17872
20409	0	20395
15607	2	12427
14603	0	14455
12524	3	14357
18703	0	18618
20667	2	12630
20693	0	20660
19723	1	19902
23362	3	16375
14148	0	14137
22093	2	14106
12713	4	12548
12608	0	12600
18545	4	18504
18064	0	17872
20080	1	20098
14062	3	14072
20453	0	20391
17295	3	12499
16969	3	17021
17053	2	17051
20636	1	20647
20160	0	20143
14464	0	14455
16195	0	16187
14185	2	12595
20395	2	12854
22642	3	13402
12696	4	12548
13540	1	13608
20395	2	16237
14231	3	17042
14304	3	23416
20436	0	20391
22784	0	22093
21278	0	21267
14569	0	14455
21485	2	12590
14068	2	12590
17978	1	18258
23196	1	23195
20378	2	12854
22193	0	22093
18152	0	17872
21325	1	21432
20396	0	20338
17669	2	12829
14674	0	14455
20397	2	20062
15501	0	15463
20148	0	20138
20378	2	16237
19636	1	19837
14126	2	12629
14552	0	14455
22742	0	22713
20187	0	20139
13544	0	13505
22734	0	22723
15494	1	15534
23339	0	23325
22176	0	22093
16755	0	16633
20524	0	20391
23963	1	24011
12461	3	14355
20704	0	20666
23365	3	23414
20135	2	12628
13121	1	13313
14805	2	12455
20629	0	20627
12500	3	14337
15591	0	15555
21035	0	20865
20594	0	20590
20709	0	20661
22093	2	12496
15472	0	15461
22159	0	22093
22917	0	22912
22798	1	22845
15498	0	15458
23361	2	12819
23687	0	23685
16367	0	16354
23380	0	23364
14831	0	14802
19357	1	19554
14515	1	14520
18641	0	18623
19197	1	19397
20692	0	20661
12409	3	21673
16874	0	16850
17422	2	12588
17061	0	17027
16615	0	16551
23365	2	12585
21940	2	14496
17781	2	13831
16198	0	16187
14387	2	14079
17498	1	17566
20119	0	20112
18624	0	18623
20451	0	20342
20675	0	20661
14805	2	12589
22725	0	22093
12626	3	21057
17358	2	12627
14205	0	14188
17032	2	12423
16598	0	16551
22093	2	12630
13735	2	12540
15543	0	15461
14641	1	14639
14387	2	12924
23871	1	23870
13512	2	12659
15462	3	12789
23673	0	23578
15807	0	15766
20338	2	12659
18138	0	17872
21031	3	16350
20452	0	20379
19114	0	15894
17168	3	17187
17132	0	17027
20444	0	20389
12906	3	16375
12653	0	12646
20391	2	12497
16015	1	16135
12600	2	12480
22661	0	22640
15670	1	15668
17115	0	17027
22392	1	22484
13573	0	13505
12523	3	17276
12609	0	12599
13786	0	13668
13728	2	12362
23382	0	23360
23748	4	23685
21485	3	21673
17455	1	17478
20409	0	20342
17332	3	14080
22556	1	22605
16444	0	16386
20380	2	12523
23498	0	23459
23438	2	12626
13178	1	13364
15978	0	15969
12856	3	17163
16497	0	16403
12753	0	12600
21772	2	21795
17262	2	12501
20068	2	12587
23098	3	12789
20086	0	20071
20453	0	20338
22535	2	12457
14465	1	14479
19778	1	19944
22722	2	12455
20424	0	20384
13484	0	12998
15665	0	15555
12736	0	12600
20280	2	12494
12589	3	14780
13745	0	13739
20436	0	20338
16215	1	16252
23626	0	23670
22725	0	22711
21794	2	12906
12745	0	12600
23625	1	23666
14701	2	12628
20407	0	20384
16357	0	16321
20391	3	14495
13668	2	13839
23609	0	23670
23439	2	12585
12728	0	12600
21774	0	21769
15753	0	15555
20415	0	20518
15116	1	15115
16969	2	12905
12605	2	12585
20524	0	20338
18698	0	18623
15292	1	15385
13042	0	12994
17689	0	17669
23145	1	23166
16972	0	16970
20424	0	20518
23592	0	23670
20065	0	20035
16937	0	16933
12711	0	12600
17307	0	17309
15736	0	15555
16963	3	17022
14912	1	14911
13484	0	13482
20732	0	20661
20392	2	12587
17672	0	17669
13971	0	13668
18434	2	12494
20407	0	20518
12421	3	14778
16184	2	13711
20116	2	12483
12998	3	13403
16923	0	16850
13034	0	12994
15873	2	12496
13130	0	12994
17663	2	12423
14076	0	13668
17422	2	12535
23937	0	23685
20199	0	20144
23337	1	23341
14988	1	14987
20344	0	20382
15555	2	12426
13017	0	12994
16850	2	12592
20338	2	12822
14097	3	14085
20036	0	20030
23578	2	12500
22401	0	22093
22737	0	22718
24000	0	23955
20182	0	20144
12496	3	17042
13864	1	13884
18656	0	18623
20931	0	20923
13000	0	12994
22649	0	22643
16076	3	17485
14308	3	14352
22959	2	12596
12407	3	14307
23903	0	23685
22043	0	22021
23983	0	23955
22093	2	22726
18439	0	18434
19680	1	19871
12479	3	17042
21944	0	14701
12817	3	14325
14147	0	13668
13735	2	13776
20086	1	20109
19017	3	17182
14145	1	14165
19060	2	14304
16501	0	16386
16047	1	16145
12586	3	14326
19038	2	12589
18623	2	18925
22970	0	22956
16968	3	15586
20304	0	20278
21092	0	21079
12424	3	14441
20687	0	20666
13089	0	12998
17460	0	17441
16966	3	17022
23895	0	23685
21800	0	21795
13685	0	14360
16484	0	16386
20666	2	13776
13492	0	13504
23505	1	23560
20519	2	12497
13154	0	12996
17532	0	17496
13072	0	12998
12500	3	14313
13928	0	13909
17669	2	12589
23902	4	23685
17843	0	17781
18943	0	18925
12860	2	12527
12611	0	12603
22668	0	22639
13177	0	12998
21273	1	21380
17515	0	17496
23685	3	17815
13055	0	12998
12868	2	12867
15935	1	15946
16050	0	15971
17429	0	17358
16207	1	16230
14097	3	14353
15731	4	15690
14467	0	14458
18926	0	18925
16930	2	12541
14234	3	17281
22364	1	22457
16857	1	16886
20447	0	20384
22651	0	22639
14659	0	14657
13160	0	12998
20279	2	12410
23327	1	23332
20439	0	20394
21688	2	12597
17931	0	17781
17685	1	17719
19206	0	19178
23868	4	23685
16033	0	15971
20434	0	20378
17166	2	12589
13668	2	12847
18681	0	18621
15567	0	15554
15852	0	15850
13143	0	12998
20430	0	20384
14150	0	13668
18007	1	18288
20422	0	20394
21846	3	16249
23098	2	12460
17914	0	17781
16163	1	16162
19189	0	19178
22745	0	22716
12546	0	12544
23377	0	23365
16016	0	15971
12359	2	12413
20435	0	20379
19750	1	19917
20417	0	20378
19305	1	19502
18664	0	18621
21170	0	21142
17316	1	17323
22722	2	12536
23151	0	23139
12675	1	12674
19634	1	20000
23778	1	23779
22728	0	22716
13196	0	12994
20089	0	20066
19040	2	19126
20672	0	20662
20414	0	20394
16922	2	12460
17798	0	17786
12421	3	23585
20637	0	20625
15894	2	14097
19178	2	12834
21795	2	12459
14489	3	14080
12460	3	14343
12941	3	17485
14834	0	14805
13179	0	12994
20918	4	20873
17740	0	17723
23464	1	23519
17285	2	17286
20669	2	12409
14512	2	14291
20402	0	20389
14297	2	12501
18818	0	18623
20116	2	20135
23954	2	20271
23225	4	23226
13162	0	12994
16294	4	16200
14295	2	12409
14249	0	14126
23606	0	19060
17202	1	17211
17501	1	17542
20441	0	20390
14204	0	13668
14704	3	13402
16848	2	12811
21772	2	20266
20446	0	20385
21561	1	21652
12600	2	12590
20558	0	20550
13145	0	12994
20744	0	20666
12416	3	14069
13450	0	12998
22123	1	22227
22739	0	22722
20442	0	20397
24057	0	23685
20729	1	20804
12908	2	12362
14455	3	12925
20727	0	20666
18539	4	18478
16386	2	16482
21318	1	21426
18975	3	17163
21948	0	21937
15477	0	15460
14126	2	13491
14805	3	14882
20048	0	20035
20710	0	20666
12562	1	12578
12547	2	12501
17259	2	12852
16633	2	13393
20902	0	20865
23956	1	24005
16252	4	16200
18646	0	18622
15894	2	13776
14306	3	14341
20697	0	20660
14570	1	14589
23364	2	12501
21573	0	21485
23684	1	23694
20006	2	12622
13747	0	13735
20404	0	20385
22652	0	22638
20396	0	20395
20370	2	12921
18629	0	18622
20844	2	14785
21556	0	21485
19368	0	19178
12647	2	12661
20383	2	12906
21772	3	13404
12684	4	12600
22782	1	22829
15953	0	15873
22635	0	22638
16966	2	12906
20746	0	20662
22014	2	12539
20380	2	20472
19772	1	19937
21539	0	21485
19062	2	15931
19351	0	19178
14193	0	14187
20517	0	20519
23438	3	23429
18124	1	18405
15812	0	15765
12996	2	12496
23437	2	17289
20037	0	20067
17420	2	12409
20388	2	12527
21522	0	21485
15568	1	15575
21777	0	21772
15795	0	15765
19040	3	19140
22719	2	13654
15907	0	15892
18068	0	17781
23495	1	23549
12643	4	12671
14063	2	13839
20196	0	20145
15971	2	16081
17838	0	17786
19222	1	19420
12601	2	12659
16197	0	16183
23221	4	23219
19040	2	19073
22663	0	22644
16742	0	16633
23855	1	23854
16980	0	16968
18051	0	17781
20451	0	20399
19143	1	19160
17724	0	17725
17032	2	12480
15050	0	14704
15151	4	14704
22646	0	22644
16725	0	16633
16433	2	13654
13938	1	14013
18034	0	17781
19062	2	17354
20667	2	12500
23669	3	12594
12460	3	21056
18935	0	18925
21770	2	12416
20429	0	20383
17514	0	17444
13512	2	13655
12613	0	12671
23746	4	23685
20039	0	20033
15138	0	14704
22740	0	22721
12589	3	14353
22967	0	22957
21089	0	21080
20412	0	20383
14802	2	14879
22660	0	22636
20684	0	20667
17497	0	17444
23282	4	23181
20524	1	20537
21340	1	21446
21797	0	21796
20349	2	12588
23987	1	24035
23614	0	23669
15811	0	15766
13668	2	12473
22121	0	22093
19040	2	16524
20409	0	20399
18703	0	18622
13841	2	12409
23991	0	23953
23834	4	23685
14406	1	14436
15226	0	14704
20400	0	20378
14295	2	12490
15794	0	15766
21177	0	21080
16313	0	16200
12608	0	12604
21768	2	12822
12455	3	14348
18647	0	18621
23269	0	23181
17312	0	17308
16683	0	16633
20453	0	20395
17677	0	17668
23974	0	23953
15268	0	15178
23508	1	23563
21160	0	21080
18630	0	18621
23252	0	23181
12490	3	17158
20673	0	20669
20436	0	20395
21339	0	21267
22093	2	12366
18111	1	18391
13560	0	13505
12548	2	12859
15251	0	15178
23957	0	23953
14674	1	14684
16279	0	16200
20396	0	20342
21184	0	21143
20738	0	20667
16988	0	16966
21322	0	21267
22742	0	22717
20519	3	15945
16186	2	14486
13543	0	13505
20187	0	20143
15234	0	15178
15669	0	15555
18613	2	12455
18927	2	12480
12845	3	23082
14258	0	14123
21167	0	21143
21697	1	21722
23218	0	23181
22553	1	22633
21068	2	21066
21305	0	21267
22015	2	15930
23208	4	23205
15217	0	15178
20455	0	20382
13128	0	12994
20369	3	20542
20709	0	20665
15892	2	13776
21150	0	21143
20634	0	20626
17669	3	14882
16411	0	16402
15650	1	15648
22975	0	22955
22042	0	21691
15635	0	15555
20692	0	20665
19308	1	19505
22720	3	17815
21297	0	21267
23952	2	12595
20074	1	20108
12590	3	14069
14459	2	12496
17172	1	17181
23365	2	12589
22717	2	14448
12662	3	14349
15740	0	15555
19673	1	19865
16728	1	16770
21991	0	21940
21905	0	21772
20119	0	20116
15486	0	15457
22958	0	22955
17537	0	17495
20675	0	20665
17032	2	12427
18503	0	18452
22195	0	22093
21060	2	12906
14468	1	14482
14726	0	14704
13182	0	12997
20595	0	20553
20075	0	20069
15469	0	15457
12504	2	12494
16359	1	16374
20845	0	20842
15954	1	15961
17288	2	17289
14489	2	12409
22178	0	22093
23007	0	22957
14709	0	14704
23605	1	23646
13165	0	12997
23578	2	14785
16974	0	16966
22405	0	22093
20444	0	20393
15283	0	14704
17444	2	12903
14240	3	14072
18469	0	18452
21564	1	21655
20561	0	20553
19334	0	19178
19066	0	19064
16433	2	12796
12479	3	15944
22388	0	22093
13668	2	12420
12609	0	12603
17444	3	13663
23346	3	12631
12630	3	17187
14833	0	14802
18946	1	18966
20440	0	20378
16876	0	16850
20432	0	20388
14701	2	12498
17135	1	17149
20732	1	20807
15275	0	14704
19317	0	19178
16617	0	16551
20390	2	12595
17259	2	17284
22371	0	22093
13669	0	13667
15308	0	15178
21691	2	22087
13668	2	13709
18573	1	18606
23439	2	12455
21981	2	12579
17929	0	17781
20415	0	20388
18459	4	18452
15258	0	14704
22738	0	22710
12618	3	17182
14362	2	14382
18479	1	18478
17262	2	12855
20424	0	20388
18468	4	18452
16965	2	12410
19062	2	12658
17203	0	17189
23436	2	23434
23997	0	17722
20865	2	12597
15241	0	14704
16485	0	16402
18995	0	18928
23095	0	23091
14455	2	14233
12421	3	21064
20407	0	20388
16721	2	12584
18451	4	18452
13668	2	12904
18017	0	17781
21035	0	21032
12786	3	14069
17134	0	17027
13736	3	13768
13668	2	13843
13740	0	13667
16190	1	16266
23376	0	23361
23139	2	12580
20628	2	12858
23952	2	12408
23389	0	21683
15892	2	14878
12526	3	21064
13003	0	12997
17502	0	17496
18000	0	17781
22580	1	22627
20355	0	20351
13042	0	12998
16194	0	16184
20607	3	15542
16964	2	12483
20176	0	20116
23997	0	23683
20732	0	20665
13572	0	13510
17267	0	17260
14803	2	12472
22093	2	12797
23604	0	19060
20737	0	20660
13130	0	12998
20159	0	20116
19156	0	19060
12461	3	15945
17023	0	17024
13555	0	13510
19128	2	16554
23286	4	23306
16003	0	15971
17063	0	17056
22674	0	22637
17138	1	17152
20720	0	20660
12503	2	12811
22107	1	22211
14918	1	14917
22737	0	22722
16963	2	12586
13538	0	13510
19596	1	19809
22657	0	22637
23445	0	23438
17668	2	13711
12480	3	15582
22649	0	22647
14308	3	14356
23094	0	23092
22746	0	22708
14362	2	12906
13523	1	13591
22721	2	12821
22043	0	22025
13521	0	13510
12585	3	15582
14821	0	14805
22048	0	22020
12599	2	12595
16086	4	15873
12586	3	14330
14728	1	14765
20553	2	12498
13691	1	13703
14123	2	12500
19038	2	12593
22428	0	22093
16969	2	12588
22955	2	12585
18805	0	18623
20606	2	20621
14804	0	14805
22552	0	22535
20687	0	20670
21343	1	21449
22031	0	22020
23971	0	23954
12535	3	13768
15069	4	14704
17799	0	17789
19285	1	19482
21235	0	21229
12461	3	14335
14947	4	14704
16188	0	16551
17032	2	12858
17532	0	17500
23208	4	23181
20065	0	20068
20629	0	20607
20385	2	15930
20184	0	20135
12500	3	14317
16174	4	15873
14704	3	14882
14064	2	12534
17053	2	12627
15991	0	15875
18943	0	18929
12417	3	21057
20403	0	20381
13668	2	13656
22668	0	22643
22997	0	22956
20382	2	13491
17515	0	17500
21691	2	12585
20167	0	20135
16056	0	15873
16672	3	23082
19340	1	19537
12501	3	13768
15035	4	14704
17520	0	17495
12496	3	16375
18926	0	18929
12503	2	12490
17882	1	18163
13060	0	12997
19113	0	19106
13916	0	13908
22651	0	22643
20885	4	20865
23154	1	23175
17663	3	16249
12587	3	21055
20439	0	20398
12539	3	14072
16558	2	16578
16564	0	16558
17669	2	14232
21859	0	21848
16039	0	15873
16821	1	16822
14650	0	14640
22989	0	22956
21871	0	21772
22641	2	12819
20889	0	20865
17503	0	17495
22986	1	23039
12479	3	16375
18859	0	18623
15463	2	12423
13043	0	12997
18677	0	18620
14149	0	13668
20422	0	20398
20028	3	14349
20844	3	20863
16022	0	15873
23683	3	23702
22745	0	22720
16435	1	16450
12994	3	13400
12359	2	12417
22972	0	22956
20435	0	20383
16970	3	15586
21854	0	21772
13148	0	12997
20872	0	20865
21328	1	21436
17921	0	17872
14562	1	14595
15873	2	12663
13908	2	12456
20427	0	20393
13026	0	12997
21700	1	21725
13668	2	14140
16920	2	14702
12364	3	14357
20195	0	20141
16850	2	12409
12651	0	12548
12752	4	12548
12817	3	14358
20035	2	20068
19741	1	19911
18669	0	18620
22728	0	22720
23111	0	23108
15483	0	15458
13131	0	12997
19040	2	19130
14246	1	14264
17904	0	17872
20672	0	20666
20410	0	20393
22021	2	12817
22056	0	22018
21683	3	15944
12600	2	12460
21154	1	21196
20178	0	20141
12842	2	12409
23996	0	23952
19130	2	12846
16859	0	16850
22093	3	22768
12460	3	14347
18652	0	18620
18009	0	17872
15178	2	12817
15466	0	15458
13114	0	12997
14608	0	14455
13970	0	13908
17887	0	17872
23979	0	23952
13054	1	13255
20161	0	20141
12718	4	12548
12637	4	12600
14303	3	21673
20402	0	20393
20116	2	20139
18635	0	18620
17992	0	17872
21031	2	12856
20170	0	20141
22806	0	22093
23670	3	17815
20550	3	16540
20678	0	20668
23360	3	12632
23962	0	23952
20382	2	17492
16100	4	15873
23259	1	23258
21261	1	21264
20446	0	20389
17975	0	17872
22806	1	22853
16184	2	16240
20744	0	20670
15224	0	14704
20153	0	20141
23359	3	14449
12587	3	21673
17112	0	17032
21229	3	15585
22739	0	22726
18080	0	17872
21172	0	21142
23608	1	23649
20727	0	20670
12735	1	12734
18095	1	18375
17100	0	17027
14618	1	14636
14805	3	14886
20710	0	20670
15555	2	12861
14365	0	14363
14463	0	14455
20394	2	12854
16433	2	16073
15620	4	15555
22715	2	12819
20135	2	18971
18949	1	18969
16986	0	16966
20443	0	20381
14836	0	14805
20715	0	20665
20394	2	16237
14306	3	14345
15200	1	15329
12963	0	12950
20735	1	20810
13754	0	13668
23390	0	23362
23835	1	23834
17419	2	15409
22351	1	22444
19692	1	19880
22652	0	22642
20142	0	20116
12768	0	12767
18576	1	18609
14819	0	14805
14561	1	14583
20164	0	16354
20426	0	20381
20396	0	20399
22670	0	22093
23373	0	23362
20390	2	13778
18634	0	18621
23338	0	23325
22022	2	12533
16867	0	16848
20625	2	16242
22635	0	22642
18660	0	18618
19599	0	19178
20080	0	20068
17027	2	17051
20147	0	16354
22653	0	22093
13842	0	13668
15892	2	15927
22542	1	22591
23804	4	23685
19137	2	12588
21233	0	21229
20418	0	20381
14402	0	14387
18617	0	18621
13668	2	12798
20037	0	20071
13736	2	12498
19063	2	14447
18623	2	14233
23686	0	23685
23235	4	23306
16167	0	15873
23601	0	23578
14308	3	14332
12359	2	12364
19687	0	19178
13512	2	12586
13668	3	14312
20308	1	20330
16197	0	16187
21101	1	21126
23221	4	23223
16495	1	16514
22025	2	22019
19670	0	19178
22663	0	22648
14245	0	14123
13737	2	12535
20412	1	20478
16389	0	16386
20735	0	20668
19775	0	19178
23954	3	17815
23570	2	12624
16920	2	12905
20740	0	20663
22646	0	22648
22877	0	22869
14466	0	14458
22743	0	22709
17494	2	12905
21548	1	21639
17141	1	17155
20723	0	20663
21689	2	12483
22110	1	22214
21229	2	16462
20079	0	20069
22528	2	12455
15892	2	15606
22660	0	22640
15552	3	15584
16977	0	16964
21940	2	12597
20706	0	20663
16922	2	15928
21305	1	21413
16216	0	16183
17585	2	12822
13668	2	12477
16403	2	12461
21683	3	16375
13008	0	12996
22093	3	13400
22186	1	22290
23866	1	23864
14065	2	13839
14547	2	12660
16849	2	16906
16199	0	16183
20400	0	20382
16969	2	12482
12855	3	17163
22957	2	12527
20845	1	20854
12455	3	14352
20698	0	20663
21700	0	21688
17166	2	14447
13916	0	13668
12483	3	14780
21273	0	21269
12473	3	17186
16558	2	12366
17588	2	12362
16182	0	16183
19288	1	19485
12740	4	12600
20681	0	20663
17265	0	16920
14617	0	14455
13693	0	14362
16403	2	12595
18942	1	18987
19064	2	12628
23090	2	12811
23374	0	23361
12548	2	12863
22978	0	16922
20135	2	12852
14547	3	16429
12786	3	20542
15787	1	15817
16988	0	16970
15898	0	15894
23717	1	23715
14145	0	14137
22742	0	22721
14185	2	14242
20842	2	12786
14188	2	12661
22014	2	12490
22798	0	22093
22044	0	20134
22970	0	16922
15106	1	15105
20454	0	20382
16824	1	16825
17358	2	12501
20455	0	20386
13128	0	12998
16186	2	15779
13984	0	13909
12703	0	12671
20709	0	20669
21867	0	21846
17899	0	17781
17288	2	12837
12596	3	21670
22053	0	22019
22781	0	22093
23836	4	23685
16001	0	15971
13970	0	13668
22027	0	20134
23831	0	23685
16438	1	16453
13512	2	12533
21155	0	21142
12997	3	13403
22975	0	22959
12375	0	12359
14524	1	14535
13967	0	13909
22530	1	22533
20692	0	20669
23941	4	23685
19580	1	19793
21850	0	21846
22036	0	22019
22050	1	22081
20399	2	12906
22141	1	22244
21770	2	16555
21031	3	17163
15486	0	15461
22958	0	22959
12358	0	12359
13950	0	13909
23823	0	23685
20675	0	20669
23924	4	23685
22744	0	22708
23999	0	23955
20181	0	20144
14187	2	12539
20408	0	20380
17786	3	17819
13199	0	12998
20350	2	12658
13082	0	12996
16920	2	12852
15469	0	15461
23002	0	22955
23475	0	23459
17970	0	17781
20520	0	20518
22422	1	22525
17374	0	17358
12480	3	19022
17292	2	16524
14306	3	14321
23982	0	23955
17525	0	17494
23591	0	19060
23911	1	23910
12905	3	15945
14260	0	14123
13065	0	12996
14189	0	13668
21943	0	14701
17189	2	12417
15751	2	12455
23458	0	23459
15969	2	16074
12439	0	12430
12604	2	12853
23789	0	23685
12683	1	12682
17357	0	17358
23437	2	12597
14294	0	13668
23449	0	23438
13170	0	12996
17290	2	14702
15790	1	15820
17508	0	17494
13048	0	12996
19710	1	19893
17049	2	17052
16187	2	16243
22809	1	22856
16043	0	15969
20066	2	12527
18849	1	18909
16403	2	12408
20391	2	12855
13153	0	12996
20440	0	20382
14492	3	17251
17308	2	12813
20432	0	20392
13031	0	12996
16026	0	15969
23459	2	14446
14260	0	13668
13136	0	12996
22745	0	22643
16721	2	12804
21848	2	12454
20415	0	20392
23156	0	23139
14458	2	12501
21066	2	12861
22738	0	22714
18063	1	18341
16009	0	15969
12650	0	12646
20183	0	20140
16824	0	16817
17496	2	13778
20032	2	12527
16607	3	17485
17428	0	17358
17027	2	13778
15899	0	15893
21913	0	21795
22728	0	22643
16633	2	16674
20279	2	12471
23361	3	23415
20042	0	20032
15847	4	15850
19205	0	19178
15992	0	15969
20392	2	12461
12527	3	23415
12548	3	12631
20010	2	12454
13735	3	13768
18945	0	18623
23365	3	12631
23376	0	23365
14827	0	14803
18485	1	18484
14816	0	14704
14917	4	14704
20016	0	20011
17502	0	17500
17444	2	12586
17800	0	17781
17962	1	18241
21231	1	21256
20088	0	20066
14810	0	14803
15182	1	15317
20671	0	20662
13073	0	12994
16633	2	13775
14731	1	14768
20392	2	12595
14904	0	14704
21858	0	21772
15005	4	14704
12861	3	17276
13168	1	13354
20917	4	20873
16355	1	16371
20628	3	12632
13443	0	12996
14370	0	14362
20409	0	20379
17370	1	17408
12944	3	12932
23115	0	23108
15873	2	12854
14887	0	14704
15971	2	12946
16991	0	16965
14455	2	12627
21953	0	21937
16498	1	16517
20448	0	20380
19063	2	12597
12865	2	12498
20338	2	12830
22955	2	12455
23968	0	23685
12649	0	12647
14387	2	14384
22737	0	22726
22014	2	12921
14236	3	14069
19040	2	12905
13677	1	13715
12716	4	12671
23592	1	23633
17585	2	12582
13823	1	13829
15589	2	15598
18019	0	17781
20557	0	20550
15971	2	14235
17781	2	14486
23951	0	23685
15872	4	15848
12653	1	12668
22746	0	22712
23378	0	23361
20449	0	20387
18124	0	17781
12598	0	12671
21551	1	21642
20145	2	13838
24056	0	23685
17874	0	17872
12908	2	12423
22113	1	22217
21816	0	21772
21691	2	12455
18107	0	17781
20155	1	20255
20719	1	20794
14308	3	12616
20385	2	20472
15894	2	15931
12601	3	12862
15607	2	13834
21799	0	21772
19057	2	12830
17417	0	17422
12461	3	14339
19250	1	19449
18090	0	17781
12418	3	12828
15627	1	15626
20184	0	20139
12500	3	14321
17908	1	18188
14159	0	14138
17025	0	17024
19262	0	19178
20519	2	12855
20403	0	20385
17448	0	17444
12458	3	14355
23950	0	17722
14978	1	14977
20167	0	20139
22330	1	22331
19002	0	18623
16185	0	16186
13059	0	12997
23360	2	15930
16554	3	23430
15893	2	12426
17288	2	12597
22022	3	12411
13563	0	13512
19057	2	16347
23129	4	23110
12587	3	15582
13668	2	12855
18616	2	12483
20923	2	14486
20728	0	20662
22050	0	22020
14156	1	14176
12545	2	12409
13186	1	13372
14138	2	12455
20668	2	12458
22745	0	22724
21770	2	21792
12461	3	15762
19137	3	13405
12994	3	13404
23362	3	12789
12359	2	12421
20435	0	20387
16402	2	14303
20427	0	20397
12642	4	12671
20138	2	12454
21687	1	21717
20195	0	20145
20939	1	20948
22728	0	22724
14384	2	12924
16254	4	16200
19586	0	19178
20923	3	16350
14125	2	12625
19781	1	19947
15937	1	15941
15555	2	12597
20186	0	20135
20410	0	20397
21313	0	21269
17259	2	12592
22733	0	22719
22056	0	22022
18990	1	19004
20178	0	20145
22960	0	22955
14074	2	12844
17032	2	12541
15784	3	15944
14512	2	12421
12460	3	14351
20381	2	12410
12969	0	12948
23193	4	23181
14304	3	14353
17284	3	13486
12465	2	12458
20161	0	20145
12950	2	12905
17522	0	17495
14186	2	14095
12430	2	12421
16920	2	17284
20402	0	20397
23298	4	23181
20138	2	12588
21981	2	22008
20116	2	20143
21361	0	21267
19063	2	15927
23379	0	23360
22137	0	22093
21088	0	21080
17505	0	17495
19657	0	19178
20683	0	20667
20446	0	20393
13817	2	12407
20257	0	20135
13681	0	14361
15975	0	15969
17795	0	17786
21524	0	21485
13668	2	12534
18452	2	18615
23130	0	23108
13150	0	12997
19640	0	19178
23264	4	23181
21271	0	21269
19272	1	19469
23692	0	23683
17049	2	12624
20544	3	13768
13481	0	12998
20175	0	20116
16047	0	15875
17443	3	14449
13133	0	12997
17769	0	17765
17893	1	18432
16930	2	12362
12921	3	14441
14803	3	14798
14463	0	14459
12541	3	23416
20158	0	20116
18025	1	18305
21159	0	21080
17610	0	17444
13056	0	12994
16986	0	16970
20517	0	20393
20443	0	20385
23120	4	23108
13491	3	15945
13116	0	12997
20715	0	20669
22726	3	22767
13972	0	13908
21499	0	21485
20279	2	12581
20178	1	20234
12409	3	17282
20302	1	20323
12796	3	21801
21745	2	12426
13039	0	12994
15664	4	15555
21183	0	21143
23234	0	23181
13817	2	13830
20139	2	17051
20426	0	20385
22709	3	22767
16548	2	14230
22741	0	22717
13435	0	12996
17663	2	12407
12613	1	12636
17444	3	17644
19039	0	19038
20431	0	20380
19153	0	19059
13481	0	13482
18660	0	18622
13022	0	12994
21130	1	21135
21166	0	21143
17295	2	12473
20085	0	20067
20408	0	16920
22123	0	22093
18532	4	18452
17231	3	17254
13005	0	12994
22527	2	12524
20633	0	20626
21769	2	13778
21754	0	21745
17668	3	14882
20397	2	12906
16431	2	12861
13014	0	12994
17781	2	18434
14308	3	14336
12929	1	12933
19614	1	19826
24055	1	24061
23360	3	14543
14063	3	14072
23917	0	23685
20865	2	14134
13869	0	13668
20531	0	20519
15800	0	15768
12595	3	17158
22189	1	22293
16601	1	16600
21990	0	21940
22025	2	22023
15185	1	15320
12586	3	14310
19076	0	19062
20350	2	12365
20967	1	20970
20338	2	12940
14570	0	14455
16562	0	16551
20144	2	12834
12478	3	21670
12477	3	21064
22194	0	22093
20554	0	20551
15765	2	12595
20398	2	20062
20740	0	20667
20149	0	20138
20385	2	12527
12548	2	12599
19128	2	12480
22743	0	22713
23246	1	23245
12461	3	21670
12460	3	21064
18490	4	18452
23571	1	23573
14370	0	13667
23340	0	23325
12509	0	12504
20438	0	20398
20425	0	20386
16756	0	16633
22177	0	22093
13682	0	14360
12868	2	12501
21513	1	21606
15904	0	15892
20381	2	20062
20723	0	20667
21328	0	21269
20690	1	20768
17258	0	17262
15811	1	15841
17444	2	15408
16549	2	12421
20421	0	20398
22660	0	22644
22918	0	22912
18630	1	18720
20560	0	20553
16977	0	16968
16532	1	16542
20706	0	20667
13546	0	13512
23683	3	12594
16849	2	12588
14832	0	14802
16982	0	16963
22033	1	22066
20439	0	20378
17056	2	12500
15130	1	15129
15784	3	16375
17423	2	12588
18927	2	14448
16616	0	16551
13529	0	13512
20625	3	14591
15152	0	14704
17903	0	17872
13743	0	13736
20400	0	20386
19688	1	19877
12455	3	14356
20198	0	20116
20422	0	20378
17511	0	17444
18625	0	18623
12505	0	12465
19203	0	19178
21940	2	14240
16633	2	12409
23369	0	23359
15194	0	15178
19777	0	19178
22924	1	22944
20742	0	20663
20348	0	20349
17292	2	12527
20681	0	20667
22912	2	12806
23435	2	23434
18469	1	18468
23374	0	23365
23434	3	23430
13531	1	13599
20414	0	20378
15808	0	15766
16920	2	12588
15177	0	15178
12819	3	15944
23669	2	12460
19760	0	19178
19060	2	12812
22719	2	12536
19291	0	19178
20725	0	20663
17494	2	12588
21370	0	21267
12460	3	14327
23988	0	23953
18614	2	16837
13668	2	13904
15969	2	12427
15791	0	15766
20743	0	20670
20357	1	20365
21174	0	21080
17441	3	14449
17843	1	17854
14715	1	14752
12662	3	23083
15903	0	15893
22671	0	22647
12591	3	13768
19274	0	19178
14150	0	14136
21353	0	21267
12610	0	12599
15265	0	15178
20454	0	20386
20726	0	20670
20455	0	20390
14124	2	13838
16976	0	16969
13707	3	15945
16445	0	16386
16558	2	12854
22572	0	22093
22053	0	22023
22021	2	12931
14805	2	12817
14159	1	14179
12842	2	12523
14126	2	14280
13189	1	13375
17358	2	12855
15248	0	15178
22959	2	12527
14246	0	14126
22574	0	22535
22912	2	14229
17662	0	17663
14990	0	14704
16030	0	15875
22714	2	12819
22036	0	22023
22997	0	16922
18670	1	18760
21235	0	17423
17725	2	13657
22557	0	22535
12595	3	14072
22041	0	22018
23475	1	23530
14123	2	12427
16386	2	16466
19784	1	19950
22744	0	22712
20189	0	20138
22726	3	12594
16013	0	15875
22736	0	22722
13537	0	13510
20408	0	20384
13955	0	13908
20680	0	20668
12456	3	13486
18101	1	18381
12848	3	15762
22024	0	22018
23777	1	23775
16102	4	15873
23610	0	23670
20172	0	20138
23440	2	12585
12802	2	12419
22709	3	12594
14306	3	14325
19017	3	12925
15996	0	15875
15879	0	15873
21485	3	20962
16248	3	15762
15474	0	15460
14064	2	12461
13938	0	13908
14498	2	12424
19725	1	19984
16364	0	16933
12615	3	21670
23987	0	23954
15969	2	16078
16085	4	15873
20396	0	20379
18643	0	18622
19148	0	19040
17960	0	17872
20041	0	20066
16187	2	16247
23970	0	23954
18708	0	18620
18065	0	17872
13569	0	13512
17262	3	17276
17588	2	12529
18626	0	18622
12527	3	13486
17943	0	17872
20677	0	20660
20592	1	20599
19365	0	19178
14465	0	14455
19060	2	12625
17423	2	12535
14186	2	12595
12673	0	12548
12581	3	21670
19275	1	19472
15622	4	15555
14232	3	17278
13001	1	13210
15950	0	15873
18048	0	17872
21365	1	21481
20734	0	20668
20901	4	20865
14124	2	12362
16848	2	14702
20379	2	12854
16055	0	15873
23921	0	23685
22738	0	22718
12680	4	12548
13668	2	14067
15933	0	15873
18452	2	13732
18031	0	17872
20379	2	16237
14555	0	14547
20420	0	20391
19112	0	19106
14553	0	14455
15555	2	15553
15873	3	14885
19040	2	19057
15893	2	12483
16038	0	15873
20451	0	20383
13523	0	13510
23365	2	23364
16431	2	12621
18014	0	17872
20338	3	14080
12455	3	15942
17494	2	12535
23239	4	23240
20630	0	20627
19018	3	17182
15739	1	15746
16502	0	16386
15165	4	14704
16407	0	16403
14604	1	14622
20595	0	20590
12699	1	12698
16021	0	15873
14124	2	12496
16739	0	16633
18645	0	18618
16969	3	15586
21093	0	21079
12504	2	12531
17495	3	14080
22734	0	22093
22882	1	22901
17444	2	12590
17760	1	17772
12751	4	12548
16722	0	16633
18628	0	18618
22137	1	22241
17133	0	17129
16721	2	14231
20671	0	20666
12367	1	12387
20743	1	20818
12734	4	12548
15558	0	15555
15873	3	12925
17232	0	17231
20008	2	12500
15465	0	15458
20737	0	20668
20844	2	14232
21144	1	21186
19132	0	19130
14698	2	12426
20556	1	20574
16208	0	16184
23680	0	23682
20409	0	20383
14489	3	14495
20116	2	12845
17932	1	18212
17174	0	17168
14660	0	14657
20720	0	20668
23674	0	23578
15875	2	14599
21689	2	12597
17195	2	12846
15118	0	14704
23359	3	12632
20453	0	20379
14958	1	14957
18699	0	18618
19064	2	14702
20186	0	16354
19706	1	19890
17691	0	17668
12597	3	15945
13881	0	13668
16183	2	16240
22310	1	22311
21233	1	21247
12747	0	12548
15894	2	13707
19743	0	19178
22746	0	22716
19617	1	19963
13510	2	12526
16979	0	16964
14547	2	12424
20449	0	20391
20436	0	20379
20399	2	14496
14455	3	14495
22796	1	22843
20401	0	20342
17674	0	17668
18836	1	18896
21157	0	21080
21743	2	12621
17740	1	17743
16963	2	14233
23325	3	12632
17060	0	17056
23439	2	12626
13557	0	13505
15980	1	16057
22734	0	22711
20638	0	20625
23623	0	23578
12605	2	12626
23232	0	23181
12461	3	14343
22722	2	12630
14835	0	14805
17737	1	17759
12848	3	21670
17861	1	17867
15247	1	15351
24002	0	23954
13540	0	13505
20184	0	20143
12500	3	14325
13485	0	12998
20669	2	20663
16219	0	16187
17789	3	17818
13909	2	12586
12370	1	12390
20403	0	20389
22955	2	14232
21244	1	21253
23985	0	23954
23825	1	23824
20167	0	20143
16354	2	12461
12720	0	12600
14787	1	14792
20389	2	13778
13961	1	14037
17229	2	12501
16358	0	16321
20035	2	12587
12999	0	12998
20420	0	20338
12503	2	12498
19138	2	12905
12601	2	12590
17444	2	15786
12501	3	17159
16968	2	12474
22736	1	22758
17496	2	14079
19040	2	12588
12607	0	12600
17669	2	14240
13534	1	13602
12558	0	12547
15632	0	15555
22355	1	22448
13451	0	12998
16938	0	16933
12712	0	12600
20728	0	20666
21486	0	21485
15718	4	15636
14702	3	13768
21691	2	14232
15737	0	15555
22641	3	13402
21234	2	16465
22571	0	22536
13485	0	13482
22743	0	22636
16324	0	16321
14568	0	14455
17027	2	12924
14718	1	14755
22022	2	14233
16354	2	12595
17669	2	12496
12695	0	12600
23098	2	12822
15488	1	15528
17260	2	12852
20551	2	12457
22670	0	22638
23073	0	22959
14673	0	14455
20903	0	20865
12420	3	12828
20716	0	20661
15975	1	16091
13955	0	13668
19038	2	19046
23319	4	23197
22733	0	22723
22735	0	22636
15703	0	15555
22960	0	22959
20279	2	12906
16485	1	16504
20523	0	20391
22653	0	22638
20674	1	20752
20699	0	20661
21032	3	14080
13938	0	13668
21557	0	21485
17290	2	12588
17056	2	12423
22712	3	13402
19351	1	19548
15569	0	15553
12856	3	13768
12483	3	14357
20342	2	12940
14295	2	12421
22385	0	22093
15554	3	15579
22044	0	22021
12996	2	13395
20166	0	20144
19787	1	19953
21540	0	21485
23379	0	23364
20192	0	20141
18440	0	18434
21945	0	14701
20691	0	20661
16873	0	16850
20715	1	20791
16566	1	16575
21991	1	22013
22368	0	22093
15969	2	14094
15936	0	16930
22027	0	22021
15892	2	19050
23993	0	23952
20118	0	20112
20350	2	12906
13668	2	12538
21981	2	20268
20449	0	20338
20674	0	20661
16856	0	16850
17220	2	16845
14203	0	14184
16485	0	16386
16411	1	16424
12644	4	12671
15986	1	16097
17166	2	12630
22351	0	22093
23950	0	23955
20337	2	12490
12858	3	23429
19237	1	19436
21778	0	21769
23879	0	23685
22957	2	12588
23098	2	12501
15607	2	12846
15461	3	12789
21315	0	21269
23578	2	14448
16200	2	16318
18711	0	18623
17516	0	17496
16558	2	12427
23443	0	23435
19113	0	15894
13056	0	12998
16184	2	12410
20141	2	12461
17131	0	17027
19149	1	19166
14468	0	14458
23764	4	23685
16929	0	16931
19278	1	19475
22985	0	22957
13121	0	12996
17262	2	17295
18694	0	18623
17499	0	17496
22021	2	12854
13039	0	12998
14081	0	14082
16633	2	14694
13783	1	13801
22741	0	22721
14363	2	13726
14566	1	14586
22968	0	22957
20431	0	20384
13144	0	12998
20338	2	12460
13104	0	12996
23226	1	23225
13022	0	12998
16633	2	12600
12764	1	12776
22029	0	22017
23852	4	23685
16017	0	15971
15977	0	15969
23181	2	16397
13009	1	13217
17735	1	17748
18665	0	18621
20085	0	20071
13127	0	12998
16933	2	16931
16848	2	12852
12458	3	15945
20406	0	20394
13005	0	12998
13125	1	13316
19020	3	19023
23619	1	23660
22052	0	22019
23992	0	23953
22721	2	12455
21369	0	21269
13861	0	13909
14839	1	14877
22026	0	20134
16000	0	15971
18654	1	18744
21688	3	13508
20705	1	20782
12735	0	12600
13192	0	12996
13014	0	12998
18648	0	18621
14308	3	14340
13110	0	12998
15239	1	15439
13966	0	13909
17785	0	17781
17367	0	17356
14226	3	23585
22093	2	22714
15969	2	12618
22814	1	22859
23975	0	23953
23717	0	23685
23266	4	23306
15983	0	15971
23818	4	23685
18085	1	18365
14404	1	14452
22636	2	16081
19041	3	15944
13058	0	12994
16356	0	16321
18631	0	18621
12586	3	14314
12650	1	12664
20071	3	13661
20746	1	20821
17669	2	13732
23958	0	23953
18925	2	16909
23249	4	23306
13163	0	12994
16968	2	12905
16548	2	12624
14205	0	13668
13041	0	12994
17873	0	17781
19062	2	12455
23441	2	23432
20920	4	20880
15951	2	12362
12548	2	12603
13146	0	12994
17935	1	18215
20425	0	20390
14259	0	14123
17789	2	12496
17500	2	12586
17671	0	17669
17856	0	17781
17045	2	12621
20118	1	20126
23092	2	12416
21306	0	21267
21795	2	20473
23901	1	23900
12852	3	17278
14306	2	12817
13129	0	12994
23071	0	22959
22738	0	22641
17507	0	17494
15894	2	12662
17496	2	13705
15857	4	15848
13047	0	12996
22656	0	22643
17839	0	17781
13491	3	15762
16412	0	16402
15709	1	15708
19062	2	12589
13505	2	13499
14838	0	14704
20899	4	20865
22994	0	22956
20439	0	20382
13112	0	12994
15951	2	12496
17338	0	17327
20711	0	20666
21832	1	21831
23919	0	23685
14154	0	13668
18839	1	18899
18012	1	18292
16253	4	16200
15463	2	12407
20298	1	20320
17306	2	17310
22957	2	12535
13668	2	13774
20422	0	20382
22026	0	21691
20694	0	20666
20007	2	12622
23155	0	23139
13668	3	14349
17428	0	17419
20032	2	12588
18856	0	18623
14126	2	12861
13668	2	14124
23360	2	12661
17781	3	13400
14402	1	14433
20076	0	20069
19016	3	17182
17789	2	17302
23499	1	23554
22969	0	22956
12455	3	12616
16920	2	12592
16325	1	16337
21796	2	12478
20391	2	12461
18839	0	18623
18487	0	18452
12409	3	23060
19352	0	19178
23990	0	23685
23439	3	23429
15463	2	12541
23099	0	23090
19130	2	12830
12460	3	14331
20369	2	20545
22121	1	22225
23892	4	23685
22093	2	22527
12545	2	12523
23364	3	12631
15461	2	12460
14790	1	14795
14149	0	14136
19335	0	19178
22672	1	22701
14150	0	14140
20670	2	12458
19067	0	19064
15796	0	15765
16850	2	12527
20116	2	13707
12610	0	12603
13537	1	13605
16818	2	12835
16984	0	16963
16933	2	12906
20454	0	20390
20441	0	20378
20309	0	20280
20455	0	20394
17465	0	17443
17947	0	17781
23961	0	23683
13690	0	14362
23976	0	23952
19318	0	19178
20391	2	12595
16850	2	16849
13531	0	13512
22176	1	22280
17260	2	17284
16431	2	12812
12548	2	12416
13741	1	13758
15309	0	15178
20377	0	20387
23440	2	12455
22316	1	22317
22746	0	22639
17930	0	17781
14462	0	14459
12544	2	12596
20405	1	20495
23959	0	23952
22739	0	22710
18948	0	18927
20442	0	20385
13514	0	13512
15491	1	15531
20116	2	12902
15292	0	15178
18035	0	17781
22041	0	22022
21060	3	21064
17913	0	17781
22744	0	22716
15034	0	14704
16486	0	16402
16385	1	16393
22736	0	22726
20397	2	14496
18931	0	18927
20256	0	19057
15555	2	12845
18018	0	17781
20677	1	20755
22024	0	22022
12417	3	23082
17896	0	17781
14306	3	14329
13751	0	13735
19354	1	19551
13004	0	12997
13735	2	12906
18857	1	18917
17027	2	12363
20636	0	20625
18001	0	17781
23615	0	23669
20356	0	20351
17781	2	12453
16841	2	13704
20396	0	20383
16310	4	16200
20196	1	20251
23438	2	12858
18106	0	17781
18618	2	13657
12960	0	12950
18537	4	18508
21696	0	21689
16049	0	15875
16848	2	12478
21798	0	21772
16192	0	16200
14248	0	14126
19715	1	19896
22576	0	22535
18089	0	17781
14550	1	14593
14089	3	21064
14465	0	14459
19060	2	12629
19040	2	15894
23370	0	23362
14992	0	14704
18621	2	13775
16032	0	15875
15088	0	14704
14063	2	12538
19240	1	19439
16276	4	16200
20721	0	20660
12604	3	12631
19663	1	19859
13744	1	13761
14141	0	14138
16015	0	15875
22738	0	22722
12592	3	23415
17786	2	12582
21356	1	21475
20353	1	20362
16650	0	16633
23446	0	23438
16259	4	16200
20420	0	20395
13491	3	21670
21991	0	21981
22722	2	12821
21168	0	21143
17452	1	17475
20451	0	20387
15859	0	15848
16009	1	16148
21981	2	16674
13573	1	13641
22049	0	22020
13786	1	13804
21563	0	21485
22334	1	22335
14801	1	14841
16738	0	16633
21151	0	21143
20519	2	12461
23202	0	23181
12867	2	12453
18452	2	12931
18011	1	18291
21707	0	21692
21289	0	21267
14066	2	12586
22032	0	22020
14455	2	12501
22776	1	22823
20135	2	14446
21555	0	21485
18092	0	17781
12587	3	17282
15931	3	16375
20671	0	20670
22740	0	22709
21690	0	21692
12910	0	12909
17444	2	12944
20185	0	20135
15555	2	12658
20667	2	13777
14065	2	12534
15053	4	14704
18657	1	18747
20708	1	20785
20676	0	20665
12968	0	12948
15465	0	15462
16041	1	16150
13668	2	12461
13728	2	12407
18616	3	12499
20409	0	20387
15470	0	15457
18088	1	18368
17521	0	17495
20434	0	20342
21037	0	21031
16444	0	16431
20659	0	20665
13061	0	12997
21288	1	21397
24054	0	24053
12455	3	14336
12860	2	12625
16040	0	15873
22179	0	22093
14918	0	14704
21872	0	21772
20453	0	20383
21958	0	21940
20383	2	20062
22642	2	12819
18699	0	18622
17504	0	17495
23849	1	23848
20417	0	20342
14062	2	13839
22093	2	14448
13044	0	12997
14206	1	14225
16183	2	16244
22015	2	15784
16741	0	16633
16633	2	16711
22991	0	22957
13668	2	12595
20562	0	20553
21855	0	21772
20436	0	20383
20042	0	20069
21941	0	21940
16979	0	16968
17938	1	18218
14803	3	12631
20449	0	20395
12480	3	15944
18146	0	17781
13027	0	12997
23670	2	12501
12730	4	12671
12585	3	15944
12855	3	17281
13132	0	12997
16432	2	13654
19158	0	19059
13956	0	23459
22734	0	22715
12601	2	12460
12877	0	12868
14817	0	14802
20437	0	20390
12605	2	12630
15894	2	12906
15895	0	15894
17688	1	17710
20714	0	20669
20038	0	20033
22355	0	22093
18448	3	23585
19074	0	19127
14074	2	12584
20669	2	20667
18613	2	13732
13492	1	13506
16321	2	12362
22425	1	22517
23998	0	17722
12962	1	12984
15242	0	14704
21747	0	21743
12819	3	23413
14802	3	12862
16696	1	16705
15120	0	14704
17525	1	17569
23361	3	12632
20420	0	20342
23981	0	17722
16818	2	12595
15225	0	14704
13741	0	13667
12417	3	15942
16567	0	16551
23390	0	21683
15793	0	15766
20084	0	20067
18994	0	18991
19717	0	20009
17879	0	17781
20745	0	20667
23964	0	17722
13687	0	14363
15208	0	14704
21683	3	12789
22584	0	22720
23373	0	21683
14489	2	14491
16321	2	12496
22977	1	23030
22124	1	22228
15284	1	15379
15638	4	15555
15754	1	15760
23683	2	20271
23359	3	14543
20116	2	12662
17101	0	17027
14547	2	12457
12455	3	17182
22675	1	22704
22093	2	22771
15191	0	14704
20552	1	20571
20134	2	12848
18945	0	18928
14366	0	14363
15799	0	15768
14722	0	14704
21319	1	21427
20551	2	12461
22999	0	22955
16987	0	16966
21949	0	21938
20444	0	20381
12472	3	17158
20716	0	20665
19075	0	19062
15296	0	14704
23929	1	23931
20518	3	15945
12496	3	12899
12597	3	15762
13690	0	13667
17423	3	14080
20551	2	12811
20521	0	16920
22982	0	22955
23329	1	23335
13668	2	12408
19670	1	20003
20699	0	20665
21796	2	12856
21304	0	21267
14123	2	13830
12500	3	14358
18452	2	12423
20398	2	20473
17781	3	18450
23006	1	23064
15693	1	15692
15554	3	15583
22044	0	22025
12909	2	12625
17960	1	18238
13522	0	13510
20391	2	20544
15943	3	17161
19705	0	19178
20428	0	20388
14403	0	14387
16920	3	14080
20381	2	20473
17220	2	12527
16931	2	12617
20197	0	20140
14446	3	15944
22018	2	12457
22027	0	22025
17494	3	14080
15892	2	19054
16718	1	16719
20279	2	12455
19688	0	19178
12625	3	15944
19219	0	19178
17722	2	12597
21375	0	21267
20180	0	20140
23952	2	14490
20625	2	20658
22412	0	22093
16848	2	16910
13817	2	13704
16861	0	16849
20386	2	15930
19188	1	19387
20006	2	12854
22957	2	12592
19671	0	19178
13668	2	13831
17199	1	17208
15765	2	14079
15299	0	14704
20310	1	20331
20163	0	20140
20544	3	20542
18614	2	13731
14931	4	14704
23462	1	23517
14188	2	12592
20607	3	14591
19776	0	19178
17516	0	17500
16501	1	16520
22664	0	22645
16964	2	12471
15282	0	14704
16750	0	16721
13948	1	14024
15766	2	12366
13431	1	13457
21796	2	12535
16964	3	17018
21745	2	14878
17499	0	17500
17792	1	17805
21860	0	21848
21267	2	12619
22387	0	22093
13521	1	13589
22342	1	22435
13747	1	13764
12480	3	16375
18573	0	18452
12482	3	17042
18567	1	18600
12545	2	12580
14897	4	14704
20431	0	20388
16440	0	14547
16023	0	15873
12585	3	16375
22370	0	22093
22029	0	22021
14901	0	14704
19002	0	18928
15555	2	12418
20733	0	20660
15304	1	15435
22744	0	22639
21768	2	12786
13009	0	12996
21940	2	14785
17607	0	17444
23925	1	23924
22737	0	22710
20406	0	20398
22723	3	22767
14367	0	14362
16006	0	15873
22052	0	22023
22729	0	22720
22637	3	12594
12548	2	12473
12842	2	12584
18826	0	18623
13010	0	12997
20338	2	20519
13866	0	13908
12822	3	17187
23392	0	23361
20923	2	20618
22093	2	22718
15989	0	15873
17033	1	17038
21812	1	21811
17518	0	17496
22779	1	22826
18863	1	18923
17616	0	17588
17888	0	17872
12908	2	12407
18005	1	18284
17500	3	16249
17992	1	18272
12586	3	14318
20421	1	20497
23375	0	23361
20188	0	20138
12534	3	16375
13163	0	12998
22771	2	22866
18660	1	18750
20711	1	20788
17501	0	17496
17599	0	17588
22023	2	12854
20042	1	20054
17871	0	17872
17452	0	17443
23441	2	23436
13677	0	14362
12461	3	14323
12702	4	12548
23358	0	23361
18619	0	18620
17976	0	17872
18535	4	18508
13146	0	12998
14675	1	14685
17113	0	17032
20425	0	20394
17027	2	12420
19233	1	19433
20380	2	12812
23010	0	22956
21173	0	21142
17959	0	17872
12852	3	17282
13129	0	12998
20011	2	12662
20137	0	20141
16526	3	16540
17891	1	18172
14183	0	14185
12460	3	15945
15892	3	21670
22656	0	22647
12597	3	21670
22054	0	22019
15553	3	12594
20519	2	20544
12935	3	12938
13505	2	13503
18452	2	14598
15991	1	16064
21156	0	21142
17168	2	12662
17942	0	17872
13112	0	12998
20439	0	20386
12376	0	12359
20711	0	20670
22722	3	22768
13968	0	13909
16186	2	12490
13449	1	13475
14837	0	14805
15651	1	15649
16431	2	15931
14530	1	14541
22156	1	22260
20422	0	20386
21745	2	12597
14124	2	12423
20694	0	20670
22745	0	22708
22786	0	22771
12769	0	12767
14188	2	12539
13668	3	14353
14820	0	14805
17428	0	17423
20427	0	20381
14455	2	12424
20338	2	12627
14805	2	14785
17691	1	17713
12817	3	14346
21769	2	12660
22728	0	22708
15568	0	15553
16356	0	16354
22742	1	22770
16968	2	12588
22726	2	16081
22023	2	12533
13842	0	13843
17731	1	17745
17293	2	16524
23181	2	14120
20081	0	20068
12923	3	15942
20410	0	20381
17526	0	17494
14065	2	12457
23135	4	23126
22428	1	22520
20046	0	20031
14190	0	13668
12965	1	12987
23615	1	23657
17522	1	17546
12440	0	12430
20369	3	14358
23383	0	23359
12460	3	14335
12625	3	16375
15607	3	12594
20842	2	14303
22709	2	16081
17509	0	17494
20029	0	20031
17732	0	17725
22093	2	17054
12604	2	12597
14149	0	14140
20402	0	20381
15796	0	15769
17167	0	17166
18627	0	18618
23148	1	23169
17612	1	17638
17132	0	17129
22815	1	22862
19112	1	19122
17234	1	17245
20199	1	20254
13687	0	13668
22980	1	23033
21795	2	12585
20377	0	20391
20135	2	12409
22746	0	22643
13510	2	12453
16932	0	16930
13792	0	13668
15865	4	15850
22739	0	22714
15994	1	16067
12882	0	12867
20888	0	20865
20442	0	20389
19654	0	19178
14366	0	13668
23278	4	23181
20434	0	20399
15900	0	15893
21914	0	21795
12588	3	13768
15894	2	12479
21775	0	21768
17922	1	18202
21693	2	21688
19637	0	19178
20417	0	20399
15555	2	12849
12592	3	21057
20702	0	20668
18998	1	19010
20976	0	20865
18946	0	18623
14948	1	14947
14306	3	14333
14828	0	14803
16978	0	16964
13751	0	13739
13980	1	14056
17681	1	17704
22055	0	22018
20177	0	20141
14698	2	12621
16133	4	15873
21267	2	12595
13841	2	12588
22711	2	12819
12592	3	13486
15678	4	15555
20396	0	20387
22959	2	16402
14122	0	14125
23069	0	16402
12758	4	12600
17063	1	17080
23978	0	23952
20531	0	20369
12503	2	12425
16933	2	12589
12636	4	12600
20451	1	20509
15559	0	15551
22723	3	12594
16633	2	12580
20942	0	20865
23365	3	13664
20160	0	16354
20072	0	20066
13156	1	13342
24001	0	23954
18950	0	18927
13668	2	12786
18096	0	17872
22877	0	20279
14308	3	14320
12724	4	12600
23984	0	23954
20116	2	12585
18933	0	18927
18079	0	17872
13668	2	14075
20665	2	12630
20420	0	20399
15971	2	16073
14146	0	14137
18925	2	18983
17195	2	12586
17495	2	14079
12606	0	12600
15636	4	15555
23967	0	23954
13951	1	14027
22663	0	22636
17100	1	17104
21043	1	21054
17768	0	17761
20451	0	20391
12700	4	12671
22659	1	22688
17795	1	17808
13866	0	13668
15769	2	15782
12430	2	14446
12423	3	17186
20393	2	12854
13524	1	13592
22345	1	22438
14455	2	14599
22646	0	22636
18570	1	18603
20393	2	16237
22570	0	22536
14567	0	14455
22954	0	16922
14066	2	12590
13849	0	13668
20370	2	12592
17587	1	17619
12687	0	12671
15499	0	15463
20564	1	20582
21981	2	12490
22553	0	22536
22037	0	22019
23820	4	23685
17953	1	18232
14550	0	14455
13954	0	13668
22740	0	22713
20185	0	20139
12458	3	21670
15478	1	15518
12677	0	12600
19745	1	19914
22732	0	22723
23337	0	23325
21679	3	21670
16866	0	16848
13095	0	12998
20278	2	12906
21940	2	12585
13951	0	13909
20377	0	20338
20522	0	20391
20719	0	20663
16978	1	17002
12670	0	12671
14655	0	14455
15482	0	15463
15544	1	15547
20280	2	12409
19265	1	19462
20676	0	20669
13937	0	13668
12927	2	12935
21033	0	20865
13159	1	13345
15470	0	15461
15607	2	12423
22915	0	22912
13078	0	12998
21184	1	21226
13934	0	13909
12855	3	13768
20659	0	20669
23908	4	23685
23361	2	15930
13920	0	13668
12455	3	14340
19030	0	19020
19341	1	19538
22023	3	12411
19181	1	19381
18639	0	18623
20018	0	20010
16872	0	16850
13917	0	13909
17053	2	17047
16056	0	15971
16613	0	16551
16195	0	16183
23966	0	23955
20011	2	13711
18704	0	18621
23375	1	23426
14244	0	14123
16965	2	12455
19138	3	13405
20449	0	20399
17335	0	17332
20673	0	20661
19130	2	12460
12827	1	12839
12548	2	12851
23773	0	23685
17056	2	12618
16039	0	15971
23874	4	23685
14068	2	12586
18687	0	18621
17261	0	16920
13032	0	12996
17585	2	14233
22104	1	22208
13505	2	12458
17053	2	16242
20035	2	12461
16022	0	15971
14372	0	14361
14656	2	13733
17260	2	12592
14185	2	14230
22734	0	22719
20425	1	20459
17160	3	17161
16933	2	12536
12606	1	12638
21691	2	12817
16633	2	12527
20437	0	20394
13137	0	12996
23442	0	23435
19112	0	15894
13015	0	12996
20140	2	12461
12651	0	12646
20033	2	12527
13452	1	13478
23739	0	23685
16965	2	12589
14363	2	12498
15223	1	15421
13120	0	12996
20260	1	20264
21796	2	12592
23513	0	23459
14061	1	14071
23140	0	23139
22045	0	22017
15993	0	15969
16973	0	16969
22093	2	22641
23692	1	23703
13103	0	12996
23952	2	12587
15873	2	15928
23496	0	23459
22028	0	22017
12854	3	14355
15976	0	15969
21772	2	12663
18824	0	18623
20084	0	20071
13086	0	12996
23216	1	23215
21795	3	21807
22431	1	22523
14187	2	12527
21272	0	21269
23479	0	23459
12968	1	12990
22994	0	16922
22584	0	22724
22017	2	12526
20545	3	13768
15059	1	15060
21232	0	17423
15024	1	15023
12727	0	12671
18644	1	18734
12455	3	17186
16693	1	16701
18612	0	18614
20006	2	12590
16920	2	20545
17611	0	17444
16355	0	16321
22999	0	22959
20716	0	20669
23437	2	12585
19076	0	19127
16047	0	15969
20865	2	20965
15100	1	15099
15894	2	12589
17237	1	17248
21954	0	21937
22983	1	23036
12603	3	12631
20522	0	20338
14187	2	12661
17594	0	17444
13040	0	12994
17687	0	17669
22982	0	22959
14202	1	14222
23847	0	23685
20699	0	20669
23948	4	23685
20865	2	12455
16935	0	16933
19182	1	19380
15997	1	16070
16975	0	16965
20432	0	20380
12658	3	15944
14532	1	14545
20390	2	12587
13023	0	12994
17670	0	17669
13743	0	13667
20391	3	14357
15756	0	15751
16683	0	12600
21794	2	20473
17925	1	18205
17502	1	17579
20428	0	20392
20415	0	20380
23070	0	22959
23935	0	23685
23580	0	23578
23148	0	23137
20197	0	20144
12873	0	12865
15555	3	15762
20398	2	12906
15556	0	15552
16431	2	14699
12503	2	12535
12601	2	12627
20607	2	20625
14061	0	14063
16848	2	12592
17986	0	17781
24000	0	23683
17684	1	17707
19040	2	12625
20034	0	20030
14199	0	14187
23998	0	23955
20180	0	20144
14701	2	12624
15699	1	15698
18091	0	17781
20381	2	12906
22709	2	12621
22421	1	22514
17969	0	17781
23983	0	23683
17026	0	17024
14124	2	12480
23901	0	23685
23981	0	23955
20163	0	20144
13692	0	13667
12471	3	12616
18074	0	17781
13668	2	14185
20168	0	20139
20150	0	20138
23964	0	23955
23448	0	23438
21090	0	21079
21940	2	22010
17605	1	17632
20350	2	12459
18057	0	17781
17458	0	17441
15873	3	15942
17730	0	17725
13683	0	14360
20151	0	20139
14499	1	14504
23989	0	23685
17032	2	12582
20338	2	20389
12545	2	12584
18623	2	16909
18040	0	17781
17872	2	12615
12597	3	21056
17841	0	17781
20669	2	12458
18941	0	18925
12603	2	12623
16386	2	16397
22744	0	22643
16983	0	16963
23683	3	17815
21065	2	12861
22662	1	22691
22737	0	22714
14805	3	14797
12580	3	21056
22729	0	22724
18924	0	18925
13530	0	13512
22348	1	22441
16386	2	14303
19248	1	19447
23282	4	23283
22649	0	22639
18994	0	16848
14127	0	14124
15555	2	13711
23360	3	23415
15766	2	12854
20695	0	20662
12506	0	12465
22093	2	22722
17500	2	12460
16214	0	16200
14445	3	14441
18551	1	18584
23578	2	23584
22306	1	22307
20669	2	12592
22040	0	22022
20370	2	12836
17912	0	17781
20162	0	20145
17668	2	15931
13964	1	14040
14826	0	14803
23436	2	12501
20687	0	20662
23073	0	16848
14399	0	14384
12953	0	12948
16981	1	17005
22171	1	22274
12461	3	14327
15021	4	14704
13817	2	12582
23989	0	23953
15875	2	12623
23358	0	23365
13162	1	13348
20258	0	20135
20635	0	20625
23363	0	23360
23572	3	17821
12432	2	12458
12611	0	12599
15266	0	15178
16285	0	16200
17049	2	12799
19616	1	19825
18148	0	17781
18544	4	18498
20137	0	20145
17738	0	17723
15109	4	14704
16048	0	15875
23360	2	12535
20338	2	12497
23114	0	23108
22104	0	22093
14987	4	14704
21089	1	21113
23209	4	23210
21103	1	21129
16292	4	16200
14247	0	14126
17441	2	12628
22575	0	22535
17288	2	12585
17721	0	17723
17226	1	17227
16031	0	15875
13668	2	12843
13117	0	12997
13973	0	13908
16439	1	16454
20556	0	20550
17788	1	17802
16551	2	16608
13052	1	13406
23231	4	23181
21524	1	21615
14124	2	12427
19057	2	14241
22745	0	22712
13448	0	12998
12555	0	12547
14974	0	14704
12359	2	12409
16014	0	15875
13668	3	14357
17418	2	12524
16649	0	16633
13100	0	12997
16351	1	16352
12455	3	17162
20427	0	20385
13956	0	13908
19092	1	19099
14082	2	12461
17663	2	12582
12853	3	21056
21688	2	14232
12817	3	14350
18554	1	18587
22728	0	22712
21954	1	21973
13431	0	12998
21990	0	21981
13205	0	12997
21911	0	21772
19018	3	12925
17725	2	17723
22740	0	22636
16966	2	12500
15176	1	15175
15555	2	12585
20423	0	20397
20410	0	20385
13083	0	12997
14065	2	12461
13939	0	13908
15893	2	15931
16939	1	16954
20046	0	20035
21795	2	12455
15471	1	15512
23099	0	23098
16548	2	12661
20351	3	20367
14455	2	14656
13188	0	12997
19582	0	19178
23669	2	12822
22093	2	22535
23362	2	12501
16877	0	16849
20032	2	14235
22534	1	22585
20029	0	20035
12691	0	12548
12430	2	12409
13670	1	13712
22324	1	22325
13908	2	12582
20402	0	20385
21743	2	12418
18709	0	18620
18066	0	17872
12591	3	17163
13570	0	13512
13171	0	12997
20865	3	17163
18627	0	18622
18001	1	18281
20678	0	20660
20450	0	20393
18515	1	18514
12428	0	12429
21981	2	15930
20446	0	20381
22528	2	12500
12540	3	14349
18692	0	18620
18049	0	17872
12600	2	12586
19060	3	12594
12417	3	16540
20377	0	20395
21537	0	21485
19028	0	19020
18647	1	18737
12994	2	12496
20442	0	20393
23278	4	23185
20386	2	12527
21485	2	15892
21520	0	21485
23684	0	23681
13675	0	13667
15767	0	15768
21485	2	12859
15894	2	12483
18137	0	17872
21693	2	21692
21957	0	21940
15905	0	15892
20382	2	20062
22734	0	22642
20518	2	15783
19151	0	19057
17887	1	18169
20369	2	12527
20048	0	20031
17588	3	12632
17588	2	12407
15065	0	14704
21848	2	13491
16408	0	16403
13817	2	12529
24001	1	24049
15694	4	15555
18474	4	18452
22161	0	22093
14615	1	14633
12746	4	12671
20383	2	20473
22990	0	22957
16978	0	16968
14802	3	14883
17654	1	17661
21869	1	21895
13128	1	13319
22055	0	22022
23669	2	12501
15048	0	14704
15149	4	14704
15647	1	15646
17513	1	17572
21229	2	12453
14802	3	12789
22144	0	22093
17722	2	13650
16723	0	16633
14526	1	14538
16321	3	16082
13922	1	13997
19157	0	19059
17134	0	17129
20690	0	20667
19139	3	17256
12800	0	12801
21295	0	21269
20665	2	12500
17765	2	17763
21031	2	12527
14816	0	14802
14558	1	14580
17424	0	17420
20199	0	20116
15559	0	15555
17781	3	12632
21772	2	12586
22143	1	22247
23071	0	16848
12527	3	15942
13794	0	13668
15136	0	14704
22136	0	22093
22965	0	22957
15014	0	14704
12851	3	12631
19656	0	19178
20182	0	20116
13736	2	12490
16962	1	16994
20134	2	12425
23435	3	23430
14657	2	12460
21746	0	21743
17335	1	17344
16583	0	16551
14308	3	14324
17598	0	17588
12498	3	21064
18452	2	12805
19761	0	19178
22119	0	22093
20116	2	12589
13843	2	12804
19639	0	19178
18991	2	14694
20187	0	16354
23980	0	17722
21366	0	21269
18637	1	18728
20688	1	20766
15792	0	15766
21175	0	21080
12606	0	12604
19744	0	19178
22102	0	22093
16980	0	16964
17768	0	17765
19275	0	19178
17608	1	17635
18623	2	12481
20451	0	20395
12541	3	23083
17259	2	12527
17461	0	17444
13686	0	14363
23972	0	23953
17032	2	12476
21349	0	21269
15207	0	14704
15895	1	15910
15769	2	15786
21158	0	21080
19727	0	19178
23250	0	23181
19258	0	19178
23440	2	12626
20186	1	20241
13558	0	13505
15249	0	15178
22967	1	23020
18944	0	18928
20438	0	20386
15274	1	15369
21141	0	21080
20965	2	12541
21182	0	21143
19710	0	19178
20415	0	16920
15751	2	12500
23438	2	15928
19241	0	19178
22037	0	22023
21320	0	21267
22665	1	22694
22740	0	22717
18452	2	16672
13541	0	13505
15232	0	15178
20424	0	16920
12909	2	12902
20421	0	20386
21165	0	21143
19251	1	19450
20719	0	20667
23216	0	23181
13398	3	14357
20190	0	20138
16412	0	16386
22956	2	14232
16403	2	12453
21303	0	21267
20661	2	14237
16386	2	14547
17601	0	17588
15215	0	15178
23435	3	17282
17680	0	17444
13126	0	12994
20407	0	16920
17538	0	17500
20405	0	20390
16432	2	12589
20337	2	12421
20632	0	20626
13668	2	12819
20173	0	20138
16409	0	16402
21286	0	21267
12455	3	14344
13967	1	14043
21772	2	21848
16933	3	12631
20388	2	13491
21066	2	12906
20156	0	20138
14547	3	14543
16549	2	15926
21989	0	21940
23361	3	13661
16530	0	16526
22572	0	22536
20673	0	20665
21937	2	15408
20445	0	20398
13973	0	13668
21374	0	21267
23240	1	23239
20882	1	20880
16431	2	12662
17265	0	17262
17189	2	14235
18501	0	18452
12661	3	23414
20593	0	20553
20369	2	14702
20738	0	20663
15463	2	12525
18452	2	12618
12460	3	14315
22555	0	22536
20371	0	20369
13956	0	13668
16852	1	16916
19760	1	19926
12867	2	12490
14369	0	13667
20437	0	20398
17927	0	17872
15205	1	15445
23442	0	23439
16989	0	16963
18624	1	18714
13668	2	14242
21862	1	21889
13939	0	13668
23295	1	23294
15934	0	15873
18675	0	18620
22019	2	12477
20278	2	12589
22912	3	22952
20455	0	20378
14238	3	14072
15766	2	12427
17910	0	17872
13936	0	13909
14082	3	14085
18055	1	18335
22386	0	22093
22045	0	22021
18572	0	18452
14232	3	23414
22093	2	22645
19037	1	19042
19315	0	19178
23385	0	23359
21703	0	21693
23010	0	16922
13528	0	13512
22369	0	22093
22028	0	22021
12531	3	21670
15306	0	15178
18557	1	18590
23437	2	12455
15900	0	15873
14489	2	12621
14196	1	14215
18555	0	18452
22918	1	22938
16804	0	16806
16559	1	16569
16486	0	16386
22736	0	22710
16724	0	16721
23368	0	23359
12597	3	19019
14360	2	14382
12488	0	12485
20626	2	20654
22352	0	22093
21913	1	21929
14070	2	12906
17307	1	17317
20445	1	20487
21269	2	15925
17262	2	16905
14093	3	21673
23365	3	14449
14123	2	13704
12366	3	21801
14306	3	14313
12619	3	21670
17384	0	17418
16221	0	16186
16321	2	12854
14704	3	14797
21825	4	21772
14522	0	14523
20385	2	12812
21033	0	21032
12471	3	21801
21691	2	12500
23569	1	23574
23387	0	21683
17175	0	17168
14126	2	12658
20014	0	20007
18695	0	18623
15065	1	15066
18613	2	12480
13040	0	12998
17781	2	13726
22808	0	22771
16192	0	16184
16722	1	16763
20342	2	17490
18700	0	18618
13561	0	13510
16975	0	16969
18534	4	18508
20432	0	20384
13105	0	12996
22571	0	22093
13023	0	12998
13668	2	13705
18683	0	18618
22676	0	22093
17419	2	12478
20415	0	20384
19154	0	19060
21142	2	12364
13553	0	13510
12455	3	21057
21938	2	14447
19223	1	19423
23360	2	12592
14813	0	14803
20433	0	20391
20420	0	20379
17061	0	17056
12503	2	12539
18666	0	18618
16299	1	16298
21769	2	12587
14061	0	14067
16848	2	12596
22659	0	22093
15893	2	12471
21872	1	21898
13131	1	13322
23624	0	23578
13118	1	13310
13536	0	13510
16402	3	23083
15984	0	15971
20074	0	20066
20416	0	20391
17230	0	17229
16932	1	16948
16548	2	16556
21863	1	21888
14360	2	12906
19016	3	12925
21267	2	12843
23607	0	23578
22719	2	12821
13519	0	13510
23360	3	21057
20011	2	12857
21772	2	12480
14547	2	16466
22046	0	22020
13524	0	13505
20168	0	20143
16850	2	12458
16084	4	15873
20551	2	12498
20369	2	12905
23373	1	23419
20398	2	12455
17685	0	17496
17994	1	18275
20040	0	20066
19065	1	19088
23599	0	23578
20071	2	15782
20741	0	20668
23969	0	23954
20151	0	20143
17032	2	12586
20338	2	20393
20302	0	20279
20381	2	12455
20343	0	20342
18452	2	18526
12544	2	12527
22739	0	22641
12955	1	12977
16172	4	15873
20627	2	20653
12998	2	12589
14062	2	12534
23361	2	12527
12465	2	12503
20691	1	20769
17441	2	17491
12768	0	12548
12875	0	12865
18941	0	18929
21780	0	21768
12603	2	12627
20733	0	20668
14123	2	12362
20388	2	20472
12909	2	12662
20380	2	13491
12455	3	14320
16633	2	15406
16045	1	16104
16054	0	15873
16155	4	15873
12480	3	21055
13686	0	13668
16747	0	16721
20350	2	12597
15700	4	15555
18924	0	18929
22666	0	22640
21794	2	12585
21271	1	21381
19111	0	19106
20883	4	20865
22978	0	22956
12585	3	21055
14123	2	13651
12679	0	12600
20695	0	20666
12626	3	14349
16037	0	15873
20189	1	20244
18135	0	17872
13668	2	12579
20449	0	20379
14648	0	14640
22639	2	12819
15277	1	15372
12548	2	12831
12415	3	21063
13744	0	13737
18857	0	18623
22538	0	22536
17786	3	12631
12496	3	14359
23361	2	12661
23002	1	23065
20381	2	12939
16406	0	16403
16020	0	15873
15894	2	12540
20518	2	12457
20606	2	20617
20870	0	20865
16930	2	12407
15555	3	15579
22733	0	22093
13922	0	13668
12501	3	23429
12362	3	14357
20369	2	12584
18700	1	18790
23440	3	23429
14123	2	12846
21539	1	21629
12461	3	14331
12427	3	14355
17166	2	12455
14195	0	14184
22731	0	22715
23994	0	23952
23363	0	23364
20176	0	20141
20342	3	15945
17781	3	17816
16857	0	16850
18434	2	12523
13970	1	14046
20007	2	12500
15464	1	15504
17671	1	17694
14606	0	14455
12549	1	12565
22993	0	16922
21296	1	21403
13512	2	12501
15873	2	12525
21507	0	21485
23977	0	23952
20159	0	20141
20338	2	12501
20433	0	20338
22408	1	22501
17166	2	17127
12635	4	12600
23364	3	13664
22804	0	22093
13840	1	13850
22050	0	20134
22976	0	16922
16184	2	12585
23960	0	23952
20380	2	17492
23444	0	23435
22998	0	22959
18949	0	18927
12409	3	16522
21372	1	21479
20416	0	20338
22787	0	22093
18830	1	18890
22876	0	20279
17110	0	17032
23685	2	23955
16431	2	12906
16841	2	16347
23947	1	23946
22959	2	12625
22981	0	22959
20398	2	14496
20943	1	20952
20427	0	20389
13668	2	14136
18627	1	18717
21234	2	16803
15461	3	15542
23370	0	21683
13818	0	14138
12817	3	14354
20729	0	20661
23743	1	23742
15492	0	15461
12586	3	14355
16752	1	16781
17098	0	17027
20410	0	20389
22733	0	22711
18058	1	18338
15769	2	12460
22719	3	22768
17332	2	15925
13088	0	12996
22721	2	12630
21946	0	21938
20712	0	20661
15475	0	15461
23481	0	23459
13006	0	12998
12961	0	12950
17527	1	17549
17380	0	17358
21689	3	13508
23388	0	23362
23714	4	23685
17496	2	12457
12534	3	21673
17669	2	12618
18560	1	18593
13071	0	12996
16437	0	16433
22921	1	22941
20179	0	20144
23464	0	23459
20450	0	20397
17363	0	17358
23371	0	23362
16602	1	16604
15565	0	15553
14123	2	12659
18632	0	18621
14704	2	12588
16865	0	16848
20377	0	20399
16049	0	15969
23362	3	23414
14126	2	13707
18436	0	18434
22167	1	22271
21336	0	21269
23802	4	23685
13668	2	12526
12557	0	12547
15177	1	15314
20393	2	12460
22050	0	21691
14400	0	14387
12618	3	12616
18927	3	17162
20606	2	16242
14712	1	14749
16032	0	15969
20337	2	12478
23684	0	23685
23233	4	23306
17332	2	17348
23006	0	22957
21174	1	21216
22742	0	22636
13510	3	12632
13668	2	13815
13025	0	12994
16323	0	16321
17857	0	17781
14383	0	14387
12804	3	16522
13880	1	13901
16633	2	12454
12588	3	20542
16015	0	15969
17365	1	17405
19753	1	19920
22395	1	22487
21059	0	21067
21564	0	21485
12424	3	17182
21085	1	21110
23072	0	22959
19105	0	15892
14243	0	14123
20715	0	20661
16964	2	12455
17840	0	17781
21152	0	21143
17334	0	17332
21311	0	21269
21237	1	21250
17827	1	17826
12928	0	12909
14067	2	12586
19060	2	12857
13113	0	12994
18048	1	18329
22875	0	22869
21074	2	12501
17823	0	17781
23954	2	12595
22741	0	22709
22711	3	13402
23755	0	23685
12911	0	12909
14371	0	14361
18993	0	16848
12465	2	12479
13096	0	12994
12796	3	23082
22094	1	22198
13067	1	13265
20018	1	20026
22970	1	23023
17423	2	17439
20033	2	12588
12625	3	21673
16964	2	12589
12799	3	23585
20406	0	20382
13079	0	12994
22876	1	22895
21038	0	21031
16445	0	16431
14282	1	14285
22017	2	12453
21941	1	21960
23686	0	23681
17371	0	17356
14308	3	14328
19231	1	19430
21906	1	21923
20116	2	12593
23009	0	22957
20019	0	20006
13510	2	12490
23991	0	23685
20843	0	20669
20589	2	12538
18471	0	18452
20140	2	12656
22992	0	22957
12490	3	16540
20043	0	20069
23974	0	23685
17128	0	17130
17692	0	17669
16945	0	16931
12471	3	17186
16402	2	12498
12738	4	12600
15663	1	15662
18454	0	18452
17290	2	12523
20395	2	12940
23957	0	23685
17444	2	17494
21485	3	14591
12878	0	12868
21230	3	16350
20438	0	20390
20425	0	20378
14306	2	12455
15014	1	15013
17449	0	17443
13043	1	13245
14297	2	14303
18672	0	18621
17358	2	17356
13674	0	14362
23670	2	12595
14803	3	13664
19302	0	19178
15896	0	15894
20378	2	12940
23670	3	23585
21846	2	12456
19075	0	19127
12485	2	12455
12909	2	12906
20421	0	20390
16332	1	16345
15552	3	15580
23999	0	17722
20143	2	13838
22042	0	20134
20393	3	12632
16403	2	12457
12927	2	12943
14185	2	12815
20724	0	20666
13126	0	12998
17723	2	12589
20405	0	20394
17897	0	17781
20389	2	12587
22051	0	22019
23982	0	17722
21368	0	21269
16283	1	16282
16386	2	12457
14602	1	14620
14788	1	14793
21153	0	21142
14124	2	12407
18002	0	17781
12855	3	20542
19277	0	19178
21856	1	21882
13918	1	13994
14790	0	15178
21709	0	21691
17419	2	12535
20350	3	20367
16321	3	16249
17880	0	17781
13668	3	14337
22034	0	22019
18703	1	18793
22737	1	22759
14455	2	12408
17444	2	12501
16191	0	16186
23439	2	12858
20454	1	20469
20307	0	20278
17985	0	17781
23999	0	23683
23819	1	23818
19260	0	19178
23922	4	23685
12619	3	21056
21940	2	21937
18134	1	18414
18946	0	18928
13197	0	12998
17968	0	17781
23982	0	23683
12460	3	14319
12552	1	12568
17331	1	17341
22723	2	16081
17290	2	16524
23980	0	23955
20743	0	20662
14185	2	14238
23365	2	12455
12867	2	12494
23589	0	19060
22411	1	22504
14062	2	12457
22671	0	22639
18929	2	18974
15868	0	15848
21173	1	21215
20454	0	20378
20726	0	20662
23447	0	23438
16260	4	16200
22737	0	22641
18701	0	18621
17764	0	17762
18538	4	18474
19331	0	19178
20399	2	20473
18833	1	18893
19178	2	12944
15999	0	15875
22045	0	22025
15765	2	15783
20389	2	12855
17309	2	14292
20292	1	20314
16685	0	12600
17337	0	17327
16389	1	16396
15178	2	12923
20343	0	20399
14942	0	14704
15982	0	15875
22028	0	22025
15270	1	15366
16879	0	16849
12430	2	12523
16532	0	16526
14258	0	13668
14076	0	14075
17189	2	12629
22033	0	22020
23154	0	23139
17262	2	12587
22736	0	22714
20181	0	20140
20030	2	12527
14949	4	14704
14125	2	12861
13199	0	12994
20680	0	20660
17786	3	17815
16862	0	16849
23186	0	23181
21031	2	17284
20387	2	15930
14698	2	14699
22652	1	22681
17332	2	12786
23359	3	23415
17801	0	17786
21532	1	21623
22016	0	22020
15030	0	14704
19060	2	12483
14306	3	14317
16368	1	16381
17384	0	17422
14075	2	12905
20545	3	20542
17444	2	17441
20390	2	12461
14498	2	12416
16213	0	16200
20401	0	20387
20169	0	20135
15936	0	15873
20865	2	20973
23435	2	12501
14814	0	14704
15894	2	12597
14915	4	14704
20014	0	20011
16196	0	16200
12952	0	12948
20152	0	20135
21691	2	12854
14469	0	14459
14123	2	12903
19667	1	19862
16561	0	16560
18700	0	18622
18574	0	18452
23126	4	23108
14070	2	12455
20085	0	20035
23066	0	16402
16441	0	14547
16024	0	15873
15003	4	14704
19698	1	19884
18683	0	18622
15902	0	15873
20734	0	20660
15497	0	15460
22745	0	22639
13028	0	12997
13441	0	12996
14368	0	14362
23359	2	12535
16007	0	15873
22398	1	22490
20433	0	20395
20420	0	20383
18978	3	17163
18666	0	18622
21951	0	21937
19749	1	19994
22728	0	22639
20671	1	20749
13011	0	12997
16183	2	12581
12721	4	12600
17426	0	17420
16920	2	12527
12581	3	14441
14070	2	12589
23749	1	23748
20280	2	12848
20416	0	20395
17032	2	12456
20279	2	12817
15726	4	15671
20399	2	17253
19142	0	19059
20669	2	20842
12473	3	21801
15769	2	15766
18113	0	17781
19731	1	19906
15870	4	15848
21074	3	21076
18122	0	17781
17262	2	14494
12923	3	17162
12998	2	12459
12504	2	12523
20016	0	20007
13099	0	12997
21748	0	21743
20169	1	20224
12456	3	21801
15090	1	15089
12998	2	13398
14234	3	15944
21814	0	21772
20144	2	12586
14824	1	14861
18105	0	17781
21022	1	21023
18536	4	18508
12422	3	16540
22581	1	22628
15553	3	15587
16408	1	16421
21794	2	12455
15104	0	14704
14655	1	14664
21944	1	21963
20338	2	20397
21797	0	21772
17463	0	17444
20917	4	20869
18088	0	17781
18452	2	18530
23965	0	17722
15209	0	14704
20066	2	13491
14698	2	12418
17858	0	17786
14062	2	12538
21940	2	20274
21780	0	21772
12842	3	12633
15935	0	21688
17446	0	17444
18071	0	17781
13671	0	14363
12455	3	14324
15866	0	15848
15192	0	14704
22192	0	22093
15070	0	14704
12473	3	17158
12461	3	23061
22666	0	22644
12599	3	12632
21794	2	12589
13817	2	12456
22018	2	12498
23668	0	23669
18505	1	18504
13567	1	13635
22388	1	22481
20280	2	12527
20695	0	20670
19027	0	19020
16754	0	16633
12626	3	14353
13668	2	12583
20449	0	20383
14838	0	14802
17534	0	17444
12770	0	12767
22053	1	22082
22983	0	22955
16971	0	16966
16922	3	14357
18614	2	12483
23888	4	23685
23010	1	23059
17068	0	17027
13526	0	13505
12480	3	12899
13170	1	13356
15158	0	14704
20116	2	16354
16357	0	16354
18612	0	12503
20518	2	12461
15060	4	14704
17517	0	17444
22966	0	22955
20135	2	14702
19150	0	19057
23297	0	23181
15555	3	15583
17728	1	17751
21794	3	21808
20369	2	12588
20437	0	20378
13509	0	13505
17537	1	17562
16549	2	12657
17417	0	17418
18434	3	12594
21504	1	21596
19584	0	19178
17528	0	17495
20441	0	20342
22019	2	12457
23361	2	14304
22730	0	22715
14195	0	14188
23621	1	23663
22731	0	22719
20176	0	20145
15814	0	15766
15148	4	14704
18082	1	18362
17781	3	17820
14605	1	14623
13860	3	17278
21859	1	21885
15807	1	15837
15230	1	15343
20159	0	20145
15797	0	15766
21080	3	16249
20433	0	20342
14184	2	12597
21691	2	12935
23070	0	16848
23133	4	23118
21359	0	21267
20164	0	20140
13793	0	13668
15856	1	15855
20338	2	12855
23444	0	23439
20416	0	20342
20181	0	20116
19655	0	19178
19186	0	19178
22584	0	22708
20350	2	12630
13679	0	14361
17739	1	17757
20147	0	20140
21342	0	21267
21848	3	21808
15689	0	15555
14485	3	23576
19638	0	19178
18460	1	18458
23262	4	23181
20370	2	12523
22636	3	22767
20134	2	12836
20342	2	12798
12909	2	12479
12599	2	12624
15894	2	15606
20729	0	20665
17166	2	14232
17330	1	17329
12586	3	14359
21691	2	12480
17767	0	17765
14455	2	12786
13955	0	23459
22733	0	22715
18557	0	18452
21683	2	12501
22995	0	22955
19066	0	19040
17608	0	17444
19726	0	19178
20712	0	20665
16962	0	16964
12547	2	12587
15730	4	15686
22724	3	22767
15951	2	12407
22354	0	22093
20134	2	18447
16834	2	12584
23364	2	12587
20349	2	12861
17496	2	12461
12500	3	14346
17591	0	17444
17027	2	12461
22723	3	17815
14524	0	14523
12908	2	12582
18041	1	18321
19154	0	19040
19037	0	19038
13202	0	12997
20683	0	20663
23092	2	12811
14701	2	14702
19339	1	19535
22021	2	12362
21535	1	21626
15892	2	12626
15570	0	15552
17679	0	17444
17189	2	17195
15178	2	12362
14644	1	14643
18687	1	18777
16431	2	12589
22425	0	22093
20631	0	20626
18127	1	18408
23372	0	21683
16056	1	16103
15303	0	14704
20351	2	12498
17027	2	12595
18680	0	18623
17332	2	17352
23803	1	23802
17662	0	17444
17769	0	17761
13025	0	12998
20280	2	14702
14196	0	14187
23440	2	16554
15571	1	15578
22408	0	22093
23682	3	23700
16203	1	16227
12686	4	12548
20155	0	20138
21772	2	12460
18929	2	12481
22173	1	22277
14126	2	12906
13957	1	14033
14561	0	14547
15974	1	16084
21988	0	21940
20569	0	20551
18663	0	18623
20938	0	20923
21283	1	21390
22360	1	22454
18617	1	18712
20452	0	20388
13843	2	13833
19074	0	19062
15295	0	14704
16184	2	15785
21691	3	13508
23879	1	23878
22164	1	22267
12669	4	12548
14067	2	12590
20520	0	16920
14065	2	12498
15938	0	23325
12407	3	17186
13113	0	12998
19701	1	19887
20552	0	20551
15500	0	15463
12434	1	12445
15986	0	15971
13845	2	12534
17968	1	18248
22741	0	22713
12551	0	12548
18488	4	18452
14368	0	13667
13096	0	12998
20397	2	20473
21856	0	21848
18817	1	18877
23364	3	23414
15038	1	15037
13668	2	14303
14994	1	14993
16186	3	16249
16645	1	16664
13201	0	12998
15488	0	15458
17539	0	17496
20923	2	12901
20419	0	20398
22916	0	22912
13079	0	12998
20406	0	20386
13935	0	13909
22729	0	22708
12410	3	15945
15930	3	23414
12600	2	12623
21795	2	12626
14830	0	14802
13184	0	12998
20019	0	20010
17027	3	12499
17856	1	17864
22725	0	22720
16614	0	16551
12861	3	14349
16214	0	16184
13527	0	13512
20383	2	12455
20278	2	14878
13741	0	13736
18705	0	18621
13167	0	12998
14827	1	14864
12589	3	23083
16040	0	15971
14187	2	12592
21947	1	21966
17781	2	13653
21032	2	12855
18688	0	18621
12628	3	14780
14204	0	14185
21940	2	12813
13688	0	13668
19060	2	12540
12553	0	12544
19758	0	19178
20438	0	20394
20425	0	20382
17027	2	12408
13029	1	13233
13016	0	12996
21234	3	14080
12802	2	12818
12772	1	12790
13671	0	13668
16817	2	12531
18149	1	18428
19741	0	19178
20421	0	20394
15901	0	15893
14245	0	13668
19147	0	19058
22669	0	22647
12860	2	12857
13876	1	13898
12429	2	12458
17200	0	17195
13570	1	13638
22807	0	22771
12866	0	12867
18842	0	18623
14652	4	14642
12541	3	17159
20724	0	20670
20344	0	20391
17450	1	17473
15970	1	16088
20405	0	20398
22570	0	22093
16739	1	16800
22051	0	22023
23097	0	23092
18947	0	18623
22636	3	12594
13752	0	13739
17056	2	12846
18825	0	18623
16848	3	23082
20707	0	20670
14567	1	14587
12503	2	14694
15089	4	14704
22553	0	22093
14188	2	12527
23084	1	23086
13668	3	14341
22034	0	22023
15969	3	16082
22712	2	12819
12454	3	21057
18930	0	18623
23359	2	12592
15906	1	15921
20397	2	17253
19311	1	19508
18808	0	18623
14459	2	12582
21768	2	12587
12817	3	14334
22039	0	22018
15555	2	15602
19040	2	19106
22724	3	12594
14125	2	12597
20943	0	20865
13097	0	12997
20280	2	12905
13953	0	13908
14203	0	13668
17451	0	17443
18616	2	12589
17514	1	17544
12460	3	14323
23608	0	23670
21902	1	21920
20926	0	20865
20743	0	20666
14229	3	21055
19624	1	19831
22789	0	22093
23359	3	21057
14062	2	12461
20010	2	12857
22671	0	22643
17885	1	18166
12604	2	12585
18928	2	12501
20385	2	13491
16432	2	16464
20116	2	20115
23438	2	16554
18934	0	18927
19001	0	18623
12909	2	12589
22676	0	22638
18543	4	18494
18434	3	18449
12662	3	23429
20666	2	12630
20726	0	20666
17958	0	17872
17684	0	17496
16976	0	16965
20039	0	20066
12688	0	12548
12590	3	21055
20391	2	12587
23683	2	12798
23968	0	23954
12708	4	12600
20518	2	20544
18706	0	18620
20383	2	14496
18063	0	17872
20377	0	20379
20968	0	20965
22659	0	22638
17941	0	17872
16746	1	16791
20349	2	12621
22721	3	22768
12544	2	12588
18434	2	12905
22023	3	20962
23951	0	23954
12874	0	12865
18940	0	18929
18689	0	18620
18046	0	17872
20434	0	20387
12464	2	12476
13849	0	13843
20387	2	20472
17533	0	17494
14704	2	14796
13176	1	13362
20198	0	20141
16154	4	15873
22736	0	22718
20473	3	15944
12674	4	12600
16183	2	12906
20417	0	20387
18029	0	17872
14551	0	14455
18651	0	18618
20066	2	15776
14652	4	14455
16841	2	12407
21680	3	21670
23365	2	14232
19064	2	19073
14064	2	12457
18012	0	17872
22726	2	13654
17293	2	14097
20401	0	20391
21068	2	12455
20169	0	20139
23997	1	24045
20593	0	20590
18117	0	17872
18643	0	18618
19060	2	13776
16386	2	12624
13914	1	13991
22709	2	13654
17731	0	17725
22732	0	22093
22707	0	22713
20152	0	20139
20385	2	17492
18626	0	18618
20344	0	20338
17131	0	17129
16965	3	17019
20627	3	15542
16818	2	16828
20441	0	20399
18690	1	18780
17781	2	14084
23770	4	23685
14500	0	14455
20628	2	20649
16593	4	16551
18942	0	18925
19027	1	19032
13139	1	13330
21068	2	12589
15894	2	14240
18434	2	12584
13791	0	13668
17049	2	16247
17418	2	12455
13668	2	14063
14365	0	13668
15873	2	15969
20433	0	20399
20420	0	20387
15201	1	15446
12786	3	21055
18925	2	18971
20544	3	14358
21286	1	21393
16985	0	16964
23757	0	23685
23858	4	23685
23672	0	23578
18671	0	18621
20451	0	20379
23365	2	23360
16215	0	16200
20184	0	16354
20416	0	20399
17417	1	17430
20391	2	15783
17032	2	12460
12384	1	12404
14142	0	14137
14129	0	14125
21160	1	21202
23393	0	23362
18654	0	18621
12954	0	12948
20167	0	16354
18820	1	18880
22673	0	22093
13862	0	13668
20668	2	12861
20404	0	20394
22959	3	23060
16303	0	16200
16648	1	16667
18637	0	18621
23953	2	12587
23497	0	23459
20689	0	20663
16036	1	16136
23437	2	12626
20087	0	20035
22536	2	12421
14123	2	12586
22732	0	22711
21794	2	12459
20067	2	12587
15558	0	15551
23621	0	23578
14282	0	14123
13668	2	12453
23480	0	23459
20070	0	20035
14201	0	14186
17380	0	17419
16217	0	16187
20133	1	20136
19057	2	20267
23361	2	12535
16200	2	12500
19768	1	19934
21031	3	15582
15935	0	21692
16409	0	16386
19178	2	20011
14830	1	14867
21028	1	21029
12455	3	14328
20842	2	12628
21950	1	21969
20072	1	20092
17616	1	17641
22666	0	22648
16392	0	16386
22961	0	16922
12902	3	15945
13449	0	12998
12556	0	12547
13668	2	12587
20279	2	12500
12701	0	12600
22049	0	21691
23436	2	17051
22983	0	22959
16971	0	16970
20401	0	20338
13032	1	13236
16936	0	16933
22157	1	22261
21689	2	14232
22639	3	13402
17785	1	17787
13148	1	13335
13432	0	12998
21912	0	21772
15493	0	15457
22569	0	22536
22741	0	22636
22032	0	21691
18152	1	18431
16322	0	16321
22966	0	22959
18613	2	14879
15555	3	15587
17961	1	18242
12693	0	12600
20437	0	20382
12605	2	12622
20429	0	20392
14733	0	14704
20082	0	20069
19259	1	19456
20473	3	16375
20714	0	20661
13953	0	13668
22730	0	22719
13838	3	15762
22731	0	22723
16219	0	16183
14362	2	12455
20412	0	20392
17166	2	12813
16808	0	16805
22874	0	22869
22710	3	13402
20382	2	12906
14725	0	14704
20112	3	12925
17035	1	17041
12999	0	12994
17326	4	17327
21031	2	12592
13933	0	13909
12465	2	12540
20039	1	20051
22020	2	12498
22042	0	22021
20164	0	20144
19060	3	17815
13693	0	13667
13668	2	14360
20140	2	12583
19029	0	19020
23437	3	23429
16850	2	12629
19113	1	19123
14708	0	14704
17235	1	17246
20156	1	20211
18615	2	12422
17953	0	17781
12870	1	12886
17032	2	12407
17786	2	17193
20387	2	12527
22584	0	22712
23885	0	23685
23965	0	23955
14384	2	14079
20147	0	20144
13676	0	13667
18492	4	18452
16806	2	12582
17459	0	17441
20298	0	20280
17519	0	17444
14677	1	14688
17936	0	17781
23950	0	23683
23066	1	23074
20519	2	15783
16024	1	16129
21776	0	21769
12599	2	12628
17442	0	17441
21981	2	12425
17284	3	21057
20281	0	20280
20729	0	20669
23319	4	23193
15768	2	12407
23851	0	23685
20348	1	20359
18458	4	18452
19111	0	15894
22995	0	22959
22662	0	22641
20139	2	12461
20712	0	20669
13981	1	14057
16962	0	16968
13563	1	13632
20394	2	12940
21688	2	12500
16588	1	16587
21296	0	21269
19060	2	12597
13119	0	12996
14296	2	12819
12500	3	14350
15653	1	15652
16967	0	16963
18452	2	12415
17420	2	12365
23512	0	23459
12507	0	12465
13554	1	13622
22375	1	22468
23843	0	23685
12996	2	13391
22044	0	22017
20166	0	20140
21279	0	21269
16316	4	16200
20428	0	20380
21683	3	23414
13102	0	12996
12437	1	12448
12868	2	12904
20183	0	20116
23210	1	23209
21702	0	21689
14704	2	12596
19188	0	19178
22027	0	22017
15892	2	19046
16198	0	16200
21500	1	21593
23611	0	19060
22710	2	12455
19761	1	19928
15178	2	12366
20399	2	20266
22719	2	12455
22727	0	22716
21367	0	21269
14900	4	14704
13190	0	12996
16187	3	14080
13114	1	13306
13737	2	13776
17260	2	12527
23973	0	23953
20138	2	12483
13173	0	12996
22664	0	22637
14156	0	14138
20452	0	20392
19259	0	19178
13500	3	13508
14074	2	12523
16046	0	15969
23604	0	23578
18693	1	18783
20668	2	13776
23956	0	23953
21032	2	12591
18623	2	18991
15769	2	12497
23809	1	23808
13667	2	13711
20279	2	12931
19242	0	19178
13845	2	12538
14971	4	14704
16209	1	16233
15233	0	15178
19156	0	19040
13144	0	12994
22559	0	22535
18928	2	18974
15755	0	15751
20341	2	14079
22956	3	23061
13510	2	13653
17681	0	17444
13127	0	12994
13085	1	13280
15488	0	15462
22736	0	22641
12854	3	21056
17539	0	17500
22542	0	22535
15855	4	15848
23147	0	23137
20406	0	20390
15729	4	15678
17837	0	17781
13667	2	12906
19020	3	19019
22729	0	22712
13838	3	21670
20174	0	20138
12872	0	12865
14958	0	14704
12614	1	12643
13014	1	13411
15998	0	15875
12535	3	23413
12600	2	12627
14836	0	14704
13084	0	12997
13940	0	13908
20708	0	20662
17336	0	17327
13110	0	12994
17664	0	17444
15471	0	15462
21294	1	21400
22093	2	22710
22725	0	22724
20157	0	20138
17045	2	12483
15981	0	15875
14185	3	14069
18990	0	16848
14819	0	14704
13067	0	12997
13923	0	13908
17507	1	17581
16531	0	16526
20175	0	20145
23153	0	23139
14704	2	12409
17722	2	14496
14924	0	14704
20030	2	12588
13104	1	13297
13198	0	12994
17945	0	17872
12501	3	23413
20116	2	14240
12407	3	13486
13501	0	13495
20158	0	20145
19335	1	19532
12461	3	14315
20135	2	12588
20589	2	20601
12553	0	12548
20389	2	12461
20137	1	20200
18485	0	18452
17928	0	17872
14498	2	12477
18683	1	18774
16990	0	16963
23988	0	23685
21522	1	21613
21870	0	21772
15054	1	15053
22567	1	22614
21229	2	12494
23362	3	12631
19762	1	19927
14187	2	14235
20009	2	13707
23604	1	23643
17911	0	17872
22656	0	22639
12860	2	12861
18114	1	18395
14147	0	14136
19333	0	19178
15873	2	15892
16199	1	16224
12652	0	12647
19065	0	19064
16848	2	12527
13505	2	13495
18971	3	17161
18659	0	18620
18016	0	17872
16931	2	12906
13881	0	13908
17588	2	12582
20344	0	20395
16551	2	16246
20711	0	20662
16920	2	12454
20044	0	20033
19316	0	19178
20389	2	12595
17288	2	12923
14455	2	14510
18642	0	18620
17999	0	17872
13735	2	12500
20694	0	20662
21682	0	23361
16618	1	16629
21780	1	21790
17964	1	18245
19299	0	19178
12604	2	12455
13440	0	12996
13668	3	14345
20031	2	12523
14660	1	14667
14415	0	14384
21843	4	21772
14455	2	12416
13668	2	14120
15290	0	15178
20121	0	20113
16841	2	14237
19262	1	19459
12817	3	14338
22873	0	20279
22039	0	22022
20666	2	12500
15555	2	15606
14305	0	14308
20369	2	12836
14206	0	14185
18924	1	18951
12586	3	14339
15133	4	14704
14547	2	14303
17444	2	12859
16222	0	16186
16641	1	16661
12410	3	15762
20423	0	20385
20391	2	12457
23072	0	16848
14398	0	14384
12713	4	12671
20278	2	12817
13673	0	13668
23739	1	23738
15875	3	16083
12548	2	12628
13749	0	13735
21809	4	21772
12696	4	12671
16721	3	12631
23613	0	23669
16357	1	16372
20865	3	13768
12997	2	13398
22120	0	22093
23465	1	23520
22809	0	22771
20143	2	12586
21773	0	21770
14998	0	14704
20166	0	20116
22676	0	22642
14654	4	14642
17262	2	12461
20450	0	20381
20159	1	20214
17737	0	17723
12873	1	12889
20030	2	15784
22103	0	22093
20377	0	20383
18684	0	18618
19623	0	19178
17462	0	17444
22659	0	22642
23247	4	23181
20447	0	20397
14462	0	14455
12544	2	12592
19064	2	12527
22555	0	22093
13744	0	13668
20442	0	20381
15086	0	14704
19728	0	19178
14641	0	14642
23361	2	12592
20434	0	20391
12464	2	12480
14702	3	14358
17445	0	17444
21770	2	12587
20430	0	20397
13670	0	14363
16386	2	12494
20198	0	20145
17262	2	12595
19711	0	19178
16648	0	16633
21848	2	12540
12865	2	12905
20417	0	20391
23213	4	23181
18651	0	18622
20702	0	20660
13542	0	13505
17919	1	18199
20517	0	20369
21989	0	21981
13204	0	12997
16965	2	12500
22730	0	22642
19694	0	19178
13863	1	13885
23361	3	21057
17263	1	17271
20401	0	20395
17761	2	12906
13557	1	13625
22378	1	22471
13672	1	13696
23885	1	23884
22047	0	22020
22093	2	15786
13525	0	13505
20169	0	20143
12842	2	12418
12527	3	21057
13187	0	12997
20399	2	12455
21149	0	21143
13909	2	12855
20703	0	20667
23200	0	23181
19677	0	19178
17219	1	17224
21705	0	21692
15307	1	15398
21287	0	21267
22707	0	22717
22030	0	22020
12595	3	23416
20152	0	20143
20279	2	14785
12763	0	12671
17986	1	18265
20303	0	20279
21091	0	21080
18823	1	18883
20344	0	20342
12589	3	14069
20686	0	20667
20747	0	20663
12585	3	17282
12359	3	12411
12601	2	12859
21270	0	21267
20665	2	13777
23578	2	12460
14063	2	12534
18641	1	18731
12850	3	21801
22527	2	12500
20149	1	20205
18942	0	18929
16970	3	17018
14802	2	12501
22539	1	22587
15952	0	15951
23757	1	23756
14308	3	14312
13192	1	13378
18614	3	12499
16156	4	15873
16834	2	16349
17669	2	12415
12996	3	13405
16415	0	16403
17262	3	12499
12906	3	12899
23365	2	12626
14654	4	14455
18925	2	18975
16985	0	16968
24052	0	24053
18136	0	17872
16817	2	16349
21956	0	21940
20722	0	20663
15485	0	15463
22733	0	22642
17760	0	17763
13940	0	13668
12538	3	14069
22160	0	22093
18119	0	17872
20519	2	12457
20705	0	20663
21939	0	21940
23578	2	12944
15468	0	15463
14641	0	14455
19038	2	13838
14306	3	14354
21707	0	21688
13923	0	13668
20844	2	14448
21367	1	21468
14124	2	12846
12427	3	21670
23002	0	16922
21554	1	21645
20404	0	20398
22143	0	22093
13035	1	13239
20688	0	20663
12587	3	17278
20689	0	20667
21690	0	21688
23381	0	23361
22732	0	22715
14815	0	14802
18132	1	18411
12410	3	21670
15456	0	15458
20676	0	20661
17605	0	17588
15723	4	15660
16858	0	16850
19065	0	19040
16817	2	16833
13668	2	12457
14607	0	14455
22353	0	22093
17380	0	17423
22093	2	15599
17264	0	16920
20418	0	20390
20405	0	20378
20434	0	20338
14188	3	14072
20659	0	20661
20337	2	12409
14120	3	21670
15240	0	14704
12555	1	12571
12807	3	13768
19282	0	19178
15463	3	12789
22805	0	22093
16582	0	16551
22977	0	16922
14126	2	12483
12455	3	14332
14136	2	12904
15273	0	15178
13920	0	23459
19106	2	14079
12858	3	17282
20397	2	20266
20279	2	14598
20417	0	20338
13107	1	13300
21677	3	14349
13668	3	14321
14189	0	14185
16200	2	16237
17727	0	17722
14144	0	14137
15223	0	14704
16565	0	16551
23388	0	21683
20280	2	12535
18031	1	18311
13565	0	13505
15256	0	15178
18696	0	18623
17983	1	18262
12382	0	12359
20445	0	20386
19040	2	19086
19606	0	20010
17116	0	17027
23590	0	23670
16993	0	16966
14501	1	14507
21525	1	21616
15206	0	14704
17367	1	17393
15462	3	15542
20009	2	12662
16436	0	16386
23371	0	21683
15268	1	15363
12597	3	23061
22570	1	22617
21866	0	21846
18679	0	18623
22654	0	22647
15493	0	15461
23499	0	23459
14124	2	12525
17099	0	17027
22792	0	22771
13566	0	13512
15189	0	14704
14364	0	14363
20437	0	20386
17091	1	17094
19155	0	19060
14455	2	12526
21849	0	21846
18662	0	18623
13668	2	14230
21947	0	21938
22998	1	23062
20714	0	20665
23482	0	23459
22775	0	22771
17381	0	17358
15231	0	15178
22730	0	22723
16411	0	16386
22735	0	22718
22538	0	22093
23465	0	23459
23389	0	23359
17364	0	17358
20432	1	20514
20369	2	14235
13746	0	13736
20012	0	20008
12842	2	12849
14698	2	12455
20283	1	20288
14361	2	12906
15677	1	15676
12994	2	13399
22042	0	22025
16200	2	12533
13520	0	13510
15802	0	15769
22745	1	22765
14401	0	14387
18928	3	17162
20685	0	20660
21065	2	12906
20745	0	20663
16963	2	12623
17293	2	12788
12409	3	15945
23438	2	23434
17770	1	17778
22584	0	22716
23591	0	23578
17686	0	17496
23360	3	13661
16186	2	16243
23685	3	13400
13668	2	12620
13819	0	13817
14125	2	14134
20382	2	12455
20384	2	15930
19319	1	19516
21515	1	21607
22025	3	20962
19644	1	19844
14136	2	13656
16817	2	12458
12522	3	14780
20865	2	20957
22393	0	22093
19713	1	19982
23597	1	23637
23572	3	19021
22662	0	22645
19139	2	12861
14803	3	14884
22876	0	22869
21870	1	21896
12941	3	12936
16748	0	16721
12552	0	12544
14645	4	14640
20717	0	20668
21772	3	21069
12996	2	12456
23364	2	12595
19374	1	19571
12500	3	14354
16139	4	15873
14139	0	13668
12483	3	13768
20060	3	21670
16731	0	16721
17259	2	14235
14190	1	14209
20428	0	20384
20700	0	20668
20867	4	20865
19094	1	19102
20380	2	16244
16923	0	16920
16200	2	16184
19146	0	19058
21702	0	21693
16438	0	14547
16936	1	16951
12775	0	12765
23887	0	23685
16122	4	15873
20433	0	20379
12503	2	12527
15899	0	15873
21067	2	12498
15494	0	15460
20300	0	20280
19255	1	19453
15174	1	15173
23992	0	23685
16447	0	16432
22381	1	22474
17913	1	18192
16004	0	15873
22727	0	22720
16105	4	15873
18102	0	17872
20416	0	20379
16848	2	16906
12438	0	12432
22954	0	22956
20283	0	20280
14502	0	14455
23975	0	23685
16430	0	16432
15987	0	15873
18085	0	17872
14704	2	15178
18707	0	18618
16439	0	16432
14455	2	12473
12423	3	12616
22664	0	22641
18807	0	18623
12592	3	14072
23958	0	23685
20278	2	12524
13577	0	13510
19608	1	19819
15970	0	15873
20013	0	20007
21032	2	12595
23970	1	24019
20152	1	20208
23669	3	17815
17450	0	17443
21795	2	12500
20338	2	20381
23961	0	23952
14389	1	14420
12994	2	12407
20440	0	20391
12502	0	12503
12417	3	14357
17111	0	17032
12624	3	19022
12430	2	12454
18682	0	18618
20400	0	20338
14126	2	12459
21230	2	13775
21171	0	21142
20670	2	12861
20191	0	20139
22729	0	22716
21061	0	21066
16560	2	16578
16003	1	16126
20382	2	14496
20135	2	12458
21154	0	21142
20708	0	20666
22720	3	22768
20139	2	12628
14075	2	12836
21710	0	21691
17881	0	17781
12548	2	12819
23440	2	12858
18620	2	13657
17903	1	18183
19057	2	17348
12913	0	12908
20589	2	12900
14818	0	14805
13198	0	12998
23869	1	23868
13754	1	13772
15300	1	15392
13501	0	13499
12461	3	14319
16202	0	16187
22724	2	16081
22021	2	12533
20397	2	12455
15458	3	14543
14801	0	14805
20630	1	20641
14063	2	12457
23360	3	22952
22527	2	12423
13843	2	12365
21708	1	21733
21232	0	21229
23945	1	23944
20607	2	16242
16432	3	16429
16261	4	16200
17786	2	12501
12476	3	23585
23719	1	23718
14192	0	14188
14147	0	14140
23360	2	12527
13434	0	12998
21234	3	17821
23325	2	12490
18925	2	12482
12589	3	17159
17165	0	17166
20448	0	20389
20344	0	20399
20183	1	20238
20338	2	13778
14259	0	13668
14838	1	14875
21682	0	23365
13790	0	13668
15863	4	15850
23386	0	23360
12504	2	12454
20992	1	20993
15203	1	15414
12880	0	12867
20886	0	20865
12829	3	12828
14364	0	13668
14455	2	12420
12912	0	12909
12817	3	14342
16501	0	16403
23572	2	12595
12586	3	14343
20423	0	20389
18925	3	17163
21745	2	14232
17131	1	17145
16484	0	16403
21238	0	17423
18944	0	18623
18623	2	16848
19040	2	16431
13749	0	13739
20440	0	20338
14082	2	14092
14194	0	14184
21150	1	21192
21523	0	21485
16721	2	12410
19721	1	19900
20843	0	20844
20341	3	15945
21743	2	12410
12467	1	12470
14124	2	12903
17327	2	17354
12909	2	12597
17781	2	12535
21281	1	21387
12846	3	17281
20450	0	20385
20086	0	20035
23067	0	16402
21506	0	21485
12485	2	12496
21229	3	20107
12634	4	12600
20940	0	20865
13100	1	13294
20528	0	20338
20065	1	20090
18684	0	18622
21983	1	21999
17585	2	12859
16403	2	12498
14200	0	14186
16941	0	16933
21489	0	21485
17379	0	17419
13442	0	12996
12549	0	12545
17600	1	17629
12732	4	12671
20009	2	12585
14701	2	12592
20068	3	13661
20434	0	20395
20865	3	16350
20736	0	20661
19322	1	19519
17444	2	17669
17496	2	12579
22875	0	20279
19647	1	19847
16386	2	12498
12722	4	12600
13038	0	12994
19758	1	19924
22673	0	22638
12715	4	12671
21094	1	21119
20417	0	20395
20379	2	12940
19143	0	19059
22665	0	22648
20627	3	18449
18623	2	18621
12496	3	16522
12705	4	12600
15736	1	15744
23091	3	12925
15894	3	13400
17766	0	17761
23435	2	17051
12698	4	12671
22093	2	12407
21749	0	21743
20401	0	20399
20186	0	20144
14186	2	12815
17875	1	18156
12820	3	23585
22568	0	22536
16614	1	16626
14124	2	12582
16814	1	16815
22707	0	22721
15790	0	15768
12604	2	12622
12860	3	12633
13739	2	13776
17464	0	17444
21910	1	21926
14455	2	12583
19724	1	19903
13668	2	14287
13505	2	12857
21578	1	21669
20747	0	20667
23966	0	17722
22035	0	22019
21352	0	21269
16414	1	16427
16200	3	16249
21769	2	12819
17859	0	17786
20628	2	20657
16218	0	16183
20308	0	20278
20419	0	20382
16864	0	16848
19040	2	12861
22584	0	22639
13093	0	12998
16970	3	17022
13949	0	13909
17447	0	17444
13050	1	13253
21796	3	16249
20670	2	13776
17113	1	17122
14125	2	13707
20730	0	20667
21335	0	21269
14308	3	14316
15193	0	14704
18947	0	18928
12498	3	21056
17259	3	17282
20291	0	20278
21034	0	21031
16847	0	16848
13076	0	12998
13932	0	13909
23906	4	23685
14968	1	14967
23359	2	15930
18925	2	18979
20068	2	12364
23784	4	23685
20422	1	20500
14186	2	14238
15176	0	14704
18930	0	18928
12865	2	12588
23005	0	22957
22672	0	22639
15551	3	15609
14707	0	14704
14123	2	12460
13692	1	13724
20722	0	20667
17535	0	17444
23973	1	24022
17462	1	17486
19227	0	19178
16054	0	15971
22955	2	15928
18434	2	14231
17444	3	12631
14471	0	14458
16737	1	16797
15218	0	15178
17027	2	14486
18467	0	18452
20964	0	20966
14810	1	14848
22988	0	22957
22655	0	22639
14663	0	14657
14392	1	14423
17453	1	17476
20705	0	20667
17333	0	17332
12673	1	12672
12512	0	12465
23273	1	23272
19254	1	19575
14306	3	14358
23771	0	23685
23872	4	23685
16037	0	15971
15611	2	12455
20438	0	20378
15201	0	15178
18685	0	18621
15571	0	15554
12851	2	12855
22799	1	22846
13030	0	12996
22526	1	22531
20688	0	20667
20012	1	20020
22964	1	23017
12550	0	12544
23381	0	23365
16020	0	15971
19001	0	18928
22732	0	22719
14516	1	14521
14704	2	12523
20421	0	20378
16931	2	12536
15184	0	15178
16533	0	16526
13095	0	12994
15456	0	15462
18668	0	18621
20413	0	20388
22726	2	12536
19298	0	19178
23773	1	23772
19040	2	12540
23995	0	23953
15289	0	15178
13200	0	12994
20120	0	20113
19063	2	16554
16850	2	16557
20418	0	20394
20405	0	20382
13078	0	12994
19144	0	19058
13118	0	12996
20008	2	12854
22709	2	12536
12425	3	23585
23138	0	23139
12466	0	12463
18452	2	12476
21297	1	21404
20624	0	20628
21360	0	21267
15991	0	15969
17370	0	17356
15272	0	15178
13183	0	12994
16432	2	12931
20018	0	20006
13101	0	12996
22365	1	22458
13668	3	14325
21142	2	12409
15873	2	12623
15303	1	15395
12408	3	23585
16200	2	16241
14932	1	14931
20138	2	12410
22026	0	22017
20011	2	13707
15862	1	15861
20015	0	20011
13166	0	12994
20446	1	20467
23610	0	19060
20633	1	20644
20445	0	20390
19038	2	16554
16562	0	16560
20135	2	12836
16993	0	16970
18575	0	18452
14809	0	14803
14899	4	14704
18810	1	18870
13149	0	12994
15008	1	15007
23685	2	24053
15903	0	15873
18558	0	18452
21229	3	16350
21178	1	21219
23110	4	23108
14296	2	14303
19067	0	19040
16981	0	16965
20340	1	20345
12477	3	14441
14387	2	14287
18667	0	18622
21952	0	21937
20718	0	20660
15481	0	15460
22729	0	22639
12601	3	12631
14466	1	14480
15892	3	13400
17592	0	17444
22735	0	22722
15928	3	23061
22708	3	22767
16879	1	16904
16488	1	16507
20388	2	12812
17585	2	12835
20343	0	20387
18650	0	18622
16973	0	16965
22093	2	22637
20701	0	20660
14547	3	12925
15464	0	15460
12995	0	12997
15798	1	15828
19040	2	14097
14414	1	14443
17297	0	17262
17026	1	17028
16207	0	16186
15754	0	15751
15974	0	15873
21811	4	21772
16681	0	12600
12909	3	12932
20400	0	20395
16053	1	16139
18633	0	18622
14789	0	15178
19372	0	19178
21796	3	21807
23146	0	23137
20145	2	12586
22426	0	22093
21541	1	21632
19038	2	12850
13734	0	13735
20923	2	16349
15957	0	15873
16970	2	12906
21753	1	21764
15293	1	15386
14835	0	14704
20384	2	20472
17984	0	17781
23459	2	12418
23998	0	23683
19355	0	19178
14197	0	14187
23320	4	23253
13668	2	12624
16321	2	12846
15816	0	15765
16360	1	16379
23441	2	17289
21234	2	12847
16471	2	15927
14184	3	14069
14562	0	14547
17967	0	17781
23981	0	23683
15894	3	21670
19338	0	19178
12656	3	17182
20865	2	20961
13707	3	21670
20143	2	12834
15894	2	12585
22723	2	13654
18072	0	17781
17290	2	14097
17652	0	17500
20165	0	20135
20369	2	12629
12471	3	23082
17950	0	17781
23964	0	23683
12858	3	15944
22667	0	22644
12552	0	12548
18055	0	17781
17728	0	17725
20037	0	20031
19130	2	12619
19325	1	19522
21857	0	21848
13774	3	13768
15054	0	14704
16551	2	14079
20447	1	20466
19040	2	13776
15951	2	13708
22650	0	22644
22959	2	12536
15489	0	15458
20473	3	21673
18038	0	17781
17789	2	12903
12807	3	14069
12494	3	21801
16358	0	16354
15044	1	15043
21852	0	21772
20433	0	20383
16431	2	14695
12601	2	12623
23731	1	23729
13024	0	12997
12588	3	14358
18658	0	18620
17239	0	17231
14297	2	12628
15555	2	12500
15969	2	14448
23683	2	12595
22727	0	22724
16215	0	16184
22021	3	14080
20416	0	20383
20630	0	20607
20408	0	20393
18126	0	17781
15951	2	12903
21074	3	21064
20134	2	12527
12959	0	12948
23618	0	23669
23390	1	23411
17297	1	17300
22959	2	19086
13511	0	13512
16354	2	12628
23625	0	19060
18707	0	18622
14455	2	12477
13668	2	14181
20168	0	20135
12868	2	12457
22038	0	22022
17954	1	18235
13576	0	13510
16317	0	16200
12612	0	12604
17316	0	17308
20342	2	13778
21772	2	12822
23273	0	23181
17418	2	12923
12409	3	15762
20013	0	20011
23114	1	23112
14397	0	14384
20350	2	12455
12951	0	12948
17259	2	12629
20741	0	20660
17681	0	17668
20151	0	20135
16141	4	15873
16402	2	12596
20338	2	20385
19057	2	15929
15019	4	14704
13672	0	13668
17285	2	12420
21171	1	21213
20256	0	20135
20440	0	20395
13564	0	13505
16124	4	15873
20006	2	15782
17593	1	17623
14547	2	12620
23200	1	23199
18682	0	18622
20400	0	20342
22675	0	22642
12952	1	12974
13668	2	13726
13547	0	13505
20191	0	20143
16633	2	12365
12595	3	14349
15673	0	15555
19751	1	19918
21838	0	21772
14985	4	14704
19622	0	19178
22658	0	22642
18129	0	17781
22636	3	17815
22573	0	22535
20708	0	20670
14802	3	14798
16029	0	15875
22713	2	12819
22996	0	22955
12548	2	12823
20713	0	20665
13115	0	12997
20398	2	17253
19605	0	19178
23229	4	23181
12595	3	19021
16354	3	15942
22040	0	22018
17056	3	12411
20162	0	20141
23955	3	12594
13668	3	14085
14126	2	12597
15073	4	14704
18704	1	18794
13668	2	13860
16012	0	15875
22979	0	22955
22046	0	21691
15639	0	15555
21485	3	15762
16920	3	17276
22956	2	12590
20696	0	20665
22724	3	17815
16647	0	16633
13098	0	12997
13954	0	13908
20381	2	17253
20112	3	20130
19588	0	19178
23286	4	23189
12590	3	17282
20661	2	12595
23073	1	23081
13501	0	13503
22721	2	14448
16558	2	12460
21988	0	21981
21909	0	21772
22708	3	12594
20123	0	20116
18135	1	18415
15490	0	15457
14235	3	16375
15258	1	15430
22962	0	22955
13203	0	12997
20454	0	20342
20679	0	20665
17496	3	17718
13081	0	12997
14063	2	12461
13937	0	13908
21683	3	12631
12775	1	12783
17909	1	18189
15873	3	15967
15722	4	15652
13186	0	12997
19580	0	19178
15473	0	15457
17524	0	17495
19198	1	19396
20030	2	14235
13064	0	12997
13920	0	13908
16165	0	15873
17292	2	17289
12855	3	14358
16568	0	16558
16761	0	16633
12622	3	15944
22020	2	12482
20530	0	20391
13169	0	12997
20550	2	12625
12500	3	15944
20448	0	20393
20141	2	12628
19154	1	19170
20939	0	20923
17217	0	12430
12460	3	23061
18690	0	18620
18047	0	17872
20565	0	20553
22017	2	12498
13040	1	13242
12858	3	16375
20338	3	14357
14803	2	12623
23386	0	23364
23957	1	24006
20922	0	20923
16880	0	16850
23313	0	23181
18673	0	18620
18030	0	17872
20384	2	12527
20908	1	20907
15279	0	14704
17067	0	17027
21485	2	12587
21838	1	21837
24053	2	12523
19302	1	19499
12586	3	14347
21498	1	21590
21955	0	21940
20423	0	20393
20380	2	20062
15484	0	15463
19149	0	19057
22732	0	22642
14469	1	14483
12454	3	15942
15262	0	14704
14232	3	15945
23366	1	23396
15892	2	12480
18472	4	18452
20998	1	20999
13080	0	12998
20704	0	20663
14082	2	14096
20440	0	20342
15467	0	15463
21853	1	21879
23360	2	14304
15801	1	15831
21706	0	21688
14194	0	14188
14805	3	12862
12500	3	14334
20411	0	20388
14306	2	12500
14386	0	14387
14126	2	12410
13063	0	12998
16920	2	14235
17190	0	17189
17138	0	17027
20450	0	20389
15232	1	15452
19137	3	17256
14458	2	12461
23393	0	21683
14814	0	14802
15120	1	15119
12825	2	12541
20197	0	20116
17189	2	12861
12409	3	21670
22127	1	22231
13046	0	12998
19702	1	19997
19040	2	12597
17379	0	17423
17263	0	16920
20180	0	20116
20032	2	13776
20736	0	20665
20545	3	14358
20146	0	20140
16321	3	15944
16024	0	15971
19759	0	19178
13038	0	12998
18984	3	17162
23325	3	15942
20133	0	20134
22673	0	22642
20163	0	20116
16933	2	12455
20185	0	16354
13559	0	13510
23741	0	23685
14455	2	12453
16007	0	15971
19063	2	12423
20827	1	20834
14992	1	14991
21240	0	17423
19742	0	19178
15893	2	15606
18655	0	18621
16633	2	12796
17766	0	17765
19620	0	19178
22052	1	22090
17201	0	17195
23321	4	23298
13689	1	13701
19328	1	19525
13863	0	13668
16920	2	12625
18831	1	18891
23724	0	23685
19178	2	12855
21795	2	12480
22643	2	16081
22661	0	22637
19725	0	19178
13674	0	13736
20690	0	20663
12810	3	14072
20170	1	20225
22015	2	14097
17170	1	17179
21485	3	21670
15178	2	13773
22560	1	22607
22536	3	14080
12604	2	12626
20530	0	20338
13200	1	13386
19708	0	19178
17293	2	12365
20117	0	20114
12603	2	12595
13667	2	12540
14407	1	14437
22035	0	22023
14202	0	14186
12626	3	23416
22432	0	22093
18809	0	18623
16218	0	16187
20419	0	20386
20691	0	20670
22584	0	22643
21795	3	16249
14185	2	12539
23509	1	23564
20338	2	14079
12765	2	12782
13393	3	15762
17678	0	17444
17444	2	17352
17536	0	17500
13745	0	13736
16473	0	16471
16963	2	13839
22725	0	22708
21772	3	21801
21485	2	12534
20171	0	20138
12455	3	14072
15302	0	14704
16431	2	14134
14186	2	14242
22672	0	22643
16931	3	12631
21277	1	21384
20386	2	13491
23439	2	16554
12622	3	16375
14125	2	12906
23359	3	13661
20937	0	20923
16861	1	16890
22655	0	22643
20369	2	13491
15875	2	12595
20443	0	20398
21863	0	21848
19591	0	20010
16556	3	17282
22993	0	22956
20438	0	20382
14064	2	12498
17596	1	17626
18618	2	15784
18499	1	18498
18863	0	18623
12851	2	12859
19057	2	14079
20426	0	20398
13512	3	13660
16167	1	16166
22559	1	22608
12550	0	12548
12998	3	13400
22976	0	22956
21098	0	21079
20421	0	20382
14367	0	13667
22959	2	13398
17925	0	17872
21090	1	21116
20413	0	20392
21695	0	21691
12714	1	12715
19138	2	12861
14448	3	15945
16551	2	12847
12756	4	12548
21031	2	13491
12825	2	12838
13200	0	12998
20344	0	20379
15487	0	15458
17538	0	17496
23091	2	12490
14070	2	12500
20418	0	20398
17908	0	17872
20405	0	20386
20393	2	15782
18039	1	18319
20337	2	12417
13668	2	12815
24000	0	23952
23953	2	14238
23089	0	23090
15460	3	14543
12431	0	12430
14455	2	14494
16730	0	16721
18656	0	18620
18013	0	17872
13183	0	12998
17781	2	18447
14821	1	14858
17891	0	17872
13668	3	14329
21701	0	21693
15873	2	12627
22578	1	22625
16200	2	16245
23983	0	23952
22026	0	22021
17309	2	12861
13677	0	13667
17996	0	17872
12817	3	14322
13166	0	12998
20035	2	20032
14367	1	14376
20299	0	20280
20682	0	20668
20445	0	20394
22734	1	22756
23366	0	23359
20386	2	17492
12600	2	12424
12626	3	17163
21940	2	12480
17032	2	12501
16966	3	17019
21565	1	21656
16805	2	16812
17979	0	17872
13149	0	12998
17259	2	13491
12460	3	14311
17741	0	17722
19659	1	19856
12709	0	12548
22743	0	22726
16321	3	16375
20733	1	20808
21176	0	21142
17669	2	12586
13668	2	14238
16313	1	16312
20626	3	12632
20731	0	20670
16981	0	16969
12942	3	12932
21689	2	12500
20278	2	12585
21322	1	21430
17173	0	17168
21694	1	21719
14297	2	12819
14244	0	13668
22729	0	22643
16850	2	12857
21848	3	17718
12427	3	23585
21794	2	12500
22735	0	22726
20278	2	12935
13667	2	13776
12407	3	23082
16216	0	16200
20139	2	18971
23960	1	24009
14485	3	17042
20343	0	20391
13668	2	12494
22526	0	22527
12967	0	12950
22569	0	22093
21703	0	21689
12786	3	17042
13706	3	17187
23720	4	23685
21795	2	20266
18681	0	18618
15567	0	15551
16430	1	16448
12909	3	12936
16199	0	16200
20168	0	16354
20400	0	20399
23612	0	19060
22674	0	22093
14788	0	15178
15894	2	12455
18615	2	14878
19152	0	19060
20685	0	20668
20062	3	21673
13728	2	13729
20669	2	12861
23377	0	23362
22535	2	12535
14811	0	14803
13734	0	13739
21492	1	21583
18664	0	18618
13191	0	12996
16182	0	16200
20151	0	16354
22657	0	22093
15252	1	15455
15804	1	15834
23622	0	23578
13668	2	12628
15816	0	15769
16287	0	16200
20414	0	20391
20401	0	20379
17228	0	17229
14298	0	13668
14157	0	14138
23364	2	12819
20011	2	12585
23605	0	23578
20925	0	20865
22026	1	22059
15936	0	21692
19191	1	19390
17443	2	12628
20165	0	20139
19000	0	18623
23588	0	23578
16184	2	12500
17683	0	17496
22667	0	22648
16431	2	12471
20441	0	20387
20037	0	20035
20739	0	20668
20341	2	12534
21745	3	17818
20391	3	13768
13671	0	13737
16431	3	16429
22650	0	22648
22959	2	12540
12659	3	15945
15489	0	15462
22022	3	20962
23359	2	12527
20337	2	13653
12690	4	12600
13433	0	12998
20433	0	20387
22033	0	21691
20386	2	20472
20342	2	20064
21693	2	12483
23709	1	23708
20116	2	20266
14729	1	14766
13029	0	12996
15957	1	15966
20416	0	20387
20083	0	20069
15477	0	15457
17231	2	14494
14186	3	14069
22016	0	21691
21067	2	12856
20408	0	20397
16220	0	16183
23991	1	24039
17495	2	12900
13012	0	12996
13742	0	13737
17292	2	14097
19674	1	19866
23359	2	12661
16203	0	16183
20404	0	20382
23685	2	12461
12754	4	12671
22536	2	12409
15765	2	14783
15553	3	15579
23134	4	23122
22731	0	22093
22029	1	22062
21277	0	21269
12744	4	12600
12755	1	12754
23512	1	23567
23203	4	23260
17585	2	12786
20343	0	20338
12737	4	12671
17269	0	16920
14188	2	14235
23436	2	16905
20439	0	20338
12600	2	12855
20440	0	20399
20664	0	20661
12479	3	12932
14193	0	14184
16934	0	16931
20627	2	20649
12773	1	12791
20349	2	12906
20008	2	12834
20279	2	14232
18145	0	17781
15893	2	14240
16386	2	12425
16992	0	16970
12455	3	14316
20422	0	20338
15902	0	15894
22956	2	12460
20045	0	20033
15858	0	15850
21505	0	21485
22959	2	22957
21777	0	21769
12595	3	14353
14704	3	12862
22666	0	22636
23362	3	13664
12602	0	12671
12378	1	12398
22802	0	22093
22048	0	20134
22974	0	16922
12714	0	12600
23241	1	23242
22996	0	22959
20414	0	20338
15178	2	12407
12707	0	12671
20713	0	20669
17356	2	12424
17724	0	17722
14387	2	12628
23685	2	23683
22031	0	20134
22874	0	20279
21981	2	14239
22979	0	22959
12453	3	14358
20696	0	20669
19312	1	19509
14188	2	12625
21280	0	21269
12407	3	15942
20429	0	20380
20134	3	12411
19063	2	12480
13512	2	13652
18676	0	18623
15117	4	14704
15490	0	15461
22962	0	22959
23827	0	23685
20679	0	20669
22710	2	12630
22731	0	22711
16443	0	16433
23729	4	23685
20412	0	20380
18993	0	18991
15806	0	15768
21262	1	21265
19060	2	12906
23570	2	15784
22719	2	12630
19654	1	19971
14230	3	21056
15473	0	15461
15728	4	15682
17378	0	17358
22014	2	14093
17032	3	17158
23458	1	23514
20031	2	15784
20663	2	12461
17529	0	17494
13069	0	12996
20135	2	14239
21947	0	14701
20693	0	20661
23609	1	23650
12592	3	17276
23462	0	23459
12505	1	12514
20448	0	20397
18070	1	18349
21351	0	21269
17361	0	17358
23441	2	12597
19050	3	14349
12717	0	12600
13174	0	12996
22998	0	22955
17512	0	17494
20453	0	20392
13052	0	12996
16969	3	17022
21568	1	21659
19607	0	19178
20160	0	20144
17668	2	13732
23800	4	23685
21334	0	21269
20395	2	12855
22130	1	22234
13157	0	12996
16854	1	16884
22048	0	21691
22981	0	22955
20380	2	12361
22726	3	17815
20436	0	20392
23440	2	15928
14064	2	12421
20736	1	20811
19243	0	19178
13668	3	13768
16030	0	15969
20663	2	12595
18125	1	18404
17589	1	17620
20378	2	12855
15492	0	15457
17669	2	12830
13140	0	12996
22020	2	18447
22031	0	21691
12586	3	14351
13773	3	13768
22709	3	17815
22528	2	12366
19226	0	19178
17834	4	17781
16013	0	15969
20187	0	20140
18483	1	18482
14955	4	14704
20342	2	14079
12436	0	12429
17682	0	17444
17540	0	17500
15475	0	15457
13123	0	12996
13006	0	12994
14496	3	14355
12461	3	14356
20704	0	20667
20338	3	14495
15255	1	15354
19209	0	19178
17790	0	17789
21706	0	21692
12926	0	12909
20032	2	20062
20629	0	20628
21374	1	21462
17166	2	12480
15996	0	15969
23744	1	23745
14837	0	14704
12500	3	14338
15877	0	15875
15200	0	15178
20411	0	20392
17027	2	12453
15472	0	15462
18516	4	18452
13111	0	12994
15903	1	15918
17523	0	17500
12618	3	12828
20179	0	20140
16807	0	16805
22873	0	22869
13739	3	13768
21745	3	21766
21292	0	21269
20007	2	12525
23380	0	23365
14820	0	14704
17786	2	12538
14921	4	14704
16721	2	13707
13094	0	12994
17506	0	17500
22584	1	22631
20145	2	12834
15953	0	15951
17386	0	17356
22014	2	12617
16496	1	16515
17260	3	17278
13077	0	12994
12590	3	15944
21036	0	21031
17358	2	12628
20736	0	20669
14119	3	14349
23763	1	23762
20146	0	20144
20590	2	20601
17369	0	17356
13182	0	12994
21745	2	12630
14124	2	12456
14786	0	14704
20017	0	20006
12943	3	12937
18623	3	17161
20841	0	20669
12867	2	12409
19652	1	19850
17896	1	18176
23867	0	23685
17288	2	17286
14455	2	12457
13165	0	12994
20452	0	20380
16974	0	16963
23972	0	23685
20444	0	20390
16943	0	16931
16491	0	16402
13954	1	14030
16920	2	12629
18623	2	18979
22661	0	22641
17895	0	17872
20116	2	12455
20393	2	12940
13527	1	13595
13746	0	13667
23382	0	23361
18128	0	17781
12851	2	12595
22048	1	22079
12876	0	12868
13865	0	13908
12604	2	12630
14447	3	23585
13668	2	14295
19300	0	19178
23938	0	23685
13513	0	13512
16970	2	12483
12608	0	12548
14732	1	14769
12476	3	14441
20067	3	20107
20419	0	20390
20406	0	20378
19283	0	19178
19289	1	19486
20424	0	20385
23578	2	12822
21827	4	21772
16963	2	12904
20387	2	12812
20398	2	20266
22725	0	22712
14190	0	14185
14068	2	12538
19266	0	19178
16206	0	16186
16721	2	12581
16930	3	12631
18042	1	18322
22672	0	22647
15788	1	15818
20381	2	20266
16931	2	12410
19371	0	19178
22810	0	22771
21774	0	21770
16189	0	16186
23437	2	12858
12786	3	15944
13919	0	13908
20305	0	20278
19057	2	12794
22655	0	22647
17983	0	17781
20424	0	20519
17503	1	17554
19354	0	19178
15589	2	12663
17292	2	12597
22793	0	22771
13567	0	13512
18118	1	18398
14982	0	14704
12591	3	15582
12914	1	12918
20732	0	20662
12802	2	12810
18977	3	23083
23980	0	23683
17966	0	17781
20407	0	20519
13512	3	13664
17585	2	17352
22776	0	22771
12998	3	13404
15971	2	12589
23587	0	19060
22558	0	22535
22669	0	22639
20141	2	14702
20338	2	12473
18927	2	18974
14259	1	14278
12503	2	12458
12381	1	12401
20199	0	20145
24053	3	12594
15075	4	14704
16920	3	14357
22955	3	23061
14125	2	12455
20383	2	17253
20724	0	20662
20344	0	20383
12488	1	12493
16258	4	16200
15487	0	15462
22541	0	22535
18054	0	17781
15849	0	15848
23578	2	12501
21158	1	21200
20182	0	20145
18017	1	18298
15997	0	15875
16632	0	16633
14121	3	17182
20707	0	20662
13737	2	13711
23197	4	23181
14308	3	14353
22959	2	12597
20166	1	20222
13668	3	14333
16354	2	18971
17068	1	17084
17418	2	12500
13058	1	13259
16240	3	15944
14940	0	14704
15980	0	15875
22026	0	22025
23302	4	23181
20144	2	12501
13922	0	13908
12817	3	14326
13735	2	13777
20278	2	12455
12599	2	12592
17669	3	16249
23180	4	23181
12586	3	14327
23263	1	23262
20304	0	20279
23325	2	23346
14126	2	14134
13197	0	12994
16860	0	16849
23184	0	23181
13685	0	14361
13737	2	12906
20666	2	13777
13668	2	12364
17799	0	17786
16321	2	12586
13492	0	13505
17443	2	17491
12770	0	12548
14154	0	14136
16970	2	16968
12590	3	16375
12494	3	21057
13154	0	12997
23268	4	23181
17053	2	12624
12508	1	12517
20668	2	12906
12753	0	12548
16051	0	15875
16749	0	16721
18032	0	17872
15702	4	15555
22668	0	22640
20718	0	20668
21933	3	21801
21571	1	21662
16140	4	15873
14467	0	14459
16559	0	16560
17423	2	14699
12736	0	12548
15589	2	12476
16732	0	16721
17260	2	14235
18015	0	17872
20521	0	20393
22651	0	22640
20447	0	20385
23124	4	23108
20343	0	20395
13668	2	12498
13976	0	13908
20701	0	20668
12745	0	12548
20739	1	20814
21774	1	21784
18120	0	17872
16123	4	15873
23839	1	23838
20434	0	20379
21674	3	16375
14802	3	12631
18681	0	18622
15567	0	15555
17998	0	17872
15495	0	15460
20430	0	20385
12728	0	12548
12546	0	12545
20388	2	17492
16005	0	15873
18103	0	17872
16633	2	12426
20417	0	20379
18664	0	18622
17981	0	17872
15478	0	15460
23459	2	12426
22546	1	22595
12711	0	12548
13482	2	12459
15660	4	15555
23733	1	23732
20089	0	20067
15988	0	15873
18086	0	17872
20414	0	20395
20401	0	20383
20672	0	20663
16579	4	16551
15115	4	14704
17168	2	17127
20006	2	12944
16920	2	16927
16551	2	14303
20393	3	14080
14067	3	14072
16818	2	12498
23365	2	12480
20165	0	20143
14469	0	14455
17285	2	17287
12587	3	23414
14303	3	21670
14808	1	14845
20141	2	18971
23602	1	23644
21006	1	21007
20170	0	20138
16873	1	16899
16818	2	16820
20441	0	20391
20278	2	12618
16566	0	16551
21283	0	21267
21080	2	14599
15102	0	14704
17288	2	12858
20558	0	20551
14679	0	14455
20153	0	20138
23088	3	23083
20744	0	20667
23963	0	17722
23241	0	23181
13865	0	13668
15463	3	15542
22772	0	22093
19655	1	19853
21266	0	21267
23492	1	23547
20842	2	20862
20848	0	20842
20842	2	14446
13549	0	13505
22739	0	22723
21062	0	21066
19040	2	14134
22181	0	22093
16760	0	16633
20529	0	20391
20385	2	20062
20727	0	20667
13848	0	13668
15190	0	14704
20140	2	12628
18435	0	17781
15068	0	14704
15219	1	15418
12409	3	19019
21948	0	21938
23327	0	23325
15477	0	15461
20256	1	20261
22922	0	22912
16743	0	16633
22710	2	12821
14805	3	14883
20710	0	20667
16849	2	12418
21309	1	21417
16220	0	16187
14802	2	12623
14836	0	14802
12998	2	12455
17532	0	17444
18646	0	18623
14306	3	14342
20697	0	20661
22190	1	22294
14805	3	12789
15878	1	15886
17066	0	17027
16620	0	16551
15156	0	14704
23578	2	23670
16203	0	16187
13747	0	13736
20404	0	20386
16355	0	16354
14819	0	14802
17515	0	17444
16240	3	16375
18629	0	18623
19148	0	19057
23295	0	23181
22730	0	22093
15553	3	15583
23361	3	22952
13919	0	13668
17220	2	12430
21772	3	13405
15198	0	15178
19781	0	19178
19292	1	19489
15550	0	15553
21488	1	21580
20746	0	20663
16433	3	16429
20380	2	20473
19105	0	19060
15892	2	15924
20439	0	20342
12600	2	12859
13111	1	13303
20664	0	20665
23359	2	14304
15244	0	14704
14193	0	14188
20418	0	20378
15812	0	15766
14547	2	12628
14385	0	14387
22723	2	12536
18143	0	17872
22023	2	14233
23090	3	13405
20424	1	20480
15791	1	15821
17137	0	17027
20422	0	20342
15286	0	15178
12359	2	12361
15795	0	15766
20844	2	12476
12605	2	12480
16930	2	12623
21357	0	21267
17268	1	17279
20280	2	12523
13578	0	13505
12614	0	12599
15269	0	15178
15875	2	15876
14136	2	14181
16848	2	12625
12854	3	15945
22663	0	22645
20414	0	20342
21746	1	21757
20735	0	20665
15716	4	15628
14412	1	14440
22713	3	13402
21846	3	21808
16920	2	13491
15463	2	12501
21068	3	21075
15687	0	15555
23685	2	14238
16502	0	16403
20629	1	20640
16442	1	16457
22646	0	22645
15461	2	12420
17494	2	13491
12362	3	13768
20429	0	20384
15670	0	15555
21239	0	17423
13512	2	13656
21689	2	12480
20441	0	20338
22730	0	22711
20193	0	20138
12750	0	12600
12856	3	15582
16714	1	16717
20412	0	20384
23438	3	17282
20684	0	20668
15653	0	15555
16362	0	16321
17262	2	14303
12963	1	12985
16319	4	16272
23614	0	23670
12733	0	12600
14384	2	14287
17071	1	17087
15883	0	15873
23362	2	12587
14187	3	14072
21485	2	12461
23915	1	23914
17722	2	20473
22535	3	14080
12465	2	12532
20529	0	20338
23570	3	19022
18703	0	18623
20693	0	20665
23183	4	23184
20138	2	12662
12608	0	12605
17312	0	17309
19152	0	19040
17990	1	18268
21676	3	14349
14098	0	13668
17726	0	17722
14075	2	12527
17677	0	17669
13976	0	13668
19106	2	12591
18853	1	18913
21234	2	12481
12523	3	14085
19060	2	12455
14184	2	14232
20279	2	22909
18671	1	18761
19064	2	12625
14081	0	13668
14153	1	14173
16551	3	13400
16435	0	16386
20280	2	13491
12548	2	12860
21485	2	12595
19062	2	13651
15276	1	15370
23787	1	23786
20669	2	12625
18678	0	18623
17767	0	17761
12906	3	15762
18102	1	18382
13505	3	13658
18537	4	18468
20383	2	12854
20041	0	20030
23925	0	23685
15150	1	15149
22406	0	22093
22742	0	22718
12684	4	12548
20187	0	20144
13544	0	13510
21079	3	17254
18927	2	12481
15768	2	15782
14559	0	14547
12501	3	17042
18661	0	18623
21131	1	21136
20936	0	20923
13841	2	13833
14704	2	12804
19671	1	20004
16920	2	12365
21068	2	21067
19060	2	12589
22389	0	22093
20663	2	14238
21777	1	21787
12500	3	14342
17531	0	17494
12767	2	12480
14063	2	12498
20709	0	20666
13111	0	12998
17027	2	12457
21949	0	14701
18644	0	18623
21711	0	21691
15498	0	15463
20634	0	20627
16321	2	16347
20368	0	20369
20014	0	19178
21770	2	12819
18649	0	18618
12365	3	12616
18489	1	18488
13176	0	12996
22975	0	22956
14235	3	21673
21097	0	21079
13551	1	13619
20692	0	20666
12463	2	12483
13094	0	12998
21694	0	21691
12914	0	12908
22954	1	23011
22549	1	22598
17027	2	17129
16184	3	16249
13159	0	12996
15486	0	15458
22958	0	22956
17260	3	17282
17537	0	17496
20292	0	20278
20675	0	20666
13077	0	12998
20968	1	20971
17292	2	12788
22727	0	22708
14735	1	14772
17236	0	17231
13182	0	12998
13142	0	12996
16221	1	16251
15469	0	15458
20017	0	20010
16721	2	12906
13818	0	13817
17419	2	12588
23890	4	23685
16055	0	15971
12859	3	14349
22956	2	15928
22708	2	16081
14489	2	12410
14455	2	12461
17240	1	17252
13165	0	12998
20452	0	20384
20419	1	20485
16633	2	12804
20444	0	20394
21693	2	12597
17293	2	12589
16038	0	15971
17444	2	12904
23671	1	23676
18623	2	18983
20610	0	20607
19368	1	19565
18686	0	18621
22661	0	22645
21985	1	21998
20338	2	20369
14155	0	13668
12765	2	12656
19178	2	16246
23362	3	14449
13668	2	12421
13573	0	13510
12551	0	12544
23382	0	23365
16021	0	15971
14833	0	14803
20440	0	20379
21555	1	21646
18981	3	17162
17678	0	17668
19039	1	19043
12881	0	12867
22117	1	22221
13669	0	13668
17668	2	15777
17358	2	17438
19689	1	19878
13201	0	12994
15751	2	12586
12860	2	12585
14779	3	14780
22961	0	22956
20419	0	20394
14243	0	13668
19145	0	19058
20531	1	20548
12426	3	23585
17907	1	18186
17198	0	17195
12864	0	12867
20424	0	20389
17490	3	17485
18840	0	18623
13184	0	12994
14839	0	14805
20077	0	20066
17265	1	17274
16446	0	16432
22725	0	22716
22568	0	22093
12409	3	23585
16485	0	16403
23095	0	23092
12437	0	12432
21794	2	20266
13750	0	13739
20407	0	20389
18823	0	18623
13167	0	12994
13668	3	14069
19063	2	18526
21772	2	21934
23139	2	12581
14489	3	12499
19602	1	19813
16909	3	17161
16818	2	12421
19295	1	19492
18806	0	18623
12605	2	12590
20563	0	20550
23068	0	16402
12461	3	14307
20941	0	20865
16633	2	16805
20341	2	12461
19128	2	12822
21490	0	21485
20732	0	20666
12802	2	12814
20142	0	20141
13190	1	13376
20010	2	12585
20924	0	20865
18980	3	17163
22669	0	22643
12860	2	12853
21068	2	12854
14496	3	15945
12699	0	12600
20063	3	14349
12615	3	12616
16633	2	12617
18932	0	18927
22674	0	22638
20192	1	20247
14677	0	14455
14125	2	12459
21229	2	13775
16183	2	12500
17535	1	17576
20344	0	20387
12719	1	12718
21936	0	21937
23476	1	23531
21578	0	21485
13734	1	13755
20036	0	20035
22737	0	22723
12706	4	12600
23092	3	12925
23089	0	23098
13752	0	13735
22017	2	12482
20527	0	20391
22657	0	22638
20890	0	20865
17763	2	12588
21234	2	12457
20707	0	20666
14308	3	14357
21561	0	21485
21302	1	21411
19373	0	19178
19587	1	19800
20388	2	12906
16471	2	16476
13682	1	13718
12689	4	12600
17669	2	12460
14232	3	21056
22044	1	22076
12581	3	12616
12682	4	12671
12817	3	14330
22636	2	13654
21692	2	12483
16920	3	14495
20033	2	15784
21544	0	21485
12586	3	14331
14198	0	14187
16966	2	12480
12672	4	12600
12592	3	14357
22552	0	22536
16402	2	12527
12407	3	16540
23997	0	23952
20122	0	20112
14154	0	14140
14657	2	12627
15457	3	14543
15951	3	12789
22724	2	13654
18073	0	17781
12622	3	21673
14704	3	14883
20370	2	12629
13081	1	13420
21848	3	13404
17843	0	17786
14136	2	12815
17217	0	17220
22668	0	22644
17669	2	12944
18056	0	17781
14704	3	12789
17729	0	17725
21319	0	21269
12909	2	12935
15552	3	15609
16185	0	16183
22651	0	22644
20447	0	20389
20439	0	20399
23768	4	23685
19184	1	19383
15463	2	15457
22989	0	22957
18940	0	18925
23129	4	23107
20434	0	20383
15038	0	14704
21752	1	21763
20278	2	14232
22568	1	22615
20430	0	20389
22050	0	22017
20422	0	20399
12998	2	12996
22745	0	22721
12994	3	13401
12359	2	12418
22972	0	22957
20417	0	20383
22665	0	22636
17502	0	17444
13931	1	14008
23856	4	23685
19212	1	19410
23734	4	23685
23507	1	23561
22728	0	22721
20035	2	20069
18669	0	18621
20089	0	20071
20414	0	20399
12368	1	12388
20672	0	20667
17262	2	17259
16436	0	16431
19177	0	19178
12407	3	17158
23996	0	23953
21373	0	21269
14459	2	14485
16633	3	12631
15925	3	23415
23391	0	23362
12460	3	14348
18652	0	18621
19178	2	13778
12948	2	12471
17260	2	12629
22707	0	22709
23979	0	23953
23721	0	23685
23822	4	23685
23270	4	23306
12478	3	17182
17767	1	17775
13793	1	13812
19676	1	19869
20402	0	20394
13062	0	12994
16301	0	16200
22957	3	23060
20116	2	20140
18635	0	18621
23257	0	23181
23971	1	24020
23090	3	14885
17327	2	12483
16818	2	12852
20678	0	20669
20441	0	20395
20278	2	12622
21344	0	21267
15209	1	15442
23360	3	12633
15766	2	12460
23962	0	23953
18929	2	16909
21772	3	14080
20527	0	20338
20446	0	20390
13085	0	12996
13045	0	12994
17877	0	17781
12600	2	12595
23240	0	23181
16184	2	16241
20523	0	20518
12524	3	14069
21327	0	21267
14362	2	12854
15239	0	15178
13150	0	12994
19765	1	19930
20391	3	20542
17168	2	14232
13068	0	12996
17860	0	17781
21172	0	21143
14704	2	15410
20694	1	20772
16273	1	16272
21310	0	21267
20116	2	20274
15815	1	15845
13133	0	12994
18615	2	12471
19371	1	19568
22803	1	22849
23289	4	23302
18623	2	12811
20069	3	20107
17538	1	17571
23090	3	12925
12554	0	12547
22980	0	22955
20443	0	20382
13116	0	12994
22047	0	21691
23955	3	17815
21558	1	21649
14306	3	14346
19202	1	19401
20697	0	20665
15134	1	15133
21302	0	21267
14458	2	14486
13667	3	13768
12941	3	23585
13070	1	13268
13923	0	23459
22722	2	14448
20404	0	20390
22652	0	22643
14192	1	14212
21910	0	21772
15491	0	15457
22030	0	21691
12535	3	15944
21691	2	12533
22708	3	17815
12675	0	12671
14123	2	12582
16564	1	16573
21285	0	21267
15987	1	16060
15894	2	12626
16931	2	12524
12429	2	12430
20383	2	20266
17730	1	17746
22635	0	22643
19139	2	12906
14731	0	14704
20080	0	20069
20746	0	20667
16965	3	13661
21031	3	21055
17288	2	12541
20664	0	20669
20850	0	20842
16217	0	16183
20418	0	20382
21233	0	21230
17293	2	17289
14360	2	12455
13668	2	12799
18491	0	18452
17494	2	12422
14714	0	14704
19138	2	14134
19356	0	19178
19178	2	20007
12501	3	15944
17264	0	17262
21683	3	13664
14097	3	15944
12359	2	12365
19605	1	19816
17674	1	17697
13668	3	14313
17218	0	12430
14063	3	14069
20566	0	20553
19339	0	19178
20338	2	12587
15800	0	15765
20593	1	20600
13691	0	13667
12614	0	12603
16848	2	12629
14706	0	14704
14804	1	14842
20445	0	20378
17951	0	17781
23965	0	23683
15280	0	14704
19322	0	19178
20735	0	20669
20395	2	12595
23963	0	23955
13674	0	13667
13193	1	13379
15313	0	15178
22654	0	22639
20349	2	12459
17457	0	17441
12512	1	12542
22793	1	22840
17934	0	17781
15263	0	14704
22743	0	22710
15892	3	14543
20378	2	12595
12637	4	12548
23262	4	23263
20429	0	20388
13739	2	13711
20946	1	20955
17128	1	17144
18674	1	18764
18039	0	17781
17440	0	17441
14805	2	14879
20382	2	20473
23479	1	23534
17917	0	17781
19788	1	19954
20518	3	12632
15305	0	15178
17229	3	17256
16490	0	16402
19000	0	18928
22740	0	22726
21682	0	15892
20260	0	19057
20412	0	20388
16755	1	16784
19106	2	12461
16309	1	16308
22660	0	22641
18456	4	18452
18022	0	17781
22735	0	22710
16977	0	16965
16216	0	16184
15288	0	15178
19138	3	17256
19062	2	16554
13745	0	13667
22725	0	22639
13008	0	12997
13739	2	12906
12409	3	21064
13773	3	19119
18005	0	17781
13512	2	12855
15297	1	15389
20693	0	20669
17304	2	12529
22042	0	22017
16199	0	16184
20400	0	20383
16969	2	12483
16314	4	16200
23626	0	19060
12455	3	14353
21700	0	21689
17166	2	14448
20670	2	12906
12488	0	12465
22956	3	13661
23444	1	23452
16182	0	16184
18804	1	18864
23609	0	19060
18990	0	18991
20742	0	20660
17682	0	17668
22414	1	22507
16992	1	17016
13560	0	13510
19279	1	19476
14455	2	14291
18929	3	17161
17068	0	17056
23592	0	19060
21229	2	12409
16020	1	16131
18968	3	17162
20725	0	20660
16012	1	16141
16386	2	12596
20007	2	15782
13505	3	13662
14145	0	14138
22742	0	22722
13543	0	13510
22662	0	22637
13869	1	13888
21745	2	13659
16526	3	14353
18991	2	12422
16402	2	12905
22726	2	12821
16431	2	12455
20717	0	20660
15480	0	15460
12600	3	12631
20709	0	20670
17741	1	17744
22053	0	22020
17356	2	12595
19240	0	19178
15990	0	15873
14608	1	14626
17496	2	12811
14969	4	14704
22709	2	12821
18649	0	18622
20700	0	20660
20692	0	20670
17781	2	12901
20338	2	12534
22036	0	22020
22886	1	22905
15753	0	15751
15973	0	15873
12535	3	16375
19060	2	14232
20382	2	17253
15486	0	15462
17537	0	17500
22540	0	22535
22097	1	22201
20675	0	20670
15853	4	15848
23145	0	23137
12371	1	12391
20189	0	20135
22727	0	22712
14956	0	14704
15057	4	14704
15956	0	15873
15623	0	15555
20408	0	20381
14834	0	14704
13082	0	12997
14935	4	14704
16920	2	12853
21336	1	21444
23002	0	22956
15469	0	15462
20387	2	13491
14704	2	14231
20520	0	20519
20172	0	20135
15979	0	15875
12501	3	16375
17936	1	18216
17525	0	17495
16032	1	16144
23438	2	12501
12767	3	12789
13065	0	12997
16364	0	16930
20143	2	12501
13921	0	13908
14097	3	16375
17189	2	12418
17668	3	16249
23689	0	23681
12604	2	12854
20444	0	20398
19057	3	14449
16044	0	15873
12362	3	14069
22183	0	22093
21032	2	12587
14922	0	14704
13170	0	12997
17508	0	17495
14066	2	13839
14283	0	14126
13048	0	12997
22314	1	22315
19657	0	20008
12527	3	14072
16403	2	12409
13668	2	12425
19040	3	14449
20016	0	19178
18691	0	18620
16745	0	16633
14964	0	15178
23097	1	23100
21859	0	21772
13153	0	12997
20440	0	20383
22977	0	22956
17926	0	17872
20432	0	20393
18150	0	17781
13031	0	12997
17496	2	12490
19177	1	19377
21743	2	12455
19038	2	14879
19060	3	23585
18674	0	18620
17327	3	14591
13510	2	13649
13136	0	12997
17909	0	17872
20415	0	20393
23954	2	14238
12605	2	12460
12650	0	12647
21851	0	21772
20183	0	20141
16824	0	16818
17429	0	17420
12740	4	12548
20424	0	20393
18142	0	17781
18657	0	18620
17238	0	17231
15471	0	15458
16433	2	12935
14296	2	12628
16633	2	16675
16551	2	12941
12457	3	14357
19205	1	19404
17892	0	17872
20042	0	20033
14455	2	14238
21060	2	12590
13073	1	13271
20407	0	20393
24002	0	17722
12581	3	21801
18640	0	18620
17997	0	17872
12548	3	12632
15246	0	14704
20923	2	20956
20175	0	20141
17053	2	12819
14404	0	14384
16551	2	14230
23365	3	12632
20387	2	17492
16818	2	12425
20078	1	20096
17139	0	17027
14384	2	12628
13448	1	13474
23985	0	17722
12646	2	12657
17260	2	13491
15229	0	14704
20158	0	20141
20140	2	12421
16595	4	16551
23364	3	14449
22740	1	22762
15637	1	15636
15131	4	14704
16367	1	16377
13538	1	13606
22359	1	22452
21234	3	15585
14396	0	14384
15873	2	14599
12586	3	15945
17680	0	17668
15969	2	14599
15212	0	14704
20732	0	20670
20142	0	20145
14803	2	12477
21796	2	13491
21032	3	17163
15642	4	15555
20737	0	20665
22109	0	22093
14722	1	14759
15461	2	12534
15950	1	15959
23365	2	12541
14370	0	14363
16633	2	12621
12496	3	15762
20399	2	12854
21771	0	21770
21081	1	21107
22674	0	22642
20164	0	20116
23003	0	22955
22720	2	12819
16558	2	12582
16991	0	16966
14455	2	12628
20448	0	20381
22056	1	22085
20399	2	16237
12854	3	21670
20720	0	20665
12670	1	12669
17295	2	12848
16487	0	16403
18616	2	12455
20660	2	12461
22101	0	22093
19040	2	12906
22657	0	22642
19621	0	19178
12773	0	12767
15589	2	15599
22986	0	22955
23245	4	23181
20147	0	20116
20169	0	16354
21234	2	12461
22675	0	22093
18009	1	18289
13742	0	13668
23378	0	23362
15655	0	15555
16471	2	16480
20395	2	13778
19355	1	19552
19604	0	19178
12909	2	12455
20152	0	16354
22658	0	22093
13847	0	13668
23828	1	23829
12586	3	14335
20423	0	20381
20378	2	13778
19709	0	19178
22955	2	12590
14407	0	14387
22912	2	15596
23437	2	15928
22885	1	22904
19587	0	19178
20660	2	12595
23691	0	23685
20122	0	20116
23606	0	23578
12461	3	14340
12600	2	12786
19692	0	19178
12997	2	12455
23316	4	23181
12500	3	14322
12418	3	13768
15214	0	15178
12433	0	12429
14722	0	14802
19241	1	19440
20403	0	20386
13185	0	12997
20390	2	15930
23670	2	12628
21147	1	21189
19675	0	19178
22668	0	22648
15769	2	14079
18697	0	18620
22018	2	12421
19780	0	19178
16185	0	16187
21691	3	12411
13168	0	12997
13059	0	12998
18807	1	18867
20301	0	20279
22651	0	22648
17295	2	12527
20447	0	20393
22015	2	12662
19040	2	12585
14129	1	14133
22718	3	13402
15463	2	15461
19038	2	16465
19282	1	19479
19763	0	19178
16968	3	17018
13668	2	12856
20284	0	20279
21864	0	21848
20728	0	20663
22391	0	22093
20430	0	20393
15950	0	15951
22050	0	22021
16386	2	12490
13787	1	13805
14496	3	15762
12994	3	13405
17024	2	12812
12359	2	12422
20435	0	20388
17444	3	14449
12604	2	12480
22554	0	22536
22665	0	22640
20529	1	20541
23230	1	23229
12462	0	12463
12825	2	12663
20138	2	12455
12482	3	14778
17539	1	17563
13013	1	13221
13505	2	13654
13013	0	12996
15483	0	15463
22731	0	22642
16491	0	16386
22537	0	22536
13482	2	12817
21082	1	21106
12762	4	12600
22960	0	22956
20338	2	20349
14611	1	14629
12460	3	14352
20703	0	20663
15466	0	15463
21705	0	21688
20342	2	12587
13921	0	13668
20006	2	12363
17522	0	17496
20402	0	20398
20138	2	12589
13062	0	12998
22997	1	23050
13918	0	13909
20116	2	20144
20686	0	20663
14100	1	14104
21671	3	15944
12601	2	12855
23379	0	23361
20192	0	20138
22711	2	14446
12855	3	15582
17505	0	17496
17603	0	17588
23437	3	17282
22710	2	16078
17875	0	17872
20446	0	20394
13045	0	12998
14185	2	12527
13817	2	12408
14605	0	14455
13681	0	14362
18547	1	18580
21711	1	21736
18452	2	18616
12996	3	13401
13150	0	12998
17939	1	18219
14257	1	14275
22803	0	22093
21683	3	13400
16580	0	16551
16023	0	15971
22049	0	20134
22975	0	16922
19138	2	12365
14186	2	14230
23349	1	23355
20384	2	12812
18983	3	17162
15938	0	21691
23905	1	23904
21177	0	21142
23441	2	12662
13133	0	12998
14248	1	14265
21872	0	21846
17293	2	12837
23289	4	23306
16848	2	12365
22032	0	20134
16006	0	15971
22958	0	16922
21229	3	17818
19062	2	12423
16849	2	12426
16563	0	16551
12479	3	21670
17259	2	12861
14185	2	12661
21160	0	21142
22980	0	22959
20443	0	20386
13116	0	12998
12380	0	12359
13972	0	13909
14306	3	14350
20697	0	20669
23946	4	23685
21716	0	21691
21855	0	21846
16434	0	16386
18843	1	18903
12584	3	21670
23824	4	23685
15989	0	15971
24053	2	14097
19131	1	19135
21745	2	12427
22652	0	22647
15491	0	15461
13817	2	13831
20426	0	20386
14143	1	14163
12410	3	14311
23828	0	23685
22790	0	22771
14824	0	14805
20413	0	20380
13087	0	12996
19153	0	19060
21847	0	21846
22635	0	22647
18660	0	18623
17027	2	17056
20279	2	12366
16965	3	13665
23811	0	23685
20525	0	20518
22773	0	22771
17379	0	17358
23503	1	23558
13846	0	13843
20418	0	20386
20085	0	20068
21233	0	21234
14807	0	14805
17495	2	12457
17530	0	17494
13070	0	12996
14194	0	13668
12503	2	13731
23463	0	23459
21238	0	21229
23387	0	23359
17362	0	17358
16289	1	16288
12362	3	19119
20007	2	12590
14308	3	14337
14299	0	13668
12858	3	17278
13175	0	12996
17032	2	14233
17513	0	17494
13668	3	14317
20081	1	20099
12482	3	23585
13053	0	12996
13668	2	14092
22676	1	22705
16048	0	15969
15800	0	15769
12817	3	14310
12595	3	17159
17171	0	17166
13541	1	13609
22362	1	22455
13158	0	12996
20445	0	20382
14282	0	13668
19139	2	12455
19606	0	20006
21269	2	14702
13737	2	12540
12626	3	13768
16031	0	15969
23589	0	23578
13745	1	13762
22654	0	22643
22320	1	22321
20149	0	20139
20740	0	20668
20342	2	12534
16161	1	16160
22743	0	22714
14653	0	14640
16014	0	15969
12623	3	17186
20892	0	20865
18862	0	18623
15495	1	15535
17667	0	17496
14533	1	14542
12801	2	12806
14295	2	12365
15904	0	15893
20723	0	20668
20047	0	20032
20112	3	14080
21779	0	21768
22955	3	12925
18452	2	14241
19057	2	12591
22660	0	22645
22735	0	22714
16977	0	16969
20681	1	20759
21683	2	12587
20706	0	20668
15802	1	15832
20980	0	20865
20349	2	12597
18950	0	18623
20343	0	20379
13668	2	12482
20028	3	23429
14643	4	14640
14065	2	12905
14832	0	14803
22725	0	22643
19358	1	19555
14821	0	14704
23362	2	12595
12842	2	12845
16240	3	21673
18861	1	18921
16137	4	15873
15802	0	15765
13743	0	13737
20400	0	20387
18933	0	18623
12455	3	14357
20698	0	20668
14804	0	14704
17200	1	17209
21700	0	21693
12640	4	12600
16195	0	16200
20553	3	16540
20076	0	20066
20681	0	20668
14184	2	14240
21768	2	14120
18100	0	17872
20414	0	20379
19244	1	19443
23278	4	23279
18041	0	17781
14112	0	13668
20351	2	12584
21074	2	12457
23973	0	23685
20134	3	20962
23988	0	23954
13668	2	13905
22742	0	22726
18083	0	17872
17441	3	14450
18024	0	17781
13510	3	13661
20868	1	20867
14803	3	14880
20625	3	12632
19740	1	19998
12423	3	23082
23956	0	23685
13572	1	13639
12610	0	12600
22667	0	22636
16431	2	12459
20454	0	20387
17456	1	17479
20455	0	20391
18007	0	17781
15178	2	12582
19127	2	12822
16817	2	14093
23669	2	12595
13790	1	13808
20397	2	12854
22338	1	22339
22650	0	22636
20397	2	16237
18112	0	17781
13512	2	12538
22786	0	22093
14571	0	14455
18015	1	18295
17781	2	12905
19348	1	19546
15566	0	15551
22780	1	22827
22020	2	12527
12691	0	12671
17786	2	12900
12423	3	12828
22744	0	22713
23683	2	12587
20189	0	20139
14653	1	14654
23249	4	23250
23626	1	23667
21683	3	21670
18661	1	18751
16870	0	16848
22963	0	22959
20380	2	14496
20408	0	20385
12709	1	12708
20680	0	20669
20921	4	20885
12842	2	12658
23127	1	23126
21708	0	21691
22959	2	12662
20172	0	20139
16922	2	13652
21037	0	20865
15474	0	15461
14657	2	12904
17739	0	17723
21772	3	21899
21292	1	21401
23146	1	23167
15751	2	12460
23689	0	23685
12604	2	12858
17293	2	12597
14455	2	12819
20841	1	20852
21683	3	14449
23853	1	23852
20342	2	14120
20408	0	20519
14656	3	12499
20441	1	20464
22015	2	12585
14248	0	14123
20440	0	20387
21060	2	12460
17942	1	18222
20009	2	12500
14387	2	12482
23777	0	23685
20432	0	20397
19026	0	19020
13518	1	13586
16988	1	17013
17027	2	12494
23274	4	23272
21032	2	14230
14126	2	12455
13036	0	12996
23215	4	23181
16979	1	17003
21848	2	12459
20191	0	20135
20415	0	20397
21318	0	21269
20379	2	12855
20844	2	12460
22738	0	22719
19717	1	19961
14295	2	12796
20183	0	20145
17189	2	12906
17444	2	12457
20424	0	20397
23446	0	23435
20337	3	14080
16633	2	16679
16551	2	12945
15854	0	15850
17692	1	17714
19040	2	19058
20393	2	12497
15476	0	15457
17527	0	17495
20033	2	14235
20407	0	20397
22429	1	22521
20923	2	20960
20630	0	20628
14146	1	14166
15997	0	15969
23384	0	23360
22636	2	12455
19059	3	14449
23750	4	23685
23670	2	12819
15459	0	15457
22707	0	22636
17510	0	17495
21093	0	21080
17195	2	12363
14068	2	13839
23286	4	23181
21293	0	21269
16202	0	16183
17444	2	12591
15980	0	15969
17800	0	17786
12755	0	12600
23367	0	23360
13155	0	12997
20088	0	20071
12748	0	12671
20455	0	20338
17493	0	17495
16963	2	12461
20608	1	20612
20671	0	20667
21276	0	21269
13397	3	21673
16806	2	12424
22981	1	23034
16965	2	12903
21236	0	17423
22093	2	12806
13138	0	12997
12731	0	12671
20737	0	20669
17788	0	17781
14192	0	14184
12656	3	23082
21521	0	21485
20841	0	20844
20007	2	12834
23680	0	23683
20409	0	20384
12944	3	12937
12910	1	12915
17615	0	17444
13061	0	12994
16359	0	16321
13544	1	13612
15224	1	15422
23003	0	22959
16991	0	16970
21695	1	21720
20393	3	14495
17663	2	12786
13505	2	12906
12844	3	17281
20448	0	20385
20720	0	20669
22955	2	12460
20084	0	20035
23441	2	12585
21504	0	21485
22391	1	22485
18928	2	16909
12723	0	12671
20453	0	20380
20526	0	20338
16850	2	16927
13044	0	12994
17691	0	17669
18568	1	18601
22986	0	22959
20144	2	17051
22714	3	22767
16939	0	16933
15734	4	15702
21487	0	21485
22746	0	22717
22711	2	12409
21269	2	12852
16979	0	16965
20436	0	20380
12662	3	15944
15498	1	15538
13027	0	12994
17674	0	17669
13747	0	13667
23305	4	23302
17590	0	17444
20842	2	12417
16392	1	16400
20062	3	15944
22128	0	22093
14802	3	13664
19141	0	19059
16989	1	17012
23669	3	23585
14187	2	12625
14137	2	13656
20638	0	20626
19062	2	12480
13019	0	12994
12461	3	14344
20073	0	20067
16188	0	16560
19361	1	19558
12997	2	12459
23365	3	14543
20038	0	20030
16442	0	16433
24002	0	23955
19734	1	19908
20184	0	20144
12500	3	14326
20411	0	20380
15805	0	15768
17789	3	17819
20385	2	12906
13909	2	12587
19774	1	19940
20403	0	20390
21995	0	21940
19192	1	19391
14364	1	14373
17203	1	17212
23985	0	23955
20167	0	20144
12412	3	15944
12909	2	12943
18512	4	18452
15788	0	15768
12585	3	23430
21946	0	14701
20382	2	20266
19138	2	12906
12601	2	12591
20559	0	20551
20372	1	20374
20278	2	12362
20154	0	20138
23361	2	14097
21350	0	21269
16550	0	16551
19040	2	12589
16190	0	16186
21227	1	21254
12607	0	12601
16920	2	12483
12558	0	12548
20306	0	20278
21094	0	21079
20280	2	12804
16968	3	17022
12582	3	15942
20730	1	20805
13687	0	14360
17862	0	17781
20728	0	20667
13568	0	13512
22050	0	22025
19178	2	13652
21333	0	21269
17263	0	17262
22115	1	22218
18571	1	18604
12359	2	12426
20435	0	20392
23439	2	15928
22665	0	22644
17845	0	17781
17444	2	12538
13551	0	13512
14366	0	14360
17366	1	17406
21316	0	21269
15501	1	15541
15174	0	14704
17260	2	12853
12613	0	12603
19595	1	19806
22670	0	22639
12947	1	12971
16987	0	16963
20444	0	20378
14124	2	13733
19040	2	19139
18536	4	18464
14125	2	12630
19225	0	19178
19038	2	19047
20186	0	20140
19746	1	19915
22733	0	22724
22401	1	22494
13534	0	13512
15216	0	15178
19178	2	12847
13748	0	13736
20392	2	15930
22653	0	22639
18998	0	16848
12460	3	14356
22636	2	12536
12510	0	12465
17933	0	17781
19208	0	19178
12649	1	12666
12465	2	12463
13517	0	13512
15199	0	15178
21816	1	21815
19782	0	19178
17522	0	17500
15569	0	15554
19687	1	19976
22783	1	22830
17024	2	12361
20138	2	12593
12483	3	14358
20353	0	20349
15554	3	15580
17358	2	17422
17916	0	17781
23440	2	23434
23379	0	23365
21772	2	12924
20419	0	20378
20145	2	12501
15813	0	15766
15182	0	15178
20691	0	20662
13093	0	12994
17505	0	17500
22724	2	12536
20446	0	20398
19296	0	19178
23091	3	13405
20730	0	20663
15260	1	15356
15936	0	16931
15025	4	14704
23993	0	23953
20118	0	20113
17259	3	17278
13668	2	12539
22872	1	22891
20674	0	20662
13076	0	12994
15245	1	15437
14203	0	14185
23136	0	23139
22959	2	12906
19279	0	19178
20396	1	20499
12597	3	17182
14155	0	14136
21358	0	21267
16200	2	12586
12858	3	23430
15270	0	15178
13181	0	12994
20011	2	12496
16560	2	12362
20669	2	12906
16052	0	15875
12478	3	21057
21341	0	21267
14890	0	14704
15786	3	15945
13164	0	12994
23443	0	23436
14251	0	14126
23608	0	19060
22579	0	22535
20443	0	20390
17292	2	12585
16594	1	16593
16035	0	15875
14239	3	14069
13728	2	12619
12461	3	21057
14498	2	12453
14235	3	17282
16858	1	16887
13121	0	12997
13977	0	13908
12998	2	12817
13147	0	12994
17894	0	17872
22160	1	22264
20426	0	20390
20135	2	20269
12418	3	14069
13512	2	12461
20194	0	20138
12950	2	12589
20031	2	12365
14978	0	14704
16018	0	15875
22741	0	22722
15901	0	15873
18556	0	18452
13505	2	12532
15496	0	15460
13104	0	12997
20338	2	12461
14705	1	14742
20413	0	20384
13960	0	13908
15873	3	14780
14361	2	14382
22029	0	22018
20062	3	16375
16107	4	15873
12607	0	12548
22714	3	12594
18665	0	18622
21950	0	21937
17982	0	17872
15479	0	15460
22727	0	22639
17045	2	14232
12799	3	17182
13943	0	13908
22432	1	22524
12969	1	12991
12712	0	12548
23992	0	23954
14455	2	14486
14123	2	14229
16090	4	15873
18087	0	17872
20386	2	12812
16744	1	16775
17495	2	12811
17284	3	17276
12842	2	12581
18648	0	18622
14308	3	14341
22959	2	12585
17965	0	17872
13926	0	13908
22093	3	14080
12695	0	12548
13668	2	14096
15644	4	15555
23975	0	23954
16205	0	16186
20338	2	12595
20007	2	12944
15972	0	15873
18070	0	17872
20015	0	20007
12817	3	14314
12595	3	17163
13574	0	13512
14951	4	14704
18434	2	13906
18631	0	18622
20682	0	20660
17948	0	17872
21285	1	21395
12586	3	14315
19139	2	12459
23152	1	23173
19370	0	19178
17444	2	12835
14470	0	14455
17238	1	17249
23958	0	23954
16188	0	16186
20028	3	15944
20279	2	12854
22984	1	23037
18053	0	17872
16968	2	12906
15955	0	15873
13492	0	13493
20149	0	20143
18623	2	16820
17765	2	13726
19353	0	19178
12548	2	12604
16317	1	16316
22743	0	22718
23681	3	23700
17261	0	17262
18928	2	12481
14680	1	14691
18036	0	17872
13845	2	12811
14560	0	14547
20425	0	20391
20731	0	20662
14558	0	14455
16200	2	15782
12421	3	21801
19336	0	19178
15771	0	15768
23345	1	23352
20068	2	12523
21779	0	21772
13848	0	13843
18667	0	18618
20087	0	20068
19057	2	12595
13047	0	12997
21240	0	21229
19002	1	19014
16412	0	16403
15698	4	15555
23328	0	23325
20343	0	20383
14952	1	14951
16744	0	16633
18650	0	18618
16982	0	16968
20070	0	20068
17168	2	12659
20439	0	20383
13984	1	14060
12998	2	12630
22739	0	22093
13841	2	12422
15052	0	14704
15153	4	14704
20400	0	20391
18985	3	17161
16727	0	16633
18633	0	18618
20422	0	20383
14139	1	14160
17138	0	17129
22157	0	22093
17165	1	17176
23369	0	23364
17428	0	17420
19679	1	19872
17516	0	17444
23257	1	23256
15931	3	15945
17358	2	15409
17237	0	17231
19020	2	19016
13160	1	13346
19137	2	12410
20742	0	20668
15140	0	14704
22140	0	22093
22969	0	22957
16213	0	16184
20414	0	20383
15018	0	14704
17499	0	17444
23284	4	23181
19764	1	19931
12421	3	17158
12580	3	21801
23606	1	23647
17033	0	17027
20725	0	20668
20351	2	12588
12733	1	12732
12497	3	15945
12769	0	12548
19765	0	19178
23364	3	12632
13668	2	13909
16196	0	16184
18144	0	17872
12912	1	12919
23325	2	12409
20191	0	16354
20369	2	12625
13510	3	13665
20277	1	20285
19712	1	19894
18072	1	18352
15796	0	15766
21179	0	21080
12610	0	12604
15106	0	14704
19748	0	19178
22667	0	22640
16984	0	16964
18947	1	18967
20454	0	20391
20441	0	20379
20455	0	20395
17799	1	17812
20406	0	20342
20739	0	20660
17679	0	17668
13690	0	14363
14065	2	12588
12407	3	17276
12735	0	12548
13528	1	13596
13670	0	13668
22349	1	22442
21162	0	21080
15684	4	15555
14644	0	14642
20520	0	20393
22650	0	22640
12766	0	12765
18574	1	18607
16017	1	16120
14128	0	14125
17027	2	12819
16354	2	12490
13562	0	13505
22093	2	16246
22739	0	22711
19130	2	13904
23184	1	23183
20430	1	20462
15566	0	15555
12599	2	12527
19063	2	12659
15551	3	15581
22041	0	22023
15555	2	12496
21324	0	21267
16386	2	16471
22744	0	22717
13545	0	13505
20189	0	20143
16486	0	16403
15482	1	15522
18615	2	12455
23096	0	23092
20408	0	20389
16982	1	17006
23220	0	23181
16920	2	12861
21307	0	21267
23990	0	23954
20172	0	20143
23439	3	17282
12725	0	12600
14306	3	14330
20394	2	13778
13004	0	12998
22786	1	22833
20425	0	20338
20636	0	20626
20177	0	20138
14698	2	12618
22038	0	22018
16328	1	16341
12612	0	12600
20396	0	20384
15637	0	15555
20041	0	20071
18615	2	12589
22719	2	14448
23365	3	13661
16403	2	12417
17262	3	17281
22875	1	22894
22576	0	22536
20677	0	20665
22788	0	22093
13977	0	13668
22960	0	16922
12906	3	21064
17496	2	12498
17444	2	17588
17027	2	12498
17139	1	17153
22675	0	22638
14678	0	14455
17781	2	12588
12860	2	12597
20721	0	20661
14556	0	14455
13960	0	13668
12604	3	12632
22108	1	22212
17723	2	13838
17290	2	17289
12683	0	12600
12592	3	23416
22738	0	22723
12610	1	12642
12599	3	12616
12825	2	12590
16433	2	14448
22018	2	12482
20528	0	20391
22658	0	22638
23446	0	23439
14661	0	14455
15892	2	12663
16964	2	12362
12825	3	12411
13943	0	13668
21067	2	12527
13942	1	14017
15285	0	14704
19040	2	19062
14242	3	14072
20713	0	20661
15476	0	15461
23691	1	23701
17166	2	12659
14644	0	14455
17494	2	12540
23358	1	23394
22390	0	22093
21068	3	21063
22394	1	22488
22049	0	22021
12950	2	12483
13926	0	13668
23384	0	23364
12545	2	12471
18645	0	18623
20696	0	20661
16878	0	16850
15459	0	15461
15557	0	15553
14409	0	14387
17065	0	17027
16619	0	16551
12590	3	17278
22373	0	22093
22032	0	22021
13671	1	13713
21769	3	21069
23367	0	23364
20123	0	20112
23441	2	12455
16964	2	12496
20454	0	20338
18628	0	18623
16633	2	12845
20679	0	20661
20455	0	20342
14294	0	14295
23220	1	23219
14392	0	14387
16490	0	16386
15260	0	14704
18437	0	18434
16728	0	16721
23372	0	23359
15555	2	12659
14065	2	12535
22356	0	22093
17498	0	17494
13739	2	12540
21081	0	21079
17218	0	17220
15028	1	15027
15465	0	15463
16473	0	16386
21704	0	21688
17031	0	17027
23786	4	23685
22527	3	12594
14526	0	14523
20409	0	20388
17521	0	17496
18030	1	18309
13061	0	12998
17136	0	17027
13831	3	14069
23155	1	23176
21687	0	21688
17189	2	12589
23217	4	23306
23391	0	21683
15104	1	15103
20453	0	20384
18699	0	18623
22987	1	23040
17504	0	17496
13044	0	12998
16183	2	16245
15999	0	15969
20338	2	20544
23752	4	23685
22746	0	22721
16436	1	16451
16979	0	16969
13668	2	12596
22973	0	22957
20436	0	20384
13109	0	12996
20588	1	20597
20030	2	13776
23502	0	23459
13027	0	12998
23305	4	23306
12900	3	14357
15982	0	15969
12757	0	12600
17441	3	14080
17929	1	18209
18670	0	18621
13132	0	12998
18143	1	18433
19158	0	19060
16931	2	12455
23571	0	23570
13557	0	13510
22726	2	12455
15892	2	12476
16005	0	15971
23840	4	23685
14817	0	14803
20567	1	20585
17126	3	17182
13019	0	12998
13657	3	23585
19040	2	12459
18653	0	18621
13080	0	12994
12461	3	14348
21688	2	12480
20073	0	20071
12379	0	12359
15481	1	15521
17790	0	17781
17199	0	17195
17372	0	17356
16965	2	12586
13540	0	13510
12500	3	14330
22709	2	12455
16366	1	16383
20669	2	20668
15988	0	15971
15703	1	15702
20411	0	20384
20078	0	20066
22641	2	16081
20518	2	14702
20403	0	20394
13063	0	12994
16361	0	16321
18636	0	18621
17166	2	12822
23091	3	14885
12819	3	23414
16053	0	15969
17355	0	17356
23361	3	12633
17189	2	12857
12463	2	12471
18702	0	18623
14281	0	14123
13046	0	12994
17878	0	17781
16818	2	12596
12601	2	12595
22552	0	22093
16633	2	12658
21067	2	12474
20524	0	20518
18847	1	18907
14125	2	12500
12607	0	12605
17311	0	17309
16363	1	16378
15958	1	15965
23459	2	12658
13151	0	12994
19717	0	20010
14193	0	13668
17032	2	12416
17676	0	17669
17861	0	17781
19656	1	19854
14489	2	14492
12545	2	12418
22572	1	22618
20342	2	12461
13134	0	12994
22743	0	22641
14066	2	12534
17669	2	12501
12879	0	12865
18945	0	18929
18075	1	18355
17093	1	17095
22670	0	22643
15220	1	15419
20392	2	20472
20278	2	12500
22999	0	22956
20384	2	13491
21688	3	12411
20444	0	20382
15766	2	14782
23572	2	12624
20716	0	20666
20040	0	20030
19217	1	19417
23321	4	23294
23437	2	16554
18623	2	18971
20908	0	20865
22735	0	22641
20588	0	20589
22352	1	22445
22015	2	22014
19693	1	19881
22653	0	22643
20887	4	20865
22982	0	22956
13668	2	12409
20699	0	20666
16041	0	15873
23907	0	23685
20342	2	12595
12548	2	12661
20662	2	14238
20967	0	20965
14062	2	12498
18861	0	18623
13433	1	13459
14151	0	13668
17786	3	13400
15554	3	15584
23935	1	23934
20013	0	19178
20391	2	20545
23578	2	17352
22974	0	22956
19138	2	12589
21096	0	21079
15943	3	17162
12460	3	12616
22957	2	13398
20691	0	20666
22737	0	22093
16985	1	17009
20197	0	20141
15257	1	15443
23995	0	23685
15892	2	19055
17292	2	12455
22715	2	16081
17536	0	17496
20674	0	20666
21822	1	21821
18710	0	18621
12625	3	15945
12548	2	12795
23998	0	23952
16353	1	16369
14155	0	14140
15801	0	15765
13817	2	13705
12548	3	12616
13181	0	12998
21102	1	21127
20006	2	12855
17952	0	17781
18693	0	18621
23966	0	23683
23981	0	23952
19323	0	19178
16818	2	12409
23213	4	23214
15894	2	12854
22708	2	13654
13164	0	12998
23443	0	23440
16972	0	16963
20297	0	20280
23459	2	12471
20150	0	20135
20443	0	20394
17935	0	17781
19591	0	20006
17292	2	12589
21143	2	13491
23964	0	23952
20279	2	12590
20384	2	17492
23448	0	23435
20865	2	19136
17441	2	12812
21549	1	21640
15951	3	15542
16964	3	17019
17142	1	17156
13147	0	12998
20426	0	20394
22959	2	12455
17918	0	17781
20519	3	12632
22111	1	22215
22741	0	22726
18452	2	16075
17663	2	12416
20431	0	20389
20668	2	12630
21174	0	21142
18023	0	17781
20550	2	12597
16560	2	12850
14299	1	14302
22029	0	22022
12825	2	12834
20518	2	12905
21306	1	21414
16850	2	12585
13686	1	13721
20385	2	14496
13009	0	12997
21485	2	14303
22727	0	22643
16848	2	12857
17032	2	12363
21846	3	17718
22737	0	22711
23620	0	23669
17441	2	12946
22723	3	22768
14367	0	14363
20607	3	12632
16850	2	16907
12545	2	12365
21820	0	21772
23282	4	23280
22649	0	22636
20846	1	20855
14308	3	14345
22959	2	12589
18111	0	17781
12965	0	12950
18623	2	13657
17785	0	17786
21701	0	21689
23392	0	23362
23603	0	23669
22093	2	22719
23718	4	23685
17053	2	12482
22328	1	22329
12817	3	14318
16197	0	16200
16298	4	16200
14253	0	14126
12586	3	14319
18519	1	18518
14470	0	14459
23375	0	23362
20188	0	20139
23586	0	23669
19338	1	19536
21683	2	12461
13189	0	12996
12496	3	23585
13492	0	13497
23441	2	23437
13785	1	13802
23705	0	23685
13677	0	14363
23361	3	14353
17493	1	17564
17332	2	16828
23358	0	23362
12996	3	12633
22743	0	22722
12597	3	23415
12998	2	12500
17496	2	12421
12527	3	14353
20425	0	20395
20731	0	20666
17856	0	17786
23362	2	12819
23688	0	23685
14547	3	14080
21173	0	21143
15864	0	15848
12909	2	12923
14183	0	14186
15768	2	12497
17839	0	17786
22054	0	22020
21683	2	12595
21568	0	21485
20519	2	20545
20906	0	20865
16848	2	12536
13668	2	12490
19109	0	15892
21156	0	21143
17338	0	17332
21577	0	21485
20439	0	20387
13935	1	14011
23459	2	16606
19581	1	19794
21294	0	21267
17495	2	12494
15892	2	16908
21743	3	17818
14498	2	12620
22879	0	22869
22957	2	12540
13926	1	14001
21560	0	21485
12652	1	12665
20422	0	20387
22745	0	22709
17496	2	12905
16633	2	12418
13668	3	14354
22964	0	22955
16905	3	17276
12534	3	23060
12423	3	16540
17615	1	17647
22147	1	22251
16184	2	12362
16848	2	19086
22728	0	22709
16965	2	12480
20521	0	20519
16968	2	12589
16386	2	14702
20414	0	20387
20081	0	20069
16920	2	12597
17229	2	14494
17526	0	17495
16922	2	12453
16966	3	13661
21042	0	21031
20392	2	12527
15893	2	15928
13066	0	12997
20437	1	20486
14803	2	12408
20851	0	20842
21714	1	21739
15241	1	15349
23690	0	23681
14361	2	12455
23383	0	23360
12460	3	14336
23669	2	12819
15936	0	21688
12545	2	12528
16726	1	16767
13740	0	13737
20388	2	20062
14963	1	14961
17509	0	17495
14067	2	13839
13049	0	12997
16201	0	16183
20402	0	20382
18850	1	18910
18023	1	18303
12752	4	12671
12993	0	12996
16746	0	16633
12494	3	16540
16984	0	16968
20567	0	20553
20454	0	20395
20441	0	20383
22019	2	12498
15555	2	15749
19369	1	19566
20455	0	20399
15229	1	15344
12944	3	17186
20923	2	12861
19040	2	12837
14547	2	14446
22642	3	22767
15899	1	15914
12739	1	12738
20446	0	20378
14126	2	14289
21795	2	12586
22575	1	22621
13510	2	12454
14191	0	14184
16932	0	16931
12598	0	12603
22739	0	22715
12882	0	12868
20442	0	20390
21229	2	12905
17518	0	17444
12718	4	12671
15264	0	14704
12843	3	17281
15900	0	15894
16966	2	12415
19063	2	12663
15551	3	15585
21060	3	21069
13491	3	21057
19038	2	12529
20043	0	20033
19079	0	19127
22744	0	22721
15142	0	14704
15894	2	12480
21775	0	21769
15297	0	15178
13684	1	13710
17501	0	17444
12423	3	17158
23281	0	23181
12582	3	21801
23438	2	17051
22046	0	20134
15247	0	14704
17266	1	17275
20143	2	17051
20702	0	20669
15815	0	15766
19060	2	12500
13491	3	13486
14306	3	14334
19064	2	19086
20425	0	20342
17290	2	12837
17901	0	17781
16435	0	16431
23986	0	17722
22055	0	22019
15230	0	14704
20404	0	20378
15798	0	15766
16872	1	16913
21181	0	21080
20590	2	12461
22187	1	22291
20396	0	20388
17031	1	17039
13971	1	14047
15183	1	15318
18999	0	18991
19074	1	19087
17884	0	17781
13692	0	14363
23978	0	23953
13919	0	23459
21485	3	13400
17027	2	13657
15213	0	14704
18613	2	12501
23378	0	21683
16403	2	12421
20072	0	20067
12494	3	17158
20677	0	20669
23926	4	23685
23364	3	14543
21343	0	21267
16402	2	12946
14123	2	13859
24001	0	23955
15255	0	15178
12460	3	17182
23244	1	23243
18950	0	18928
17371	1	17409
15804	0	15768
15764	0	15766
15493	1	15532
14727	0	14704
23004	0	22955
16992	0	16966
20721	0	20665
21326	0	21267
12501	3	12899
23984	0	23955
13145	1	13426
16387	1	16394
20661	2	12461
18933	0	18928
23593	0	19060
15787	0	15768
18628	1	18718
20196	0	20138
15971	2	16074
21309	0	21267
23299	1	23298
12606	0	12601
23967	0	23955
13172	0	12996
22663	0	22637
20451	0	20392
17425	1	17433
18059	1	18339
17032	2	12473
16403	2	12905
13668	2	12921
22049	0	22025
21332	0	21269
20393	2	12855
21269	2	12592
22646	0	22637
22032	0	22025
19155	0	19040
19063	2	12476
13439	1	13465
22922	1	22942
22018	2	18447
19693	0	19178
16633	2	12849
14552	1	14594
19224	0	19178
22740	0	22714
18467	1	18466
20185	0	20140
14953	4	14704
22417	0	22093
15766	2	15778
16922	2	12534
20684	0	20660
18507	0	18452
16866	0	16849
14730	0	14704
20391	2	15930
16402	2	12625
20676	0	20670
23919	1	23918
19207	0	19178
15304	0	14704
17788	0	17789
21704	0	21692
22646	0	22771
18612	0	18452
21940	2	16908
20409	0	20392
15470	0	15462
20116	2	12854
17521	0	17500
14713	0	14704
19137	2	14134
20669	2	12483
20659	0	20670
13737	3	13768
21743	3	21766
15683	1	15682
22409	0	22093
22018	3	14080
15222	1	15338
15287	0	14704
21687	0	21692
16192	1	16270
12455	3	14341
14818	0	14704
14919	4	14704
15181	0	15178
14062	3	14069
20453	0	20388
16969	3	17018
17504	0	17500
13881	1	13902
21685	2	12786
20160	0	20140
21865	0	21848
16045	0	15873
16195	0	16184
22392	0	22093
14185	2	12592
13817	2	12473
18578	0	18452
18620	2	15784
14385	1	14417
14801	0	14704
20673	0	20662
14304	3	23413
20436	0	20388
18480	4	18452
15971	2	14598
13909	2	12461
22912	2	13730
12548	2	12852
16028	0	15873
22375	0	22093
15312	0	15178
14906	0	14704
20738	0	20660
15501	0	15460
20148	0	20135
13032	0	12997
17285	2	16905
19782	1	19948
22742	0	22710
12758	4	12548
14073	1	14077
14372	0	14362
22734	0	22720
16011	0	15873
17160	3	17162
17024	2	12906
22358	0	22093
12636	4	12548
22642	3	12594
13505	2	13398
17540	0	17496
16749	1	16778
16303	1	16302
23442	0	23436
16437	0	14547
18099	1	18379
12461	3	14352
13015	0	12997
22095	1	22199
12651	0	12647
13135	1	13326
19178	2	12587
16489	0	16402
12494	3	14072
19584	1	19797
15994	0	15873
15472	0	15458
17523	0	17496
13909	2	12595
14232	3	23061
12997	2	12817
20403	0	20398
17893	0	17872
23687	0	23682
12724	4	12548
23380	0	23361
13007	0	12997
18641	0	18620
12463	2	12475
17506	0	17496
15873	2	15929
17876	0	17872
15936	0	16321
16198	0	16184
21818	0	21772
12606	0	12548
18109	0	17781
18624	0	18620
13151	0	12998
22955	3	13661
14781	3	23082
14205	0	14185
21345	1	21453
17032	2	12420
16182	1	16261
15108	0	14704
15465	1	15505
19273	1	19470
20408	0	20369
12999	1	13208
17585	2	12624
14123	2	14290
12851	2	12457
14093	3	21670
13134	0	12998
17964	0	17872
17116	1	17125
14066	2	12538
14646	0	14642
18061	1	18343
16204	0	16186
17067	0	17056
12940	3	12938
17260	2	12861
22670	0	22647
12381	0	12359
20444	0	20386
19138	2	12459
20716	0	20670
21989	1	22002
19076	0	19128
18623	2	18975
12677	0	12548
15626	4	15555
20278	2	12854
20303	1	20324
23142	1	23163
22653	0	22647
20699	0	20670
17290	2	12597
22791	0	22771
12851	2	12591
15081	4	14704
17032	2	12904
12774	0	12767
14825	0	14805
16975	0	16966
15281	1	15376
20432	0	20381
16583	1	16584
22554	0	22093
13743	0	13668
22015	2	14447
20391	3	14358
12909	2	12630
16361	0	16354
22774	0	22771
21552	1	21643
13548	0	13512
21772	2	21792
13847	0	13843
20086	0	20068
14808	0	14805
22556	0	22535
13919	1	13995
20415	0	20381
20139	2	14702
20369	2	12418
13514	1	13582
14384	2	12482
14195	0	13668
20197	0	20145
22537	0	22093
20424	0	20381
21239	0	21229
20379	2	13778
17421	0	17418
15556	0	15553
20720	1	20795
22140	1	22245
14061	0	14064
20279	2	12460
22539	0	22535
20674	0	20670
19178	2	15783
12548	2	12799
20034	0	20031
12409	3	17161
14068	2	12534
20180	0	20145
16173	0	15873
20554	1	20572
15995	0	15875
14701	2	12625
21267	2	12490
20407	0	20381
15801	0	15769
13974	1	14050
15468	1	15508
23195	4	23181
12553	1	12569
22957	2	12597
21300	1	21407
17137	0	17129
13668	2	13836
12801	2	12416
14184	2	12427
20163	0	20145
17027	3	17159
12534	3	15762
13692	0	13668
20910	0	20865
20437	0	20342
20011	2	12854
19676	0	19178
14188	2	12597
23300	4	23181
15894	2	12858
18698	0	18620
22368	1	22461
16870	1	16897
22308	1	22309
20150	0	20139
20865	3	21055
16937	0	16930
19178	2	12534
17307	0	17306
23448	0	23439
20893	0	20865
21090	0	21080
19659	0	19178
16963	3	17019
23182	0	23181
15875	2	12945
21032	3	13768
13683	0	14361
18834	1	18894
15693	0	15555
20116	2	12480
12455	3	23416
13152	0	12997
19754	1	19921
14646	0	14455
22956	3	12925
20876	0	20865
17663	2	12420
19642	0	19178
20431	0	20393
23266	4	23181
15873	2	15876
15892	3	21057
15875	2	14234
12723	1	12722
18631	1	18721
20199	0	20141
12465	2	12500
12597	3	21057
16533	1	16543
12603	2	12624
15741	1	15748
13135	0	12997
23747	1	23746
16983	0	16964
15783	3	15945
19625	0	19178
23249	4	23181
22737	0	22715
16823	0	16818
20182	0	20141
14805	3	14798
16138	4	15873
20160	0	20116
16850	2	16911
17871	1	18153
22716	2	12819
20964	0	20865
17612	0	17444
16863	0	16850
12597	3	13486
22649	0	22640
14127	0	14125
13974	0	13908
14308	3	14349
23360	3	23416
23624	1	23664
22043	0	22018
23823	1	23822
22093	2	22723
18616	2	13732
23307	1	23305
16121	4	15873
12453	3	17042
17500	2	12461
15969	2	12627
12641	4	12600
21672	3	16375
18564	1	18597
17595	0	17444
20165	0	16354
15871	1	15872
13442	1	13468
15666	4	15555
12599	2	12588
22925	1	22945
12813	3	17182
13957	0	13908
12586	3	14323
14528	0	14523
15631	1	15630
20865	2	20913
14283	1	14286
20188	0	20143
12592	3	14349
18101	0	17872
16104	4	15873
20687	0	20663
22959	2	14232
14501	0	14455
14982	1	14981
19668	1	19863
12461	3	14328
16970	2	16964
15658	4	15555
23989	0	23954
12729	4	12600
17604	0	17588
15249	1	15428
18084	0	17872
17495	2	12364
20358	1	20366
14704	2	13711
12527	3	14357
12500	3	14310
14716	1	14753
14064	2	12527
20425	0	20399
12432	2	12459
21796	2	14097
12611	0	12600
12480	3	23414
22668	0	22636
17587	0	17588
21331	1	21437
18067	0	17872
15610	1	15615
20553	2	12625
16526	3	16545
12909	2	12927
20518	2	12588
14369	0	14363
13871	0	13668
14467	0	14455
20717	1	20825
12585	3	23414
19060	2	14785
20398	2	12854
12503	2	12483
15892	2	12590
21992	0	21940
22651	0	22636
20447	0	20381
16403	2	12478
20279	2	12407
20398	2	16237
20672	1	20750
19078	0	19062
22575	0	22536
17220	2	12829
14704	2	12906
20439	0	20391
21940	2	15408
16564	0	16551
22033	0	20134
16184	2	12582
14186	2	12661
13668	2	12844
13117	0	12998
20146	0	20116
13973	0	13909
20556	0	20551
20430	0	20381
20381	2	16237
14455	2	14523
19061	0	19062
20422	0	20391
13959	0	13668
16547	0	16551
16880	1	16915
22016	0	20134
19785	1	19951
15990	0	15971
22745	0	22713
12359	2	12410
12786	3	14359
18638	0	18621
13668	3	14358
16871	0	16848
20427	0	20386
20713	1	20789
13100	0	12998
22964	0	22959
13956	0	13909
14660	0	14455
13846	0	13668
22098	1	22202
23707	0	23685
12817	3	14351
13942	0	13668
15973	0	15971
23808	4	23685
20278	2	12480
22728	0	22713
21067	2	12588
21038	0	20865
16854	0	16848
22920	0	22912
13083	0	12998
20410	0	20386
22649	1	22678
16966	3	13665
15782	3	14357
13939	0	13909
23135	4	23131
19726	1	19985
20338	2	20337
23690	0	23685
23239	4	23306
20116	2	12427
12853	3	13486
20443	1	20516
23383	0	23364
12460	3	14340
14834	0	14802
14455	2	14657
19691	0	19178
22093	2	22536
17762	2	12490
16877	0	16850
23795	0	23685
17064	0	17027
23388	0	23359
16618	0	16551
20627	3	14591
17668	2	12362
16201	0	16187
20402	0	20386
18709	0	18621
17514	0	17494
14249	0	14123
13054	0	12996
16970	2	12455
18627	0	18623
20454	0	20399
20678	0	20661
12582	3	14316
23359	3	22952
12428	0	12430
19147	1	19164
23778	0	23685
16044	0	15971
19139	2	12630
20350	2	12541
14447	3	19019
19779	0	19178
15721	4	15648
16922	2	12591
20446	0	20382
17496	2	17715
18692	0	18621
17497	0	17494
12548	2	12425
14126	2	14293
21795	2	12590
15667	1	15666
15240	1	15426
20744	0	20663
23181	3	14080
13037	0	12996
23437	2	23434
14191	0	14188
23761	0	23685
12557	0	12544
22739	0	22719
12994	2	12497
19762	0	19178
20442	0	20394
17262	2	14702
15018	1	15017
17297	0	17295
20727	0	20663
13020	0	12996
15717	4	15633
17135	0	17027
17836	4	17781
16431	3	17718
15189	1	15450
15767	0	15769
16386	2	16479
12430	2	15927
16970	2	12589
15178	2	14233
13125	0	12996
19151	0	19058
20048	0	20032
20710	0	20663
19018	3	19021
17417	0	17358
15740	1	15747
17377	0	17356
15998	0	15969
18846	0	18623
14306	3	14338
16978	0	16969
18621	2	13650
13108	0	12996
23279	1	23278
18540	4	18482
22055	0	22023
22640	3	12594
15981	0	15969
23683	2	14238
18613	2	14599
18829	0	18623
20396	0	20392
20279	2	14448
17134	0	17130
14108	1	14114
20032	2	12410
12800	0	12802
18707	1	18797
22999	0	16922
16633	2	12585
21237	0	17423
20723	1	20798
20072	0	20071
12625	3	21670
18138	1	18418
20557	1	20575
22982	0	16922
20351	2	12409
12851	3	12632
17455	0	17443
13843	2	12455
21338	1	21447
16360	0	16321
23004	0	22959
16472	1	16475
12556	1	12572
21303	1	21410
20721	0	20669
14308	3	14325
17332	2	14230
15164	1	15163
23899	1	23898
12906	3	15945
16354	2	12527
20282	0	20280
14126	2	12817
19064	2	14097
17920	0	17781
20607	2	20654
16087	4	15873
17060	1	17077
18938	0	18927
16940	0	16933
12606	0	12605
20670	2	12630
17962	0	17872
22663	0	22641
21032	2	12498
16980	0	16965
21871	0	21846
21982	1	21996
17292	2	12837
20735	0	20661
20395	2	12587
17675	0	17669
13974	0	13668
18837	1	18897
13748	0	13667
23835	0	23685
16187	2	13711
20296	1	20318
19697	1	19978
22646	0	22641
14657	2	12595
13971	0	13909
20341	2	16080
21854	0	21846
20134	2	15943
20378	2	12587
15981	1	16058
13957	0	13668
12878	0	12865
20370	2	12597
17991	0	17781
12595	3	17281
17262	2	12421
17762	2	13726
21485	2	20028
20039	0	20030
23923	0	23685
23685	2	12490
22740	0	22718
20185	0	20144
15732	4	15694
17306	2	12623
16187	2	12906
14729	0	14704
16402	2	12629
19738	1	19990
17311	1	17325
19625	1	19832
17974	0	17781
20190	0	20139
19207	1	19407
21536	1	21627
12927	2	12940
23986	0	23955
20111	0	20115
18531	4	18453
14068	2	12457
16721	2	12500
17496	2	12535
20632	0	20627
19020	3	17182
16633	2	14492
20173	0	20139
22928	1	22948
14148	0	14138
14306	2	12586
17189	2	12597
12608	0	12601
14126	2	12496
12455	3	14345
18647	0	18618
13535	1	13603
16933	3	12632
23139	2	12496
12908	2	12656
21095	0	21079
21846	2	12587
18062	0	17781
17735	0	17725
20028	3	21673
17053	2	17052
20156	0	20139
20669	2	13776
19106	2	12587
22174	1	22278
17262	2	12905
13526	1	13593
18630	0	18618
18950	1	18970
16863	1	16891
14184	2	14228
20290	0	20278
21078	0	21079
16403	2	12588
20673	0	20666
17290	2	12788
14719	1	14756
12548	2	12856
14657	3	12499
19066	1	19069
18946	0	18925
15489	1	15529
20010	2	12500
16988	0	16963
20148	0	20139
20919	4	20877
21267	2	15930
19276	1	19473
13816	0	13817
14126	2	12630
22742	0	22714
17422	2	12455
17260	2	12597
14185	2	14235
22734	0	22724
14369	0	13668
20437	0	20399
17295	2	12409
23589	1	23631
23442	0	23440
18999	0	16848
17363	1	17391
20675	1	20753
17461	1	17483
23365	3	23415
20455	0	20379
18701	0	18618
19352	1	19549
20709	0	20662
16219	0	16200
24065	1	24068
20354	0	20349
19178	2	12941
22020	3	14080
22045	0	22022
14831	0	14803
14064	2	12905
20692	0	20662
22636	2	12630
12958	0	12948
20173	1	20228
15094	1	15093
23385	0	23360
19060	3	14449
20279	2	14879
22028	0	22022
16567	0	16560
12619	3	23415
16307	0	16200
20119	0	20113
20675	0	20662
19028	1	19033
16412	1	16425
23368	0	23360
20626	2	20655
23625	0	23578
16354	2	14702
14908	0	14704
15009	4	14704
19238	1	19437
20075	0	20066
14139	0	14136
14704	3	14798
12590	3	23060
23119	0	23108
12909	2	12500
14252	0	14126
16609	3	17251
14966	1	14965
12653	0	12647
14922	1	14921
17293	2	12585
19150	1	19167
14996	0	14704
16036	0	15875
14704	2	12479
12845	3	17281
19037	0	15892
20561	0	20550
18509	1	18508
14547	2	14694
16551	2	12799
13668	2	12417
12609	0	12600
13453	0	12998
12560	0	12547
14979	0	14704
12997	2	12500
22987	0	22959
16975	0	16970
20432	0	20385
13105	0	12997
20145	2	17051
20405	0	20338
13961	0	13908
21488	0	21485
17027	2	12482
21693	2	14232
13174	1	13360
13436	0	12998
21995	0	21981
12543	0	12547
21772	2	21796
21916	0	21772
22745	0	22636
12604	3	12616
12541	3	15944
20428	0	20397
20415	0	20385
12697	0	12600
23085	1	23087
17309	2	12813
17262	2	12852
18655	1	18745
17421	0	17422
21508	1	21600
12703	1	12702
19062	2	19071
14061	0	14068
16848	2	12597
23971	0	17722
22728	0	22636
19040	2	12630
20034	0	20035
16839	3	19019
21908	0	21772
20009	2	12622
14701	2	12629
13750	0	13735
20407	0	20385
20074	0	20067
18086	1	18366
12673	0	12671
14609	1	14627
13821	1	13826
16548	2	16557
20386	2	12906
15751	3	15762
18710	1	18800
13003	0	12994
20415	0	20519
12680	4	12671
16969	2	12906
15971	2	12805
17444	2	12579
20150	0	20143
21542	0	21485
15873	2	13652
15789	0	15768
23441	3	23429
20369	2	12906
17307	0	17310
16850	2	13398
20040	0	20067
20865	3	15582
20391	2	12527
21341	1	21450
21268	0	21267
23969	0	23955
12587	3	15762
12786	3	23060
13680	0	13667
20338	2	20394
17379	1	17411
18496	4	18452
18452	2	18527
20387	2	20062
19156	0	19057
22739	0	22642
20431	0	20397
22959	2	12813
12465	2	12504
13153	1	13428
14062	2	12535
19578	1	20005
21846	3	13404
17841	0	17786
17441	2	17492
12604	2	12659
15171	4	14704
12688	1	12689
15544	0	15461
12603	2	12628
14455	2	12620
20733	0	20669
21685	3	21686
12751	4	12671
13093	1	13287
16386	2	16402
20388	2	20473
16983	0	16968
22025	2	12457
17686	1	17708
21317	0	21269
20036	0	20031
22737	0	22719
12480	3	21056
18840	1	18900
15765	2	12478
21032	3	16350
23445	0	23435
18462	4	18452
20299	1	20321
21794	2	12586
22649	0	22644
12734	4	12671
22978	0	22957
17829	0	17781
20695	0	20667
16834	2	12418
21300	0	21269
22043	0	22022
15204	1	15415
14821	0	14802
15036	0	14704
19678	0	19178
12511	0	12465
17786	3	12632
19016	3	19021
22048	0	22017
14083	0	14082
14403	1	14434
20669	2	12597
21545	0	21485
17506	1	17567
22141	0	22093
12592	3	14353
22970	0	22957
20606	2	20618
21092	0	21080
14804	0	14802
19661	0	19178
20687	0	20667
20187	0	20116
20342	2	20471
12501	3	23430
19192	0	19178
21800	0	21796
22031	0	22017
19343	1	19539
23440	3	23430
23617	0	23669
15183	0	15178
12461	3	14332
20404	1	20506
15875	2	12628
22124	0	22093
16817	2	13707
21683	2	12819
12747	0	12671
18534	4	18456
23092	3	13405
19644	0	19178
12500	3	14314
16866	1	16918
16434	0	16431
22723	2	12455
22093	2	12473
23994	0	23953
23363	0	23365
21371	0	21269
18131	1	18412
20179	0	20116
20403	0	20378
13668	2	13653
21180	0	21080
12611	0	12604
19749	0	19178
22708	2	12536
15044	0	15178
19280	0	19178
23977	0	23953
15271	0	15178
12908	2	12900
22177	1	22281
13092	1	13288
21163	0	21080
13060	0	12994
17614	0	17444
19732	0	19178
23255	0	23181
13505	2	13512
19263	0	19178
20439	0	20395
18993	1	19005
21241	1	21258
13563	0	13505
21984	1	22011
17378	1	17399
15254	0	15178
23960	0	23953
18927	2	16909
13791	1	13809
23444	0	23436
12487	1	12491
18949	0	18928
13668	2	12848
13043	0	12994
17285	2	12831
23238	0	23181
21031	3	12594
19246	0	19178
20422	0	20395
21325	0	21267
14360	2	12854
22745	0	22717
12359	2	12414
15237	0	15178
13148	0	12994
20435	0	20380
20427	0	20390
13026	0	12994
21170	0	21143
13668	2	14137
23098	2	12811
20195	0	20138
20678	1	20756
12817	3	14355
21308	0	21267
14998	1	14997
22728	0	22717
17837	1	17836
17606	0	17588
23440	3	17282
17685	0	17444
13131	0	12994
20410	0	20390
16922	2	12461
17259	2	12585
22733	0	22712
20637	0	20626
12600	2	12457
15769	2	12461
20178	0	20138
16414	0	16402
20338	2	20341
16402	2	16524
12460	3	14344
17589	0	17588
13114	0	12994
20176	1	20231
20161	0	20138
20669	2	12410
17049	2	12483
17668	2	12366
18523	0	18452
20402	0	20390
21743	2	12423
20391	2	14702
21994	0	21940
14546	1	14572
21031	2	12853
16499	1	16518
14831	1	14868
20167	1	20221
20678	0	20665
17262	2	12478
20450	0	20398
13575	0	13512
15565	0	15554
21951	1	21970
13429	1	13455
20683	0	20660
20446	0	20386
17617	1	17642
17949	0	17872
12600	2	12591
17790	1	17803
15769	2	12595
20336	0	20337
16184	2	16237
23360	2	14097
21858	0	21846
20135	2	12418
12679	0	12548
12587	3	21670
15632	1	15633
13961	0	13668
19664	1	19860
20139	2	12588
13668	2	12527
12557	0	12548
18943	1	18964
12425	3	14441
20442	0	20398
18489	0	18452
17932	0	17872
13033	1	13237
13733	3	17042
16386	2	16483
18680	0	18620
17915	0	17872
14151	0	14136
20564	0	20553
20006	2	13778
19337	0	19178
16941	1	16955
16633	2	12455
20119	1	20127
13550	0	13512
14365	0	14360
14658	1	14665
12645	0	12548
13574	1	13642
17259	2	12853
16633	2	13394
18663	0	18620
18577	0	18452
19040	3	17718
16986	0	16963
20443	0	20378
19260	1	19457
20715	0	20662
23963	0	23683
13668	2	12661
19320	0	19178
13736	2	12361
23390	0	23359
20393	2	12595
13533	0	13512
17262	2	17284
22374	0	22093
12432	2	12410
21770	3	21069
12496	3	14441
15311	0	15178
22652	0	22639
23325	2	20960
20426	0	20378
23954	2	12596
16431	2	13659
22741	0	22710
16729	0	16721
12647	2	12662
19303	0	19178
17045	2	12931
20605	1	20611
23373	0	23359
14371	0	14362
12948	2	12496
18634	0	18618
12635	4	12548
16431	2	14598
18658	1	18748
15294	0	15178
20709	1	20786
22635	0	22639
18037	0	17781
17139	0	17129
19315	1	19512
20040	1	20052
20352	0	20349
23439	2	23434
23438	3	23430
16488	0	16402
20416	1	20511
14402	0	14384
22528	3	12594
18617	0	18618
20037	0	20068
18089	1	18369
20865	2	12838
21038	0	21032
16445	0	16432
16551	2	16560
13397	3	15944
23686	0	23682
15880	0	15873
14308	3	14329
20019	0	20007
12482	3	17161
15907	0	15893
17889	1	18170
22813	0	22771
16197	0	16184
15002	0	14704
18705	0	18618
16980	0	16969
21685	2	12526
18539	4	18508
21904	0	21795
22576	0	22093
17315	0	17308
19593	1	19807
14187	2	12589
22107	0	22093
16686	0	16633
23955	2	20271
20349	2	12455
18688	0	18618
19627	0	19178
16920	2	12902
23251	4	23181
20740	0	20660
14466	0	14455
22154	1	22258
17494	2	12902
16034	0	15875
22718	2	12819
13558	0	13510
12460	3	21057
22636	2	12821
20438	0	20391
17066	0	17056
19130	2	16523
20425	0	20379
18672	0	18622
20723	0	20660
22664	0	22093
17689	1	17711
21836	1	21835
19075	0	19128
22740	0	22722
16966	2	12586
13541	0	13510
21161	1	21203
13840	0	13841
23107	4	23108
20079	0	20066
14704	2	12536
20421	0	20391
22642	2	16081
22660	0	22637
20519	2	14702
15552	3	15581
22426	1	22518
20706	0	20660
13546	0	13505
20190	0	20143
20714	1	20824
16106	4	15873
20521	0	20369
16551	2	12856
17585	2	12819
20391	2	12905
16849	2	12581
22724	2	12821
23612	0	23578
12927	2	12944
12848	3	15942
23365	3	21057
14068	2	12461
20405	0	20395
21267	2	12417
22051	0	22020
23991	0	23954
13529	0	13505
20173	0	20143
16089	4	15873
20400	0	20379
15286	1	15432
14126	2	12500
22431	0	22093
12455	3	14349
18647	0	18622
20698	0	20660
17690	0	17496
23204	0	23181
22635	1	22677
12430	2	12845
22034	0	22020
23974	0	23954
19110	1	19120
20156	0	20143
21542	1	21633
18069	0	17872
16633	2	15785
15074	1	15073
18630	0	18622
20307	0	20279
20380	2	17253
20681	0	20660
23187	0	23181
16472	0	16471
16403	2	12592
20673	0	20670
21940	2	21938
12455	3	19021
14067	2	12534
23957	0	23954
12903	3	17158
16850	2	16704
12773	0	12548
15954	0	15873
15621	0	15555
18052	0	17872
18946	0	18929
20738	0	20668
20905	4	20865
15715	4	15626
20148	0	20143
12460	3	14320
16386	2	12592
17049	2	16081
20007	2	15778
16160	4	15873
16210	1	16234
20743	0	20663
17920	1	18200
15937	0	15873
20383	2	16237
22180	1	22284
22671	0	22640
14557	0	14455
18929	2	18975
23330	1	23336
13505	2	12817
20116	2	20112
18996	1	19008
16042	0	15873
18140	0	17872
20454	0	20379
20726	0	20663
23447	0	23439
20455	0	20383
14946	1	14945
14662	0	14455
22737	0	22642
18701	0	18622
17765	2	12588
15893	2	12663
15769	2	15604
19695	1	19882
13944	0	13668
14448	3	17161
16411	0	16403
18533	1	18532
16025	0	15873
17975	1	18255
18123	0	17872
22164	0	22093
12997	3	13400
14805	3	12631
12461	3	12616
17308	2	15925
20116	2	15924
17444	3	17718
22738	0	22093
18824	1	18884
13927	0	13668
23385	0	23364
23365	2	12590
16184	2	14119
20064	3	15762
16879	0	16850
17293	2	12455
16726	0	16633
17508	1	17582
13167	1	13352
13910	0	13668
22736	0	22715
23999	0	23952
23368	0	23364
20181	0	20141
12738	4	12548
20898	1	20897
17786	3	17816
20680	0	20661
16862	0	16850
15765	2	12535
19621	1	19829
16431	2	12935
14611	0	14455
16603	0	16551
14698	2	14700
22998	0	16922
23359	3	23416
20923	2	17301
14512	2	12658
14306	3	14318
17384	0	17423
23982	0	23952
17268	0	16920
18615	2	13732
14139	0	14140
16814	0	16633
20518	3	14080
15611	2	12415
23463	1	23518
20438	0	20338
13397	3	16375
14498	2	12417
16502	1	16521
14834	1	14871
22809	0	22093
16586	0	16551
22981	0	16922
14140	2	12904
12590	3	23414
23137	2	12585
23449	0	23435
20421	0	20338
13432	1	13458
17793	1	17806
15227	0	14704
16187	2	16240
15621	1	15620
23392	0	21683
22881	0	20279
17115	0	17032
12609	0	12604
13569	0	13505
23346	3	12632
17723	2	12537
20135	2	12662
14387	2	12474
20432	0	20389
20405	0	20342
13036	1	13240
15591	0	15589
15210	0	14704
14064	2	12588
23375	0	21683
20519	2	12905
21870	0	21846
20734	0	20661
15497	0	15461
23503	0	23459
13028	0	12998
14706	1	14743
20415	0	20389
22738	0	22711
14368	0	14363
14661	1	14668
15476	1	15516
23358	0	21683
13577	1	13645
23736	4	23685
23360	2	12597
20420	0	20384
22726	2	12630
16976	1	17000
21951	0	21938
20278	2	12407
19263	1	19460
23486	0	23459
13011	0	12998
13874	1	13895
20116	2	14448
19040	2	19050
17385	0	17358
12741	0	12600
14070	2	12590
17441	2	16073
20523	0	16920
14805	2	12623
20074	0	20071
12771	0	12767
13668	2	12905
23469	0	23459
17368	0	17358
13740	0	13668
23376	0	23362
21267	2	12848
20393	2	13778
13003	0	12998
12504	2	12524
20016	0	20008
20628	2	16242
19039	0	15892
23092	3	14885
20043	1	20055
12455	3	14780
12998	2	13399
22046	0	22025
13524	0	13510
20393	2	20544
15972	0	15971
19683	1	19875
12562	0	12547
21098	1	21124
14405	0	14387
23978	1	24026
20160	1	20215
23324	0	23325
20040	0	20071
18092	1	18372
22919	0	22912
16942	0	16933
15741	0	15555
20338	2	20398
17610	1	17636
14512	2	12471
22093	2	12798
20737	0	20661
14388	0	14387
16328	0	16321
21519	1	21610
12906	3	21670
17892	1	18173
22414	0	22093
17668	2	12423
15971	2	12943
14455	2	12624
23601	1	23640
19110	0	15892
20720	0	20661
16969	2	12455
17423	3	16350
14140	2	13656
21768	2	12799
19138	2	12630
22397	0	22093
15707	0	15555
21689	3	12411
16761	1	16788
23445	0	23439
20035	3	13661
15971	2	14232
22649	0	22648
22880	0	22869
23668	0	23670
15875	2	12498
16752	0	16721
22746	0	22709
22716	3	13402
14075	2	12853
13668	2	12584
20449	0	20384
12548	2	12836
22048	0	22021
21067	3	21063
16735	0	16721
16560	2	12407
14152	0	13668
23214	1	23213
14498	2	13653
21043	0	21031
16442	0	14547
15894	2	15928
23891	0	23685
12966	1	12988
22031	0	22021
23971	0	23955
12589	3	17042
20069	2	12580
23691	0	23681
21235	0	21230
17417	0	17419
12461	3	14336
14135	0	13668
20065	0	20069
17528	0	17496
16489	0	16386
23996	0	23685
17166	2	12460
17358	2	12474
12500	3	14318
22093	2	12477
14064	2	12535
12760	4	12600
20403	0	20382
17781	3	17821
23670	2	12624
17448	0	17441
21068	2	12533
23313	1	23312
22997	0	22957
23979	0	23685
21688	3	14359
22816	1	22863
19349	1	19545
17520	0	17496
13059	0	12994
20007	2	12855
12427	3	12616
13060	0	12998
13916	0	13909
23435	2	16905
12434	0	12432
23962	0	23685
14472	0	14458
14297	2	12588
12721	4	12548
18697	1	18787
23444	0	23440
17503	0	17496
18616	2	12480
17454	0	17443
13043	0	12998
23813	1	23812
18677	0	18621
22016	1	22057
13679	0	14362
15894	3	14543
17166	2	12944
13148	0	12998
17923	1	18203
20435	0	20384
20427	0	20394
13026	0	12998
17919	0	17781
22636	3	22768
22047	0	20134
18999	1	19011
12817	3	14359
12599	2	12625
21175	0	21142
20729	0	20666
17668	2	12586
13131	0	12998
13089	1	13284
17682	1	17705
20410	0	20394
17902	0	17781
22733	0	22716
22056	0	22019
20394	2	12587
21167	1	21209
16004	0	15971
22030	0	20134
20066	3	20107
17032	2	12538
15697	1	15696
21672	3	21673
15892	2	16465
20517	1	20532
22995	0	22956
21158	0	21142
20712	0	20666
13114	0	12998
13970	0	13909
16962	0	16965
21714	0	21691
17885	0	17781
15987	0	15971
22193	1	22297
12966	0	12950
21141	0	21142
12855	3	21055
17990	0	17781
14126	2	12423
14399	1	14431
21697	0	21691
14738	1	14775
14822	0	14805
15970	0	15971
17781	2	13491
13202	0	12998
12949	0	12950
23224	1	23222
19248	0	19178
23436	2	20028
23809	0	23685
15570	0	15553
16282	4	16200
23466	1	23521
23594	0	19060
14067	2	12457
12423	3	14353
19775	1	19941
19064	2	15931
17444	2	14303
14192	0	13668
17166	2	12623
21236	0	21229
17027	2	12596
22711	2	16081
17101	1	17105
16265	4	16200
22742	0	22641
17769	0	17762
17511	0	17494
17857	0	17786
20067	3	16249
13841	2	12817
15861	4	15848
13051	0	12996
14151	0	14140
17796	1	17809
15856	0	15848
13438	0	12998
19606	1	19959
20069	2	12527
22727	1	22749
12541	3	23413
20394	2	12855
17169	0	17166
12585	3	23585
13156	0	12996
19137	2	12455
20715	0	20666
19074	0	19063
17840	0	17786
14158	0	13668
16040	1	16114
16029	0	15969
17374	1	17396
23587	0	23578
16257	4	16200
17262	2	17288
14201	1	14219
13139	0	12996
20426	0	20382
20011	2	12622
15867	4	15850
14651	0	14640
22741	0	22714
16012	0	15969
20035	2	12527
12833	3	12828
18860	0	18623
16354	2	15784
18634	0	18622
16867	0	16849
17027	2	17052
19266	1	19463
23364	3	23415
13777	3	14349
13668	2	14304
20141	2	12588
20031	2	20062
19137	2	12589
12626	3	23429
12535	3	23060
20395	2	12461
14937	4	14704
18843	0	18623
18617	0	18622
16218	0	16200
17231	3	17251
20406	0	20387
20369	2	20375
20174	0	20135
15248	1	15453
22019	3	14080
18948	0	18623
14308	3	14333
14063	2	12905
23440	2	12501
14830	0	14803
13753	0	13739
20378	2	12461
20019	0	20011
12957	0	12948
23616	0	23669
22715	2	13654
21527	0	21485
20370	2	12471
20046	1	20058
20157	0	20135
13741	0	13737
18931	0	18623
18705	0	18622
22025	2	22020
12586	3	14307
23981	1	24029
16878	1	16903
14704	3	12631
20163	1	20218
14123	2	12477
12877	1	12893
23071	0	16402
18623	2	12490
21510	0	21485
21239	1	21251
12638	4	12600
20944	0	20865
17613	1	17639
21032	2	12856
18688	0	18622
16920	2	12906
20551	3	16540
20149	0	20135
14466	0	14459
20073	0	20035
16386	3	15586
12743	4	12600
17494	2	12906
13446	0	12996
12553	0	12545
23364	2	12535
20438	0	20395
20425	0	20383
14306	2	12460
17027	2	12409
12868	2	12498
22879	0	20279
13016	0	12997
23488	1	23541
17258	0	17259
12726	4	12600
13429	0	12996
14458	2	12421
13840	0	13845
20865	2	21031
14932	0	15178
20421	0	20395
16567	1	16576
19147	0	19059
18105	1	18385
22656	0	22636
15552	3	15585
20560	0	20550
16937	1	16952
16930	2	12522
18927	2	18983
12421	3	23082
17361	1	17403
21836	0	21772
15463	2	14494
20350	2	12846
13668	2	12478
17770	0	17761
18127	0	17781
19630	1	19835
12702	4	12671
13867	1	13889
21753	0	21743
23619	0	23669
20405	0	20399
22382	1	22475
14446	3	23585
15126	0	14704
16849	2	16907
16931	2	14781
18110	0	17781
23987	0	17722
18625	0	18620
17999	1	18279
18513	1	18512
21940	2	14237
23602	0	23669
20369	2	12483
13668	3	14342
14295	2	12845
15969	3	16083
22018	2	12527
21745	2	16908
15590	1	15594
18093	0	17781
20006	2	14079
23970	0	17722
13693	0	14363
15555	2	15603
14093	3	21064
21356	0	21269
23374	0	23362
23445	1	23453
14067	2	12538
15092	0	14704
18645	1	18735
16920	2	12585
16868	0	16848
20153	1	20209
20280	2	12906
17451	0	17444
23578	2	19060
16403	2	12946
20351	2	12580
17494	2	12585
23761	1	23760
23360	3	14353
12460	3	14324
15871	0	15848
15197	0	14704
21148	0	21080
20743	0	20667
16851	0	16848
22671	0	22644
23910	4	23685
20338	2	15783
16386	2	12946
18929	2	18979
23673	0	23669
13667	2	12500
15180	0	14704
18934	0	18928
19107	1	19116
16759	0	16633
23999	1	24047
21131	0	21080
20454	0	20383
23594	1	23634
14814	1	14851
20726	0	20667
17539	0	17444
21012	1	21013
20455	0	20387
23223	0	23181
16976	0	16966
13707	3	15942
23893	4	23685
20391	2	12588
13531	0	13505
12427	3	17182
15222	0	15178
20518	2	20545
12548	2	12409
18706	0	18621
20968	0	20966
16362	0	16354
14246	0	14123
12997	3	13404
21155	0	21143
17337	0	17332
23206	0	23181
22971	0	22955
12544	2	12589
20140	2	14702
16473	0	16431
18434	2	12906
13514	0	13505
20442	0	20378
21269	2	13706
15205	0	15178
15197	1	15413
23361	2	12589
18689	0	18621
23311	0	23181
20669	2	12524
14136	3	13768
12595	3	14069
17533	0	17495
22744	0	22709
22033	0	22025
17262	2	12592
22736	0	22719
20181	0	20145
22963	0	22955
22019	2	18447
12799	3	23082
12865	2	12902
17786	3	17820
20680	0	20665
15294	1	15434
21793	0	21794
17833	4	17781
22016	0	22025
13204	0	12994
21299	0	21269
14306	3	14322
20284	1	20289
15474	0	15457
15545	1	15548
20438	0	20342
21041	0	21031
14498	2	12421
23277	0	23181
15969	2	16075
21364	0	21267
15995	0	15969
20169	0	20140
12860	2	12455
13187	0	12994
21282	0	21269
23449	0	23439
20421	0	20342
19660	0	19178
15611	2	13708
19191	0	19178
20032	2	15777
21347	0	21267
20152	0	20140
19105	0	19040
23379	1	23422
17131	0	17130
16818	2	16829
14186	2	12592
14704	2	13776
15875	2	16072
22641	3	22767
21529	1	21620
15720	4	15644
14656	2	12620
14228	3	14072
15272	1	15367
12364	3	16375
22561	1	22609
12589	3	15944
20549	0	20553
20734	0	20665
12770	1	12780
17045	2	16078
22663	1	22692
22738	0	22715
15873	2	12587
16206	1	16231
15907	0	15873
18562	0	18452
13668	2	14064
17613	0	17444
20420	0	20388
15899	0	15894
23326	1	23333
23361	3	23416
22359	0	22093
19078	0	19127
19040	2	19054
16183	2	12586
20451	0	20380
13082	1	13278
22733	0	22639
23365	2	23361
16431	2	12618
12527	3	23416
17596	0	17444
23239	4	23237
22712	3	22767
14529	0	14523
22342	0	22093
20392	2	12812
17971	1	18252
15210	1	15417
13926	0	23459
17725	2	12528
13965	1	14041
24052	1	24059
12504	2	12528
20380	2	12427
14082	2	12527
15681	1	15680
19269	1	19466
20393	3	14357
20865	2	20657
20088	0	20067
20338	2	16080
17684	0	17444
18998	0	18991
16963	2	12457
13163	1	13349
19376	0	19178
20671	0	20663
20141	2	12832
22430	0	22093
14065	2	12527
21772	2	13778
12708	4	12548
15768	2	12461
12461	3	14072
23377	0	21683
23252	1	23253
15558	0	15552
17032	2	12595
23577	1	23581
21936	1	21978
17988	0	17781
20033	2	13776
24002	0	23683
13668	2	12454
12544	2	12536
18518	4	18452
14201	0	14187
20519	2	12588
14698	2	12423
20409	0	20380
19057	2	20268
15803	0	15768
16200	2	12501
14566	0	14547
15935	0	21693
21993	0	21940
21953	0	21938
23985	0	23683
19079	0	19062
12728	1	12729
15300	0	14704
14126	2	12480
12455	3	14329
12693	1	12692
18541	4	18484
12674	4	12548
20525	0	16920
16489	1	16508
14549	0	14547
20380	2	20266
12597	3	15942
20557	0	20551
15768	2	12595
13846	1	13853
17045	2	17046
12410	3	21801
18053	1	18333
23359	2	14097
22746	0	22713
16633	2	16704
12556	0	12548
13668	2	12588
20449	0	20388
18677	1	18767
21861	0	21848
13778	3	13768
12588	3	12899
21369	1	21461
16321	3	12631
22048	0	22025
13526	0	13510
15589	3	14080
15974	0	15971
21743	2	12618
14120	3	21801
23793	1	23792
14194	1	14213
15493	0	15458
17732	1	17750
22921	0	22912
20385	2	20473
18108	1	18388
22734	0	22708
16818	2	12454
22022	2	12457
22031	0	22025
14364	0	14360
13509	0	13510
12605	2	12623
21235	0	21234
17417	0	17423
21911	1	21927
14835	0	14802
20714	0	20662
17032	3	12499
17528	0	17500
14186	2	12539
19223	0	19178
17358	2	12478
20184	0	20140
22730	0	22720
22385	1	22478
20669	2	20660
22731	0	22724
16219	0	16184
13532	0	13512
20388	2	12455
17789	3	17815
20634	0	20607
20865	2	13704
17114	1	17123
12508	0	12465
20167	0	20140
16354	2	12458
13515	0	13512
19607	1	19817
17520	0	17500
20088	1	20105
22017	3	14080
13693	0	13668
16183	2	12533
21685	2	12453
23437	3	23430
16635	1	16654
12558	0	12544
19141	1	19175
19707	1	19980
23974	1	24023
12955	0	12948
17503	0	17500
20745	0	20660
16938	0	16930
22584	0	22713
16738	1	16798
15023	4	14704
13199	1	13385
13676	0	13668
17668	2	17717
16186	2	16240
23572	2	23570
17027	2	12921
12481	3	17161
20427	0	20398
12589	3	16375
16027	0	15873
15227	1	15340
12623	3	14072
21368	1	21473
12871	0	12867
12613	0	12599
18847	0	18623
12908	2	12453
12599	2	12629
20729	0	20670
17879	1	18160
21903	0	21795
14123	2	12534
20410	0	20398
22575	0	22093
13129	1	13320
16050	0	15875
22733	0	22720
22056	0	22023
22641	3	12594
15784	3	15945
16757	1	16785
18830	0	18623
22577	0	22535
13870	0	13908
20712	0	20670
16962	0	16969
17290	2	12585
13937	1	14014
22717	2	12819
16033	0	15875
14237	3	14069
22040	1	22073
13119	0	12997
23364	2	12592
13975	0	13908
12500	3	14351
16004	1	16146
22144	1	22248
22044	0	22018
17358	2	17418
20166	0	20141
14976	0	14704
15077	4	14704
16016	0	15875
20006	2	13652
20428	0	20381
20415	0	20369
16817	2	12589
13102	0	12997
13958	0	13908
12868	2	12905
20385	2	17253
20683	0	20668
17456	0	17443
20424	0	20369
22027	0	22018
19601	0	19178
22712	3	12594
19020	3	12925
13668	2	12535
12701	0	12548
20149	0	16354
17980	0	17872
23364	3	21057
17948	1	18226
13941	0	13908
12548	2	12787
14067	2	12461
16638	1	16657
20407	0	20369
23950	0	23952
21712	1	21737
18939	0	18927
16088	4	15873
17420	2	12500
17443	3	14450
22957	2	12585
17963	0	17872
13924	0	13908
15226	1	15341
12693	0	12548
22812	1	22860
23973	0	23954
20155	0	20143
14803	3	14799
18711	0	18620
18068	0	17872
15896	1	15911
20388	2	14496
22664	0	22638
20141	2	12458
17946	0	17872
20715	0	20670
22726	3	22768
14468	0	14455
20279	2	12582
14235	3	17278
23956	0	23954
17262	2	17292
18694	0	18620
15064	1	15063
18051	0	17872
22092	0	22093
22643	2	13654
22709	3	22768
13512	2	12457
14498	2	12799
20382	2	12854
20996	1	20997
22741	0	22718
21073	0	21068
17663	2	12408
17444	3	17645
20431	0	20381
20382	2	16237
18034	0	17872
15776	3	20542
23286	4	23287
13668	2	14308
16183	2	12480
22180	0	22093
18665	0	18618
20384	2	20062
15768	2	15604
17231	3	17255
20406	0	20391
23289	4	23201
22729	0	22713
20633	0	20627
20174	0	20139
15551	3	13402
18476	4	18452
12600	2	12628
23326	0	23325
16855	0	16848
22163	0	22093
18648	0	18618
13968	1	14044
17736	0	17725
22093	2	22711
14522	0	14455
12854	3	13486
20157	0	20139
18615	2	14598
18992	0	18623
18631	0	18618
16651	1	16671
12586	3	14311
17136	0	17129
19076	0	19063
22015	2	14598
23348	1	23353
16931	2	12423
14704	2	12410
14818	0	14802
14187	2	12597
14386	1	14418
19703	1	19888
20139	2	12409
16849	2	12455
20266	3	14349
12461	3	14316
12548	2	12600
13796	0	13668
15555	2	13834
23758	4	23685
17423	2	12455
14801	0	14802
17267	0	16920
23325	2	14231
19658	0	19178
20184	0	20116
14370	0	13668
20438	0	20399
20425	0	20387
13682	0	14361
16990	0	16964
18625	1	18715
17045	2	12618
19651	1	19851
13779	0	13668
21692	2	12597
15951	2	13648
23362	3	12632
23741	1	23740
20167	0	20116
13021	0	12996
21745	3	16249
16492	1	16511
20189	0	16354
20421	0	20399
22656	0	22640
14147	0	14137
12596	3	21057
18056	1	18336
13505	2	13496
19746	0	19178
18659	0	18621
13881	0	13909
17770	0	17765
18125	0	17872
20439	0	20379
16982	0	16964
20711	0	20663
12922	3	14441
16920	2	12455
17722	2	12537
20172	0	16354
13867	0	13668
16920	2	13394
14063	2	12588
17494	2	12455
20550	2	14496
21485	2	21679
15682	4	15555
19729	0	19178
12764	0	12765
16966	2	14233
18642	0	18621
18108	0	17872
14197	1	14216
20422	0	20379
20694	0	20663
12455	3	13768
16943	1	16958
23369	0	23360
13668	3	14346
13668	2	14121
14455	2	12417
20121	0	20114
20338	2	12620
21914	1	21930
20348	0	20350
12817	3	14339
23485	0	23459
22039	0	22023
15555	2	15607
16848	2	12662
14206	0	14186
17955	1	18236
16222	0	16187
16414	0	16386
17494	2	12589
23468	0	23459
12460	3	14328
22983	0	16922
21034	0	20865
18623	2	16845
19610	1	19820
12536	3	14778
15903	0	15894
12923	3	14780
22671	0	22648
12604	2	12590
23613	0	23670
14150	0	14137
18929	2	18983
22966	0	16922
19152	1	19168
16723	1	16764
13454	0	12998
12953	1	12975
22676	0	22643
12561	0	12547
22054	0	21691
21981	2	12536
16976	0	16970
20039	0	20071
20406	0	20338
19139	2	12618
16966	2	12623
13051	1	13252
13667	2	12854
13870	0	13668
17358	2	12856
16402	2	19086
20377	0	20384
13050	0	12996
22659	0	22643
17049	2	14695
22574	0	22536
22746	0	22636
16327	0	16321
22971	0	22959
13975	0	13668
23277	1	23276
12544	2	12593
15766	2	13729
20442	0	20382
14068	2	12498
20342	2	16080
20434	0	20392
13033	0	12996
14676	0	14455
12464	2	12481
22557	0	22536
22041	0	22019
20116	2	13838
13958	0	13668
20016	1	20024
22968	1	23021
14126	2	12537
13132	1	13323
12681	0	12600
22736	0	22723
16431	2	14448
13955	0	13909
12865	2	12906
20526	0	20391
20417	0	20392
14659	0	14455
12905	3	14072
18651	0	18623
20702	0	20661
22024	0	22019
13941	0	13668
17032	2	12786
20280	2	12589
13204	0	12998
20387	2	12906
14306	3	14326
21904	1	21921
21485	3	20963
13004	0	12994
23325	3	14780
13938	0	13909
14498	2	12425
15140	1	15139
23912	4	23685
22047	0	22021
23987	0	23955
21066	3	21063
21068	2	12460
20169	0	20144
13924	0	13668
21267	2	12588
20396	0	20380
13187	0	12998
21948	0	14701
18643	0	18623
16386	2	12629
20041	0	20067
22707	0	22718
22030	0	22021
23970	0	23955
19020	2	12409
20152	0	20144
13681	0	13667
18708	0	18621
17027	2	17032
15866	1	15865
20069	3	16249
17464	0	17441
20303	0	20280
18626	0	18623
20677	0	20661
20637	1	20648
18991	2	12455
16488	0	16386
23370	0	23359
17358	2	12535
22995	0	16922
20628	2	20654
16183	3	16249
14063	2	12535
23873	0	23685
15545	0	15461
14455	2	14458
23669	2	12624
17447	0	17441
13041	1	13243
15012	1	15011
20734	0	20669
15951	2	13729
17924	0	17781
17872	2	12364
14308	3	14313
18452	2	12794
14137	2	12904
13141	0	12996
13668	2	14068
20420	0	20392
20144	2	12461
16985	0	16969
15555	2	15554
12846	3	21063
20399	2	12940
12946	3	12932
21693	2	12500
21301	0	21269
20190	1	20245
18991	2	12589
20451	0	20384
14248	0	13668
13124	0	12996
22733	0	22643
21772	3	17256
22959	2	14785
23578	2	12595
19210	0	19178
19017	3	19021
20033	2	20062
22049	0	22017
23367	1	23397
16220	0	16200
21284	0	21269
14125	2	13838
13107	0	12996
19128	2	12457
21901	0	21795
21707	0	21689
23500	0	23459
17284	3	14349
19193	0	19178
22032	0	22017
16203	0	16200
12786	3	14778
23953	2	12592
20473	3	15762
13090	0	12996
17133	0	17130
20689	0	20668
21690	0	21689
17444	2	12941
23483	0	23459
22724	2	12455
22732	0	22716
23838	4	23685
14815	0	14803
13195	0	12996
20676	0	20662
21909	1	21935
19281	0	19178
21796	2	12906
21157	1	21199
23626	0	23578
18123	1	18402
14698	2	12427
22639	2	16081
14787	0	14704
14888	4	14704
22409	1	22502
20659	0	20662
12430	2	12479
20624	0	20625
19264	0	19178
13505	3	13508
12455	3	14333
23609	0	23578
16051	0	15969
14892	0	14704
23359	3	12633
18541	4	18488
21958	0	21937
14144	0	14138
16183	2	16241
23435	2	20028
20522	0	20518
20828	1	20835
23592	0	23578
16633	2	16708
13668	2	12592
20562	0	20550
20449	0	20392
21941	0	21937
20042	0	20066
14191	0	13668
13512	3	12632
17340	1	17347
13132	0	12994
15493	0	15462
22741	0	22641
15860	4	15848
23152	0	23137
17260	2	12585
22734	0	22712
12601	2	12457
12877	0	12865
14963	0	14704
20437	0	20387
16003	0	15875
12605	2	12627
20390	2	20472
14696	2	14697
20714	0	20666
22730	0	22724
16013	1	16128
14946	0	14704
14362	2	12460
18095	0	17781
12523	3	23413
21796	2	12585
21937	2	12498
17261	1	17272
20010	2	12622
23905	0	23685
20660	2	14238
17418	2	12407
13746	0	13737
18078	0	17781
20035	2	12588
20012	0	20009
21031	2	12597
13911	0	13908
24053	2	12410
17958	1	18239
17668	2	12460
13776	3	14349
13952	1	14028
20140	2	12588
15769	2	14783
20394	2	12461
19717	0	20006
18928	3	17163
16848	2	12906
23993	0	23685
22584	0	22717
23289	4	23258
21691	2	14233
17290	2	12455
14954	0	15178
21175	1	21217
21526	0	21485
16321	2	12843
18945	0	18925
15799	0	15765
23204	1	23203
21333	1	21440
18149	0	17781
15607	2	12579
20716	0	20662
23338	1	23342
15862	0	15850
19321	0	19178
17259	2	12597
20394	2	12595
17293	2	12923
21685	2	12941
18062	1	18342
20699	0	20662
17290	2	12589
15155	4	14704
13445	0	12996
20418	0	20338
17495	2	12409
20717	0	20669
16967	0	16968
21743	2	14879
12500	3	14355
18452	2	12420
15088	1	15087
22878	0	20279
22044	0	22022
22957	2	12455
20166	0	20145
20019	1	20027
22971	1	23024
15951	2	13705
18708	1	18798
20428	0	20385
20473	3	21670
21831	4	21772
18664	1	18754
14384	2	12474
14403	0	14384
20259	0	19057
18021	0	17781
22027	0	22022
22142	0	22093
15892	2	19051
15020	0	14704
15121	4	14704
16848	2	12585
15494	0	15461
21907	1	21924
14395	1	14424
20625	2	20655
22727	0	22721
22125	0	22093
18997	0	18991
15463	2	12461
22954	0	22957
14803	3	12925
22723	2	12630
21778	0	21770
12950	2	12455
15113	4	14704
20035	2	15784
20667	2	12461
14188	2	12589
22108	0	22093
14065	3	14072
16439	0	16433
20084	1	20102
16296	4	16200
19628	0	19178
19716	1	19983
14455	2	12474
22664	0	22642
15936	1	15947
20452	0	20397
14468	0	14459
19158	1	19174
16633	2	12817
21164	0	21080
20013	0	20008
12866	1	12884
17450	0	17444
13044	1	13246
23235	4	23181
16734	1	16795
20338	2	20382
15463	2	12595
23359	3	14353
12994	3	12633
12720	0	12548
21147	0	21080
20431	0	20385
20912	1	20911
14361	2	12854
20667	2	12595
18928	2	18979
21842	1	21841
23191	1	23189
21994	0	21981
21915	0	21772
19306	1	19503
22744	0	22636
21502	1	21594
16970	2	12500
21130	0	21080
15906	0	15892
21171	0	21143
19699	0	19178
18822	1	18881
18616	2	14879
15933	1	15939
16321	3	14355
19635	1	20001
20406	0	20395
22536	2	12536
22729	0	22717
22052	0	22020
13530	0	13505
20174	0	20143
21566	0	21485
12420	3	16375
17686	0	17444
23989	1	24037
13192	0	12997
21002	1	21003
14603	1	14621
19107	0	15892
13010	0	12994
21154	0	21143
20708	0	20667
17336	0	17332
21857	1	21883
16433	2	12944
15805	1	15835
17794	0	17789
21710	0	21692
16403	2	16524
20923	2	20615
22093	2	22715
17500	2	12453
17285	2	16523
12548	2	12820
20157	0	20143
18520	4	18452
23670	2	12474
17049	2	12658
18452	2	16555
21742	0	21745
20162	0	20138
16386	2	16524
20188	0	20135
12913	0	12909
18695	1	18784
20115	3	12925
22027	1	22060
21275	0	21267
17652	0	17444
22131	1	22235
15957	0	15951
21541	0	21485
12461	3	14320
12424	3	14780
20135	2	12593
12527	3	14349
16964	3	13661
21040	0	21031
20390	2	12527
22093	2	12461
16990	0	16968
20849	0	20842
23688	0	23681
21232	0	21230
21745	2	12460
22182	0	22093
18141	0	17872
14187	2	14240
20386	2	20062
22738	0	22642
20137	0	20138
17507	0	17495
22656	0	22644
20831	1	20838
13505	2	13500
17027	2	17089
22165	0	22093
22014	2	12581
18473	0	18452
22994	0	22957
21944	0	21940
20711	0	20667
12483	3	15944
14837	0	14802
21485	2	21683
22148	0	22093
20397	2	12940
20694	0	20667
23386	0	23361
17722	2	13830
13911	0	13668
16600	4	16551
12604	2	12460
17027	2	12901
13668	3	14350
12880	0	12868
14820	0	14802
22564	1	22611
20427	0	20378
14308	2	12455
13668	2	14125
14455	2	12421
16849	2	14232
17053	2	16479
20338	2	12624
19304	0	19178
12817	3	14343
15555	2	15611
19077	0	19127
17423	2	14232
20423	0	20390
20519	3	14080
20186	0	20116
20410	0	20378
13509	1	13579
15782	3	14349
24001	0	17722
23279	0	23181
21940	2	12501
22715	2	12536
15245	0	14704
23439	3	23430
19287	0	19178
21750	0	21743
23099	0	23091
15250	1	15352
19130	2	12831
12460	3	14332
22341	0	22093
17602	0	17588
15278	0	15178
22093	2	22528
17725	2	12589
16219	1	16253
14194	0	14185
23984	0	17722
14149	0	14137
17732	0	17722
18116	1	18396
15228	0	14704
20402	0	20378
14386	0	14384
13955	1	14031
13570	0	13505
15261	0	15178
14126	2	12407
22676	0	22647
20450	0	20386
20385	2	20266
17465	0	17444
22814	0	22771
23967	0	17722
23976	0	23953
12824	1	12841
16441	0	16386
15211	0	14704
12590	3	21064
22869	2	18981
23376	0	21683
19077	1	19082
20257	0	20116
20377	0	20388
19699	1	19885
18684	0	18623
22659	0	22647
23362	3	14543
12544	2	12597
22797	0	22771
12598	0	12599
13571	0	13512
23959	0	23953
15253	0	15178
13857	1	13858
12548	2	12767
17443	3	14080
18948	0	18928
12595	3	15582
20442	0	20386
18503	1	18502
23361	2	12597
18439	0	17781
14529	1	14539
12959	1	12981
14704	2	14805
22780	0	22771
13554	0	13512
15236	0	15178
17831	1	17830
18931	0	18928
20524	0	16920
22562	0	22535
22673	0	22639
15983	1	16090
19143	0	19060
15727	4	15672
20702	0	20665
13542	0	13510
22024	0	22023
15733	4	15698
22014	2	15777
17500	3	14449
17766	0	17762
13751	0	13736
22545	0	22535
17168	2	12822
18043	1	18323
23615	0	23670
16413	0	16402
22526	0	22093
16001	0	15875
22047	0	22025
13525	0	13510
16636	0	16633
20392	2	13491
22710	2	14448
14825	1	14862
23201	4	23181
20690	0	20660
15555	2	14485
22582	1	22629
21767	1	21781
17422	2	12500
22708	2	12821
22707	0	22722
22030	0	22025
19153	0	19040
15790	0	15769
21945	1	21964
16534	0	16526
14398	1	14427
14805	2	12501
12617	3	17182
12626	3	23413
20338	3	20367
16818	2	16837
12830	3	12828
15875	2	16080
17269	0	17262
15766	2	12473
17380	1	17412
18505	0	18452
20338	2	13726
20387	2	12455
16864	0	16849
20633	0	20607
20389	2	15930
16551	2	16548
23669	2	12628
20009	2	12854
15768	2	14079
22959	2	18977
14158	0	14136
14308	3	14317
18947	0	18929
17027	2	12848
22398	0	22093
21181	1	21223
14446	3	14441
21034	0	21032
16847	0	16849
22881	0	22869
17590	1	17621
13568	1	13636
19148	1	19165
15938	0	15873
12620	3	13486
16753	0	16721
18930	0	18929
23437	2	12501
17872	2	13657
17444	2	12811
14123	2	12461
14304	3	16375
21698	1	21723
12498	3	13486
20451	0	20388
22054	1	22083
20722	0	20668
13047	1	13249
17444	3	12632
16043	0	15873
16144	4	15873
15769	2	15779
16563	0	16560
14075	2	12597
13087	1	13281
16736	0	16721
18576	0	18452
18019	0	17872
23964	1	24013
23128	4	23108
20146	1	20202
14153	0	13668
20705	0	20668
17221	1	17225
20915	1	20914
21707	0	21693
16443	0	14547
20015	0	19178
16026	0	15873
18124	0	17872
16127	4	15873
20438	0	20379
18623	2	14702
18685	0	18622
15904	0	15873
18559	0	18452
17189	2	12455
19309	1	19506
15499	0	15460
21505	1	21597
13030	0	12997
14524	0	14455
23953	2	12596
20688	0	20668
22740	0	22710
23942	1	23940
21690	0	21693
19063	2	12822
20392	2	17492
14123	2	12595
16009	0	15873
22732	0	22720
18107	0	17872
16110	4	15873
20421	0	20379
12634	4	12548
20278	2	12903
18668	0	18622
21848	3	21069
20719	0	20660
20676	0	20666
21695	0	21688
15482	0	15460
21860	1	21886
15808	1	15838
15992	0	15873
18090	0	17872
15470	0	15458
20418	0	20395
20405	0	20383
19144	0	19059
21037	0	21032
16444	0	16432
20659	0	20666
12466	0	12464
17027	2	12527
12597	3	14072
12435	0	12432
12722	4	12548
12455	3	14337
22030	1	22063
18639	0	18620
20018	0	20007
14236	3	16522
16200	2	16242
23966	0	23952
17443	2	12812
18704	0	18618
12705	4	12548
13565	0	13510
12364	3	21673
14803	3	12632
20445	0	20391
17116	0	17032
18461	1	18459
21796	2	12455
17292	2	12858
18687	0	18618
13668	2	12946
20279	2	16831
12855	3	17282
14563	0	14547
22643	3	13402
15607	2	12904
22734	0	22716
16633	2	12524
20437	0	20391
17065	0	17056
20387	2	14496
12592	3	17163
14296	2	14304
13668	2	14235
20140	2	12458
21159	0	21142
23713	1	23712
17443	2	12946
20714	0	20670
20144	2	12628
21715	0	21691
22912	2	12921
19074	0	19128
14840	0	14805
15481	0	15461
21796	2	12589
12861	3	16375
22735	0	22723
22642	2	13654
20520	0	20369
23995	1	24043
22708	3	22768
22723	2	12821
12540	3	21673
23389	0	23364
23611	0	23578
20008	2	12534
12772	0	12767
14823	0	14805
16973	0	16966
22093	2	22638
23470	0	23459
21485	2	12478
22959	2	12858
13528	0	13505
13741	0	13668
16207	0	16187
16359	0	16354
12523	3	21673
14123	2	12408
14806	0	14805
20084	0	20068
19152	0	19057
23365	3	22952
21796	3	21808
20745	0	20668
18688	1	18778
22584	0	22721
15196	1	15326
21237	0	21229
22017	2	12523
21234	2	12498
20385	2	12455
12548	2	12527
16222	1	16256
21846	2	14486
14197	0	14188
23320	4	23254
16171	0	15873
13439	0	12998
15799	0	15769
20006	2	12587
14281	0	13668
19138	2	12455
17135	0	17129
19075	0	19063
22666	1	22695
14455	2	12799
19226	1	19424
13690	0	13668
19674	0	19178
23859	1	23858
16848	2	12455
21685	2	12945
21485	2	17284
16935	0	16930
13795	0	13668
22643	2	12455
17288	2	12501
20891	0	20865
20418	0	20342
17166	2	12501
12996	2	12461
12500	3	14359
22717	3	13402
15691	0	15555
14387	2	12812
16646	1	16665
20874	0	20865
12659	3	15942
20428	0	20389
16633	2	14781
20188	0	16354
23360	2	12585
17356	2	14486
12503	2	12532
12601	2	12624
20607	2	20622
21243	0	17423
18949	0	18623
21065	2	12590
16848	2	12589
20445	0	20338
20371	1	20376
19040	2	19038
14547	2	14231
15254	1	15448
14199	0	14184
21528	0	21485
20180	0	20141
16362	1	16376
16861	0	16850
14828	1	14865
21026	1	21027
22869	2	14232
21267	2	12836
21511	0	21485
21234	3	20107
20163	0	20141
20351	2	12861
20437	0	20338
12639	4	12600
22808	0	22093
14401	1	14430
16946	0	16933
13447	0	12996
13913	1	13988
12944	3	14072
18623	2	12584
17730	0	17722
21572	1	21663
20741	0	20661
22957	2	14232
14704	3	13664
22880	0	20279
20338	2	20386
22093	2	12786
22134	1	22238
12619	3	12616
12545	2	12581
12525	3	14357
14698	2	12407
14062	2	12527
23374	0	21683
18928	2	18983
20669	2	12455
20006	2	15783
21364	1	21474
18682	0	18623
20733	0	20661
17771	0	17761
21701	1	21726
20551	2	12625
23440	2	17051
17262	2	12523
20406	0	20399
20191	0	20144
22729	0	22721
22397	1	22491
20350	2	12590
14498	2	14446
20940	0	20923
23967	1	24016
13010	0	12998
22573	0	22536
13866	0	13909
17384	0	17358
20008	2	12615
21693	3	13508
19064	2	12589
20923	2	20619
20006	2	12534
13115	0	12998
12496	3	14352
21953	0	14701
15907	1	15922
17886	0	17781
22040	0	22019
13180	0	12996
20413	1	20508
16869	0	16848
13098	0	12998
13954	0	13909
22959	2	23088
16246	3	17251
17452	0	17444
15555	2	12903
13501	0	13504
12849	3	14357
23806	4	23685
12461	3	14324
21031	3	20962
21340	0	21269
21036	0	20865
14391	1	14421
20296	0	20278
18619	0	18621
16963	3	13661
16852	0	16848
13081	0	12998
16964	3	13665
13937	0	13909
22731	0	22708
17886	1	18167
17027	2	12421
21683	3	12632
16433	2	16465
23364	2	15930
12432	2	12455
21232	0	21234
14803	2	12490
23010	0	22957
14712	0	14704
13064	0	12998
13822	0	13817
13920	0	13909
23493	1	23548
23793	0	23685
22656	0	22648
22712	2	16081
16386	2	16073
18997	1	19009
17032	2	14486
13505	2	13504
14247	0	14123
16968	2	12455
17844	0	17781
14152	0	14140
12500	3	15945
17588	2	12591
22643	2	12536
23776	0	23685
16042	0	15971
19137	2	12630
13958	1	14034
17262	2	16524
13117	0	12994
20257	1	20262
18690	0	18621
13736	2	12540
14159	0	13668
13035	0	12996
14135	0	14140
17827	0	17781
23759	0	23685
12555	0	12544
12903	3	14357
16025	0	15971
23386	0	23365
18997	0	16848
17027	2	12905
20427	0	20382
13100	0	12994
12455	3	17159
12435	1	12446
18673	0	18621
14455	2	12425
13018	0	12996
20143	2	12461
12455	3	20542
13651	3	13768
21360	1	21467
12817	3	14347
15568	0	15554
14736	1	14773
13205	0	12994
12586	3	14348
20423	0	20394
20410	0	20382
13083	0	12994
19149	0	19058
17306	2	12538
20377	1	20483
20046	0	20032
23143	0	23139
13001	0	12996
17202	0	17195
17375	0	17356
23998	1	24046
19293	1	19490
20975	4	20865
21489	1	21581
18844	0	18623
23203	4	23204
12881	1	12898
13188	0	12994
20847	0	20669
13106	0	12996
21900	0	21795
13112	1	13304
20029	0	20032
13678	1	13699
13859	3	14441
15979	0	15969
15969	2	12786
20379	2	12461
18827	0	18623
13171	0	12994
18475	0	18452
23978	0	23685
20450	0	20390
17132	0	17130
18691	1	18781
15971	3	16082
22036	1	22069
18932	0	18623
21981	2	15927
19201	1	19400
14814	0	14803
18810	0	18623
22019	2	12848
19089	0	19040
20377	0	20392
23807	1	23806
14296	2	12588
19040	3	14543
21948	1	21967
18563	0	18452
21234	3	16350
16563	1	16572
20009	2	12590
14701	2	12597
24066	0	23685
17453	0	17443
20736	0	20666
13510	2	12804
21494	0	21485
21287	1	21394
20146	0	20141
15235	1	15346
16321	3	15945
20379	2	12595
22669	1	22698
15566	1	15572
15767	0	15765
15971	2	12423
16278	4	16200
23590	0	19060
21693	2	21689
18992	0	18928
12505	0	12503
18546	0	18452
21957	0	21937
22734	0	22639
20133	0	20135
22673	0	22643
12805	3	17485
12385	1	12405
21059	0	21060
13430	0	12996
12612	1	12641
18936	0	18927
17427	0	17422
21833	4	21772
12931	3	12932
12362	3	21063
18655	0	18622
17358	2	12409
16978	0	16965
14802	3	14880
20393	2	12587
16212	0	16186
14547	3	12499
23934	4	23685
23093	0	23098
12842	2	12427
21157	0	21142
20134	2	22087
13674	0	13737
14122	0	14126
18006	0	17781
15461	2	12494
12801	2	12522
17072	1	17088
17446	1	17469
12876	0	12865
22707	0	22726
23365	2	12501
17195	2	12453
15559	0	15552
19684	1	19876
12604	2	12627
12686	4	12671
18542	4	18508
20923	2	12540
20117	0	20115
20389	2	20472
17989	0	17781
13668	2	14292
14455	2	12588
19360	0	19178
14202	0	14187
16970	2	12480
16964	2	12582
22019	2	12527
18094	0	17781
20007	2	14079
20522	1	20534
12669	4	12671
23091	2	12812
17972	0	17781
23986	0	23683
21234	2	12421
13006	1	13214
14158	0	14140
14308	3	14321
19666	1	19973
20116	2	12586
15461	3	14543
14066	2	12457
18077	0	17781
23362	2	12661
13736	2	13776
18112	1	18393
20171	0	20139
17955	0	17781
14146	0	14138
23384	1	23405
15076	0	14704
22771	2	16077
22672	0	22644
16931	3	12632
16264	4	16200
17768	0	17762
23117	1	23116
18623	2	12478
22711	2	13654
18060	0	17781
17461	0	17441
18621	2	18802
23674	0	23669
17733	0	17725
21575	1	21666
13686	0	14360
15769	2	15783
15059	0	14704
16638	0	16633
22990	1	23043
12846	3	15944
15873	2	14238
22655	0	22644
12548	2	12584
23772	4	23685
21778	1	21788
22993	0	22957
14232	3	17182
23843	1	23842
18944	0	18925
21857	0	21772
20438	0	20383
20134	2	12906
17056	2	16673
18928	2	12811
22037	0	22020
13512	3	13661
20553	2	12597
20369	3	15945
12832	3	12828
22976	0	22957
22732	0	22724
16931	2	12541
20421	0	20383
21098	0	21080
14367	0	13668
14250	1	14268
20413	0	20393
18927	2	18971
21695	0	21692
20190	0	20135
23623	0	23669
21355	1	21472
19064	2	12483
22550	1	22599
12964	0	12948
23737	1	23736
13122	1	13423
13484	1	13489
16217	0	16200
20418	0	20399
20393	2	15783
20405	0	20387
21267	2	12409
22536	2	17106
20173	0	20135
20341	2	12588
16324	1	16338
15041	4	14704
14062	2	12905
23439	2	12501
19613	1	19823
20018	0	20011
12956	0	12948
20157	1	20212
21365	0	21267
12871	1	12887
15078	1	15077
13668	3	14330
20156	0	20135
19058	3	14449
22961	1	23014
22026	0	22022
16565	0	16560
13677	0	13668
18704	0	18622
16305	0	16200
20865	3	20974
19020	2	12580
14812	1	14849
23955	2	12587
12503	2	12589
20338	3	13768
23261	0	23181
20035	2	20033
20089	0	20035
22810	1	22857
20445	0	20395
14125	2	12586
19256	1	19576
23067	1	23075
17313	0	17308
23366	0	23360
21796	2	12459
17265	0	17259
21860	0	21772
15007	4	14704
18687	0	18622
23244	0	23181
18151	0	17781
12460	3	14312
15894	3	21057
17741	0	17723
20134	2	12585
23496	1	23551
23090	2	14089
13707	3	21057
23117	0	23108
13137	0	12997
20437	0	20395
15971	2	12854
21176	0	21143
14250	0	14126
18134	0	17781
22641	3	17815
12629	3	17282
16981	0	16970
20278	2	12586
23001	0	22955
16963	2	12498
20718	0	20665
13120	0	12997
19106	3	19119
21323	0	21267
19610	0	19178
19628	1	19999
23883	1	23882
20138	2	13838
22045	0	22018
13667	2	13777
17260	2	14232
18944	1	18963
16471	2	12415
22984	0	22955
17597	0	17444
20343	0	20392
22051	0	21691
16973	0	16970
22526	0	22528
20701	0	20665
14140	3	13768
22093	2	22642
21752	0	21743
12438	1	12449
13482	3	13486
13959	0	13908
13103	0	12997
15305	1	15396
13927	0	23459
22028	0	22018
22726	2	14448
19178	2	14226
21993	0	21981
12909	3	12937
21914	0	21772
15495	0	15457
22034	0	21691
16969	2	12500
20150	0	16354
16908	3	17276
22712	3	17815
13086	0	12997
13942	0	13908
20685	0	20669
21795	3	21808
16686	0	12600
22709	2	14448
16551	2	12661
19296	1	19493
12688	0	12671
13191	0	12997
19585	0	19178
15478	0	15457
23969	0	17722
23459	2	12423
20035	2	14235
13115	1	13307
14306	3	14310
23724	1	23722
16221	0	16183
13668	2	12629
21772	2	14303
18612	0	18615
15795	1	15825
15196	0	14704
17268	0	17262
14547	2	12812
23725	1	23723
20384	2	12906
15894	2	12590
21954	0	21938
23360	2	12455
12477	3	17158
18695	0	18620
12603	3	12632
15301	0	14704
23486	1	23542
22022	2	12498
21065	2	12460
15179	0	14704
20193	1	20248
14710	0	14704
16184	2	12501
17538	0	17444
22987	0	22955
23969	0	23683
21750	1	21761
12619	3	21801
20389	2	12527
15284	0	14704
17072	0	17027
22093	2	12522
17027	2	12478
20341	2	12535
13678	0	13667
15770	0	15768
18494	4	18452
21691	3	20962
20009	2	12834
16446	1	16461
21862	0	21848
14547	2	12946
20428	0	20393
15908	0	15892
15489	0	15463
19154	0	19057
23301	0	23181
16560	2	12586
15267	0	14704
16048	1	16154
17055	0	17027
23360	2	12589
15169	4	14704
20433	0	20388
21362	1	21482
14408	0	14387
12503	2	12536
22535	2	12804
12601	2	12628
20607	2	20626
20386	2	20473
21845	0	21848
21943	0	21940
20445	0	20342
22023	2	12457
15891	0	15892
22019	2	22086
19040	2	12626
13737	2	12500
14199	0	14188
15250	0	14704
16494	0	16402
18623	2	12454
20416	0	20388
14391	0	14387
17143	0	17027
15243	1	15350
21074	3	21069
20668	2	12500
13862	1	13882
23688	1	23697
13105	1	13298
12509	0	12465
23599	1	23642
13668	2	14186
14455	2	12482
22046	0	22017
20168	0	20140
22771	2	12804
13516	0	13512
20369	2	12902
24053	2	12581
20185	0	20116
20350	2	12460
15553	3	15580
15784	3	19019
19190	0	19178
20741	0	20665
20151	0	20140
20338	2	20390
22773	1	22820
19764	0	19178
17873	0	17872
18675	1	18765
13564	0	13510
20116	2	12830
23387	1	23408
21178	0	21080
23791	1	23790
19747	0	19178
17027	2	16479
20733	0	20665
22093	2	14079
15893	2	14241
18972	3	17162
17771	0	17765
12455	3	14317
17262	2	12527
15154	1	15153
13547	0	13510
15110	1	15109
22666	0	22637
21161	0	21080
19730	0	19178
12858	3	15762
13502	3	13508
20695	0	20663
12527	3	23083
14656	2	12421
22578	0	22535
12798	3	21801
20713	0	20670
14906	1	14905
21144	0	21080
21691	3	14359
22711	3	22767
19244	0	19178
22040	0	22023
17500	2	12811
22743	1	22763
14973	4	14704
15235	0	15178
19158	0	19040
18493	1	18492
17781	3	15585
13555	1	13623
16920	3	17281
22561	0	22535
20696	0	20670
21794	3	21801
23578	2	14486
17768	1	17776
15977	0	15873
20007	2	13652
12541	3	17042
17683	0	17444
15490	0	15462
14186	2	12527
16963	3	13665
20679	0	20670
23149	0	23137
22730	0	22708
22731	0	22712
20669	2	14232
20635	0	20626
13736	2	12410
23363	0	23361
20176	0	20138
22429	0	22093
12460	3	14072
16433	2	16469
22713	3	12594
12527	3	13768
16358	1	16373
15307	0	14704
15878	0	15875
14230	3	21057
15473	0	15462
20391	2	13491
17524	0	17500
17858	1	17868
13038	1	13415
12690	4	12548
12687	1	12686
20159	0	20138
20338	2	12498
14187	3	14069
16470	0	16471
23364	3	13661
23595	1	23635
23570	3	19019
20942	0	20923
14815	1	14852
17027	2	17097
21485	2	13397
14125	2	12480
20448	0	20398
13061	1	13417
14230	3	13486
21868	0	21848
23070	1	23078
21797	1	21803
22998	0	22956
17947	0	17872
19372	1	19569
15943	3	14780
16551	2	16609
23685	2	23952
12555	0	12548
16922	2	20028
22981	0	22956
14372	0	13667
20380	2	12362
15892	2	14229
17930	0	17872
12455	3	17163
21485	2	12592
13071	1	13269
22974	1	23027
18678	0	18620
18035	0	17872
13205	0	12998
15492	0	15458
14082	2	12812
12586	3	14352
20423	0	20398
17913	0	17872
22733	0	22708
12744	4	12548
15768	2	15779
21316	1	21424
12436	0	12430
18661	0	18620
18018	0	17872
14243	1	14262
13188	0	12998
12365	3	14357
15475	0	15458
20704	0	20668
17896	0	17872
15552	3	13402
21706	0	21693
17423	2	12496
22714	2	16081
21485	3	21057
12500	3	14339
12534	3	21670
20411	0	20393
24056	1	24062
18644	0	18620
18001	0	17872
18045	1	18326
13171	0	12998
15498	0	15460
20179	0	20141
16807	0	16806
17045	2	12659
21772	2	21768
20450	0	20394
23371	0	23359
14082	2	12946
20391	2	17492
23442	1	23450
14363	2	14382
17172	0	17166
18632	0	18618
21683	3	14543
19299	1	19496
20150	1	20206
23098	2	23090
16472	0	16386
12714	0	12548
13668	2	12523
15135	4	14704
17220	2	12858
20393	2	12457
15951	2	12534
14400	0	14384
21036	0	21032
17496	2	12588
20736	0	20670
20146	0	20145
17494	2	12496
13675	0	13668
17027	2	12588
23684	0	23682
12626	3	15582
15461	2	12364
14383	0	14384
20017	0	20007
12943	3	12938
18623	3	17162
14249	0	13668
16721	2	12903
15905	0	15893
22734	0	22643
22673	0	22647
12480	3	17161
23489	1	23545
13780	0	13668
22811	0	22771
12870	0	12867
21099	1	21123
20144	2	18971
20190	0	16354
21267	2	14694
14126	2	13838
12858	3	21670
14802	3	14884
21902	0	21795
22574	0	22093
21795	2	21934
14135	1	14182
12415	3	23585
19577	1	19791
16491	0	16403
22105	0	22093
18686	0	18618
22661	0	22642
14639	4	14642
20173	0	16354
23954	2	12592
19157	0	19060
20690	0	20668
22557	0	22093
13746	0	13668
23382	0	23362
22093	2	13705
18934	0	18623
14816	0	14803
13865	0	13909
17064	0	17056
19608	0	19178
18143	0	18434
12815	3	14072
20156	0	16354
20519	2	13491
22662	0	22093
13668	2	14296
12717	0	12548
12609	1	12637
18092	0	17872
20419	0	20391
20115	3	20130
20406	0	20379
17233	0	17229
21347	1	21454
14363	2	12906
22711	3	12594
23610	0	23578
20930	0	20865
20148	0	16354
15649	4	15555
22415	1	22508
14066	2	12461
13108	1	13301
22725	0	22713
14190	0	14186
13527	0	13505
20171	0	20143
13668	2	13491
12437	0	12429
18032	1	18312
23308	1	23309
16930	3	12632
17688	0	17496
19064	2	14447
23137	2	12500
22672	0	22648
20043	0	20066
23972	0	23954
23098	3	12925
18860	1	18920
15058	1	15057
20305	0	20279
13907	1	13985
12547	2	12527
15873	2	14242
22655	0	22648
12548	2	12588
16742	1	16801
16175	4	15873
23364	2	12527
17444	2	17491
12771	0	12548
13510	2	12621
14232	3	17186
18944	0	18929
13773	3	15944
18050	0	17872
20438	0	20387
17496	2	15784
18146	0	17872
18672	0	18618
20391	2	20472
19128	2	12819
15954	0	15951
21068	2	12501
12802	2	12811
13512	3	13665
16158	4	15873
12678	4	12600
13034	0	12996
20925	0	20923
17841	1	17847
18033	0	17872
20421	0	20387
22558	0	22536
22669	0	22640
14555	0	14455
20413	0	20397
20719	0	20668
18927	2	18975
19216	1	19414
20724	0	20663
13017	0	12996
15487	0	15463
22541	0	22536
20405	0	20391
23364	2	12661
21148	1	21190
14639	4	14455
16403	2	12804
15892	3	14080
20010	2	12366
17027	2	12535
16409	0	16403
19178	2	20028
22746	1	22766
18121	0	17872
12523	3	21063
15657	1	15656
17036	1	17043
20338	2	14702
20134	2	12455
20707	0	20663
13000	0	12996
13558	1	13626
21709	0	21688
13932	1	14007
20089	1	20106
22736	0	22093
13925	0	13668
13668	3	14334
22025	2	21691
17771	1	17779
17444	2	12498
16191	0	16183
16636	1	16655
18104	0	17872
20348	0	20338
13922	0	13909
12817	3	14327
20444	0	20338
20279	3	17815
20445	0	20399
14198	0	14184
14486	3	23585
21032	2	12527
19151	1	19176
23366	0	23364
18623	2	18927
16860	0	16850
12661	3	23415
12957	1	12978
16601	0	16551
14609	0	14455
22996	0	16922
12460	3	14316
21269	2	12625
20371	0	20370
13002	1	13211
17443	2	17492
20134	2	12589
14154	0	14137
23980	0	23952
17266	0	16920
19756	1	19922
22671	0	22636
18929	2	18971
14818	1	14855
16989	0	16964
17669	2	12591
22807	0	22093
23862	4	23685
16027	0	15971
22053	0	20134
22979	0	16922
20698	1	20776
14138	2	12904
16187	2	12585
18675	0	18621
23447	0	23435
21800	1	21806
23001	0	22959
23753	1	23752
20419	0	20338
16403	3	16522
20145	2	12461
20718	0	20669
19375	1	19572
17729	0	17722
23744	0	23685
22036	0	20134
22962	0	16922
15765	2	15780
17873	1	18154
22984	0	22959
14232	3	23415
13976	0	13909
23849	0	23685
20701	0	20669
19095	1	19103
19137	3	16082
16438	0	16386
23727	0	23685
14062	2	12588
13074	1	13272
20434	0	20380
18681	0	18623
13830	3	15944
15495	0	15461
23501	0	23459
23441	2	12626
23832	0	23685
22033	0	22017
22883	1	22902
17949	1	18230
22736	0	22711
20071	2	12587
20417	0	20380
13091	0	12996
22724	2	12630
21851	0	21846
18664	0	18623
19040	2	12362
21228	0	17423
14185	2	12625
15478	0	15461
23484	0	23459
14698	2	14696
17357	1	17388
23459	2	12427
18622	2	13657
23815	0	23685
22016	0	22017
17383	0	17358
14306	3	14314
21692	3	13508
17384	0	17419
12739	0	12600
16221	0	16187
13196	0	12996
17534	0	17494
20401	0	20384
13074	0	12996
16413	0	16386
12597	3	17276
21145	1	21187
23467	0	23459
22708	2	12455
17366	0	17358
17023	1	17029
20011	2	12590
16560	2	12456
13179	0	12996
17678	1	17701
17517	0	17494
20014	0	20008
13057	0	12996
16930	2	12461
16052	0	15969
20165	0	20144
13162	0	12996
22053	0	21691
16860	1	16888
20441	0	20392
16848	2	12813
20408	1	20493
16035	0	15969
22015	2	12923
14362	2	12501
23250	1	23249
14455	2	14446
20342	2	12364
22797	1	22844
13145	0	12996
15497	0	15457
22036	0	21691
13028	0	12994
16326	0	16321
18452	2	12782
22714	3	17815
19231	0	19178
12998	3	13486
15873	2	12579
16018	0	15969
21062	0	21067
20433	0	20392
20420	0	20380
12503	2	12540
16599	4	16579
19108	0	15892
15936	0	16354
13011	0	12994
12861	3	21673
14704	2	15407
14138	2	13656
20116	3	14080
22642	2	12536
16633	2	16078
20338	2	12905
14070	2	12586
14137	2	14181
15882	0	15875
20416	0	20392
15477	0	15462
21067	2	12861
15726	4	15668
22878	0	22869
16527	1	16536
20349	2	12427
21040	1	21051
17495	2	12905
12554	0	12544
20116	3	12925
18996	0	16848
14825	0	14704
13099	0	12994
17669	2	12538
15301	1	15393
22046	0	22021
21065	3	21063
14930	1	14929
20168	0	20144
21981	2	12471
14808	0	14704
20869	4	20865
23971	0	23683
16551	2	12478
19148	0	19058
15553	3	15584
23889	0	23685
20741	0	20669
23448	1	23456
15971	2	14094
18473	1	18472
20151	0	20144
15550	0	15554
17463	0	17441
18808	1	18868
20302	0	20280
20519	3	14495
14188	2	14240
17950	1	18229
20846	0	20669
22418	1	22511
23994	0	23685
12479	3	12937
20627	2	20654
20116	2	12834
17293	2	17286
21940	2	20271
21780	0	21769
18045	0	17781
17446	0	17441
12853	3	17276
16920	3	13768
14153	0	14136
13671	0	14360
20008	2	13778
17214	0	17189
13668	2	13735
12455	3	14321
16496	0	16402
23855	0	23685
22912	2	12421
16523	3	16522
12425	3	12616
22666	0	22641
21143	2	12455
13873	1	13892
14099	0	13668
17197	0	17189
20398	2	12940
23960	0	23685
12585	3	21056
13535	0	13512
13751	0	13667
21092	1	21117
20449	0	20380
16486	1	16505
19064	2	12597
13684	0	13735
18133	0	17781
16971	0	16963
18614	2	12480
24065	0	23685
16736	1	16794
23963	0	23952
13518	0	13512
14305	1	14309
16183	2	14485
18116	0	17781
15555	3	15580
14184	2	12460
20369	2	12585
20550	2	12500
15875	3	14543
19288	0	19178
20429	0	20385
17132	1	17146
16202	0	16200
20716	1	20792
13512	2	13657
22101	1	22205
12375	1	12395
22730	0	22712
17900	0	17781
14195	0	14185
22731	0	22716
20553	2	20550
16211	0	16186
20384	2	14496
20412	0	20385
13194	0	12996
17781	3	17817
21815	4	21772
21712	0	21691
17883	0	17781
15170	1	15169
21745	2	12822
15105	4	14704
21031	2	12585
12465	2	12533
20310	0	20278
14183	1	14207
22373	1	22465
20693	0	20666
22639	2	13654
13839	3	14072
12592	3	17281
12659	3	17186
14184	2	12944
22580	0	22535
16402	2	12418
12947	0	12950
17726	0	17723
19323	1	19520
22318	1	22319
15097	4	14704
17971	0	17781
16280	4	16200
19759	1	19925
22563	0	22535
16921	0	16922
21485	2	12596
15042	1	15041
16019	0	15875
21981	2	12418
20388	2	17253
20729	0	20662
14308	2	12817
15492	0	15462
12586	3	14356
20138	2	12797
17767	0	17762
16263	4	16200
14144	1	14164
23219	4	23181
22740	0	22641
22546	0	22535
14704	2	12455
20067	2	12527
20187	0	20145
15063	4	14704
16002	0	15875
15768	2	15783
17876	1	18157
16637	0	16633
13088	0	12997
13944	0	13908
20712	0	20662
17340	0	17327
15475	0	15462
21799	0	21794
19057	2	12852
23243	4	23244
23620	1	23661
23208	4	23207
16245	3	15944
16834	2	12581
13077	1	13275
15480	0	15457
15985	0	15875
12500	3	14343
17531	0	17495
18452	2	12408
20411	0	20397
13071	0	12997
13927	0	13908
15198	1	15327
20179	0	20145
16321	2	16348
23185	4	23181
23157	0	23139
16415	1	16428
17419	2	12455
14928	0	14704
13176	0	12997
12831	3	12828
16817	2	12581
15968	0	15875
18632	0	18622
13202	0	12994
20082	1	20100
14704	2	12589
16865	0	16849
23290	4	23181
21297	0	21269
13910	0	13908
12914	0	12909
20747	1	20822
23362	3	23415
17533	1	17552
20607	2	20606
15641	1	15640
22363	1	22456
13159	0	12997
20393	2	12461
14658	0	14656
18927	3	17163
20292	0	20279
17609	1	17649
22727	0	22709
17377	1	17397
20888	1	20887
15016	0	14704
23198	1	23197
13149	1	13336
12595	3	15944
21327	1	21434
17045	2	12797
13142	0	12997
20017	0	20011
14196	0	14184
21525	0	21485
12504	2	12496
20845	0	20844
20011	2	12834
20155	0	20135
16145	4	15873
23570	2	14447
21059	0	21068
18020	0	17872
15690	4	15555
20452	0	20385
17454	1	17477
20088	0	20035
16974	0	16968
21508	0	21485
12860	3	12862
12750	0	12548
13017	1	13412
23288	1	23289
12826	1	12840
20135	2	12902
21945	0	21940
17292	2	12923
18686	0	18622
13739	2	12500
18003	0	17872
13667	2	13704
15500	0	15460
20338	2	20370
22800	1	22847
20116	2	12460
12527	3	14069
21491	0	21485
12733	0	12548
13444	0	12996
12551	0	12545
23362	2	12535
23138	1	23160
16010	0	15873
22149	0	22093
21795	2	13778
20670	2	12500
23832	1	23833
12881	0	12868
15137	4	14704
21981	2	12581
16402	2	12365
22961	0	22957
20419	0	20395
20406	0	20383
22889	1	22908
19145	0	19059
22536	2	12524
16530	1	16539
23125	1	23124
12864	0	12868
21683	2	12661
15648	4	15555
13753	0	13735
20077	0	20067
23437	2	17051
21751	0	21743
16446	0	16433
23873	1	23872
22725	0	22717
16834	2	15777
19657	1	19960
15124	0	14704
15809	0	15768
16721	2	12586
14555	1	14577
23376	1	23423
21151	1	21193
20175	0	20138
14459	2	12900
21288	0	21267
16909	3	17162
17293	2	12858
14064	3	14072
18621	2	15777
21800	0	21772
17781	2	13650
18811	1	18871
17988	1	18269
20563	0	20551
20158	0	20138
23968	0	17722
21354	0	21269
17862	1	17863
20069	2	13491
20135	2	12581
15090	0	14704
19286	1	19483
20258	0	20116
20923	3	20962
17195	2	14234
19015	1	19024
17449	0	17444
14297	2	14304
20732	0	20667
23951	0	17722
13674	0	14363
23670	2	12596
12802	2	12815
21337	0	21269
13180	1	13366
15195	0	14704
12661	3	21057
21146	0	21080
14187	2	14228
18440	0	17781
19715	0	19178
17786	2	12490
14137	2	12815
22927	0	22912
22669	0	22644
12860	2	12854
20342	2	16609
18927	2	18979
23671	0	23669
12429	2	12455
18932	0	18928
20035	2	13491
17443	2	16073
14125	2	12460
19698	0	19178
20724	0	20667
20344	0	20388
21848	2	13659
17537	0	17444
23459	2	12618
21936	0	21938
19229	0	19178
23317	0	23181
17781	2	14134
17071	0	17027
21794	3	13405
15220	0	15178
15750	1	15757
13736	2	12524
13752	0	13736
16360	0	16354
21153	0	21143
20707	0	20667
16245	3	16375
14308	3	14358
21709	0	21692
15266	0	14704
21033	1	21045
21291	0	21267
13668	3	14338
15203	0	15178
14232	3	21057
23359	2	12589
13667	2	12362
14455	2	12409
16191	0	16187
19786	0	19178
13023	1	13227
23955	2	12595
12817	3	14331
19110	0	19060
20444	0	20342
23364	2	14304
14198	0	14188
21274	0	21267
17497	1	17565
20423	0	20378
15186	0	15178
13097	0	12994
19769	0	19178
20338	3	20542
22956	3	14357
14390	0	14387
15725	4	15664
17952	1	18233
14232	3	13486
15956	0	15951
21269	2	12629
14455	2	14637
23997	0	23953
15291	0	15178
20122	0	20113
17295	2	17301
17943	1	18223
20010	2	12854
16039	1	16151
12412	3	21064
23275	0	23181
18457	1	18456
22711	2	12536
16989	0	16968
12595	3	16375
14704	3	14884
17669	2	12595
21362	0	21267
23339	1	23343
21848	3	13405
17511	1	17557
15274	0	15178
12909	2	12586
13185	0	12994
15709	0	15555
22668	0	22645
17764	0	17763
18928	2	16820
20419	0	20342
19326	1	19523
21345	0	21267
12602	0	12599
13693	1	13725
15765	2	15784
16402	2	12662
13168	0	12994
22651	0	22645
20447	0	20390
12544	2	12585
19641	0	19178
19040	2	16554
22639	3	22767
15463	2	15458
16737	0	16721
23361	2	12585
20434	0	20384
15675	0	15555
18455	0	18452
21244	0	17423
21066	2	12590
20430	0	20390
22869	2	14781
14147	1	14167
13177	1	13363
22033	0	22021
20198	0	20138
17262	2	12588
15252	0	14704
15905	0	15873
16720	0	16721
18560	0	18452
20417	0	20384
17609	0	17588
21134	1	21140
23569	0	23570
22357	0	22093
22016	0	22021
19137	2	12427
17986	0	17872
15483	0	15460
22731	0	22639
20672	0	20668
20401	0	20388
17262	2	17260
19286	0	19178
22710	3	22767
16633	3	12632
14803	2	12421
15993	0	15873
14527	0	14523
22340	0	22093
16293	1	16292
20390	2	12812
15277	0	15178
19157	0	19040
17969	0	17872
15466	0	15460
23115	1	23113
21289	1	21398
13928	1	14004
20085	1	20103
17731	0	17722
12699	0	12548
22707	0	22710
20553	2	12902
20011	2	12944
15976	0	15873
22170	1	22275
18542	4	18492
18700	0	18623
13545	1	13613
19374	0	19178
12601	2	12852
19139	3	16082
16440	0	16386
14063	2	12527
12706	4	12548
21986	1	22012
15766	2	12461
13784	1	13803
17168	2	12944
17594	1	17624
13749	1	13766
15926	3	14357
17356	2	12620
13152	1	13339
18683	0	18623
18434	2	12581
20300	1	20334
15894	2	14237
19357	0	19178
18452	2	12786
16186	2	13711
22796	0	22771
20388	2	12854
16165	1	16164
22411	0	22093
23685	3	23700
12689	4	12548
23192	1	23190
13549	0	13510
13505	2	12630
19752	1	19919
15499	1	15539
18438	0	17781
14564	0	14547
18666	0	18623
12712	1	12713
12425	3	21801
17457	1	17480
19077	0	19062
12677	1	12676
20116	2	20275
18671	0	18618
12672	4	12548
22955	2	12534
17654	0	17500
17032	2	12457
12471	3	17163
19142	0	19060
16548	2	12589
23570	2	12597
15281	0	14704
16849	2	12423
16186	2	12906
23393	0	23359
20019	0	19178
14802	2	12628
12554	0	12548
18654	0	18618
17235	0	17229
22980	0	22956
19362	1	19559
12998	2	12460
17519	0	17494
14371	0	13667
21102	0	21079
14306	3	14347
20697	0	20666
13099	0	12998
19091	1	19100
21699	0	21691
14298	0	14295
17789	2	12461
17782	1	17784
18931	1	18954
20404	0	20391
18637	0	18618
15491	0	15458
14365	1	14374
20689	0	20660
12496	3	21801
17912	0	17872
22732	0	22708
16014	1	16108
20625	2	12861
17496	3	14080
22735	0	22093
16817	2	16826
20746	0	20668
14701	2	21977
17168	2	12623
15971	2	14448
13823	0	13817
21031	3	21056
20664	0	20670
16217	0	16184
22125	1	22229
22713	2	16081
20418	0	20383
20386	2	12455
16431	2	16481
17673	0	17496
21032	2	17284
20632	0	20607
15935	0	21689
19178	2	20008
14153	0	14140
13668	2	13739
12455	3	14325
19155	1	19171
20007	2	12587
12359	2	12366
18148	0	17872
20369	2	12455
13668	3	14314
22666	0	22645
12599	3	12633
18814	1	18874
23360	2	12626
13691	0	13668
13578	0	13510
12556	0	12544
14649	4	14640
14838	0	14803
23958	1	24007
20445	0	20379
13684	0	13739
22983	0	22956
22643	2	12630
16186	2	12585
17683	0	17668
16936	0	16930
15880	1	15887
16143	4	15873
14143	0	13668
13674	0	13668
22654	0	22640
12950	2	12500
20871	4	20865
22966	0	22956
19150	0	19058
18019	1	18299
13566	0	13505
19015	0	19016
12867	2	12471
15178	2	13705
23144	0	23139
20437	0	20379
12869	0	12867
16433	2	14599
20429	0	20389
20402	0	20342
12603	2	12527
16558	2	12473
18845	0	18623
20082	0	20066
12856	3	21064
22730	0	22716
20193	0	20143
17229	3	17257
22573	0	22093
16963	2	12482
22731	0	22720
12602	1	12635
16008	0	15873
16490	0	16403
17585	2	12474
22639	3	12594
20412	0	20389
20446	0	20338
18828	0	18623
22735	0	22711
12527	3	17159
17722	3	12594
21036	1	21048
13845	2	12588
16010	1	16155
23362	2	12592
21545	1	21636
13738	0	13739
12465	2	12537
18811	0	18623
13512	2	12856
20116	2	16839
23073	0	16402
20311	1	20332
20693	0	20670
22042	0	22018
20669	2	12496
20164	0	20141
22527	2	14079
17283	3	17281
12948	2	12903
20946	0	20865
15641	0	15555
24067	0	23685
17049	2	14447
22584	0	22709
23965	0	23952
20147	0	20141
19106	2	12596
22710	3	12594
19139	2	13659
22915	1	22935
20929	0	20865
19060	2	12460
12506	0	12503
22792	0	22093
23362	3	21057
13981	0	13668
20596	1	20604
14704	3	14778
14090	3	23585
13522	1	13590
12704	0	12600
17500	2	12498
13748	1	13765
12620	3	12616
18937	0	18927
20404	0	20338
23278	4	23276
14682	0	14455
20912	0	20865
20669	2	12630
12907	1	12917
22775	0	22093
14972	1	14971
23707	1	23706
17655	1	17658
13505	3	13663
20041	0	20035
22742	0	22723
17669	2	13778
12603	3	12616
20386	2	14496
22022	2	12482
22662	0	22638
20139	2	12458
12547	2	12588
22724	3	22768
16402	2	12906
12694	4	12600
20717	0	20661
17219	0	12430
21261	0	21229
12586	3	12616
15480	0	15461
12500	3	14347
12600	3	12632
22641	2	13654
14150	1	14170
20380	2	12854
21954	0	14701
18649	0	18623
21074	2	12588
20700	0	20661
12597	3	14357
16549	2	12471
20008	2	14079
20518	2	12625
17069	0	17027
17781	2	12902
23092	2	12812
20338	2	12535
12753	1	12752
23510	1	23565
15462	3	14543
15486	0	15463
22540	0	22536
15766	2	15604
22727	0	22713
20631	0	20627
20703	1	20779
20349	2	12407
16853	0	16848
23002	0	22957
15469	0	15463
21708	0	21688
14196	0	14188
17734	0	17725
23790	4	23685
20155	0	20139
14308	2	12500
18929	2	12482
19729	1	19987
13921	0	13909
20605	0	20606
17140	0	17027
20452	0	20389
18925	2	12662
20444	0	20399
21569	0	21485
23221	4	23306
17585	2	12421
17597	1	17627
14489	2	13704
13667	2	13708
18572	1	18605
23878	4	23685
19657	0	20009
15612	1	15618
20349	2	12541
12423	3	17281
21940	2	15929
14455	2	14694
23756	4	23685
17977	1	18256
18691	0	18621
22977	0	22957
14368	0	13668
19310	1	19507
18928	2	18971
23943	1	23941
12761	0	12600
18674	0	18621
13510	2	13650
12867	2	12902
21743	3	16249
13183	1	13369
20419	0	20399
22729	0	22709
16441	0	16431
23743	0	23685
23844	4	23685
12600	2	12624
21260	1	21263
20424	0	20394
13084	0	12994
18657	0	18621
14470	1	14484
20077	0	20071
19365	1	19562
16471	2	12480
13002	0	12996
17794	0	17781
17523	1	17547
17203	0	17195
17376	0	17356
22725	0	22721
20847	0	20844
23469	1	23524
23393	1	23424
20407	0	20394
13067	0	12994
17496	2	12625
16964	2	14233
17444	2	17715
18640	0	18621
23607	1	23648
14368	1	14377
16691	1	16699
14126	2	12586
17359	0	17356
13064	1	13262
23365	3	12633
13921	1	13998
17882	0	17781
12605	2	12595
12646	2	12658
22015	2	12500
22873	1	22892
12461	3	14312
14204	0	14186
20528	0	20518
20141	2	12483
19660	1	19857
22128	1	22232
13155	0	12994
13073	0	12996
21269	2	12365
15178	2	12526
20734	1	20809
17680	0	17669
22642	3	17815
23466	0	23459
17284	3	17163
20010	2	12590
14187	2	14232
13138	0	12994
17786	2	12494
13909	2	12905
12455	3	23429
16965	2	13839
20383	2	12940
15901	0	15894
23945	0	23685
22669	0	22648
12860	2	12858
12429	2	12459
23325	2	12483
15492	1	15533
12866	0	12868
21314	1	21421
21848	3	14080
13452	0	12998
12559	0	12547
22674	0	22643
23961	1	24010
20448	0	20382
22052	0	21691
20344	0	20392
23439	2	17051
23441	2	16554
20044	0	20030
23933	1	23932
16964	2	12623
17218	1	17222
15883	1	15890
23889	1	23888
20844	2	17047
21692	2	14232
22657	0	22643
16848	3	23083
16325	0	16321
12540	3	15944
12867	2	12365
18022	1	18302
17339	0	17327
14066	2	12498
13911	0	23459
18513	0	18452
22787	1	22834
20388	2	20266
18827	1	18887
12817	3	14335
22039	0	22019
15048	1	15047
17293	2	12541
23918	4	23685
12586	3	14336
16222	0	16183
20312	0	20278
20423	0	20382
13201	1	13387
20940	1	20949
22955	2	12591
13097	0	12998
13953	0	13909
14719	0	14704
21683	2	12478
20588	0	20553
12544	2	12455
16321	2	12595
20295	0	20278
12415	3	14441
17329	4	17327
17973	0	17781
15124	1	15123
23987	0	23683
23361	2	12455
17894	1	18174
23955	2	14238
19344	0	19178
13510	2	12658
14159	0	14140
23153	1	23174
21066	2	12460
15805	0	15765
12433	0	12430
14722	0	14803
13185	0	12998
22676	0	22639
14711	0	14704
21097	1	21120
18434	3	18450
14551	1	14574
12662	3	23430
20450	0	20378
19060	2	14448
17956	0	17781
21795	2	14079
23685	2	12527
20039	0	20067
18697	0	18621
23970	0	23683
14920	1	14919
23438	2	16905
19327	0	19178
12590	3	21056
20662	2	12458
23968	0	23955
15788	0	15765
13679	0	13667
15875	2	12421
12602	0	12603
20377	0	20380
13168	0	12998
18061	0	17781
17462	0	17441
22659	0	22639
20301	0	20280
17781	2	17789
20447	0	20394
17939	0	17781
22015	2	12663
18463	1	18462
16550	0	16548
16041	0	15971
16598	1	16597
17285	2	12490
21795	2	12924
23871	0	23685
15463	2	15462
23951	0	23955
23129	4	23112
20434	0	20388
18478	4	18452
18044	0	17781
17445	0	17441
19319	0	19178
18452	2	12522
20284	0	20280
20387	2	20473
13670	0	14360
17213	0	17189
20430	0	20394
17922	0	17781
16986	1	17010
14547	2	16073
15310	0	15178
16495	0	16402
22745	0	22726
22304	1	22305
14709	1	14746
20417	0	20388
22665	0	22641
18027	0	17781
17444	2	12535
17196	0	17189
15479	1	15519
15293	0	15178
22728	0	22726
13505	2	13655
22730	0	22639
13122	0	12996
13013	0	12997
14246	0	13668
22731	0	22643
19040	2	19136
20401	0	20392
23142	0	23139
21796	2	12500
17356	2	12490
22047	0	22017
13083	1	13421
19040	2	13659
12927	3	12932
14803	2	12425
15276	0	15178
21074	2	12482
15778	3	14358
12460	3	14353
16386	2	12625
21705	0	21689
19050	3	16375
12948	2	12476
22707	0	22714
22030	0	22017
22818	1	22864
12595	3	23413
12478	3	17187
16817	2	12829
21538	1	21630
16201	0	16200
16302	4	16200
20402	0	20399
13668	2	14280
23614	0	19060
20116	2	20145
20747	0	20660
23156	1	23177
23572	2	15784
12601	2	12856
16193	1	16267
16566	0	16560
17295	2	12796
23131	4	23108
18538	4	18508
14903	4	14704
22643	2	12821
22988	1	23041
13193	0	12996
20446	0	20395
20730	0	20660
17314	0	17308
21745	2	21743
16289	0	16200
16437	1	16452
12996	3	13402
16922	2	16926
14090	3	21064
21061	1	21071
16985	0	16965
21702	1	21727
19228	1	19427
15160	1	15159
12457	3	13768
14991	4	14704
18671	0	18622
21956	0	21937
20722	0	20660
15485	0	15460
12605	3	12631
18615	2	12476
14142	0	14138
14129	0	14126
19062	2	12424
21229	3	17819
23291	1	23293
16849	2	12427
16433	2	16079
17980	1	18259
17034	1	17040
18654	0	18622
21939	0	21937
20705	0	20660
15468	0	15460
18118	0	17781
14306	3	14351
20697	0	20670
19063	2	17352
20844	2	20861
20370	2	12581
23312	4	23309
15079	4	14704
12540	3	16375
15978	0	15873
20008	2	13652
20393	3	13768
21796	2	20473
19678	1	19870
20404	0	20395
14957	4	14704
22959	3	23061
22652	0	22648
20387	2	17253
18637	0	18622
20688	0	20660
15491	0	15462
21940	2	14079
23150	0	23137
20194	0	20135
12692	4	12600
22732	0	22712
13435	0	12998
23261	1	23260
20413	0	20381
12427	3	16540
14839	0	14704
13087	0	12997
21290	0	21267
22635	0	22648
13164	1	13350
12418	3	15944
20525	0	20519
17380	0	17420
14944	0	14704
20418	0	20387
14360	2	12460
15984	0	15875
14188	3	14069
17530	0	17495
16329	1	16342
13668	2	12804
12410	3	16540
13070	0	12997
23610	1	23651
23233	4	23234
14371	1	14380
12506	1	12515
16694	1	16702
13175	0	12997
18076	0	17781
20392	2	20062
17513	0	17495
16920	3	20542
13668	3	14318
13053	0	12997
21569	1	21660
16205	0	16183
20338	2	12592
20865	3	20962
18696	0	18620
12756	4	12671
16750	0	16633
21276	1	21385
13158	0	12997
20445	0	20383
22023	2	12498
18059	0	17781
19606	0	20007
17931	0	17872
15178	2	12420
20737	1	20812
16993	0	16963
16188	0	16183
15998	1	16071
12762	4	12548
23837	1	23836
17285	2	12921
18679	0	18620
22654	0	22644
18578	1	18611
22093	2	16080
17914	0	17872
20342	2	12535
19015	0	19020
17261	0	17259
20010	2	12834
12623	3	17187
21856	0	21772
20437	0	20383
16551	3	14080
20865	2	17303
17926	1	18206
17522	0	17444
20429	0	20393
18147	0	17781
19155	0	19057
18974	3	17161
18662	0	18620
12801	2	12807
15268	0	14704
16183	2	15782
20047	0	20033
15146	0	14704
17505	0	17444
20412	0	20393
18130	0	17781
20446	0	20342
19057	2	12592
22735	0	22715
12527	3	17163
15251	0	14704
16808	0	16806
19038	2	13648
23584	3	23585
20343	0	20380
20369	2	14232
20028	3	23430
12709	0	12671
12842	2	12846
22790	1	22837
12465	2	12541
23990	0	17722
12998	2	12627
17356	2	13860
15234	0	14704
12994	2	13396
22042	0	22022
20669	2	12500
20164	0	20145
15802	0	15766
13668	2	14361
12909	3	12925
17593	0	17444
14401	0	14384
21829	4	21772
20698	0	20669
17685	0	17668
15217	0	14704
20147	0	20145
17285	2	14694
17606	1	17633
17497	0	17588
15119	4	14704
13817	2	12490
22879	1	22898
21031	2	14232
20260	0	20135
20681	0	20669
20742	0	20665
20544	3	15945
13781	0	13668
15892	2	13652
12929	0	12927
18995	0	18991
15724	4	15656
20404	0	20342
21776	0	21770
17143	1	17157
19643	0	19178
20169	0	20116
23008	0	22955
15719	4	15640
20725	0	20665
21370	0	21269
21330	0	21267
16817	2	12455
22112	1	22216
15677	0	15555
13668	2	13906
20665	2	12461
22106	0	22093
21032	3	15582
19626	0	19178
22662	0	22642
20152	0	20116
13510	3	13662
20174	0	16354
14803	3	14881
22014	2	12496
21353	0	21269
21031	3	14591
13946	1	14021
19592	1	19804
23000	0	22955
12824	0	12825
19731	0	19178
16431	2	12460
13687	1	13722
20717	0	20665
22049	1	22080
16967	0	16964
19609	0	19178
23233	4	23181
20157	0	16354
23669	2	12596
21685	2	14226
20397	2	12855
17259	2	14232
21145	0	21080
20847	1	20856
19714	0	19178
20700	0	20665
21683	3	23415
16651	0	16633
20116	3	20130
19592	0	19178
17781	2	12906
20665	2	12595
15566	0	15552
21992	0	21981
21913	0	21772
15494	0	15457
16968	2	12500
19697	0	19178
22711	3	17815
18614	2	14879
14471	1	14487
16031	1	16142
22727	0	22717
15219	0	15178
19142	0	19040
12438	0	12429
13007	1	13215
21491	1	21584
14734	0	14704
20408	0	20386
13190	0	12997
20395	2	15930
16920	2	12858
15032	1	15031
15789	1	15819
22639	2	12536
20436	1	20494
16431	2	12944
15930	3	21057
17792	0	17789
15308	0	14704
21708	0	21692
13737	2	13777
16169	0	15873
18452	2	12900
13511	0	13505
18069	1	18350
19345	1	19542
15202	0	15178
17667	0	17444
12626	3	15944
19785	0	19178
13173	0	12997
20378	2	15930
22413	0	22093
20452	0	20393
15751	2	12461
23670	2	16524
21981	2	12455
12604	2	12859
17504	1	17555
20113	3	12925
20668	2	13777
20138	2	12834
15108	1	15107
21032	2	12592
20943	0	20923
17221	0	12430
15185	0	15178
16840	1	16843
22991	1	23044
19057	2	12539
21869	0	21848
21229	3	20962
21683	2	12535
16402	2	12589
20338	2	20378
15955	0	15951
22396	0	22093
22911	1	22932
17262	3	17278
16440	1	16455
20926	0	20923
20440	0	20388
22559	0	22536
16405	1	16418
13936	1	14012
14387	2	12483
14803	3	13405
12624	3	19019
18928	2	18975
17444	2	17585
14447	3	17182
17781	2	12585
15488	0	15463
22736	0	22642
12854	3	21057
16496	0	16386
22542	0	22536
17027	3	17042
21159	1	21201
12640	4	12548
16712	1	16715
20424	0	20398
13084	0	12998
20135	2	12455
13940	0	13909
21942	0	21940
20708	0	20663
15471	0	15463
16633	2	16680
17781	2	17846
15485	1	15525
21710	0	21688
14656	2	12409
12548	2	12816
15476	0	15458
13523	0	13512
17527	0	17496
20407	0	20398
17897	0	17872
13067	0	12998
13510	2	12849
13923	0	13909
20518	3	14357
21676	3	15944
12441	0	12432
12950	2	12480
22638	3	12594
20865	2	14485
23384	0	23361
19059	3	14450
23952	2	12418
15459	0	15458
21845	1	21874
17510	0	17496
23007	1	23056
17880	0	17872
20844	2	12595
14097	3	23414
13501	0	13496
16045	0	15971
16602	0	16551
16202	0	16184
17669	2	14079
12610	0	12548
18851	1	18911
23367	0	23361
13155	0	12998
17493	0	17496
19771	1	19938
22093	2	12457
23613	1	23654
16028	0	15971
22054	0	20134
12509	1	12518
22980	0	16922
18648	1	18738
20389	2	12812
12767	2	12786
12861	3	17282
13138	0	12998
20737	0	20670
14192	0	14185
13849	1	13856
23293	4	23245
15873	2	15893
16568	0	16551
16011	0	15971
16208	0	16186
21234	3	17818
18079	1	18359
12944	3	12938
22674	0	22647
21279	1	21388
12385	0	12359
20448	0	20386
20720	0	20670
23328	1	23334
22955	2	12461
22812	0	22771
19221	1	19421
19669	1	20002
20740	1	20815
19138	3	16082
17358	2	12588
12588	3	21064
15994	0	15971
17585	2	12588
22657	0	22647
13735	2	12501
12368	0	12359
12416	3	23585
21682	0	23362
22795	0	22771
14829	0	14805
18487	1	18486
23359	2	12597
20134	2	12817
13092	0	12996
21852	0	21846
12909	2	12460
19060	3	14543
22558	0	22093
13747	0	13668
21260	0	21229
20530	0	20518
22547	1	22596
22778	0	22771
13552	0	13512
12586	3	14340
20842	2	12418
18813	0	18623
19591	1	19958
14812	0	14805
20423	0	20386
20522	0	16920
22560	0	22535
17535	0	17494
22663	0	22093
14546	0	14547
14199	0	13668
13075	0	12996
19141	0	19060
16402	2	12536
14733	1	14770
22541	0	22093
21243	0	21229
12859	3	15944
19106	2	19126
17234	0	17229
13749	0	13736
20073	0	20068
22543	0	22535
12997	2	12460
21826	1	21825
22646	0	22093
16721	3	12632
14701	2	12455
12500	3	14327
22912	2	14446
12997	2	13399
15952	1	15960
21743	2	12407
20411	0	20381
15805	0	15769
16322	1	16336
16634	0	16633
20390	2	13491
23603	1	23645
16500	1	16519
23199	4	23181
20450	0	20382
12626	3	16375
12882	1	12897
12869	1	12885
20986	1	20987
23594	0	23578
16036	0	15969
12909	2	12944
15788	0	15769
17689	0	17496
20066	3	16249
18702	0	18620
12595	3	21055
20154	0	20139
14074	2	12366
20447	0	20398
16941	0	16930
23577	0	23578
14701	2	12589
17672	0	17496
21553	1	21644
20631	0	20607
13907	0	13908
20916	4	20867
20431	1	20475
13668	2	12861
20728	0	20668
20430	0	20398
12772	0	12548
17722	2	20271
12359	2	12427
17929	0	17872
20435	0	20393
16848	2	14785
22665	0	22645
16301	1	16300
16684	1	16688
22020	2	22087
12755	0	12548
21267	2	17126
16751	0	16721
21767	0	21768
13505	2	13659
19252	1	19451
22730	0	22643
23361	2	14232
16245	3	21673
14084	3	14085
20186	0	20141
17910	1	18190
16142	4	15873
16006	1	16118
23093	0	23090
12453	3	16522
12927	3	12936
20968	0	20865
20337	2	12597
17262	2	14235
18017	0	17872
13748	0	13737
23954	2	12580
20850	1	20859
13978	0	13908
12460	3	14357
23689	1	23698
13909	2	12856
20703	0	20668
21705	0	21693
14936	1	14935
16125	4	15873
18122	0	17872
12465	2	12464
22332	1	22333
15790	0	15765
21676	3	16375
15569	0	15555
18000	0	17872
22714	2	13654
12603	2	12588
20686	0	20668
20390	2	17492
18105	0	17872
16108	4	15873
20419	0	20379
13010	1	13218
19040	2	12858
22584	0	22636
16970	3	17019
21846	3	21069
20446	0	20399
18947	0	18925
15662	4	15555
23993	0	23954
20118	0	20114
20063	3	15944
18088	0	17872
17669	2	12416
14610	0	14455
12531	3	14357
14203	0	14186
12426	3	12616
18710	0	18618
16581	4	16551
17049	2	12630
16200	2	12587
14186	2	14235
17024	2	12496
18930	0	18925
18925	2	15943
22672	0	22636
18071	0	17872
12608	0	12671
18693	0	18618
20301	1	20322
22022	2	12409
14471	0	14455
23213	4	23211
15873	2	14230
22655	0	22636
19138	2	13659
12362	3	21673
12486	1	12492
23443	0	23437
16443	1	16458
17761	2	12586
20443	0	20391
22791	0	22093
21074	3	14080
22037	0	20134
20669	2	14785
14306	3	14355
13939	1	14015
19585	1	19798
17290	2	12858
23312	4	23313
20385	2	12854
22985	0	22959
18685	0	18618
15571	0	15551
12851	2	12852
20403	0	20338
21563	1	21653
20404	0	20399
20385	2	16237
20426	0	20391
22774	0	22093
23829	4	23685
20135	2	20270
23381	0	23362
20194	0	20139
18558	1	18591
12463	2	12415
15496	0	15461
16875	0	16848
13026	1	13230
22968	0	22959
18668	0	18618
20413	0	20385
13650	3	23576
20518	2	13491
22661	0	22093
23711	0	23685
21713	0	21691
16291	0	16200
21042	0	20865
21950	0	21938
23329	0	23325
20418	0	20391
20405	0	20379
14186	2	12625
15479	0	15461
17602	1	17651
12859	3	16375
15466	1	15506
16002	1	16111
13005	1	13410
13000	1	13209
23387	0	23364
22708	2	12630
13668	3	14322
14189	0	14186
23799	0	23685
16200	2	16238
17727	0	17723
17367	0	17358
13668	2	14097
16205	0	16187
20338	2	12596
13062	1	13418
18854	1	18914
20015	0	20008
12817	3	14315
14253	0	14123
22020	2	12585
13058	0	12996
20445	0	20387
19606	0	20011
14702	3	15945
17444	2	12836
23782	0	23685
19329	1	19526
16188	0	16187
18651	1	18741
23578	2	12624
22566	1	22613
12765	2	12588
22654	0	22648
13041	0	12996
12545	2	12496
23767	1	23766
23765	0	23685
22743	0	22719
12998	2	12497
13437	0	12998
18928	2	12482
22037	0	21691
15971	2	12846
20429	0	20397
20731	0	20663
21282	1	21391
16019	0	15969
17189	2	12480
14184	2	12822
19210	1	19408
21940	2	14701
15143	1	15144
21306	0	21269
20087	0	20069
15481	0	15457
22729	0	22636
20412	0	20397
17220	2	12472
22735	0	22719
21683	2	12592
16002	0	15969
21240	0	21230
14138	2	14181
23389	0	23360
22641	2	12455
16818	2	14097
20343	0	20384
20553	2	14496
20070	0	20069
15464	0	15457
24057	1	24063
22047	1	22088
12842	2	12850
12995	0	12994
12845	3	21673
19040	2	14094
21744	0	21745
13440	1	13466
21298	0	21269
22715	3	13402
16207	0	16183
15985	0	15969
22191	1	22295
20400	0	20392
17496	2	13491
15187	1	15322
12753	0	12671
20685	0	20661
16191	1	16260
21281	0	21269
23003	0	16922
12457	3	14069
15968	0	15969
21683	3	21057
21241	0	17423
13173	1	13359
20076	0	20071
12736	0	12671
20443	0	20338
20742	0	20669
17793	0	17781
14197	0	14184
13907	0	13668
17855	1	17865
13668	2	12621
20846	0	20844
22986	0	16922
20439	0	20518
15955	1	15963
16386	2	14699
12745	0	12671
20414	0	20384
12786	3	23585
14460	1	14474
13066	0	12994
16364	0	16321
23008	0	22959
20063	3	16375
20426	0	20338
20725	0	20669
17669	2	12847
20692	1	20770
23070	0	16402
21509	0	21485
23672	1	23677
12728	0	12671
20531	0	20338
15792	1	15822
23572	3	19022
20830	0	20669
17195	2	12421
13049	0	12994
14803	3	14885
14704	2	12817
20072	0	20035
16944	0	16933
23303	1	23302
12610	0	12605
23000	0	22959
22667	0	22641
12552	0	12545
16984	0	16965
16402	3	16522
12711	0	12671
20441	0	20380
14100	0	13668
17429	1	17437
17728	0	17722
23961	0	23685
20739	0	20661
19089	1	19097
17679	0	17669
13978	0	13668
20341	2	12527
13752	0	13667
22118	1	22222
15278	1	15373
12617	3	12616
22650	0	22641
14128	0	14126
12548	3	12828
20700	0	20669
14083	0	13668
20724	1	20799
20382	2	12940
19146	0	19059
18113	1	18392
21031	2	12626
20433	0	20380
13443	1	13469
13024	0	12994
17786	2	12905
17995	0	17781
19139	2	12407
15551	3	15582
15557	1	15562
16216	1	16258
23927	0	23685
20043	0	20030
22735	1	22757
16447	0	16433
23683	2	12592
20189	0	20144
22715	2	12455
20416	0	20380
15810	0	15768
20408	0	20390
12523	3	23576
21372	0	21269
17382	0	17358
16430	0	16433
17521	1	17559
23990	0	23955
20172	0	20144
12802	2	12425
19603	1	19814
21951	0	14701
14717	1	14754
20387	2	20266
15687	1	15686
22038	0	22019
21355	0	21269
17365	0	17358
12612	0	12601
21772	2	12819
13178	0	12996
21267	2	14121
16640	1	16658
16471	2	14448
20311	0	20278
21099	0	21079
16867	1	16894
21696	0	21691
13692	0	14360
23961	0	23953
21338	0	21269
13191	1	13377
16633	2	14106
13161	0	12996
16922	2	12852
14188	2	14228
17262	3	17282
20294	0	20278
21082	0	21079
20440	0	20392
12502	0	12504
19247	0	19178
16034	0	15969
23362	2	15930
16431	2	16465
13556	0	13512
15238	0	15178
21321	0	21269
14447	3	17186
12868	2	12588
22675	0	22639
15554	3	15609
14126	2	12460
16992	0	16963
20277	0	20278
17842	1	17848
17781	2	12589
23477	1	23532
13820	0	13817
19230	0	19178
19786	1	19952
20191	0	20140
16633	2	12362
14959	4	14704
14387	2	13776
22738	0	22724
21061	0	21067
13539	0	13512
15221	0	15178
23370	1	23400
22869	2	12618
16753	1	16782
22547	0	22535
16307	1	16306
22658	0	22639
18103	1	18383
20196	0	20135
17842	0	17781
15211	1	15332
20115	3	14080
22641	2	12536
17938	0	17781
14074	2	12423
16472	0	16431
19213	0	19178
19588	1	19801
19040	2	19063
13683	1	13719
17056	2	12587
15204	0	15178
20713	0	20662
15881	0	15875
13115	0	12994
22045	1	22077
15476	0	15462
22650	1	22679
17527	0	17500
16431	2	12627
15859	0	15850
17825	0	17781
20358	0	20349
22163	1	22268
13515	1	13583
15986	0	15875
23384	0	23365
14068	2	12905
18995	0	16848
15461	2	12409
14824	0	14704
20843	1	20853
20696	0	20662
13098	0	12994
15459	0	15462
22707	0	22641
17510	0	17500
15557	0	15554
16633	2	12496
23158	0	23139
14942	1	14941
19301	0	19178
21772	2	12498
13501	0	13500
17444	2	12596
16008	1	16109
23367	0	23365
13203	0	12994
20123	0	20113
14807	0	14704
20369	2	12923
20679	0	20662
13081	0	12994
20279	2	12615
17493	0	17500
19733	1	19988
21349	1	21457
23141	0	23139
15469	1	15509
23459	2	12846
20028	3	23060
12554	1	12570
19277	1	19474
21363	0	21267
17373	0	17356
14912	0	14704
13003	1	13212
15013	4	14704
17498	0	17495
13186	0	12994
22959	2	12480
20518	3	14495
20116	2	12501
20845	0	20669
16217	1	16257
13064	0	12994
21704	0	21689
14143	0	14136
17292	2	17286
23123	0	23108
21796	2	20266
20409	0	20389
18925	2	12483
20669	2	12480
13169	0	12994
14256	0	14126
14152	0	14136
23976	0	23685
20828	0	20669
20448	0	20390
21687	0	21689
15000	0	14704
19332	1	19529
17051	3	23429
19185	1	19384
23438	2	20028
16040	0	15875
14513	1	14518
20453	0	20385
22642	2	12821
13982	0	13908
20565	0	20550
20307	1	20328
17899	0	17872
14135	0	14136
23959	0	23685
14185	2	12589
12423	3	14069
20338	2	20545
14512	2	12618
12725	0	12548
22746	0	22722
14227	3	14069
18561	0	18452
23093	1	23102
20624	1	20639
20436	0	20385
23113	4	23108
13109	0	12997
13965	0	13908
21492	0	21485
14805	3	13664
23305	4	23307
12612	0	12548
21846	2	12364
12586	3	14344
21743	2	12627
12478	3	14349
18670	0	18622
21955	0	21937
20071	3	20107
15484	0	15460
22732	0	22639
14109	1	14115
13948	0	13908
14232	3	15942
17425	0	17422
16095	4	15873
20391	2	12812
20068	2	13707
18653	0	18622
12461	3	14349
20704	0	20660
17970	0	17872
14082	2	14093
15467	0	15460
12500	3	14331
12600	3	12616
20558	1	20576
16210	0	16186
13754	0	13735
20411	0	20385
22194	1	22298
20403	0	20395
13978	1	14054
18004	0	17781
16920	2	14232
18636	0	18622
17423	2	12838
19375	0	19178
12683	0	12548
17423	2	13777
23441	2	12858
16193	0	16186
12463	2	12472
17444	2	12409
12684	4	12671
23003	1	23053
16386	2	13654
17987	0	17781
24001	0	23683
22312	1	22313
20154	0	20143
19358	0	19178
14200	0	14187
16968	2	12480
20524	0	20519
15793	0	15768
17311	0	17310
17379	0	17420
14565	0	14547
20736	0	20662
23984	0	23683
17862	0	17786
17027	2	12580
20695	1	20773
22956	2	12534
18075	0	17781
19086	3	23083
17655	0	17500
20435	0	20397
14548	0	14547
18635	1	18725
15982	1	16059
23967	0	23683
12409	3	21801
17845	0	17786
15074	0	14704
15175	4	14704
17427	0	17418
18623	2	18622
17260	2	12858
21767	0	21772
22535	2	12906
22670	0	22644
16749	0	16633
18655	0	18618
23751	1	23750
16987	0	16968
20444	0	20383
18058	0	17781
23672	0	23669
20040	0	20031
20186	0	20145
22735	0	22642
12842	2	12423
15769	2	12478
21041	1	21052
12421	3	17187
20588	0	20590
22653	0	22644
16732	0	16633
17143	0	17129
21304	0	21269
15461	2	12490
15162	0	14704
22162	0	22093
20967	0	20966
15988	1	16061
23827	1	23826
20626	2	12861
15040	0	14704
19682	0	19178
17521	0	17444
12604	2	12623
23306	4	23181
20669	2	12427
13446	1	13472
13739	2	13777
15711	4	15622
22929	1	22949
12865	2	12455
12603	2	12592
13668	2	14288
20747	0	20668
22035	0	22020
13513	0	13505
15554	3	15585
22738	1	22760
15635	1	15634
20551	2	12597
22145	0	22093
17916	1	18196
16724	0	16633
12596	3	14353
22974	0	22957
16218	0	16184
20308	0	20279
21096	0	21080
20419	0	20383
19665	0	19178
20691	0	20667
17504	0	17444
23289	4	23181
20391	2	12625
20073	1	20110
20670	2	13777
20730	0	20668
15032	0	14704
23621	0	23669
12774	0	12548
15187	0	15178
15128	0	14704
19770	0	19178
20349	2	12659
20008	2	12587
20291	0	20279
17669	3	17718
17675	1	17698
20674	0	20667
17285	2	12527
15770	1	15774
18710	0	18622
14720	1	14757
12548	2	12796
16438	0	16431
12409	3	17158
20171	0	20135
17310	2	12846
23361	2	12626
12597	3	17187
17368	1	17407
15801	0	15766
12757	0	12548
21184	0	21080
15706	4	15555
22412	1	22505
19753	0	19178
22672	0	22640
12949	1	12972
24057	0	24053
18693	0	18622
17262	2	12629
15977	1	16093
17057	1	17074
17684	0	17668
13142	1	13424
14471	0	14459
12457	3	20542
21167	0	21080
15588	0	15555
16487	1	16506
19736	0	19178
23259	0	23181
19040	2	12407
23443	0	23441
20525	0	20393
22655	0	22640
16972	0	16964
20259	0	20135
20443	0	20395
20280	2	12622
21346	0	21267
19591	0	20007
14306	3	14359
13567	0	13505
20009	2	15782
13185	1	13370
23132	0	23108
12928	0	12927
12941	3	17182
21150	0	21080
15571	0	15555
12851	2	12856
20403	0	20342
17734	1	17747
21229	2	12475
20426	0	20395
12842	3	12862
21329	0	21267
20135	2	20274
19789	1	19955
17588	3	14882
12550	0	12545
20194	0	20143
19620	1	19964
16386	2	12662
17786	2	12478
20393	3	20542
23459	2	14700
15456	0	15463
20413	0	20389
21174	0	21143
22639	3	17815
20199	0	20138
15214	1	15335
14448	3	15942
22102	1	22206
14123	2	12945
22029	0	22023
13022	1	13414
21312	0	21267
23782	1	23780
12825	2	12835
23995	0	23954
20120	0	20114
22636	2	14448
17610	0	17588
15659	0	15555
20399	2	13778
14549	1	14592
13118	0	12997
13009	0	12998
14612	0	14455
22653	1	22682
16848	2	12858
13668	2	12812
19050	3	21673
20182	0	20138
20865	2	12855
17906	1	18187
21772	2	14486
19239	1	19438
19040	2	13830
14308	3	14346
22959	2	12590
14138	3	13768
13101	0	12997
22810	0	22093
13668	3	14326
13925	0	23459
22026	0	22018
22724	2	14448
19648	1	19970
12817	3	14319
14563	1	14584
18805	1	18865
12599	2	12585
20682	0	20665
22710	3	17815
22793	0	22093
12586	3	14320
13982	0	13668
16189	1	16268
14127	1	14131
20661	2	13775
12645	1	12654
19063	2	13656
17032	2	12498
21067	2	12906
23578	2	12628
13189	0	12997
14075	2	12626
22776	0	22093
13492	0	13498
13965	0	13668
17290	2	12541
20008	2	15783
22743	0	22723
12597	3	23416
23348	0	23325
12370	0	12359
22185	0	22093
17893	0	18434
12629	3	17278
20731	0	20667
12766	1	12778
16981	0	16966
15194	0	14704
17266	0	17262
13948	0	13668
15290	0	14704
12585	3	23061
20923	2	12833
18667	0	18623
21952	0	21938
20718	0	20661
16747	0	16633
12601	3	12632
20568	0	20553
20297	1	20319
14369	0	14360
13817	2	12364
22395	0	22093
15177	0	14704
22054	0	22021
21683	2	12596
21240	0	21234
20447	0	20378
17585	2	12836
17536	0	17444
20343	0	20388
14230	3	14072
18650	0	18623
20701	0	20661
15464	0	15461
12995	0	12998
23283	1	23282
20519	2	12625
17070	0	17027
23305	4	23201
22378	0	22093
15160	0	14704
13822	1	13827
20430	0	20378
18633	0	18623
23299	0	23181
14299	0	14295
20685	0	20665
14112	1	14118
16495	0	16386
20062	3	21670
15265	0	14704
16733	0	16721
23377	0	23359
18711	1	18801
13734	0	13736
15298	0	15178
14406	0	14387
12759	1	12758
21143	2	12500
12534	3	23061
20384	2	20473
19109	0	19060
20443	0	20342
22021	2	12457
15248	0	14704
16492	0	16402
17036	0	17027
21149	1	21191
13668	2	12625
15816	0	15766
18142	1	18422
20561	1	20579
20414	0	20388
22955	3	14357
16633	2	13708
14389	0	14387
17526	0	17496
22405	1	22499
19060	2	12822
21342	1	21451
13066	0	12998
20341	2	15780
15475	1	15515
14803	2	12409
17141	0	17027
20426	0	20342
17033	0	17032
23690	0	23682
23774	4	23685
15936	0	21689
23903	1	23902
17509	0	17496
16470	0	16386
12467	0	12463
13049	0	12998
12645	0	12646
16201	0	16184
12423	3	19119
14140	2	14181
22667	0	22645
15873	2	13726
16984	0	16969
20441	0	20384
20035	2	13776
12944	3	17187
20037	0	20032
20739	0	20665
18841	1	18901
15178	2	12591
16922	2	12588
14802	2	12482
21795	2	12587
22650	0	22645
16551	2	13491
14155	1	14177
13562	0	13510
23293	4	23306
16010	0	15971
20433	0	20384
13510	2	13394
21060	2	14079
19745	0	19178
13024	0	12998
20338	2	15930
18658	0	18621
21693	2	12480
23325	2	15931
15551	3	15586
12471	3	13768
20336	1	20339
22744	0	22722
23683	2	12596
16970	2	12586
13545	0	13510
13908	2	13653
13844	0	13841
21080	2	21142
20416	0	20384
20083	0	20066
23670	2	14304
16327	1	16339
23480	1	23535
20408	0	20394
16366	0	16321
19211	1	19411
23618	0	23670
16287	1	16286
17360	0	17356
14306	3	14335
18707	0	18623
21689	3	14359
16435	0	16432
14698	2	12623
22038	0	22023
15875	2	14446
20404	0	20379
20529	0	20518
12612	0	12605
17316	0	17309
20396	0	20389
13539	1	13607
18812	0	18623
14198	0	13668
17681	0	17669
23978	0	23954
22540	0	22093
16402	2	12597
15975	0	15873
22178	1	22282
13743	1	13760
20384	2	17253
19064	2	12455
14188	2	14232
12600	2	12852
20677	0	20670
16966	2	13839
14723	1	14760
16181	4	15873
16431	2	16469
17982	1	18263
18950	0	18929
18452	2	12453
12507	0	12503
22675	0	22643
20909	4	20865
23004	0	22956
20389	2	13491
12455	3	14313
17053	2	16081
20721	0	20666
19280	1	19477
20045	0	20030
23929	0	23685
22410	0	22093
17419	2	12500
18933	0	18929
22406	1	22498
23362	3	13661
14561	0	14455
22658	0	22643
20196	0	20139
20679	1	20757
19137	2	12362
14802	3	14799
14074	2	12427
16046	0	15873
20667	2	14238
22023	2	12482
22996	0	22956
14656	2	12417
22663	0	22638
20896	0	20865
14067	2	12498
20713	0	20666
19356	1	19553
23091	2	12597
22802	1	22850
12595	3	19022
16403	2	12906
20372	0	20369
21034	1	21046
20018	0	19178
20371	0	20338
22979	0	22956
21101	0	21079
22959	3	12925
22956	2	12591
20696	0	20666
22742	0	22093
20177	1	20232
21698	0	21691
16807	1	16810
15766	2	14490
16386	2	12906
22105	1	22209
19040	2	14879
21358	1	21471
15265	1	15360
14489	2	12456
13667	2	12460
17663	2	12661
12418	3	21673
18676	0	18620
13203	0	12998
15490	0	15458
22720	2	16081
22962	0	22956
21084	0	21079
20679	0	20666
22656	1	22685
23372	0	23364
20185	0	20141
23432	3	23429
23459	2	12850
16922	2	12535
15766	2	15779
15463	3	14543
15806	0	15765
19137	2	12846
20684	0	20661
21228	0	21229
15769	2	12535
17240	0	17231
19242	1	19441
13186	0	12998
15473	0	15458
17524	0	17496
14656	2	12901
17957	0	17781
19665	1	19861
21704	0	21693
23986	0	23952
17031	0	17032
20111	0	20112
14143	0	14140
12842	2	12830
20663	2	12458
20409	0	20393
22713	2	13654
13169	0	12998
12637	4	12671
20448	0	20394
17940	0	17781
14926	1	14925
21687	0	21693
20389	2	17492
18545	4	18502
17170	0	17166
20453	0	20389
16969	3	17019
16433	2	12627
17262	2	13491
20160	0	20141
20120	1	20128
12427	3	17276
22396	1	22489
20338	3	14358
13788	1	13806
12527	3	17281
22746	0	22726
16029	1	16130
17585	2	12946
14304	3	23414
20436	0	20389
12588	3	15945
14068	2	12588
17687	1	17709
21692	2	12500
12478	3	14353
14247	0	13668
22732	0	22643
23473	1	23529
16931	2	12460
22742	0	22711
15851	4	15850
14372	0	14363
23740	4	23685
16432	2	14599
18659	1	18749
12707	1	12706
12461	3	14353
12970	0	12950
19127	2	12457
21068	2	21060
17790	0	17786
21706	0	21689
20629	0	20625
16489	0	16403
20923	3	14591
23723	4	23685
12500	3	14335
13754	0	13739
20411	0	20389
20078	0	20071
18090	1	18370
15179	1	15436
20171	0	16354
20403	0	20399
13929	1	14005
23687	0	23683
13511	1	13580
23380	0	23362
18935	1	18957
20397	2	13778
23951	1	24004
23706	4	23685
13007	0	12998
16185	0	16200
23072	0	16402
12908	2	12921
22660	0	22093
18548	1	18581
20945	0	20865
20113	3	20130
12626	3	21055
14205	0	14186
20074	0	20035
17861	0	17786
17383	1	17415
23350	1	23356
23608	0	23578
20928	0	20865
12545	2	12423
14123	2	14291
15237	1	15424
20278	2	14599
15869	0	15848
18928	2	12409
14076	1	14078
13667	2	12407
16204	0	16187
20010	2	13704
16187	2	12500
15714	1	15713
19114	0	15892
22670	0	22648
13097	1	13291
20444	0	20387
17690	1	17712
23362	3	22952
20040	0	20035
12710	4	12600
19600	1	19810
18844	1	18904
22661	0	22638
22653	0	22648
22884	0	22869
21565	0	21485
20392	2	12906
23362	2	12527
12851	2	12592
16200	2	12461
21548	0	21485
12676	4	12600
20419	0	20387
22535	2	12455
20086	0	20069
22556	0	22536
20424	0	20382
21239	0	21230
23578	2	12819
12855	3	15945
21769	2	16557
13745	0	13737
22539	0	22536
22725	0	22709
14068	2	12535
23305	4	23258
16206	0	16183
18077	1	18356
20407	0	20382
20008	2	12941
21039	0	21031
14140	2	12815
17221	0	17220
13542	1	13610
15768	2	14783
22535	2	12589
16189	0	16183
22181	1	22285
17540	0	17444
22354	1	22446
18698	0	18621
12740	4	12671
23439	2	16905
16972	0	16968
20555	0	20553
12591	3	21056
20150	0	20140
20443	0	20399
19591	0	20011
16937	0	16931
14726	1	14763
23448	0	23440
17985	1	18266
17523	0	17444
17284	3	13768
15496	1	15536
15873	3	15944
20426	0	20399
22959	2	12460
15147	0	14704
12998	3	13401
13152	0	12998
16390	1	16398
17663	2	12421
22669	0	22636
17506	0	17444
20431	0	20394
17923	0	17781
12503	2	12455
23860	4	23685
22051	0	20134
20682	1	20760
15002	1	15001
20344	0	20380
13135	0	12998
23098	3	13405
16354	2	13707
15550	1	15560
17906	0	17781
16440	0	16431
22737	0	22716
24000	0	23953
16008	0	15971
22034	0	20134
23089	0	23091
21037	1	21049
21676	3	21673
18656	0	18621
22714	2	12536
17781	2	18448
13974	0	13909
14308	3	14350
17889	0	17781
20180	1	20235
22043	0	22019
23983	0	23953
23725	0	23685
14612	1	14630
22093	2	22724
14896	1	14895
20610	1	20614
13491	3	14349
22529	0	22527
21169	0	21080
17898	0	17781
12817	3	14323
13735	2	13774
13957	0	13909
20682	0	20669
23931	4	23685
12586	3	14324
21348	0	21267
20545	3	15945
17663	2	12905
17912	1	18193
16905	3	23429
23615	0	19060
12600	2	12425
18996	0	18991
13089	0	12996
19245	1	19444
17794	1	17807
20340	0	20341
14648	1	14647
20527	0	20518
23813	0	23685
23914	4	23685
13492	0	13502
21331	0	21267
16970	2	16965
23989	0	23955
15243	0	15178
13154	0	12994
23685	3	14080
17532	0	17494
23598	0	19060
20342	2	15930
14196	0	13668
13072	0	12996
21848	2	14485
22015	2	16839
21314	0	21267
12611	0	12601
12480	3	23415
22668	0	22637
13177	0	12996
20006	2	20028
17515	0	17494
13055	0	12996
14123	2	12628
16526	3	16546
12658	3	17182
20067	3	17018
16050	0	15969
20123	1	20131
15731	4	15688
13578	1	13646
22054	0	22025
22399	1	22492
20398	2	12855
15892	2	12591
22651	0	22637
13160	0	12996
20447	0	20382
14499	0	14498
20439	0	20392
22713	3	22767
18016	1	18296
16033	0	15969
19128	2	12628
23234	1	23233
13782	1	13799
14360	2	12501
14975	4	14704
20591	0	20589
17356	3	13508
14446	3	17186
20381	2	12855
13668	2	12845
15567	0	15552
17420	2	12460
15852	0	15848
13143	0	12996
20430	0	20382
20422	0	20392
12860	2	12659
13728	2	13730
22745	0	22714
17972	1	18249
17049	2	12935
22957	2	15928
16016	0	15969
22535	2	12536
18638	0	18622
19143	0	19040
13668	3	14359
18662	1	18752
16871	0	16849
14735	0	14704
17789	3	13400
16905	3	17281
23151	0	23137
12859	3	21673
20114	3	14080
17292	2	12541
15309	0	14704
17793	0	17789
22728	0	22714
20035	2	20062
14840	0	14704
14941	4	14704
12407	3	13768
14084	3	14069
15178	2	12461
20414	0	20392
18495	0	18452
16854	0	16849
20672	0	20660
17526	0	17500
23669	2	12474
14718	0	14704
20401	0	20380
16922	2	12458
21032	2	13491
21293	1	21402
22023	3	14080
14361	2	12460
20280	2	20278
15292	0	14704
12460	3	14341
19235	1	19435
23383	0	23365
16354	2	12365
15234	1	15425
14823	0	14704
15936	0	21693
20918	4	20871
14067	3	14069
17509	0	17500
19343	0	19178
20165	0	20140
21230	3	20962
20402	0	20387
17444	2	12657
20170	0	20135
14806	0	14704
13054	0	12997
20678	0	20662
20441	0	20388
16592	1	16591
20739	0	20669
21853	0	21848
23570	2	12455
20141	2	12902
14448	3	17182
15721	4	15649
16922	2	12592
20446	0	20383
19137	2	12903
12600	2	12588
20153	0	20135
13037	0	12997
20338	2	20472
22959	2	12541
22158	1	22262
13781	1	13800
22739	0	22720
12641	4	12548
12611	1	12639
16806	2	16812
14894	0	14704
18043	0	17781
17110	1	17119
13020	0	12997
18539	4	18476
22744	0	22726
21165	1	21207
13844	0	13845
13029	0	12997
18975	3	17161
15695	1	15694
15477	0	15458
18026	0	17781
20564	0	20550
20627	3	12632
14805	3	14880
22430	1	22522
20408	0	20398
20048	0	20033
12967	1	12989
15555	2	12855
20519	3	14357
21677	3	15944
16220	0	16184
21840	0	21772
13749	0	13667
12729	4	12548
16402	2	12817
17173	1	17183
18131	0	17781
17669	3	14449
13012	0	12997
18646	0	18620
14306	3	14339
14232	3	17158
17881	0	17872
13680	1	13700
20030	2	13838
15130	0	14704
12408	3	23082
12851	2	12836
12432	2	12407
16203	0	16184
20404	0	20383
12611	0	12548
22652	0	22636
12908	2	12494
18052	1	18332
20396	0	20393
14235	3	15762
18114	0	17781
18629	0	18620
20842	2	12483
14902	0	15178
17614	1	17640
14700	3	15942
20609	1	20613
21682	0	21683
19114	1	19124
24053	2	12931
22022	2	12527
13018	1	13224
22635	0	22636
16966	2	12904
17201	1	17210
16403	2	12426
21683	2	15930
20746	0	20660
18097	0	17781
17686	0	17668
20063	3	21673
12600	2	12856
20664	0	20662
14193	0	14185
15096	0	14704
12460	3	17187
16209	0	16186
17072	0	17056
14385	0	14384
21813	4	21772
14678	1	14689
17455	0	17444
12911	1	12916
22675	0	22647
13668	2	13731
20011	2	15782
20721	0	20670
22956	2	12461
22671	1	22699
21229	2	12589
14802	3	12925
21777	0	21770
15103	4	14704
17924	1	18204
17418	2	12473
17055	0	17056
22658	0	22647
20196	0	20143
17195	2	12592
20607	2	20655
19000	1	19012
21177	1	21220
21361	1	21480
22959	2	14448
22535	2	22632
14950	1	14949
22663	0	22642
13090	1	13285
16980	0	16966
13982	1	14058
20451	0	20397
17356	2	12425
17724	0	17723
14497	0	14498
22302	1	22303
20735	0	20662
22559	0	22093
13748	0	13668
15463	2	12498
20669	2	14448
16366	0	16354
21269	2	12597
16432	2	16079
22646	0	22642
15877	1	15884
20144	2	14702
16919	0	16922
20685	1	20763
22542	0	22093
16354	2	12662
16017	0	15875
20429	0	20381
21244	0	21229
23315	0	23181
23687	1	23695
20386	2	17253
17328	1	17326
19593	0	19178
12856	3	21056
23217	4	23181
20666	2	12595
12595	3	17282
22544	0	22535
20193	0	20135
16963	2	12474
20039	0	20031
14739	1	14776
14960	0	14704
20185	0	20145
16178	0	15873
15061	4	14704
16000	0	15875
22967	0	22955
15627	0	15555
20412	0	20381
15806	0	15769
20902	1	20901
20684	0	20665
16635	0	16633
21940	2	12591
21797	0	21794
17765	2	12906
23227	4	23228
22093	2	12819
14184	2	14095
13819	0	13668
12661	3	14072
17032	3	17159
20111	0	20116
15983	0	15875
21485	2	12458
17529	0	17495
23467	1	23522
20442	0	20342
19681	0	19178
20409	0	20397
23305	4	23181
13069	0	12997
18703	0	18620
13925	0	13908
13841	2	12407
20693	0	20662
15669	1	15671
13831	3	16522
23183	4	23181
17312	0	17306
12455	3	14346
14926	0	14704
13174	0	12997
18035	1	18313
21847	1	21873
17512	0	17495
21095	0	21080
13436	1	13462
19664	0	19178
20453	0	20393
13052	0	12997
17797	1	17810
20160	0	20145
20669	2	13777
15625	1	15624
22728	1	22750
14185	2	12597
19109	0	19040
21863	0	21772
13157	0	12997
15064	0	15178
20290	0	20279
21078	0	21080
17668	3	17718
16403	2	12589
20436	0	20393
21278	0	21269
17285	2	12588
12548	2	12857
14232	3	14072
15681	0	15555
20738	0	20665
13140	0	12997
16988	0	16964
20148	0	20140
12656	3	17163
14710	1	14747
16386	2	12589
22380	0	22093
24056	0	24053
20518	2	12483
22742	0	22715
17969	1	18250
20187	0	20141
15782	3	13768
19747	1	19916
22402	1	22495
20165	0	20116
17617	0	17444
17295	2	12410
15688	4	15555
16980	1	17004
20524	0	20393
23442	0	23441
13123	0	12997
19267	1	19464
13979	0	13908
12461	3	14357
23365	3	23416
15894	3	14080
22363	0	22093
16126	4	15873
20709	0	20663
22093	2	12498
22527	2	12461
15472	0	15463
17290	2	12923
17600	0	17444
21711	0	21688
17520	1	17584
20354	0	20350
12525	3	14069
22346	0	22093
14533	0	14523
15892	3	14349
14064	2	12906
12597	3	14349
18106	0	17872
14235	3	21670
20692	0	20663
18665	1	18755
20338	2	12527
20047	1	20059
21694	0	21688
19060	3	14450
23365	2	12587
15261	1	15357
20119	0	20114
13203	1	13390
12580	3	14349
22130	0	22093
19002	0	18991
18089	0	17872
20141	2	12662
20675	0	20663
15951	3	14799
20279	2	12786
18616	2	12501
23381	0	21683
13194	1	13380
15646	4	15555
12545	2	12427
17592	0	17588
20075	0	20067
15543	0	15463
20009	2	12944
22113	0	22093
14802	2	12596
21523	1	21614
14070	3	14072
17288	2	13904
12622	3	15762
13876	0	13668
15807	0	15768
14139	0	14137
12804	3	13486
14704	3	14799
19229	1	19428
20134	2	12858
12590	3	23061
20168	0	20116
23007	0	22955
20452	0	20381
16974	0	16964
20444	0	20391
22964	0	16922
13454	1	13480
18514	4	18452
12386	0	12359
23374	1	23420
20151	0	20116
21980	0	21940
20561	0	20551
16187	2	16237
13868	0	13668
19066	0	19062
13571	1	13640
22161	1	22265
20067	2	13491
12544	2	12500
13668	2	12418
12609	0	12601
20256	0	20116
23089	1	23103
23347	0	23325
15613	0	15611
12369	0	12359
12431	1	12443
16876	0	16848
13105	0	12998
20432	0	20386
23098	3	14885
13961	0	13909
23181	2	12410
17188	1	17191
20143	2	12628
15978	0	15971
13668	2	13707
19713	0	19178
21043	0	20865
18434	2	14106
23330	0	23325
23441	2	15928
18439	1	18444
20415	0	20386
20369	2	12423
20342	3	14495
23218	1	23217
21230	2	14699
22925	0	22912
22779	0	22771
12970	1	12992
17262	2	12853
20424	0	20386
21239	0	21234
17421	0	17423
20280	2	12496
15591	1	15595
14839	0	14802
16963	2	12905
19696	0	19178
19062	2	19072
16633	2	16668
15026	1	15025
23436	2	23432
20392	2	12455
16206	0	16187
21672	3	15762
20407	0	20386
13750	0	13736
19679	0	19178
23364	3	22952
13668	2	13841
23783	0	23685
23376	0	23359
17239	1	17250
19784	0	19178
16189	0	16187
13919	0	13909
17502	0	17494
20355	0	20349
13042	0	12996
19108	0	19060
24053	3	13400
20150	0	20144
23362	2	14304
18701	1	18791
15789	0	15769
14502	1	14505
12562	0	12544
23441	3	23430
19767	0	19178
14681	1	14692
20732	0	20663
18434	2	12496
20142	0	20138
21074	2	12527
21900	1	21917
12998	3	13405
17927	1	18207
23578	2	13657
13130	0	12996
19156	0	19058
20431	0	20398
23485	1	23538
21229	2	12833
16933	2	12623
21846	3	13405
16003	0	15969
16920	3	14358
20450	1	20512
18851	0	18623
22642	2	12455
12603	2	12629
20370	2	16680
20344	0	20384
14123	2	12364
16983	0	16969
12581	3	13768
20036	0	20032
22737	0	22720
22645	3	12594
15701	1	15700
15873	3	16082
23445	0	23436
18834	0	18623
13874	0	13908
22649	0	22645
22379	1	22472
14308	3	14354
23094	0	23090
14241	3	14069
22043	0	22023
13110	1	13422
23359	2	12585
23004	0	16922
13491	3	14353
12480	3	13486
18817	0	18623
21242	0	17423
13735	2	13778
15308	1	15399
12908	2	12417
21692	2	12480
12597	3	14780
12813	3	17187
12586	3	14328
16718	0	16721
12585	3	13486
19057	2	12474
20304	0	20280
23669	2	14304
17607	0	17588
23441	3	17282
20687	0	20668
17879	0	17872
17460	0	17443
13685	0	14362
23971	0	23952
13668	2	12365
16030	1	16147
16109	4	15873
12609	0	12548
23617	0	23670
12748	1	12749
16970	2	16969
12461	3	14333
21495	1	21587
17984	0	17872
13154	0	12998
12512	0	12503
12996	2	12417
12500	3	14315
14704	3	14880
20370	2	12626
16434	0	16432
23857	0	23685
15991	0	15873
18943	0	18927
16092	4	15873
16277	1	16276
14525	0	14523
18073	1	18353
12611	0	12605
21181	0	21142
16684	0	16721
17967	0	17872
22668	0	22641
22093	3	17021
21850	1	21876
21679	3	14349
12410	3	14357
14101	0	13668
22664	1	22693
12697	0	12548
17800	1	17813
21988	1	22000
13979	0	13668
22731	1	22753
18926	0	18927
20392	2	14496
22350	1	22443
22536	2	12817
12384	0	12359
17950	0	17872
20447	0	20386
18575	1	18608
22651	0	22641
14472	0	14455
21859	0	21846
23590	0	23578
13668	2	12849
14802	3	12632
17306	2	17324
20430	0	20386
20569	1	20587
12418	3	17278
22794	0	22771
20386	2	12854
22745	0	22718
23683	3	23700
12359	2	12415
20435	0	20381
16633	2	12427
13668	2	14138
16983	1	17007
23098	2	12812
20195	0	20139
20865	3	14591
22728	0	22718
20035	2	20066
18669	0	18618
20089	0	20068
17505	1	17580
19040	2	19128
16743	1	16776
21820	1	21819
20637	0	20627
20178	0	20139
21795	2	12461
21772	3	14882
23391	0	23359
20338	2	20342
12366	3	19119
20017	0	19178
16431	2	16075
21672	3	21670
18652	0	18618
12460	3	14345
19178	2	13775
21100	0	21079
17027	2	16081
17740	0	17725
16176	0	15873
20161	0	20139
12587	3	23415
16731	1	16771
20402	0	20391
18635	0	18618
20170	0	20139
23985	1	24033
17140	0	17129
20678	0	20666
12845	3	17042
23593	0	23578
21485	3	14080
13197	1	13383
20446	0	20387
12600	2	12592
16184	2	16238
20153	0	20139
20744	0	20668
21526	1	21617
13821	0	13817
20842	2	14447
22959	2	15928
20384	2	12455
22739	0	22724
17671	0	17496
23266	4	23267
20442	0	20399
18678	1	18768
21981	2	14781
20727	0	20668
17668	2	12501
22114	1	22219
20116	2	20271
18109	1	18389
14805	3	14884
19062	2	12416
20710	0	20668
14365	0	14361
19144	1	19161
14647	4	14640
14836	0	14803
16986	0	16964
17530	1	17578
23360	2	14232
18129	0	17872
22021	2	12494
20443	0	20379
16402	3	16429
14306	3	14343
22641	2	12630
20697	0	20662
12963	0	12948
23390	0	23360
14141	0	13668
20066	2	13704
14930	0	14704
13747	0	13737
20404	0	20387
15686	4	15555
22652	0	22640
12768	0	12765
13707	3	14353
14819	0	14803
20426	0	20379
20396	0	20397
14782	3	14780
18003	1	18283
18517	1	18516
17305	2	12538
12647	2	12663
23373	0	23360
18621	2	12500
17781	2	12817
12601	2	12527
22635	0	22640
16633	2	12590
20080	0	20066
17312	1	17318
21032	3	12594
20352	0	20350
15892	2	15925
12749	4	12600
19139	3	19140
20664	0	20666
12412	3	23585
16488	0	16403
20418	0	20379
18649	1	18739
20037	0	20069
15873	2	14702
14257	0	14126
13843	2	12460
17264	0	17259
18623	2	14231
23686	0	23683
23721	1	23720
21683	3	13661
12359	2	12362
23009	0	22959
13668	3	14310
20427	0	20338
15907	0	15894
12720	0	12671
12482	3	17162
20566	0	20550
23361	3	16082
12614	0	12600
22025	2	22017
23598	1	23638
12607	0	12671
21016	1	21017
19040	2	12659
22992	0	22959
16980	0	16970
20410	0	20338
12905	3	13768
12719	0	12600
13874	0	13668
20735	0	20666
21493	0	21485
20032	2	13838
17032	2	12482
12407	3	14069
12712	0	12671
21068	3	21076
22654	0	22636
20927	0	20865
20740	0	20661
22790	0	22093
14528	1	14540
20342	2	12527
20401	1	20502
18935	0	18927
23262	4	23260
20402	0	20338
16386	3	16522
12695	0	12671
14680	0	14455
12801	2	12799
22145	1	22249
14956	1	14955
14184	2	12810
22773	0	22093
13962	0	13668
20116	2	17051
20193	0	20139
17725	2	13838
13688	1	13702
20039	0	20035
12685	0	12600
22740	0	22723
12601	3	12616
12589	3	14355
22967	0	22959
20079	0	20067
13649	3	23576
22660	0	22638
20684	0	20669
14663	0	14455
22715	2	12630
20135	2	12366
13561	1	13629
13945	0	13668
20349	2	12590
13510	2	12410
15811	0	15768
20391	2	12906
21041	0	20865
22725	0	22636
13008	0	12994
12584	3	12616
20293	1	20315
13738	0	13735
17496	2	12540
15311	1	15402
23991	0	23955
20400	0	20380
16969	2	12480
15794	0	15768
16386	2	16431
14717	0	14704
21952	0	14701
18647	0	18623
17312	0	17310
12455	3	14350
20698	0	20661
14571	1	14590
20453	0	20397
20369	2	12480
15932	1	15949
21273	0	21267
22813	1	22861
23974	0	23955
13685	0	13667
15897	1	15912
18630	0	18623
20069	3	17018
20681	0	20661
14184	2	14233
20436	0	20397
16188	1	16264
21339	0	21269
23374	0	23359
18694	1	18785
14067	2	12535
23957	0	23955
14489	2	14237
20738	0	20669
20148	0	20144
16988	0	16968
12774	1	12784
15898	0	15892
17786	2	12409
21322	0	21269
23788	4	23685
20383	2	12855
20041	0	20031
22667	1	22696
22742	0	22719
17422	2	12460
15555	3	15609
14185	2	14240
22025	2	18447
18927	2	12482
15058	0	14704
17195	2	12409
15972	1	16085
20338	2	15780
20978	4	20982
23869	0	23685
17264	1	17273
21305	0	21269
21485	2	14235
20454	0	20380
20455	0	20384
13128	0	12996
13086	1	13282
20709	0	20667
19040	2	12822
19214	0	19178
21711	0	21692
22053	0	22017
20634	0	20628
22093	2	22301
23876	4	23685
16001	0	15969
21550	0	21485
20368	0	20370
23754	4	23685
15892	3	14353
22146	0	22093
12997	3	13401
13969	1	14045
12597	3	14353
22975	0	22957
21097	0	21080
20692	0	20667
22025	3	14080
23952	2	12597
23293	4	23290
21694	0	21692
19197	0	19178
22036	0	22017
23385	0	23365
14184	2	12623
17764	1	17773
12759	0	12600
18616	2	14599
14384	2	12812
21533	0	21485
17027	2	17130
15188	0	15178
13668	2	14382
22958	0	22957
17027	2	14097
20675	0	20667
16523	3	23585
19180	0	19178
23999	0	23953
16848	2	12923
23842	4	23685
23368	0	23365
12742	0	12600
20408	0	20378
14909	4	14704
17786	3	17817
20680	0	20662
13082	0	12994
20075	0	20071
22713	2	12536
12735	0	12671
19285	0	19178
17792	0	17781
17374	0	17356
24058	0	24053
23982	0	23953
14547	2	12471
21683	3	22952
13065	0	12994
23007	0	22959
21485	2	12625
23988	1	24036
19268	0	19178
20444	0	20395
17357	0	17356
14896	0	14704
23297	1	23296
15259	0	15178
13170	0	12994
23449	0	23436
20829	0	20669
14283	0	14123
24067	1	24069
20278	2	12863
13048	0	12994
21683	2	12527
16187	2	16241
22718	3	22767
20526	0	20518
21940	2	15925
20139	2	12483
17673	1	17720
12609	0	12605
12600	2	12836
13153	0	12994
20440	0	20380
12660	3	12828
20432	0	20390
18681	1	18771
13031	0	12994
17678	0	17669
20519	2	12906
23797	1	23796
13668	2	13711
13143	1	13333
17611	0	17588
20549	0	20550
17690	0	17444
13136	0	12994
23943	0	23685
20415	0	20390
23156	0	23137
22738	0	22712
16944	1	16959
13734	0	13667
20183	0	20138
21846	3	14080
20424	0	20390
21915	1	21931
17594	0	17588
16633	2	16672
19062	2	12660
23361	3	23413
20042	0	20030
19040	2	19051
22389	1	22482
20069	2	13707
20407	0	20390
13668	2	12906
17027	2	12621
18006	1	18286
19271	0	19178
13668	2	13845
17025	1	17030
16818	2	12422
18511	0	18452
20386	2	20266
17315	1	17321
13059	1	13407
16194	0	16186
20144	2	12588
12562	0	12548
14363	2	12455
20035	2	13707
20671	0	20660
12365	3	14069
19359	0	19178
23997	0	23685
13572	0	13512
17763	2	12455
19137	2	12830
17267	0	17262
20338	2	20399
20293	0	20278
20737	0	20662
23359	2	12455
19342	0	19178
14370	0	14360
13555	0	13512
15803	0	15765
19225	1	19425
22674	0	22639
17656	0	17500
16991	0	16963
14455	2	12625
16183	2	12501
20140	2	18968
20448	0	20378
20720	0	20662
20415	1	20479
17954	0	17781
23968	0	23683
15866	0	15850
23249	4	23190
19325	0	19178
22020	2	12817
13133	1	13324
17295	2	12845
20398	2	12595
20660	2	12458
22737	0	22724
13538	0	13512
19040	2	12903
16405	0	16402
22657	0	22639
19002	0	16848
23445	0	23440
15589	2	15596
16850	2	16920
16529	1	16537
17937	0	17781
23951	0	23683
15776	3	16375
13941	1	14018
22746	0	22710
16734	0	16721
16834	2	12423
23378	0	23359
21269	2	12845
20381	2	12595
13521	0	13512
17669	2	12461
17220	2	14448
18042	0	17781
22148	1	22252
20357	0	20349
22048	0	22022
12908	2	12421
12599	2	12597
21067	3	21064
12586	3	14332
20553	2	12500
16851	1	16881
16493	0	16402
21981	2	15777
18556	1	18589
14407	0	14384
21835	4	21772
18435	1	18441
18025	0	17781
21043	0	21032
20980	1	20977
15894	2	15929
22031	0	22022
17194	0	17189
21715	1	21740
21074	2	14304
23691	0	23682
15024	0	14704
16386	2	14447
12461	3	14337
12996	2	12421
23622	0	23669
18008	0	17781
12500	3	14319
14159	0	14136
22129	0	22093
20403	0	20383
23304	1	23306
23670	2	12625
12458	3	14353
18544	4	18508
17669	2	12945
23727	1	23726
23605	0	23669
22959	3	13661
16056	0	15875
15971	2	12623
22112	0	22093
16691	0	16633
16185	0	16184
15900	1	15915
17840	1	17849
18029	1	18310
21234	2	14231
16300	4	16200
19632	0	19178
23256	4	23181
22583	0	22535
20279	2	12416
12587	3	21057
14472	0	14459
23588	0	23669
16564	0	16560
12741	0	12548
17262	2	17126
16039	0	15875
13563	0	13510
14070	2	12538
23591	1	23632
14650	0	14642
22095	0	22093
23444	0	23441
22641	2	12821
13981	0	13908
15068	1	15067
15279	1	15374
17071	0	17056
13668	2	12853
23239	4	23181
18677	0	18622
20728	0	20660
22050	0	22018
13568	0	13505
14079	3	21064
16128	4	15873
17762	2	12365
20010	2	15782
12998	2	12997
12545	2	12407
22745	0	22722
16022	0	15875
19690	1	19977
12587	3	13486
12359	2	12419
12994	3	13402
20435	0	20385
23112	4	23108
13964	0	13908
22665	0	22637
16354	2	12589
20427	0	20395
12768	1	12777
13551	0	13505
20195	0	20143
16111	4	15873
19020	2	12617
22718	3	12594
14989	4	14704
22728	0	22722
20718	1	20793
18669	0	18622
23226	0	23181
15555	2	12595
20410	0	20395
16436	0	16432
22733	0	22717
22056	0	22020
23996	0	23954
13534	0	13505
20178	0	20143
18133	1	18413
18091	0	17872
16094	4	15873
14940	1	14939
18652	0	18622
12460	3	14349
20703	0	20660
13972	1	14048
12544	2	12480
20143	2	14702
23979	0	23954
13517	0	13505
23361	2	12480
20161	0	20143
15643	0	15555
18074	0	17872
20402	0	20395
20138	2	12586
22957	3	23061
22366	1	22459
18635	0	18622
20116	2	20141
20686	0	20660
20170	0	20143
21562	0	21485
23192	0	23181
21938	2	14079
20678	0	20670
16402	2	14785
20192	0	20135
15777	3	19022
23962	0	23954
18057	0	17872
20683	0	20665
20446	0	20391
13085	0	12997
16184	2	16242
20153	0	20143
20523	0	20519
22708	2	14448
23949	1	23948
14547	2	12365
18452	2	18613
16431	3	13405
21982	0	21940
20388	2	16237
18040	0	17872
13068	0	12997
14562	0	14455
21271	0	21267
18629	1	18719
23692	0	23681
17496	2	12597
22571	1	22619
22186	0	22093
16047	0	15873
18145	0	17872
15938	0	21688
14547	2	13654
22742	0	22642
20390	2	20062
17511	0	17495
18622	2	15784
23092	2	12597
17426	1	17434
13051	0	12997
20145	2	12628
18060	1	18340
12541	3	23414
17259	2	12858
17588	2	12417
22169	0	22093
16748	0	16633
20141	2	12455
12496	3	16540
16986	0	16968
20517	0	20391
21690	1	21718
13156	0	12997
20569	0	20553
14650	0	14455
19137	2	12456
22715	2	12821
18618	2	18802
17528	0	17444
14655	0	14656
20443	0	20383
20715	0	20667
23325	2	20615
21716	0	21688
22743	0	22093
22093	2	12425
23390	0	23364
15056	0	14704
12760	4	12548
17262	2	17289
20017	1	20025
12524	3	23414
22652	0	22644
16731	0	16633
15869	1	15870
20552	0	20553
13139	0	12997
20426	0	20383
14415	1	14444
13915	0	13668
22741	0	22715
23373	0	23364
14824	0	14802
17520	0	17444
18634	0	18623
23325	2	12455
16867	0	16850
16582	1	16581
18660	0	18620
22635	0	22644
19153	0	19057
23286	4	23284
17027	2	17053
23364	3	23416
20141	2	12589
16354	3	14882
20031	2	20063
12626	3	23430
14807	0	14802
12535	3	23061
13482	2	12627
17503	0	17444
18617	0	18623
23578	2	12482
23283	0	23181
12584	3	21801
13736	2	12500
15249	0	14704
17037	0	17027
21754	0	21743
18523	1	18522
14308	3	14334
20342	2	15780
17142	0	17027
20427	0	20342
12408	3	17158
23988	0	17722
15751	2	15409
13668	2	14089
13505	2	12659
15232	0	14704
20338	2	12588
15800	0	15766
12817	3	14307
12614	0	12604
16727	1	16768
13574	0	13505
22025	2	22021
20410	0	20342
13055	1	13256
15215	0	14704
20735	0	20670
18615	2	12501
23380	0	21683
16200	2	14486
20740	0	20665
17108	0	17027
15257	0	15178
22743	0	22711
19038	2	13860
18939	1	18962
17496	2	12410
20425	0	20384
14306	2	12461
17789	2	12490
20143	2	18971
16437	0	16386
20723	0	20665
13016	0	12998
21328	0	21267
22096	1	22200
22972	1	23025
13136	1	13327
20528	0	16920
20079	0	20071
14704	2	12541
22660	0	22642
19624	0	19178
15552	3	15586
16977	0	16966
20560	0	20551
12477	3	14780
20706	0	20665
23474	0	23459
13546	0	13510
18928	2	14702
12798	3	14349
13745	0	13668
21908	1	21925
21270	1	21378
20398	2	13778
21227	0	17423
15951	2	12490
13008	0	12998
16240	3	21670
22093	3	13402
23619	0	23670
20155	0	16354
22151	1	22255
12460	3	14780
22051	0	22025
13529	0	13510
14547	2	12662
18452	2	12494
16849	2	16908
20400	0	20384
20381	2	13778
12455	3	14354
19712	0	19178
19078	1	19083
18146	1	18425
14137	3	13768
20698	0	20665
14410	0	14387
18625	0	18621
23602	0	23670
16633	2	12407
21685	2	12799
22723	2	14448
20923	2	12366
22034	0	22025
20349	2	14233
23459	2	12407
20517	0	20338
19695	0	19178
20742	0	20661
20681	0	20665
16333	0	16321
17682	0	17669
23435	2	23432
16403	2	12597
16632	1	16652
22419	0	22093
14455	2	14292
18929	3	17162
18509	0	18452
16868	0	16849
18452	3	14543
14696	2	12490
15894	2	14079
20393	2	15930
15016	1	15015
13045	1	13247
21229	2	12410
20725	0	20661
17494	2	12586
21032	3	21055
22543	1	22592
13964	0	13668
15306	0	14704
16920	2	16908
22402	0	22093
20743	0	20668
15712	0	15555
19783	0	19178
20304	1	20325
13510	3	13658
22885	0	22869
23673	0	23670
13667	2	12501
16633	2	15924
16757	0	16721
23091	2	12422
18613	2	12811
21088	1	21114
20454	0	20384
23217	4	23218
20941	0	20923
20455	0	20388
21867	0	21848
22394	0	22093
22868	0	22869
22053	0	22021
19060	2	12944
16740	0	16721
15288	1	15433
23095	1	23105
14157	0	13668
12997	3	13405
20924	0	20923
16964	2	13831
14413	0	14387
16354	2	12483
15461	2	12588
16447	0	14547
21850	0	21848
12592	3	16375
21133	1	21138
22377	0	22093
12948	2	12582
22036	0	22021
18705	1	18795
23365	2	12595
21544	1	21634
20721	1	20796
14123	2	12425
16494	0	16386
17533	0	17496
22744	0	22710
16430	0	14547
22736	0	22720
23249	4	23247
12638	4	12548
18136	1	18416
20555	1	20573
16612	1	16623
22963	0	22956
21085	0	21079
20408	0	20382
17786	3	17821
20680	0	20666
16439	0	14547
13082	0	12998
16920	2	12854
16549	2	16554
13975	1	14051
21793	0	21795
12548	2	12544
12743	4	12548
14306	3	14323
19178	2	16467
14530	0	14523
18928	2	12421
15162	1	15161
15474	0	15458
17525	0	17496
22413	1	22506
21041	0	21032
16364	0	16931
13065	0	12998
13548	1	13616
22369	1	22462
23440	2	16905
12439	0	12432
23689	0	23682
20278	3	17815
15969	2	16076
12604	2	12855
17058	1	17075
12726	4	12548
19057	3	14450
18643	0	18620
20009	2	13652
13170	0	12998
23449	0	23440
22869	2	12476
17508	0	17496
23867	1	23865
13048	0	12998
16043	0	15971
16187	2	16245
22912	2	12617
14460	0	14458
18708	0	18618
16403	2	12410
13668	2	12426
19040	3	14450
13569	0	13510
16033	1	16125
18626	0	18620
13153	0	12998
20440	0	20384
20432	0	20394
13031	0	12998
22641	3	22768
18632	1	18722
16026	0	15971
22052	0	20134
22574	1	22622
12589	3	15945
19038	2	14291
21180	0	21142
12860	2	12590
20734	0	20666
13136	0	12998
17736	1	17758
12430	2	12797
20415	0	20394
17907	0	17781
20399	2	12587
22738	0	22716
16009	0	15971
17069	0	17056
17262	2	12861
21677	3	21673
20420	0	20389
21163	0	21142
12383	0	12359
19623	1	19830
16633	2	16676
22654	1	22683
23361	3	23417
19078	0	19128
20662	2	12861
17441	3	15549
15992	0	15971
14805	2	12628
23365	2	23362
22530	0	22527
17524	1	17575
15873	3	12789
12548	3	12633
14204	1	14223
23616	1	23655
20923	2	20957
20630	0	20625
22536	3	17021
22714	2	12630
14827	0	14805
12504	2	12529
21683	2	14304
12954	0	12950
22556	0	22093
20393	3	14358
17444	2	12588
20088	0	20068
14810	0	14805
16973	1	16997
14197	0	13668
20964	1	20969
22539	0	22093
16922	2	12523
21241	0	21229
13397	3	21670
15558	0	15553
17032	2	12596
22716	2	16081
22955	2	20028
13154	1	13340
17232	0	17229
12861	3	17278
15892	2	14079
21179	1	21221
20737	0	20666
16270	4	16200
13443	0	12998
20409	0	20381
15803	0	15769
20116	2	12843
16028	1	16138
20399	2	12855
17174	0	17166
23003	0	22956
12960	1	12982
12865	2	12500
20720	0	20666
19079	0	19063
17189	2	12582
16262	4	16200
17687	0	17496
20592	0	20589
15589	2	15600
22986	0	22956
17761	2	12501
16939	0	16930
15872	4	15850
23094	0	23098
22746	0	22714
16834	2	12427
13668	2	12589
20449	0	20389
17670	0	17496
20550	3	12411
22721	3	13402
15092	1	15091
16321	3	12632
13841	2	12525
21691	2	12457
12540	3	23060
20878	0	20865
14704	2	14879
18668	1	18758
18848	0	18623
21549	0	21485
22881	1	22900
22912	3	12789
16940	1	16956
22018	2	22087
12461	3	14341
14835	0	14803
23359	2	14232
22720	2	13654
21532	0	21485
24002	0	23952
20184	0	20141
12500	3	14323
20669	2	20661
17789	3	17816
20403	0	20387
23670	2	12629
21515	0	21485
23985	0	23952
20167	0	20141
12909	2	12940
12643	4	12600
12758	4	12671
22712	2	13654
12601	2	12588
12636	4	12671
17444	2	15784
20154	0	20135
18507	1	18506
19138	3	19140
16190	0	16183
13451	0	12996
12558	0	12545
16968	3	17019
17032	2	12409
17262	2	14097
13048	1	13250
16938	0	16931
22884	0	20279
22050	0	22022
19040	2	16908
16321	2	12490
17263	0	17259
18622	2	14231
14123	2	14279
12359	2	12423
12724	4	12671
20435	0	20389
17444	3	14450
15892	2	14242
16354	2	12593
14066	2	12527
20427	0	20399
12462	0	12464
12871	0	12868
12613	0	12600
22670	0	22636
12599	2	12630
21506	1	21598
18132	0	17781
12606	0	12671
12813	3	14780
19038	2	19044
22018	2	12906
23624	0	23669
20410	0	20399
20391	2	12483
17284	3	15582
22733	0	22721
20280	2	12935
23623	1	23665
21940	2	12522
22960	0	22957
20338	2	20350
23588	1	23628
21824	0	21772
14512	2	12423
22653	0	22636
14607	1	14625
18115	0	17781
13870	0	13909
23992	0	17722
12969	0	12950
16962	0	16970
22035	0	20134
21861	1	21887
15809	1	15839
20342	2	12588
23607	0	23669
15569	0	15551
23975	0	17722
12996	2	13393
17358	2	17419
21361	0	21269
23379	0	23362
20192	0	20139
23977	1	24051
20369	3	12632
18139	1	18419
16873	0	16848
17781	3	16350
20116	2	14079
12677	0	12671
20683	0	20669
23932	4	23685
17456	0	17444
21339	1	21448
13817	2	12409
23958	0	17722
13681	0	14363
21353	1	21464
23709	0	23685
23365	3	14353
15975	0	15971
23810	4	23685
21040	0	20865
16856	0	16848
12548	2	12788
16968	3	13665
17860	0	17786
23950	0	23953
23692	0	23685
21236	0	21234
17061	1	17078
18939	0	18928
15938	0	21692
21177	0	21143
19040	3	13405
23797	0	23685
13483	1	13488
23898	4	23685
21315	0	21267
19700	1	19886
14803	3	14800
18838	1	18898
20007	2	20028
20662	2	12621
18711	0	18621
19113	0	15892
22018	2	12585
13056	0	12996
14251	0	14123
21160	0	21143
20443	0	20387
19137	2	12460
21716	0	21692
18452	2	14779
19629	1	19966
22985	0	22955
13121	0	12994
17262	2	17293
18694	0	18621
15275	1	15371
13039	0	12996
13817	2	13832
21846	3	21899
20426	0	20387
14361	2	12501
13512	2	12458
16404	0	16402
17500	2	12905
12950	2	12586
23763	0	23685
20382	2	12855
22741	0	22719
14294	1	14300
15496	0	15457
22968	0	22955
19039	0	19040
13104	0	12994
22035	0	21691
20431	0	20382
16470	0	16431
17098	1	17102
22713	3	17815
16818	2	12536
13022	0	12996
19577	0	19178
21798	0	21794
16017	0	15969
20141	2	12593
20085	0	20069
15479	0	15457
22727	0	22636
16525	0	16526
16970	3	13661
17231	3	17256
13005	0	12996
12503	2	13732
20633	0	20628
21369	0	21267
16000	0	15969
15551	3	13403
21238	0	21230
20174	0	20140
23387	0	23360
22639	2	12455
13192	0	12994
19026	1	19031
13014	0	12996
20551	2	14496
12418	3	23060
14308	3	14338
19064	2	16554
22093	2	22712
20157	0	20140
15983	0	15969
22175	1	22279
12817	3	14311
19110	0	19040
17515	1	17573
18479	0	18452
20669	2	12582
17668	2	12538
21485	2	13491
12586	3	14312
16966	2	12461
17136	0	17130
19076	0	19064
14123	2	12482
19179	0	19178
19067	1	19070
12905	3	17159
19093	0	19040
19062	2	12453
20554	0	20553
12905	3	20542
20149	0	20140
20740	0	20669
17791	0	17781
15614	1	15619
12548	2	12601
20519	2	12483
12851	2	12527
15555	2	13835
22743	0	22715
18567	0	18452
18928	2	12478
14790	0	14704
20278	2	14079
15611	2	12477
17618	0	17444
20425	0	20388
15784	3	17182
17500	2	12584
13682	0	14362
16200	2	15779
15904	0	15894
17364	1	17392
20383	2	12595
20676	1	20754
20723	0	20669
15771	0	15765
21779	0	21769
14996	1	14995
17835	1	17834
19597	1	19962
18550	0	18452
12852	3	17276
22738	0	22639
20137	0	20135
15894	2	12660
13047	0	12994
19709	1	19891
16977	0	16970
20706	0	20669
21236	1	21248
21837	4	21772
12366	3	21063
14065	2	12906
16982	0	16965
20439	0	20380
15951	2	12494
17905	0	17781
20397	2	12587
23992	1	24040
20174	1	20229
21267	2	12426
13750	0	13667
18936	1	18958
17306	2	17308
21485	2	21680
20400	0	20388
18010	0	17781
12455	3	14358
23378	1	23428
20422	0	20380
14829	1	14866
20380	2	12940
23942	0	23685
21940	2	14242
16933	2	12420
12604	2	12457
23369	0	23361
13668	3	14347
23382	0	21683
21949	1	21968
15931	3	15942
20121	0	20115
17993	0	17781
20076	0	20067
20348	0	20351
19364	0	19178
14206	0	14187
12621	3	17186
22023	2	12527
23513	1	23568
20414	0	20380
15808	0	15768
16920	2	12590
20135	2	12858
14097	3	15762
23990	0	23683
12460	3	14329
23988	0	23955
23597	0	19060
20530	0	16920
15791	0	15768
17670	1	17695
14554	0	14547
23348	0	23346
12604	2	12591
14150	0	14138
14308	2	12586
23364	2	14097
19067	0	19062
13494	3	13508
12610	0	12601
22667	0	22637
12561	0	12548
20309	0	20278
20290	0	22869
20454	0	20388
20455	0	20392
17465	0	17441
19137	2	15924
16558	2	12856
13690	0	14360
15765	2	12410
22053	0	22025
13531	0	13510
16560	2	14079
19236	0	19178
22650	0	22637
19245	0	19178
22739	0	22708
16171	1	16170
22714	2	12821
17190	1	17192
22036	0	22025
13514	0	13510
19127	2	16556
23668	0	19060
20145	2	14702
19313	1	19510
22022	2	18447
21509	1	21601
13775	3	13768
19638	1	19838
22041	0	22020
19228	0	19178
17533	0	17500
22744	0	22714
22554	1	22602
20189	0	20140
17262	2	12597
22736	0	22724
13537	0	13512
16402	2	12455
16870	0	16849
23194	0	23181
20712	1	20790
18087	1	18367
14610	1	14628
20680	0	20670
20113	3	14080
20702	0	20662
19106	2	12629
22024	0	22020
21864	1	21890
19211	0	19178
13123	1	13314
15812	1	15842
20172	0	20140
14306	3	14327
15879	0	15875
16221	0	16200
15474	0	15462
19626	1	19833
17525	0	17500
17500	2	12531
14657	2	12905
20177	0	20135
20356	0	20349
22022	3	14080
20169	0	20145
15045	4	14704
19194	0	19178
20396	0	20381
14066	2	12905
22034	1	22067
14822	0	14704
14923	4	14704
14553	1	14575
12960	0	12948
17508	0	17500
12527	3	15582
20041	0	20068
16049	0	15873
12494	3	13768
13681	0	13668
18708	0	18622
20677	0	20662
20432	0	20398
14186	2	12597
18618	2	12500
23370	0	23360
16032	0	15873
14910	0	14704
21864	0	21772
15011	4	14704
23272	4	23181
13036	0	12997
20734	0	20670
16930	2	14702
20415	0	20398
14141	0	14136
16055	0	15875
22738	0	22720
12592	3	23413
16015	0	15873
23121	0	23108
13141	0	12997
14455	2	12365
23446	0	23436
14254	0	14126
18138	0	17781
18613	2	12628
20420	0	20393
21795	2	14486
20878	1	20877
17295	2	12585
20279	2	12477
19040	2	19059
15099	4	14704
16038	0	15875
22722	2	12819
16633	2	13647
15707	1	15706
20451	0	20385
13124	0	12997
13980	0	13908
12455	3	15944
23578	2	12596
19017	3	19022
20033	2	20063
22049	0	22018
14446	3	23082
21269	2	12585
16021	0	15875
18645	0	18620
18002	0	17872
16386	2	15931
23322	1	23323
13107	0	12997
14409	0	14384
13963	0	13908
12586	3	14072
22032	0	22018
16804	0	16633
21540	1	21631
19606	0	19178
20154	0	16354
18628	0	18620
17985	0	17872
13090	0	12997
14392	0	14384
13946	0	13908
20671	0	20668
19063	2	12819
18692	1	18782
23360	3	15944
16922	2	12527
16093	4	15873
15006	0	15178
14074	2	12903
23952	2	20473
19589	0	19178
19029	1	19034
20676	0	20663
14097	3	21670
17968	0	17872
15465	0	15460
13668	2	12459
20409	0	20385
23361	2	12541
20010	2	12944
18073	0	17872
20659	0	20663
17897	1	18177
15236	1	15347
12435	0	12429
12455	3	14334
21242	1	21259
12681	0	12548
15630	4	15555
20145	2	18971
21958	0	21938
20453	0	20381
13084	1	13279
22097	0	22093
18699	0	18620
22356	1	22449
18056	0	17872
23863	1	23862
15305	0	14704
17093	0	17027
16183	2	16242
22714	3	22768
20522	0	20519
16037	1	16112
20387	2	12854
22746	0	22718
17973	1	18253
15085	4	14704
22991	0	22955
16979	0	16966
21941	0	21938
20449	0	20393
20562	0	20551
20436	0	20381
23322	0	23181
20387	2	16237
15288	0	14704
12480	3	15942
12589	3	15762
13841	2	12529
18498	4	18452
20420	1	20458
22093	2	16674
18670	0	18618
23572	2	14447
20389	2	20062
19158	0	19057
17653	0	17500
22734	0	22713
20638	0	20627
15072	0	14704
21691	2	12811
15173	4	14704
17425	0	17418
20383	2	13778
14412	0	14387
12605	2	12628
20896	1	20895
20865	2	12420
22168	0	22093
23735	1	23734
22926	0	22912
18653	0	18618
12461	3	14345
19619	1	19827
15895	0	15892
17260	2	16908
20038	0	20031
20184	0	20145
16177	0	15873
15098	1	15097
20669	2	20665
14840	0	14802
23474	1	23528
23461	1	23516
14395	0	14387
18464	4	18452
20523	1	20535
17789	3	17820
19127	2	12799
20403	0	20391
16730	0	16633
18636	0	18618
20354	0	20338
23612	1	23652
17166	2	12819
14832	1	14869
17141	0	17129
13818	0	13668
20167	0	20145
14823	0	14802
19680	0	19178
13505	2	12586
21952	1	21971
15859	1	15860
13430	1	13456
20012	0	20010
22093	2	13775
17618	1	17643
12503	2	12500
12601	2	12592
16968	2	12476
15143	0	14704
16190	0	16187
17311	0	17306
20306	0	20279
21094	0	21080
14806	0	14802
19663	0	19178
20189	0	20116
19717	0	20007
13687	0	14361
12460	3	23083
20865	2	12904
22584	0	22718
15718	4	15638
16321	2	12494
13751	1	13769
19768	0	19178
13738	1	13757
22126	0	22093
16186	2	16245
20172	0	20116
19646	0	19178
23270	4	23181
20194	0	16354
21142	2	12459
16354	2	12597
23359	2	12626
23194	1	23193
14366	0	14361
15799	0	15766
21182	0	21080
12613	0	12604
15704	4	15555
19751	0	19178
22670	0	22640
16987	0	16964
20444	0	20379
21705	1	21730
16403	3	16429
17668	2	12595
20716	0	20663
16049	1	16101
22642	2	12630
24055	0	24053
19038	2	19048
23319	4	23199
22387	1	22479
23894	1	23892
21165	0	21080
12827	0	12825
19734	0	19178
14251	1	14269
20523	0	20393
22653	0	22640
20439	0	16920
18113	0	17872
20699	0	20663
12460	3	13768
12455	3	16375
12926	0	12927
14547	2	12589
19316	1	19513
18452	2	12421
21512	1	21604
20041	1	20053
20353	0	20350
19641	1	19841
15554	3	15581
22044	0	22023
17358	2	17423
13548	0	13505
20192	0	20143
19681	1	19873
12596	3	14349
20691	0	20663
20158	1	20213
20197	0	20138
22018	2	12455
22027	0	22023
21867	1	21893
13126	1	13317
15892	2	19052
15178	2	15405
17608	0	17588
15657	0	15555
13668	2	12540
23360	3	16375
20674	0	20663
14068	2	12527
17890	1	18171
20180	0	20138
14155	0	14137
23506	1	23562
21295	1	21405
20625	2	20656
22971	0	16922
17591	0	17588
22957	2	12590
12801	2	12409
20163	0	20138
18614	2	13729
13875	0	13668
12589	3	23414
16685	0	16721
20550	2	12460
20393	2	14702
21680	3	14349
21230	2	14232
22664	0	22643
15995	1	16069
19718	1	19897
22579	0	22536
13980	0	13668
22963	0	16922
19178	2	12527
16590	1	16589
16929	0	16933
12703	0	12600
20075	1	20093
17951	0	17872
13121	0	12998
12417	3	17042
13977	0	13909
15655	1	15654
14681	0	14455
21860	0	21846
12589	3	21670
13963	0	13668
22741	0	22723
13505	2	12533
21148	0	21142
17934	0	17872
20431	0	20386
13104	0	12998
12439	1	12450
13960	0	13909
20531	0	20391
16818	2	12540
18925	2	12455
22029	0	22019
16547	1	16552
13946	0	13668
15977	0	15971
20518	2	12902
12865	2	12480
20338	2	12812
18665	0	18623
13009	0	12994
13845	2	13833
22924	0	22912
20341	3	14495
16970	3	13665
13943	0	13909
22737	0	22708
14367	0	14360
16405	0	16386
22729	0	22718
22052	0	22021
20350	2	12587
23992	0	23955
20174	0	20144
21238	0	21234
24002	1	24050
13192	0	12998
18648	0	18623
14308	3	14342
23267	1	23266
13926	0	13909
13116	1	13308
23900	4	23685
23392	0	23359
16839	3	17182
22093	2	22716
22718	2	16081
22376	0	22093
23975	0	23955
20157	0	20144
17518	0	17494
21936	0	14701
18631	0	18623
20682	0	20661
16493	0	16386
23375	0	23359
23958	0	23955
13163	0	12996
22020	2	12935
21683	2	12458
17501	0	17494
17452	0	17441
19107	0	19060
23811	1	23810
21848	3	21899
13492	0	13494
13677	0	14360
20149	0	20144
23441	2	23434
12461	3	14321
19127	2	12425
23358	0	23359
18126	1	18406
20338	2	14235
17423	2	12460
16211	1	16235
18619	0	18618
13146	0	12996
21040	0	21032
20425	0	20392
17027	2	12418
17500	2	12588
17789	2	12498
17900	1	18180
16990	0	16969
20607	2	12861
23688	0	23682
22673	1	22702
16919	1	16924
15771	0	15769
15152	1	15151
13034	1	13238
14253	0	13668
13129	0	12996
22738	0	22643
20137	0	20139
17507	0	17496
15857	4	15850
13047	0	12998
22656	0	22645
17262	2	12788
22054	0	22017
22815	0	22771
17421	0	17358
15892	2	12583
12935	3	12936
16982	0	16969
20439	0	20384
13112	0	12996
21906	0	21795
20711	0	20668
21066	2	14079
16920	2	12460
12483	3	15945
23505	0	23459
14837	0	14803
12922	3	21801
17444	3	14080
13668	2	13776
20422	0	20384
17138	0	17130
20694	0	20668
17496	2	12902
18938	0	18623
12769	0	12765
23369	0	23365
13668	3	14351
14820	0	14803
13668	2	14126
16191	0	16200
21848	3	17256
12596	3	14780
19020	2	19017
15568	0	15551
23572	2	12597
16968	2	12586
13842	0	13841
20081	0	20066
16633	2	13704
14065	2	12455
20526	1	20538
19773	1	19939
14835	1	14872
23099	0	23092
14108	0	13668
19653	1	19852
20393	2	12905
12460	3	14333
23614	0	23578
22535	3	17021
23364	3	12633
21074	2	12812
12604	2	12595
14149	0	14138
20549	1	20570
16091	4	15873
20402	0	20379
23440	2	20028
15555	2	12363
17692	0	17496
23365	2	12819
12601	2	12836
20567	0	20550
20454	0	20392
23121	1	23120
12716	4	12600
23976	0	23954
18623	2	12662
14065	2	12589
22994	1	23047
17358	2	12861
20377	0	20389
14199	1	14217
20033	2	13838
22746	0	22641
16620	1	16631
15865	4	15848
16179	4	15873
12598	0	12600
23959	0	23954
22739	0	22712
12882	0	12865
18948	0	18929
13777	3	15944
20442	0	20387
12597	3	17159
20907	4	20865
20395	2	20472
19264	1	19461
22744	0	22718
16162	4	15873
22025	2	12527
18931	0	18929
12621	3	13486
14387	2	14447
14559	0	14455
14254	1	14272
14803	3	14780
20378	2	20472
16849	2	12407
12592	3	21055
20702	0	20666
17668	2	13778
16841	2	12417
18142	0	17872
20665	2	14238
22021	2	12482
12679	0	12671
14306	3	14331
17500	3	14450
20894	0	20865
13751	0	13737
22093	2	12409
17500	2	12535
20636	0	20627
20177	0	20139
16413	0	16403
17781	2	12455
21745	2	12408
16725	1	16765
12362	3	16522
20396	0	20385
17332	2	14089
14122	0	14123
22957	3	12925
12813	3	23083
20399	2	12461
12648	1	12655
23979	1	24027
20161	1	20216
22740	0	22093
12875	1	12891
12945	3	14085
16848	2	12480
13204	1	13389
17611	1	17637
20352	0	20338
20677	0	20666
21531	0	21485
23071	1	23079
24001	0	23952
16818	2	16838
23370	0	23364
15875	2	16081
18950	0	18925
15804	0	15765
17494	2	12407
16864	0	16850
21901	1	21918
23685	2	14093
21269	2	12455
23669	2	12629
20009	2	12855
20721	0	20662
20966	2	20972
12604	3	12633
21229	2	12581
23500	1	23555
13669	1	13694
14308	3	14318
23984	0	23952
18452	2	12799
14141	0	14140
20399	2	12595
20661	2	12458
18933	0	18925
15873	2	12596
12642	4	12600
15787	0	15765
16847	0	16850
23446	0	23440
20420	0	20397
12635	4	12671
18925	2	18981
18068	1	18346
17295	2	12589
12946	3	12937
23967	0	23952
12364	3	21056
23005	0	22959
17444	2	12812
20423	0	20338
20722	0	20669
20451	0	20389
13865	1	13887
15968	1	16087
22380	1	22473
23887	1	23886
22883	0	20279
22049	0	22022
21068	3	21064
14090	3	14441
12962	0	12948
20705	0	20669
12819	3	17186
21289	0	21269
14066	2	12588
20370	2	12590
22032	0	22022
16311	0	16200
15499	0	15461
16633	2	12846
18825	1	18885
23953	2	12597
14294	0	14296
12908	3	12925
22740	0	22711
23372	0	23360
17444	2	12946
15555	2	12660
23738	4	23685
22732	0	22721
20409	1	20456
12600	2	12527
21496	1	21588
21081	0	21080
20676	0	20667
15482	0	15461
23488	0	23459
19181	0	19178
12968	0	12950
19064	2	12480
13119	1	13311
17788	0	17786
23606	0	23669
16692	0	16633
20009	2	12534
22711	2	12630
16444	0	16433
20659	0	20667
22712	2	12455
15589	2	13730
23826	4	23685
12455	3	14338
15101	4	14704
18698	1	18788
13838	3	14349
23704	4	23685
18639	0	18621
20018	0	20008
19195	1	19395
21010	1	21011
17358	2	14447
16872	0	16848
17189	3	12411
14694	3	20542
23360	3	16082
16841	2	12364
23364	3	14353
18129	1	18409
21152	0	21080
22991	0	22959
16979	0	16970
13668	2	12597
20449	0	20397
20042	0	20071
21754	1	21765
14803	3	12633
13493	3	13508
23792	4	23685
19236	1	19434
21556	1	21647
15501	0	15457
18982	3	17163
13037	1	13241
16330	0	16321
13032	0	12994
13491	3	17163
22718	3	17815
13777	3	16375
18619	1	18713
17656	1	17659
17260	2	12590
14185	2	14228
22734	0	22717
21795	2	14303
21168	1	21210
21571	0	21485
13137	0	12994
20437	0	20392
21772	2	12527
19112	0	15892
14250	0	14123
21846	2	13653
19040	2	12460
13015	0	12994
21159	0	21143
15477	1	15517
21715	0	21692
20038	0	20035
12490	3	17282
20078	0	20067
13120	0	12994
15543	1	15546
16841	2	12848
16321	2	12364
22882	0	22869
12557	1	12573
21747	0	21745
12819	3	23415
12409	3	14312
20390	2	12906
19000	0	16848
13007	0	12994
13109	1	13302
16818	2	12597
12582	3	14069
21546	0	21485
12854	3	14353
14123	2	12409
21983	0	21940
17998	1	18276
20084	0	20069
14463	1	14477
19717	0	20011
16969	3	13661
20395	2	12527
19776	1	19942
17032	2	12417
20745	0	20669
21272	0	21267
21527	1	21618
22584	0	22722
21237	0	21230
18500	4	18452
22187	0	22093
14802	2	12588
20391	2	20062
22743	0	22642
14070	2	13839
20378	2	12527
14066	2	12535
18119	1	18400
16204	0	16183
17789	2	12421
12453	3	21064
16275	1	16274
14138	2	12815
21683	3	14080
17219	0	17220
22170	0	22093
20392	2	20473
22999	0	22957
13839	3	23083
21949	0	21940
21284	1	21392
15897	0	15892
20716	0	20667
19075	0	19064
15894	2	12587
22869	2	12460
15114	1	15113
23490	1	23544
15290	1	15383
23360	3	12862
18461	0	18452
12738	4	12671
22982	0	22957
23437	2	16905
19326	0	19178
13668	2	12410
20699	0	20667
16935	0	16931
15951	2	12421
14093	3	21801
14825	0	14802
16975	0	16963
20432	0	20378
14910	1	14909
18452	2	12425
19309	0	19178
20385	2	12940
22957	2	12460
13522	0	13512
18613	2	14702
14808	0	14802
20428	0	20390
20191	0	20116
20415	0	20378
14564	1	14596
14188	2	12460
17921	0	17781
19196	0	19178
22720	2	12536
19292	0	19178
20424	0	20378
14986	1	14985
14408	0	14384
15283	0	15178
20279	2	12457
13166	1	13353
20865	2	12587
17904	0	17781
14199	0	14185
17857	1	17866
23267	0	23181
23989	0	17722
23998	0	23953
21375	0	21269
15233	0	14704
20068	3	20107
20407	0	20378
14391	0	14384
22712	2	12536
19284	0	19178
23982	1	24030
13668	2	13833
20164	1	20219
12878	1	12894
17887	0	17781
13666	1	13695
23981	0	23953
15275	0	15178
12691	1	12690
12480	3	17182
16818	2	12410
16549	2	12618
14819	1	14856
22664	0	22647
19267	0	19178
13905	3	16375
23381	1	23403
13576	0	13512
23964	0	23953
15258	0	15178
16603	1	16605
23448	0	23436
23613	0	19060
22584	0	22535
15875	2	12942
19376	1	19573
17730	0	17723
20338	2	20387
16805	2	14447
15241	0	15178
13152	0	12994
16284	4	16200
18452	2	16076
12545	2	12582
23596	0	19060
22567	0	22535
20529	0	16920
20431	0	20390
18106	1	18386
12465	2	12497
16938	1	16953
16023	0	15875
12430	2	12460
17362	1	17404
20518	2	12906
18436	0	17781
21229	3	13400
15555	2	12420
20733	0	20662
20392	2	17253
13135	0	12994
17722	3	17815
16267	4	16200
22744	0	22641
17771	0	17762
22550	0	22535
22737	0	22712
23620	0	23670
20071	2	12527
14966	0	14704
22383	1	22476
22729	0	22722
22052	0	22025
16006	0	15875
13530	0	13510
16850	2	16908
16641	0	16633
14247	1	14266
12548	2	12475
22649	0	22637
12369	1	12389
16250	4	16200
23360	3	23413
20695	0	20660
15312	1	15403
23603	0	23670
20923	2	20620
22093	2	22720
22713	2	12821
16401	0	16402
15989	0	15875
12921	3	17163
13931	0	13908
12908	2	12409
17669	2	12799
20162	0	20143
17663	2	12901
23586	0	23670
20188	0	20140
20008	2	13905
23446	1	23454
19141	0	19040
20687	0	20660
19303	1	19500
17953	0	17872
16869	0	16849
20154	1	20210
21499	1	21591
20638	0	20607
20394	2	15930
23441	2	23438
17381	1	17400
12461	3	14325
17791	0	17789
13184	1	13371
20397	2	12461
14939	4	14704
18619	0	18622
12996	2	12409
18493	0	18452
17936	0	17872
16852	0	16849
12500	3	14307
16433	2	16466
16166	4	15873
23669	2	16524
20842	3	20863
16758	0	16721
18041	0	17872
20382	2	15925
20137	0	20143
17507	0	17500
21529	0	21485
19341	0	19178
12909	2	12924
14183	0	14187
16048	0	15873
16149	4	15873
20280	2	14879
16930	2	12535
12503	2	12480
15027	4	14704
16568	0	16560
18024	0	17872
23600	1	23641
14619	1	14638
19105	0	19106
15768	2	12848
20439	0	20388
12662	3	21670
19324	0	19178
20397	2	12595
16031	0	15873
16132	4	15873
20139	2	12902
18690	0	18622
21559	1	21650
18007	0	17872
13035	0	12997
22142	1	22246
14529	0	14455
20422	0	20388
16547	0	16548
22745	0	22710
17496	2	12906
13448	0	12996
12359	2	12407
16014	0	15873
22153	0	22093
18112	0	17872
18638	0	18618
12639	4	12548
13668	3	14355
22964	0	22956
20427	0	20383
14308	2	12460
18673	0	18622
20727	1	20802
14455	2	12426
17726	1	17752
13018	0	12997
12817	3	14348
22728	0	22710
15141	4	14704
15568	0	15555
13431	0	12996
13842	0	13845
20381	2	14490
12721	4	12671
12923	3	15944
20423	0	20395
20410	0	20383
19149	0	19059
21042	0	21032
23135	4	23128
15893	2	15929
20046	0	20033
13001	0	12997
14074	2	12830
17032	2	12527
12560	1	12576
12440	0	12432
20349	2	12501
23383	0	23361
12460	3	14337
16592	0	16551
14136	2	12483
20029	0	20033
17231	2	12479
17423	2	16465
12430	2	12407
13908	2	12580
21743	2	12416
20402	0	20383
13816	1	13824
18709	0	18618
18036	1	18316
13570	0	13510
20196	0	16354
17167	0	17168
12993	0	12997
18627	0	18620
18543	4	18508
20450	0	20391
23604	0	23669
20028	3	15762
21068	2	14079
17590	0	17588
15971	3	16083
22642	3	22768
13575	0	13505
14068	3	14072
20446	0	20379
18692	0	18618
15062	1	15061
16964	2	12904
20377	0	20393
20744	0	20660
21683	2	12625
15216	0	14704
14296	2	12589
18682	1	18772
14191	0	14185
12598	0	12604
15094	0	14704
18122	1	18403
22739	0	22716
20442	0	20391
17070	0	17056
17453	0	17444
12597	3	17163
17109	0	17027
20727	0	20660
17496	2	12585
17667	0	17668
12475	3	17163
15199	0	14704
21032	3	20962
15767	0	15766
19079	0	19128
20006	2	12832
21775	0	21770
16184	2	14486
12662	3	17161
22673	0	22644
17092	0	17027
20710	0	20660
14803	3	14784
13550	0	13505
20525	0	20369
20702	0	20670
17133	1	17147
16402	2	12813
19060	2	12501
12592	3	15582
14828	0	14805
16978	0	16966
14802	3	14881
20393	2	12588
22055	0	22020
13533	0	13505
20177	0	20143
16212	0	16187
16364	0	16354
22777	0	22771
21157	0	21143
16649	1	16669
16404	0	16386
19157	0	19057
21295	0	21267
23360	2	12480
20266	3	15944
17765	2	17761
14459	2	12409
21242	0	21229
20382	2	13778
17424	0	17418
22715	2	14448
15559	0	15553
16633	2	12582
22956	2	20028
20117	0	20116
19591	0	19178
20072	0	20068
16387	0	16386
16184	2	12526
14202	0	14188
22965	0	22955
15625	0	15555
20886	1	20885
15804	0	15769
23570	2	12480
14308	3	14322
16159	0	15873
15787	0	15769
14822	1	14859
13736	2	13777
13847	1	13854
21366	0	21267
18925	2	18985
20278	2	12424
16940	0	16930
24053	2	12472
17293	2	12501
13172	0	12997
15459	1	15503
17768	0	17763
20423	0	20342
19662	0	19178
20451	0	20393
13686	0	14361
19108	1	19117
22722	3	13402
21349	0	21267
15769	2	15784
19107	0	19040
17877	1	18158
22646	0	22638
23149	1	23170
14195	1	14214
19645	0	19178
16616	1	16628
13931	0	13668
15273	0	14704
13078	1	13276
20438	0	20384
19090	0	19040
12853	3	17163
15679	0	15555
20669	3	12925
14802	3	13405
21912	1	21928
12595	3	17278
20450	0	20338
22037	0	22021
22887	1	22906
22740	0	22715
15256	0	14704
14098	1	14102
16866	0	16850
21231	0	17423
20522	0	20393
20719	0	20665
12372	1	12392
22361	0	22093
20030	2	20063
22015	2	12623
20442	0	20338
12644	4	12600
15470	0	15463
20405	0	20388
22813	0	22093
14531	0	14523
22344	0	22093
17669	2	16076
12455	3	14342
14062	2	12906
17260	2	12460
14107	0	13668
23975	1	24024
12819	3	21057
17735	0	17722
20028	3	21670
15231	0	14704
19058	3	14450
16597	4	16551
12825	2	12624
22885	0	20279
16633	2	15778
18704	0	18623
16965	2	12457
20139	2	12662
20673	0	20663
14461	0	14458
14067	2	12527
17313	0	17309
23366	0	23361
18614	2	12501
23379	0	21683
22868	0	20279
18687	0	18623
20738	0	20661
22801	1	22848
15501	0	15461
23507	0	23459
13032	0	12998
16401	1	16416
23670	2	12857
13130	1	13321
14185	2	14232
22734	0	22721
21768	2	12361
17160	3	17163
12588	3	23061
16633	2	12529
13137	0	12998
14568	0	14547
23442	0	23437
16758	1	16786
23490	0	23459
13668	2	14240
13015	0	12998
15216	1	15336
13857	0	13668
20527	0	16920
13679	1	13716
21164	0	21142
13120	0	12998
14613	1	14631
15138	1	15137
22714	2	12455
22045	0	22019
13667	2	13778
15993	0	15971
18641	0	18621
23345	0	23325
20370	2	12407
21147	0	21142
22093	2	22643
16874	0	16848
12367	0	12359
13103	0	12998
15195	1	15324
13959	0	13909
17217	1	17223
15873	2	15930
14459	2	12490
14934	1	14933
17874	0	17781
13528	0	13510
22028	0	22019
15976	0	15971
15864	1	15863
14556	1	14578
20079	1	20097
12909	3	12938
20266	3	16375
18624	0	18621
22923	0	22912
13086	0	12998
16969	3	13665
13942	0	13909
22736	0	22708
17963	1	18243
23916	4	23685
18477	1	18476
20663	2	13776
20626	2	20652
17500	3	14080
22584	0	22726
21713	1	21738
16433	2	12656
21237	0	21234
14811	0	14805
22014	2	16347
22537	1	22586
14306	3	14311
22418	0	22093
22717	2	16081
20390	2	12455
20134	2	12854
18612	0	18616
20636	0	20607
14252	0	14123
12596	3	23083
14157	0	14140
12545	3	12594
19138	2	12460
17024	2	12586
21691	2	12498
20842	2	12455
16047	0	15971
15894	2	12591
21693	3	12411
18695	0	18621
12603	3	12633
18623	2	15943
13040	0	12996
17832	0	17781
16848	2	12460
17284	3	15944
12560	0	12544
16490	1	16509
12997	2	12497
17032	2	12905
22987	0	22956
14805	2	12482
18534	4	18506
17331	0	17327
13105	0	12994
12460	3	17159
20432	0	20382
23801	1	23800
13023	0	12996
12460	3	20542
15770	0	15769
12543	0	12544
14156	0	13668
13671	0	13739
21846	2	12531
20428	0	20394
20415	0	20382
15908	0	15893
19154	0	19058
14384	2	12483
22093	2	16845
16446	0	14547
23148	0	23139
17822	4	17781
23360	2	12590
12873	0	12867
17421	0	17419
17136	1	17150
15556	0	15554
12503	2	12537
13024	1	13228
18849	0	18623
12601	2	12629
20607	2	20627
12804	3	14316
14061	0	14065
24000	0	23685
20338	2	13491
15891	0	15893
21905	0	21795
13737	2	12501
20034	0	20032
15875	2	12812
21155	1	21197
14696	2	12425
15984	0	15969
18832	0	18623
23983	0	23685
17137	0	17130
20134	2	12533
19062	3	14543
22719	2	12819
18937	0	18623
20011	2	12855
21772	2	12478
21142	2	12496
18815	0	18623
23008	1	23057
14455	2	12483
13668	2	14187
22046	0	22018
20168	0	20141
20865	3	21056
16964	2	12477
15789	0	15765
17458	0	17443
23134	4	23124
18623	2	12589
17053	2	14447
20741	0	20666
19327	1	19524
13683	0	14362
23969	0	23952
20151	0	20141
19283	1	19480
20338	2	20391
16176	1	16174
18452	2	18524
12510	0	12503
19763	1	19929
15969	2	12494
22739	0	22639
24054	0	23685
20627	2	20651
12465	2	12501
12950	2	12948
18941	0	18927
17294	1	17298
12603	2	12625
21179	0	21142
20733	0	20666
18028	0	17781
16983	0	16965
20398	2	12587
14805	3	14799
22729	0	22726
20350	2	12595
18924	0	18927
20390	2	14496
12708	4	12671
17880	1	18161
21162	0	21142
23111	1	23110
22649	0	22641
22019	2	12906
14127	0	14126
14796	3	14778
18011	0	17781
23360	3	23417
19213	1	19412
15969	3	14543
20438	1	20503
20381	2	12587
20338	2	17492
13728	2	12523
13744	0	13735
20394	2	20472
17994	0	17781
22711	3	22768
16354	2	12902
20384	2	12854
20011	2	12534
20188	0	20144
14826	0	14805
20518	2	12455
20606	2	20615
20384	2	16237
17309	2	12623
16920	3	17282
18099	0	17781
14101	1	14105
12953	0	12950
12674	4	12671
21574	1	21664
23591	0	23669
17977	0	17781
12461	3	14329
16286	4	16200
19137	2	12501
17495	2	12365
12427	3	14353
18082	0	17781
12500	3	14311
20635	0	20627
23363	0	23362
20176	0	20139
23202	1	23201
19153	1	19169
16857	0	16848
20368	0	20338
16269	4	16200
12954	1	12976
18544	4	18500
22716	2	13654
14600	1	14601
20071	3	16249
12868	2	12865
17738	0	17725
23794	4	23685
20159	0	20139
12585	3	23415
16273	0	16200
21768	2	12471
18994	0	18623
23325	2	12500
16848	2	12541
19078	0	19063
17844	0	17786
17458	1	17481
17721	0	17725
16817	2	13838
16186	2	12496
14074	3	12925
20391	3	15945
22998	0	22957
18949	0	18925
23578	2	12527
17284	3	16375
22804	1	22851
19061	0	19063
23685	2	23953
12416	3	17182
23760	4	23685
22981	0	22957
14372	0	13668
20427	0	20387
13668	2	14134
20195	0	20135
13818	0	14136
12817	3	14352
12586	3	14353
16222	0	16200
20423	0	20399
20410	0	20387
15782	3	14358
22733	0	22709
17220	2	16347
20178	0	20135
13088	0	12994
14067	2	12905
14834	0	14803
19200	1	19398
22639	2	12630
12961	0	12948
17056	2	12409
17380	0	17356
23877	1	23876
23388	0	23360
20161	0	20135
20669	2	12407
17496	2	12455
15029	4	14704
18709	0	18622
13071	0	12994
16968	2	14233
17514	0	17495
21030	0	21031
16437	0	16431
14559	1	14581
23380	1	23427
21772	2	21769
20450	0	20395
20417	1	20496
19156	1	19172
17966	1	18246
23371	0	23360
15565	0	15551
21865	0	21772
14704	2	12586
17496	2	17716
18692	0	18622
17497	0	17495
23098	2	23091
18815	1	18875
20377	0	20397
13042	1	13244
20135	2	12415
20077	0	20035
22540	1	22589
20594	1	20602
19137	3	19140
19062	2	12628
13668	2	12524
13450	0	12996
12557	0	12545
20442	0	20395
16471	3	16429
22869	2	20279
20910	1	20909
14255	0	14126
18139	0	17781
21485	2	15894
15717	4	15634
17024	2	12480
16848	2	14448
23705	1	23704
20135	2	13704
17027	2	12589
12730	4	12600
23684	0	23683
21840	1	21839
21485	2	12861
22643	2	14448
23006	0	22955
17288	2	14494
16363	0	16321
13125	0	12997
12480	3	17162
15905	0	15894
19151	0	19059
22673	0	22648
16933	2	12461
23359	3	16082
19018	3	19022
12870	0	12868
20519	3	13768
20150	0	20116
21000	1	21001
16493	1	16512
22056	0	21691
22990	0	22959
16978	0	16970
14802	3	14885
17444	2	13491
13108	0	12997
13668	2	12658
21311	0	21267
12701	0	12671
15251	1	15454
16943	0	16933
15894	3	14349
19359	1	19556
13707	3	14349
15500	0	15457
23991	0	17722
16329	0	16321
20135	2	13838
20690	0	20669
23939	4	23685
12647	2	12659
23361	3	15944
21546	1	21637
15122	1	15121
17424	0	17422
16933	2	12595
12693	0	12671
20392	2	20266
16633	2	12586
17027	2	17045
23974	0	17722
12527	3	15944
13668	2	14297
15218	0	14704
23821	0	23685
22965	0	22959
16402	2	12362
23578	2	12474
12851	3	12633
20592	0	20553
23957	0	17722
13735	2	12461
15201	0	14704
21746	0	21745
12548	2	12455
20389	2	12906
14732	0	14704
14308	3	14326
17027	2	12857
23009	0	22955
22184	1	22288
23991	0	23683
21772	3	21807
15971	2	16079
20171	0	20144
15184	0	14704
20666	2	12461
18938	0	18928
15792	0	15768
14715	0	14704
21950	0	14701
22992	0	22955
23974	0	23683
20043	0	20067
20031	2	13773
20394	2	12527
15289	0	14704
23972	0	23955
16402	2	12496
17032	2	12478
23360	3	12789
13683	0	13667
14064	3	14069
18452	2	14446
22017	2	12585
19766	1	19932
19139	2	13733
23957	0	23683
15272	0	14704
16026	1	16107
17444	2	17492
22017	2	12935
20438	0	20388
18482	4	18452
12584	3	12828
20391	2	20473
13674	0	14360
14803	3	13662
14151	1	14171
20450	0	20342
15896	0	15892
15782	3	15944
22037	0	22025
13181	1	13367
21320	0	21269
22740	0	22719
16499	0	16402
19685	1	19974
15553	3	15609
22023	2	18447
14704	2	12533
15768	2	12478
20421	0	20388
20719	0	20669
20190	0	20140
17200	0	17189
16403	2	12455
21303	0	21269
20391	2	12902
13126	0	12996
20405	0	20392
19212	0	19178
23618	1	23658
14446	3	17162
20632	0	20628
22051	0	22017
21368	0	21267
20173	0	20140
21286	0	21269
16297	1	16296
12523	3	21064
20379	2	15930
12423	3	15582
21709	0	21689
19195	0	19178
13668	3	14335
22034	0	22017
20156	0	20140
17442	1	17467
18614	2	14599
19075	1	19080
23618	0	19060
17878	0	17872
21485	2	14097
19178	2	12458
20673	0	20667
23090	2	12805
20662	2	12906
21374	0	21269
23366	0	23365
14907	4	14704
13197	0	12996
19092	0	19040
21183	0	21080
12661	3	23416
19752	0	19178
21334	1	21441
12460	3	14317
20134	2	12590
16169	1	16168
23980	0	23953
12473	3	16375
18566	0	18452
20743	0	20660
14789	0	14704
23909	1	23908
22671	0	22637
21166	0	21080
20338	2	15776
21772	2	12535
16989	0	16965
12681	1	12680
16187	2	12586
12461	3	13768
14995	4	14704
18675	0	18622
12471	3	23413
20726	0	20660
23447	0	23436
20455	0	20380
22737	0	22639
17604	1	17630
20827	0	20669
17421	1	17431
20718	0	20670
18538	4	18472
22807	1	22854
23578	3	23576
22716	3	22767
23437	2	20028
15999	0	15873
22045	0	22023
16183	2	13705
15765	2	15781
14363	2	12854
22093	2	12848
14232	3	23416
20343	0	20397
17786	3	15585
22566	0	22535
21562	1	21654
22093	2	22647
20701	0	20670
20134	3	14080
23385	0	23361
17369	1	17394
14062	2	12589
14226	3	14069
15982	0	15873
22028	0	22023
14961	4	14704
17688	0	17444
15495	0	15462
14123	2	12417
14369	1	14378
23361	3	16375
16908	3	17281
15894	2	12461
18096	1	18376
22549	0	22535
22033	0	22018
23154	0	23137
17262	2	12585
22736	0	22712
23368	0	23361
12597	3	19021
20181	0	20138
21485	2	13776
20626	2	20656
12527	3	16375
23132	1	23131
14498	2	14508
13947	0	13908
15478	0	15462
12548	2	12536
18522	4	18452
23359	3	23413
22016	0	22018
14306	3	14315
17384	0	17420
22129	1	22233
20067	2	13707
14384	2	14447
16315	1	16314
19269	0	19178
16053	0	15873
19146	1	19163
12678	4	12548
15894	2	12595
20014	0	20009
17952	0	17872
12845	3	17282
12477	3	17163
20384	2	20266
20280	2	12362
16192	0	16186
16561	0	16558
20865	2	12461
18700	0	18620
12560	0	12548
13561	0	13512
18534	4	18510
17935	0	17872
12460	3	17163
13777	3	21673
13740	1	13756
14455	2	14447
20519	2	12902
18683	0	18620
12543	0	12548
15497	0	15458
17918	0	17872
20428	0	20398
20009	2	13778
22738	0	22708
19340	0	19178
15934	1	15940
18618	2	13777
13553	0	13512
14368	0	14360
12648	0	12548
14813	0	14805
20433	0	20393
20420	0	20381
12503	2	12541
18666	0	18620
18023	0	17872
14074	2	12407
12524	3	15945
16187	2	15782
19040	2	19047
20865	2	12595
17426	0	17418
15806	1	15836
22018	2	12817
14384	2	13776
13536	0	13512
20074	0	20068
20416	0	20393
12903	3	14069
19142	0	19057
17230	0	17231
13925	1	14002
17496	3	14882
21227	0	21229
15157	4	14704
22028	1	22061
13519	0	13512
12504	2	12521
18434	2	13651
17142	0	17129
15971	2	12806
14547	2	16468
20138	2	12501
19063	2	12457
12998	2	13396
21065	3	21064
22046	0	22022
20168	0	20145
16161	0	15873
16187	2	12533
21240	1	21257
20551	2	12500
14405	0	14384
20040	0	20068
15553	3	15585
23817	1	23816
16942	0	16930
20741	0	20670
20151	0	20145
13680	0	13668
17338	1	17349
20338	2	20395
15022	0	14704
15123	4	14704
15550	0	15555
21230	2	12500
21485	3	14349
18452	2	18528
14388	0	14384
21683	2	13491
22739	0	22643
12479	3	12938
12550	1	12566
13785	0	13668
12851	2	12625
22127	0	22093
12875	0	12867
21940	2	20272
21780	0	21770
12842	3	12631
19647	0	19178
15969	2	12848
20195	0	16354
20733	0	20670
16386	2	16403
13671	0	14361
20872	1	20871
14976	1	14975
12455	3	14322
23711	1	23710
21907	0	21795
22957	3	13661
22579	0	22093
16054	0	15875
16496	0	16403
12480	3	21057
20352	1	20360
22110	0	22093
18013	1	18294
19630	0	19178
22666	0	22642
23254	4	23181
21794	2	12587
20259	1	20263
22581	0	22535
20178	0	16354
13873	0	13668
12585	3	21057
12806	3	14441
20695	0	20668
12739	0	12548
22721	2	12819
13751	0	13668
21143	3	16249
13668	2	12581
16037	0	15875
20449	0	20381
18939	0	18623
14648	0	14642
12770	0	12765
22639	2	12821
14821	0	14803
16971	0	16964
12548	2	12833
13744	0	13739
19613	0	19178
23237	4	23181
22564	0	22535
20161	0	16354
19016	3	19022
22048	0	22018
15716	4	15630
14154	1	14174
20148	0	20116
16969	2	12586
22784	1	22831
20170	0	16354
15671	4	15555
20606	2	20619
14804	0	14803
13962	0	13908
20135	2	14700
16930	2	12409
15555	3	15581
14485	3	21801
22031	0	22018
20550	2	12501
15752	0	15555
20524	0	20369
22716	3	12594
12757	1	12756
20935	0	20865
20153	0	16354
15654	4	15555
23224	0	23181
20065	0	20066
13945	0	13908
19779	1	19945
19062	2	12819
22730	0	22713
20279	2	12628
14195	0	14186
22731	0	22717
23994	0	23954
13532	0	13505
20176	0	20143
20553	2	20551
20403	0	20379
20606	2	12459
13194	0	12997
17781	3	17818
12458	3	14349
23207	0	23181
18976	3	23082
15312	0	14704
14498	2	12845
13491	3	17281
21712	0	21692
23977	0	23954
13515	0	13505
23359	2	12480
20159	0	20143
23360	2	12541
18072	0	17872
23857	1	23856
20310	0	20279
23133	4	23116
12434	0	12429
12592	3	17282
12659	3	17187
16848	2	15928
16184	2	12587
14070	2	12534
12700	4	12600
23960	0	23954
23444	0	23437
22019	2	12589
18949	0	18929
18055	0	17872
22580	0	22536
18677	0	18618
20930	0	20923
20386	2	16237
18038	0	17872
22563	0	22536
20427	0	20391
14560	0	14455
19270	1	19467
12687	0	12600
13818	0	14140
12817	3	14356
22184	0	22093
12599	2	12622
20729	0	20663
13908	2	12804
12586	3	14357
19139	2	12501
22740	0	22642
14073	0	14074
22536	2	12362
15590	0	15555
15492	0	15463
17767	0	17763
22546	0	22536
15555	2	12591
20410	0	20391
13947	0	13668
20031	2	13830
22733	0	22713
16414	0	16403
12670	0	12600
14512	2	12415
15768	2	15784
15695	0	15555
16859	0	16848
18126	0	17872
13088	0	12998
15926	3	23429
13944	0	13909
21946	0	21940
20712	0	20663
14648	0	14455
15475	0	15463
15730	4	15684
17259	2	16908
21714	0	21688
12548	2	12646
22741	0	22093
13930	0	13668
14526	0	14455
23388	0	23364
20659	1	20823
16330	1	16343
17531	0	17496
18452	2	12409
20411	0	20398
13071	0	12998
20353	0	20338
13927	0	13909
21031	2	12854
14372	1	14381
21697	0	21688
16695	1	16703
20450	0	20399
23779	4	23685
13913	0	13668
23371	0	23364
14822	0	14802
23578	2	14304
13176	0	12998
20844	2	12425
15565	0	15555
13911	1	13986
18632	0	18623
20683	0	20661
16865	0	16850
13910	0	13909
20336	0	20338
16049	0	15971
23001	0	16922
16406	1	16419
23362	3	23416
20139	2	12589
17327	3	13405
22985	1	23038
22132	1	22236
17189	2	17193
13159	0	12998
14658	0	14657
12523	3	14355
20738	1	20813
17035	0	17027
16032	0	15971
22984	0	16922
19130	2	16711
22093	2	16609
18680	0	18621
23006	0	22959
13668	2	13817
13025	0	12996
14703	1	14741
13398	3	23060
21699	1	21724
20193	0	16354
17734	0	17722
14151	0	14137
16633	2	12456
23749	0	23685
23850	4	23685
16015	0	15971
21772	2	12458
21234	2	17423
14245	1	14263
18663	0	18621
23965	1	24014
19105	0	15894
20715	0	20663
16964	2	12457
17824	4	17781
16443	0	16386
13736	2	12362
20832	1	20839
14067	2	12588
15894	3	14353
17262	2	17285
13113	0	12996
16970	2	14233
18686	0	18623
22661	0	22647
13739	2	12501
15500	0	15461
23506	0	23459
20351	2	12630
20116	2	12461
23837	0	23685
12362	3	15945
15986	0	15969
22741	0	22711
23669	2	12857
14371	0	14363
14124	2	12596
12503	2	14879
12465	2	12481
13096	0	12996
17139	0	17130
21856	0	21846
19064	3	14543
23489	0	23459
14455	2	12597
22565	1	22612
13201	0	12996
23722	4	23685
17444	2	16073
20944	1	20953
20526	0	16920
17539	0	17494
20406	0	20384
13079	0	12996
19145	0	19060
16548	2	12480
12906	3	14072
16445	0	16433
23472	0	23459
23765	1	23764
22713	2	12455
22987	0	16922
17371	0	17358
12727	0	12600
14308	3	14330
13184	0	12996
13753	0	13736
16365	0	16321
20019	0	20008
15128	1	15127
17898	1	18178
16401	0	16386
23157	1	23178
13527	0	13510
17781	2	12362
13167	0	12996
16966	2	12453
21981	2	15749
20043	0	20071
16970	2	12623
16945	0	16933
16040	0	15969
13956	1	14032
17315	0	17309
16402	2	12500
15854	1	15853
21032	2	12853
20066	3	17018
12628	3	14778
16331	0	16321
12548	2	12593
13529	1	13597
20923	3	20963
17444	2	17496
20438	0	20392
20425	0	20380
14498	2	12471
18672	0	18623
20723	0	20661
20383	2	12587
13016	0	12994
23670	2	12597
22959	3	23082
17662	1	17665
21846	2	12458
17130	2	13657
20355	1	20363
12909	2	12908
21692	3	12411
14713	1	14750
20421	0	20392
22669	0	22645
12860	2	12855
15552	3	15582
20866	1	20864
20706	0	20661
22883	0	22869
23671	0	23670
20190	0	20144
14126	2	13656
15483	1	15523
12866	0	12865
16755	0	16721
22719	3	13402
12559	0	12544
19001	0	16848
20724	0	20668
20379	2	20472
14088	3	14085
12617	3	14780
21267	2	12418
13676	1	13697
23911	0	23685
20337	2	12427
23097	0	23090
20666	2	14238
22051	0	22021
20173	0	20144
23436	2	17289
21485	2	21672
21086	1	21111
14124	2	12409
20707	0	20668
16432	2	12945
12867	2	12362
21709	0	21693
23894	0	23685
13668	3	14339
22034	0	22021
20156	0	20144
19346	1	19543
22718	2	13654
17285	2	14097
20307	0	20280
21768	2	16557
23955	2	12596
17195	2	12625
12817	3	14332
13693	0	14360
20278	2	12461
14458	2	12902
23999	0	23685
16492	0	16386
17765	2	12455
14125	2	12595
23877	0	23685
17781	2	17302
16187	3	16249
12455	3	19022
20280	2	12903
21083	0	21079
23392	1	23412
16561	1	16570
18831	0	18623
17451	0	17441
23982	0	23685
12460	3	14321
21299	1	21408
21031	2	12480
14788	0	14704
20010	2	12855
22671	0	22641
16432	2	16462
23361	3	12862
15868	0	15850
16989	0	16969
12993	1	13206
15765	2	14496
20116	2	20113
18934	0	18925
19232	1	19431
18929	2	15943
17262	2	12455
23447	0	23440
22737	0	22643
16976	0	16963
18701	0	18623
21485	2	20062
23968	0	23952
18706	0	18618
15891	1	15909
15765	2	15785
14805	3	12632
17781	2	17786
12544	2	12586
21065	2	14079
22639	3	22768
21371	1	21469
23951	0	23952
17045	2	12424
17310	2	12806
18689	0	18618
22558	1	22606
20434	0	20385
16207	0	16200
19682	1	19874
12464	2	12474
13849	0	13841
21178	0	21142
20379	2	12580
22033	0	22022
17262	2	12589
22736	0	22716
23265	1	23264
20389	2	14496
20417	0	20385
14704	3	12925
13199	0	12996
21161	0	21142
14698	2	14701
17258	1	17270
23359	3	23417
22016	0	22022
20660	2	12861
14306	3	14319
16295	0	16200
17444	2	17443
14064	2	12455
20401	0	20389
21144	0	21142
15607	2	12596
22710	3	22768
12510	1	12519
17327	2	14229
12697	1	12696
12590	3	23415
22712	2	12630
16560	2	12461
12952	0	12950
20338	2	12426
17731	0	17723
17049	2	17050
22707	0	22711
12579	3	19119
21994	1	22006
12580	3	17281
23439	2	20028
14123	2	12905
22869	2	12822
14980	4	14704
19040	2	12501
22135	1	22239
16859	1	16889
14070	2	12457
14186	2	12589
21938	2	15608
20741	1	20816
14984	0	14704
16024	0	15875
23841	1	23840
20734	0	20662
16268	4	16200
22745	0	22641
15497	0	15462
18121	1	18399
16560	2	12595
13441	0	12998
16007	0	15875
22041	0	21691
17930	1	18210
16347	3	19022
12596	3	17159
20433	0	20397
20420	0	20385
16642	0	16633
14283	0	13668
22728	0	22641
17359	1	17389
14188	2	12822
19077	0	19063
15847	4	15848
17426	0	17422
21983	0	21981
14950	0	14704
21904	0	21772
15485	0	15457
22733	0	22636
22024	0	21691
20416	0	20397
14129	0	14123
20669	2	20844
20848	1	20857
15769	2	15768
15870	4	15850
23393	0	23360
15468	0	15457
12998	2	12461
12504	2	12525
18452	2	12921
17519	0	17495
20016	0	20009
20266	3	21673
14371	0	13668
22794	1	22841
21748	0	21745
21302	0	21269
13915	0	13908
14298	0	14296
20393	2	20545
21981	2	12476
17500	2	13491
20977	4	20865
20398	2	12461
16875	1	16901
20689	0	20661
21547	0	21485
21285	0	21269
22732	0	22709
20447	0	20338
21485	3	14353
20746	0	20669
14201	0	14184
21530	0	21485
20850	0	20844
19057	2	20265
16431	2	16482
20379	2	12527
20430	0	20338
12455	3	14326
21513	0	21485
12462	1	12468
16721	2	16803
13959	1	14035
21031	3	13486
15221	1	15420
20140	2	12902
12634	4	12671
20530	1	20547
20076	0	20035
21496	0	21485
12746	4	12600
15159	4	14704
13449	0	12996
12556	0	12545
13532	1	13600
20279	2	12498
20449	0	20385
22154	0	22093
17460	1	17484
22983	0	22957
16971	0	16968
12548	2	12837
22192	1	22296
12436	1	12447
22536	3	19140
16551	2	13906
16936	0	16931
22882	0	20279
13491	3	13768
13668	2	12935
12621	3	12616
13432	0	12996
22642	2	14448
12722	4	12671
22966	0	22957
19150	0	19059
23223	1	23221
15555	3	15585
21352	1	21458
20437	0	20380
15486	1	15526
12869	0	12868
17417	0	17420
15125	4	14704
14297	2	12455
21490	1	21582
20082	0	20067
20134	2	14448
12705	4	12671
20527	1	20539
22730	0	22717
22731	0	22721
19040	2	12798
15814	0	15768
21822	0	21772
15793	1	15823
16354	2	12455
15112	0	14704
22037	1	22070
15797	0	15768
21031	2	12590
18852	1	18912
18038	1	18317
