828	0	79
10070	2	10094
11969	3	88
969	1	947
9274	2	9303
10653	2	10690
195	1	162
7667	1	7660
3061	1	3048
504	2	588
9968	2	9976
10060	0	10124
8361	1	8333
7660	0	680
9003	0	4631
1299	1	1270
4334	1	4128
8806	2	8805
12077	0	135
3894	2	3903
178	1	162
5520	1	5413
1176	3	4473
5767	4	5655
8580	2	8579
3518	4	3116
3453	2	3452
7755	1	7660
1282	1	1270
9668	1	9547
4317	1	4128
7124	1	7072
1095	2	1093
10980	2	11029
4135	1	4125
5425	1	5409
161	1	162
1420	1	640
10629	4	10582
9996	1	9984
533	1	451
128	3	3871
3227	2	3226
1362	2	1361
4201	2	4200
2149	3	821
12346	2	12353
1790	0	246
7673	2	7692
10579	2	10580
523	2	605
656	3	8105
7107	1	7072
12106	0	7548
9876	1	9870
8579	4	640
5381	1	5362
11065	0	1240
10645	1	10582
516	1	451
3606	4	3116
9832	0	933
3303	2	3302
1630	1	1405
7812	0	2495
10628	1	10582
8152	0	92
4875	2	4892
8731	0	108
4701	2	4700
7078	1	7070
12350	1	4
9882	1	9872
8843	1	8762
10733	1	10582
8545	4	640
1210	1	878
8451	4	8426
4501	0	277
11848	1	11597
5411	3	1181
7719	0	109
8334	2	8375
8173	1	8168
8922	1	8762
86	3	6109
3116	0	3921
6733	4	640
7507	3	2307
5252	4	4848
1525	4	1406
11831	1	11597
10110	2	10134
10973	1	10958
2451	1	2443
4424	0	106
1078	4	878
7520	1	7507
5506	2	5611
6765	4	6724
4347	2	4346
3808	4	3116
8816	4	8762
7262	3	4477
987	1	946
5277	2	5276
522	2	606
2807	3	2809
6912	0	6921
6732	1	640
8112	3	2104
1524	1	1406
6231	3	11607
7503	1	7507
4670	4	4639
183	2	222
1264	0	276
3062	1	3047
5411	3	5637
113	0	132
6753	4	6719
11498	4	11486
12181	2	12220
3944	0	3928
2179	1	8120
946	3	1258
7506	0	7549
1300	1	1269
5306	4	4848
4374	1	4128
9284	1	9272
6736	4	6719
8624	1	640
4758	4	4639
3927	0	3928
7789	1	7783
1838	1	1790
12104	0	278
9462	1	9455
2978	1	2966
10582	0	1626
4669	1	4639
360	4	0
6158	0	3932
12169	0	276
3978	4	3972
1417	1	1408
2280	1	2278
2120	2	2148
1821	1	1790
2418	1	2402
2362	0	681
8038	1	7990
4415	3	830
5483	1	5416
10820	2	10819
843	1	828
1631	1	1629
1471	2	1499
10998	1	10956
10331	1	10327
10318	1	10315
1280	2	1310
2401	1	2402
9178	0	54
5466	1	5416
7815	3	7949
2918	1	2744
1909	1	1790
3927	0	1029
6766	1	6722
1569	2	1570
10981	1	10956
296	2	295
3135	2	3134
1893	2	2046
7815	0	7836
7316	2	7419
3944	3	6938
1892	1	1790
1302	1	1265
9963	2	9981
9186	0	6200
8731	0	55
1294	1	1275
8681	1	8666
5437	1	5414
8548	1	8537
6968	1	6941
6162	0	48
9834	1	9827
10364	2	10406
10431	1	640
12249	0	246
1277	1	1275
1801	2	1956
5420	1	5414
11286	2	11346
8113	1	8112
6951	1	6941
3396	4	3116
1633	2	1641
6043	2	6042
10870	1	10582
11290	1	11264
5376	1	5367
10060	0	1240
3942	3	3947
11064	0	105
1846	1	1788
10519	1	640
2716	1	2362
59	0	55
11495	2	11494
10334	1	10327
5408	1	5409
6913	0	6920
1707	1	1408
3529	2	3528
3151	1	3116
9177	1	9178
8733	0	42
278	3	7544
6208	0	1775
1829	1	1788
10502	1	640
10060	0	85
7820	1	7813
2782	1	2741
76	3	77
7548	3	7575
7629	1	7624
499	1	451
11616	2	11618
1934	1	1788
6286	2	6527
9826	3	9849
9042	1	8762
7879	2	7929
9962	0	8069
5791	2	5806
4506	2	4563
640	0	1048
964	2	1041
180	1	0
9213	2	9241
10016	1	640
2409	1	2400
10010	1	9985
2330	0	246
1790	0	2100
6797	1	6776
1917	1	1788
10825	2	10833
6748	1	6723
10315	0	2439
8912	2	8976
11852	1	11824
163	1	0
8414	0	4448
7658	0	132
9993	1	9985
4457	1	4454
8351	1	2114
7675	1	7658
6090	3	6113
8364	1	8336
970	2	1043
4105	2	4104
644	1	638
146	1	0
2849	0	2908
6208	0	6231
5523	1	5416
251	3	6112
9490	1	9450
6845	0	1240
1924	2	2076
6906	4	6843
5668	1	5654
9180	0	4631
5335	1	5336
1293	1	1263
5528	1	5411
2402	0	277
3353	1	3116
4431	3	4479
7897	1	7848
6069	2	6068
10444	1	10432
1240	3	1244
12268	2	12291
1061	4	878
5511	1	5411
8799	4	8762
448	3	6111
824	3	5631
1610	1	1406
8605	1	8537
10959	0	11057
4868	1	4848
10432	0	53
7507	3	7544
7880	1	7848
6845	0	435
7289	1	7262
3441	1	3116
4826	4	4827
6242	1	6162
4098	4	3972
10019	1	640
2575	2	2712
9186	0	9180
83	3	7800
4851	1	4848
11495	1	11486
2118	3	2137
7272	1	7262
4276	4	4128
7730	1	7719
1698	1	1406
9920	1	9912
12202	1	12171
2118	0	2216
8765	4	8762
8425	1	8423
7507	0	2304
5465	1	5409
8843	1	9006
5659	1	640
7218	1	6941
11583	1	11486
6941	0	6231
6805	1	6774
10993	1	10961
2400	0	103
7360	1	7262
4364	4	4128
8064	2	8063
11661	2	11664
7129	1	7071
2500	0	81
12173	1	12169
10001	1	9983
6788	1	6774
9376	4	9366
10976	1	10961
9830	0	438
5456	1	1406
7589	0	2807
10112	1	10060
6296	1	6162
4616	3	4634
5070	1	4848
10998	1	10582
7276	2	7387
4542	2	4599
11671	1	11486
11292	1	11268
3936	0	1251
342	1	0
4330	4	4128
3927	0	655
41	3	9257
8564	2	8563
936	0	278
10429	0	933
10981	1	10582
2761	1	2743
3048	0	41
6932	0	1252
6158	0	4631
10200	1	10060
6869	1	6845
5423	1	5409
9869	2	9891
1418	1	640
11802	1	11486
5414	3	5640
5519	1	5409
3211	2	3210
6756	4	6722
9826	0	49
12184	2	12223
9887	1	9871
7592	0	50
4140	4	4125
8664	1	8666
1252	3	1244
5141	1	4848
6754	2	6753
9189	1	9183
6739	4	6722
4236	2	4237
11979	1	11969
5416	3	1180
7132	1	1406
12313	2	12337
8663	0	106
5367	0	254
3287	2	3286
3515	1	3116
3943	3	1181
8415	1	8414
8687	2	8725
8336	0	8333
1406	0	440
11599	0	134
10060	0	10315
59	0	1775
4925	1	4848
300	1	0
7115	1	1406
1223	4	878
5494	1	5409
4139	1	4125
4312	2	4313
11486	0	679
1868	2	2022
9675	1	9667
10218	1	9450
3603	1	3116
7098	1	1406
1291	1	1276
11864	1	11829
8491	2	8490
11571	2	11570
6942	0	7035
6845	0	5859
11856	1	11486
7753	2	7759
5013	1	4848
11069	1	11066
10201	1	9450
10984	1	10959
12104	0	656
6932	3	1229
7081	1	1406
11847	1	11829
7673	1	7658
8709	3	8705
4617	0	83
4996	1	4848
8367	1	8331
2120	1	2116
8661	4	8534
9495	1	4830
3569	1	3116
11830	1	11829
4331	2	4330
6370	1	6162
4160	4	4128
407	1	391
6942	0	6230
8549	4	640
11621	0	239
9485	1	9455
11835	1	11824
6971	1	6944
9837	1	9830
10367	2	10409
1288	1	1268
1403	1	1339
8526	0	829
7562	3	7576
6219	1	6208
9912	0	9264
6353	1	6162
6438	2	6679
5084	1	4848
2556	1	2500
7783	0	7808
4424	0	4485
6954	1	6944
1386	1	1339
12077	0	5
11996	2	12007
9213	1	640
6234	2	6475
2539	1	2500
8258	1	8241
4555	1	4501
7953	0	7985
1512	4	1406
255	0	133
2219	2	2224
7764	3	1181
11081	2	11133
2595	2	2683
9441	1	9366
2522	1	2500
6772	2	6771
655	3	9257
1627	3	5400
1593	1	1406
1352	1	1339
7847	3	7800
12105	0	1177
7331	2	7429
7863	1	7848
6915	2	6917
9385	2	9384
4425	0	4444
6728	1	6724
7957	1	7955
8321	3	1181
4362	4	4128
1600	4	1406
1299	1	1274
9189	2	9197
8297	0	2109
9042	1	9006
8325	0	7469
10638	4	10596
6871	2	6870
10232	1	10060
10060	0	1618
1899	2	2052
1290	1	1264
357	1	0
9407	1	9366
2214	3	3847
9777	1	9742
8915	2	8979
1282	1	1274
9288	1	9272
1036	3	9337
8665	0	134
5375	1	9450
7583	3	6112
462	1	0
6912	3	2441
10525	1	10490
6218	1	6209
1566	4	1406
4465	1	4452
9271	1	9272
6771	4	6722
5269	1	4848
5381	1	5366
7250	1	6845
11634	2	11653
8936	1	8873
347	4	0
7112	1	7071
10954	2	11012
10654	1	10957
6174	1	6162
6089	2	6101
11318	1	11265
2743	3	2809
398	1	389
6748	1	6162
2500	0	57
4171	1	4125
5369	1	5361
8097	1	8096
12132	0	2216
11118	1	11066
6770	1	6722
2513	0	2701
533	1	0
5754	4	5727
6469	2	6709
4055	1	3972
3731	1	3116
2379	1	2362
7888	1	7846
4933	2	4932
7212	1	7210
11101	1	11066
2246	1	2233
516	1	0
7656	0	7548
4259	1	4125
3116	0	3925
7660	0	7718
8598	4	640
9932	2	9955
10849	4	10582
5655	0	160
9827	0	56
3723	1	3116
8428	1	8426
7871	1	7846
12074	1	59
9202	0	658
11084	1	11066
23	0	250
9776	1	9743
4021	1	3972
7863	2	7913
640	0	9265
10733	1	10720
8581	4	640
9495	1	9449
7854	1	7846
389	0	435
12074	1	7764
10649	2	10687
9759	1	9743
7663	1	7657
4225	1	4125
246	3	8292
3944	3	2352
6320	2	6560
5451	1	5412
90	3	8107
2278	3	2308
11599	0	110
10533	1	10488
3062	1	3051
12076	0	49
5516	1	5410
4848	3	5355
6753	4	6723
877	2	899
9870	3	5355
5434	1	5412
4545	2	4602
7784	1	7781
842	2	862
9273	0	658
11109	2	11155
12270	1	12249
5443	1	5412
2786	1	2741
10807	4	10582
5728	2	5727
6736	4	6723
5468	1	1406
11406	2	11405
7073	0	440
641	3	659
9831	0	6196
11709	1	11681
5426	1	5412
2769	1	2741
9467	1	9454
10344	2	10386
6053	2	6052
1825	2	1980
9029	1	8762
11827	0	7502
9829	0	9851
110	3	7949
440	3	7569
393	2	411
11936	1	11486
59	3	89
9872	0	7548
2752	1	2741
9832	0	4483
5915	1	5655
6092	0	658
12316	2	12340
6336	1	6162
2744	0	55
1377	2	1375
1094	1	946
4862	2	4879
9486	1	2116
2815	3	7574
897	2	923
7812	3	1778
11598	0	2216
9983	0	54
11500	4	11486
10986	1	10955
12107	2	12120
1077	1	946
11800	2	11799
12172	1	11486
1302	1	1269
9469	1	2116
6909	1	6845
6310	2	6551
4316	1	4125
8739	1	8730
962	2	1049
9478	1	2116
4760	4	4639
6754	1	6721
12106	0	278
10969	1	10955
4471	1	4431
1274	0	6
6090	0	1256
8686	1	8665
9216	2	9244
11565	2	11563
302	2	301
11588	4	11486
7516	1	7504
9999	1	9983
4504	2	4561
8559	4	8537
6761	4	6721
9839	1	9826
5508	1	3944
7655	0	109
11855	1	11827
6365	2	6606
8669	1	8665
4404	1	4125
12138	1	11486
11669	1	11486
9697	2	9733
11290	1	11268
6744	4	6721
11838	1	11827
478	2	561
7664	1	7656
3058	1	3044
9450	0	10251
4387	1	4125
5408	1	5413
9297	1	9269
11446	2	11445
8647	4	8537
11554	4	11486
6940	0	3938
3912	2	3920
6441	2	6682
8667	3	4637
10582	0	6920
10450	1	10430
11681	0	2149
3284	4	3116
10963	0	7580
4370	1	4125
5364	1	5366
9280	1	9269
5483	1	3944
4375	2	4372
5736	1	5655
11621	0	1772
9458	1	9452
642	0	780
11928	1	11919
9380	4	9366
896	1	878
11999	2	12010
7594	1	7591
10433	1	10430
11599	0	57
12076	0	2440
12349	1	4
8684	1	3944
5413	3	5636
5466	1	3944
10193	1	10188
3535	2	3534
7506	3	2136
3077	2	3107
313	4	0
5366	0	5407
7763	1	7764
9210	1	9204
9774	1	9743
9295	1	451
5479	1	5413
10113	2	10133
8199	1	8169
977	1	949
4261	2	4260
6924	0	6930
9278	1	451
5462	1	5413
644	1	642
2171	4	2118
12106	0	1246
6762	1	6719
8369	1	8335
9490	1	9454
2170	2	2169
11555	2	11554
5009	2	5008
7879	1	7815
1902	2	2055
1293	1	1267
960	1	949
5383	1	5362
641	0	658
8423	0	79
8918	2	8982
395	1	390
9270	0	41
8352	1	8335
3486	4	3116
7862	1	7815
10827	1	10824
11486	0	7502
8677	1	8663
949	3	1257
3591	4	3116
9461	1	9452
3851	3	9257
658	3	4473
10432	0	57
6845	0	439
11486	0	11824
10075	1	5365
4522	2	4579
11846	1	11825
8827	2	8768
3930	3	1181
7660	3	7776
10018	1	640
715	1	642
10427	3	10482
7885	1	7847
3574	4	3116
6875	1	6843
2541	1	2515
2951	0	96
10756	2	10755
4655	2	4654
4984	4	4848
4139	2	4137
5410	3	3112
7868	1	7847
4695	1	4640
11615	0	45
4430	0	4443
3972	0	44
10441	1	10428
2500	0	1240
2524	1	2515
646	1	638
5465	1	5413
11184	2	11200
1847	1	1791
2588	2	2677
3662	4	3116
43	3	2803
7655	0	56
10329	0	44
7851	1	7847
11482	2	11481
7952	0	276
6098	1	6090
11634	1	11621
9547	0	80
5072	4	4848
11109	1	11064
1830	1	1791
5155	2	5154
8876	1	8874
11748	0	278
701	2	739
9334	1	9331
9369	2	9368
4470	1	4451
1935	1	1791
879	1	876
6160	0	41
83	3	2811
1357	4	1339
9420	4	9366
2595	1	2515
6206	1	6208
12075	0	1623
9579	1	9547
4453	1	4451
5881	1	5655
1918	1	1791
7117	1	6845
8515	2	8514
6093	0	6151
9669	2	9706
3944	0	8714
5519	1	5413
9562	1	9547
9826	0	53
5439	2	5553
9412	4	9366
1901	1	1791
7100	1	6845
5957	2	5956
135	3	2922
2566	1	2513
7123	1	7072
134	3	6109
8570	2	8569
2483	1	2484
7893	1	7845
10893	2	10891
3039	3	6112
5274	4	4848
2549	1	2513
4426	0	1505
7589	0	7617
11967	1	11971
3217	2	3216
1352	2	1351
6094	0	2930
7876	1	7845
8850	1	8762
3944	3	6113
4809	4	4812
10949	1	10822
4784	4	4678
5494	1	5413
7504	0	134
2532	1	2513
1121	1	878
6753	4	6162
9633	1	9547
9029	1	9006
5058	4	4848
2969	1	2968
10219	1	10060
5417	1	5410
3162	4	3116
9965	1	9962
10670	1	10959
9764	1	9742
8095	0	3878
2377	1	2362
6942	0	7039
1104	1	878
6736	4	6162
5456	1	5411
8842	1	8762
10966	1	10956
3736	4	3116
1097	1	949
8189	1	8168
4691	2	4690
10202	1	10060
975	1	949
1176	3	2924
1473	1	1408
5521	1	5409
1629	0	55
1087	1	878
9273	0	2325
12110	2	12123
8298	0	3040
2116	0	5
2587	1	2362
10495	1	10490
9409	2	9408
6313	2	6554
8151	0	41
5449	1	3944
4319	1	4128
8742	1	8733
8185	1	8153
1456	1	1408
3793	2	3792
3824	4	3116
3646	2	3647
8808	1	8762
10972	1	10958
2450	1	2443
3702	4	3116
1063	1	949
3055	1	3045
2570	1	2362
9579	2	9612
1288	1	1272
3945	3	1181
5429	2	5544
8321	0	8324
2448	1	2362
6851	2	6850
8169	3	8230
1879	2	2032
878	3	1260
10585	1	10582
8335	0	55
2553	1	2362
9277	1	9270
50	3	7576
7782	1	7781
4337	2	4336
3694	4	3116
8535	1	640
2362	0	2702
9825	1	9829
11088	1	11066
5267	2	5266
525	2	608
4213	4	4125
1263	0	276
5712	2	5711
11066	0	81
2536	1	2362
5410	3	5637
1410	1	1406
11829	0	4484
8735	2	8759
11071	1	11066
1248	3	1241
4844	3	5400
3944	3	4637
7562	0	438
3119	1	3116
2848	2	2882
6737	2	6738
5210	4	5074
6845	0	2509
2506	3	2806
9132	1	8762
7596	1	7563
8744	1	8729
1370	2	1369
8075	4	8057
3116	0	278
2402	0	41
6944	0	6230
105	3	6112
2279	1	2278
1820	1	1790
7058	1	7051
2982	2	3018
10060	0	1622
2417	1	2402
3207	1	3116
2813	3	7574
5670	1	5654
1295	1	1263
842	1	828
1803	1	1790
11860	1	11826
3190	1	3116
10810	2	10809
117	1	112
8193	1	8151
9774	2	9808
2956	1	2951
10504	2	10549
5653	1	5654
1278	1	1263
330	2	332
4831	0	2215
11843	1	11826
7669	1	7655
3063	1	3043
7138	1	7072
1530	1	1408
8921	2	8985
4621	1	4617
11486	0	41
6097	1	3944
1301	1	1265
10455	1	10429
286	2	285
11621	0	56
10379	1	10329
1635	1	1408
7693	1	7718
4540	1	4501
5506	1	3944
5369	1	5365
1791	0	55
4616	3	1231
1513	1	1408
6349	2	6590
9183	0	86
8331	0	6114
6967	1	6941
1284	1	1265
10438	1	10429
1700	1	1406
11820	4	11795
10362	1	10329
4525	2	4582
163	2	203
7995	2	8009
6130	2	6144
8796	2	8795
6880	4	6845
2274	4	2233
6950	1	6941
11430	2	11429
2362	0	2515
1683	1	1406
4066	4	3972
12112	1	12102
6425	2	6666
5383	2	5403
2875	1	2744
7362	1	7262
5103	2	5102
6863	4	6845
2257	4	2233
10010	1	9912
5173	4	4997
5367	0	5361
1706	1	1408
6940	0	7028
6033	2	6032
12105	0	55
3193	1	3116
11862	1	11597
1584	1	1408
7562	0	251
11089	1	11065
7345	1	7262
2930	3	6103
10730	1	10582
8646	2	8645
6298	1	6162
9993	1	9912
389	0	439
3519	2	3518
1689	1	1408
9875	0	7581
5451	1	5416
4848	3	1037
11551	1	11486
6773	1	6774
11845	1	11597
2111	0	441
11072	1	11065
7328	1	7262
3293	2	3292
4848	3	4420
4358	4	4125
6281	1	6162
7137	1	7073
9185	2	9194
3281	1	3116
12076	0	53
10648	1	10964
5516	1	5414
2728	2	2733
8567	1	640
5434	1	5416
11828	1	11597
3822	4	3116
6796	1	6776
2336	1	2278
7311	1	7262
10080	1	10060
6264	1	6162
11597	0	8316
7120	1	7073
5439	1	5411
10966	1	10582
4464	2	4490
12078	0	3878
6746	1	640
4019	2	4018
1538	1	1406
3047	0	632
5529	1	1406
10060	0	2724
438	3	2809
8550	1	640
6779	1	6776
3944	0	1253
10967	1	10963
7893	1	7955
2319	1	2278
9918	1	3944
8665	0	1240
9547	3	9616
9831	0	6200
7103	1	7073
6767	4	6719
10949	1	10582
3247	1	3116
5377	1	5363
11622	1	11486
12035	2	12063
9829	0	56
5512	1	1406
8675	1	8663
6352	1	6162
12077	0	440
7625	0	2112
144	2	154
7072	0	6230
11844	1	11825
6888	4	6843
10151	1	10060
4683	1	4639
3944	0	448
8733	0	2815
3875	0	3878
12084	2	12092
938	0	5
3335	1	3116
5504	1	1406
4431	0	4427
75	3	7542
7701	2	7711
6923	3	9257
7223	1	6941
7764	0	5
2762	2	2792
3665	2	3664
825	3	821
3892	2	3900
8096	0	56
828	0	868
5487	1	1406
1940	1	1790
10986	1	10959
12143	1	12132
11074	1	8731
4771	1	4639
8739	1	8734
7791	2	7803
12101	0	6114
1923	1	1790
10969	1	10959
4618	2	4626
8570	1	8537
5139	2	5138
12317	1	0
8842	1	9006
11486	0	2216
7559	0	658
9839	1	9830
983	1	947
12113	2	12126
2330	0	2214
5468	1	5411
702	1	642
8562	1	8537
12300	1	0
4666	4	4640
9190	1	9181
8667	0	8716
8239	1	3944
3881	0	278
7548	3	5355
10490	0	10487
966	1	947
10060	0	4631
7664	1	7660
10218	2	10249
3058	1	3048
11423	4	11268
384	4	325
1291	2	1321
10071	1	10058
9297	1	9273
5432	2	5547
5069	1	4848
2777	1	2743
11825	0	1627
4989	2	4988
9186	0	276
8358	1	8333
4947	1	4848
1296	1	1270
6443	1	6162
7078	2	7145
1245	3	1242
12078	0	658
3043	0	107
6934	0	658
9280	1	9273
4754	4	4640
5052	1	4848
10063	1	10058
8341	1	8333
1279	1	1270
6426	1	6162
515	2	599
4216	4	4128
5422	1	5409
5413	3	5640
5035	1	4848
5780	1	5655
1817	1	1791
4523	1	4501
3952	0	251
6409	1	6162
9926	2	9960
10488	0	1444
11621	0	32
11784	1	11486
1948	1	1788
11486	3	9363
1800	1	1791
11591	4	11514
194	1	0
6392	1	6162
11477	4	11268
11767	1	11486
6206	2	6220
7104	1	6845
277	3	6841
3946	0	2217
6762	1	6723
10977	1	10957
8077	0	8095
6982	1	6845
11597	0	103
2985	2	3021
9831	0	81
11776	1	11486
177	1	0
3497	1	3116
4451	0	4483
9450	0	135
8187	1	8168
2362	0	47
9674	1	9667
3116	0	3905
11483	0	42
1888	1	1791
7087	1	6845
2816	3	7577
7504	0	7546
10608	1	10582
1298	1	1266
84	3	2803
6965	1	6845
11823	1	11827
8677	1	8667
10060	0	2216
949	3	1261
6297	2	6538
5834	1	5655
8821	4	8762
6964	1	6942
4482	3	9849
1281	1	1266
8297	0	7029
10200	1	9450
931	3	2923
1092	4	878
1273	1	1276
11846	1	11829
11561	2	11560
3066	1	3046
10598	4	10582
3551	2	3550
8366	1	8331
6947	1	6942
11468	1	11268
8112	0	1036
788	2	808
11286	1	11265
4631	3	5355
9288	2	9317
53	3	6103
986	1	878
6094	0	438
474	2	558
4433	1	4428
3347	2	3346
1287	1	1268
3455	1	3116
10441	1	10432
9179	0	160
7601	1	7562
1058	4	878
2364	1	2362
8430	1	8426
4130	2	4131
6745	4	6724
11269	1	11265
5809	1	5655
3821	1	3116
10446	1	10427
969	1	878
637	2	648
121	2	131
8594	2	8593
6098	1	6094
5025	2	5024
6743	2	6744
9547	0	84
3132	4	3116
10720	0	41
2992	1	2966
3423	2	3422
1558	2	1557
5753	4	5719
8812	1	8762
1119	1	1111
11072	1	8731
4804	4	4711
7813	0	7830
1405	0	277
7952	0	7985
10829	1	10824
4273	4	4128
997	1	1111
2500	0	439
4171	2	4170
2975	1	2966
4469	1	4424
11190	2	11206
4378	4	4128
11597	3	2308
12192	2	12231
10188	0	4631
717	1	642
8501	1	8426
75	3	8107
10327	0	90
8254	1	3944
10518	1	10488
6762	2	6761
10329	3	830
9423	1	9366
10816	2	10815
4458	1	4450
8484	1	8426
12249	0	1035
247	3	6113
4671	2	4670
930	3	10482
9486	1	9451
10501	1	10488
5664	1	5655
10647	1	10955
1289	1	1264
356	1	0
6167	1	6160
9825	2	9841
1636	2	1644
9827	0	438
5524	1	5412
1906	1	1790
9185	1	9186
9469	1	9451
11708	2	11743
12171	0	277
10964	0	135
6955	1	6940
11065	0	9815
11938	1	11486
5507	1	5412
12117	1	12101
9478	1	9451
12038	2	12066
11921	1	11486
5490	1	5412
8340	1	8332
2372	1	2360
11624	2	11643
12134	0	2211
6090	0	81
3651	1	3116
5417	1	5414
5291	2	5290
10670	1	10963
12087	2	12095
2111	0	2108
4417	3	7576
6942	0	627
7215	1	6845
938	0	249
4153	1	4125
4126	2	4124
5988	1	5655
1843	1	1788
10516	1	640
10188	0	2216
7952	0	1032
7324	2	7425
5444	1	5410
5971	1	5655
8630	2	8629
10117	2	10128
2285	1	2276
1826	1	1788
11265	0	79
8893	1	8873
7563	0	2816
7626	0	7624
4438	3	8230
391	0	430
6269	2	6511
86	3	9907
1931	1	1788
1699	2	1761
8414	0	7465
10964	0	6230
8731	0	657
1809	1	1788
11066	0	1240
11866	1	11824
3705	1	3116
1844	2	1999
5436	1	5410
12116	2	12129
2578	1	2500
6175	1	6158
377	4	281
1914	1	1788
2587	1	2500
44	3	913
9825	1	9833
11849	1	11824
10528	2	10573
5419	1	5410
7994	4	7990
5515	1	5410
12076	0	110
1897	1	1788
2570	1	2500
3952	3	659
6751	4	640
1543	4	1406
11522	4	11486
5660	2	5678
11008	1	10955
11939	2	11962
6942	0	1245
5412	3	1181
9874	3	9908
11752	2	11758
2553	1	2500
2589	1	2362
6373	2	6614
3252	4	3116
1194	1	878
8744	1	8733
1383	1	1339
5718	2	5717
8075	4	8061
7894	1	7848
640	3	2352
3851	3	10176
8896	1	8873
9684	2	9720
9828	0	9851
2536	1	2500
1035	3	7800
2572	1	2362
10937	4	10582
8065	4	7990
3950	0	53
4023	1	3972
8322	1	8320
4688	4	4639
3907	1	3116
7877	1	7848
11969	0	1441
1295	1	1267
1771	3	3871
6124	2	6137
988	1	946
3340	4	3116
6428	2	6669
12083	1	11486
10971	2	11020
10666	1	10956
2555	1	2362
7625	0	75
3218	4	3116
5317	1	4848
9760	2	9796
4431	0	4484
11268	0	55
1278	1	1267
1091	2	1090
971	1	946
1597	4	1406
2538	1	2362
11509	2	11508
6045	1	5655
640	0	3878
11092	2	11144
11848	1	11825
4654	4	4639
8363	1	8332
11486	0	45
3499	2	3498
7507	0	7549
1301	1	1269
10060	0	1171
3944	0	6116
5656	1	640
8575	4	8537
9743	3	6937
7790	1	7783
6913	0	435
133	3	821
6300	2	6541
10641	1	10956
11831	1	11825
4470	1	4431
9742	0	1337
8346	1	8332
1059	1	946
1284	1	1269
7126	1	7071
6215	1	6209
12032	1	11486
11306	1	11268
4077	1	3972
7262	0	7467
8558	4	8537
6762	1	6162
9206	2	9234
7562	0	4443
4043	2	4042
4453	1	4431
12137	1	11486
5191	4	5254
4973	2	4972
1626	3	3871
8112	0	930
2775	1	2743
12112	1	12106
2944	0	2509
11289	1	11268
11827	0	826
1632	1	1629
2114	0	2113
10426	1	10428
5367	0	5365
4324	2	4323
6940	0	7032
4952	4	4848
1243	3	6109
169	2	209
2870	2	2897
11272	1	11268
2260	1	2233
9203	1	9202
389	0	443
6732	2	6731
1275	0	1336
8074	4	8049
6804	2	6837
10863	4	10582
6941	0	2511
1303	1	1265
4230	1	4128
7884	1	7815
10381	1	10329
637	1	640
5040	4	4848
4035	1	3972
9667	0	41
8321	0	7470
3116	0	445
1286	1	1265
3414	4	3116
11789	4	11486
5365	0	5407
9773	1	9743
11308	1	11264
7284	2	7393
6459	2	6699
7579	3	6113
12075	0	932
6162	0	6208
2931	0	133
12134	0	93
5128	4	4848
4384	2	4382
12114	1	12102
4196	1	4128
9756	1	9743
9770	2	9805
6767	4	6723
11291	1	11264
10500	2	10546
9912	0	10053
9489	1	9454
8932	1	8874
11265	0	2738
8675	1	8667
4301	1	4128
7108	1	7072
2717	1	2362
10650	1	10958
3380	4	3116
1708	1	1408
5111	4	4848
5382	1	5362
8620	1	8537
517	1	451
11274	1	11264
9833	0	933
394	1	390
6209	0	1775
11844	1	11829
8915	1	8874
2534	1	2513
7722	1	7660
4284	1	4128
7091	1	7072
7821	1	7813
8665	0	439
1691	1	1408
2783	1	2741
9962	0	108
10596	4	10582
8924	1	8874
500	1	451
10582	0	244
6158	0	106
2517	1	2513
4256	2	4254
3468	4	3116
9618	1	9547
7074	1	7072
8289	0	135
2766	1	2741
8907	1	8874
8369	1	2114
483	1	451
1406	0	103
4556	2	4613
4512	2	4569
11971	0	86
2540	1	2515
108	3	6111
2484	0	824
7589	0	2738
8578	2	8577
10636	4	10590
7867	1	7847
3051	0	135
8352	1	2114
10523	1	10487
2605	1	2513
104	3	3847
3944	0	3969
11179	0	51
2523	1	2515
645	1	638
199	1	162
499	2	581
9491	1	9450
2515	0	2509
3181	2	3180
12344	2	12351
10506	1	10487
2588	1	2513
6172	1	6159
9689	1	9547
5529	1	5411
5114	4	4848
4830	0	4841
10874	1	10956
11829	0	276
1140	2	1189
5512	1	5411
384	4	329
658	3	2924
6749	4	6724
8898	1	8762
3792	4	3116
10111	2	10121
132	3	3871
11621	0	3874
3725	2	3724
1296	1	1274
8506	4	8426
8683	1	8665
7116	1	7070
4814	4	4815
1143	1	878
8881	1	8762
6158	0	6201
1175	3	1172
12077	0	2351
11603	1	11599
11972	1	11971
9836	1	9826
10247	2	10311
1279	1	1274
4375	1	4128
10531	2	10576
1253	3	8705
9757	2	9791
11767	2	11766
5422	1	5413
7099	1	7070
6277	2	6518
6098	2	6106
9463	1	9455
5655	0	6076
640	0	4443
3758	4	3116
83	3	7544
0	0	451
8325	0	1171
9450	0	5
5290	4	4848
3575	2	3574
1262	1	1274
9268	1	9272
8472	4	8426
5168	4	4848
12022	2	12050
9566	2	9599
10641	1	10582
11011	1	10958
11929	2	11953
11755	2	11761
3566	2	3564
5361	0	57
6376	2	6617
2370	1	2360
8455	4	8426
10207	1	10188
7563	0	4483
10329	0	6200
6160	0	3969
4301	2	4300
640	0	10054
10994	1	10958
327	4	0
6171	2	6187
7217	1	7210
9687	2	9723
5467	1	5416
12077	3	2352
3888	2	3897
7357	2	7472
10060	0	931
454	2	535
5049	2	5048
9962	0	2149
1942	2	2095
2362	0	51
10003	1	9984
1073	1	947
1298	1	1270
991	1	949
5450	1	5416
8735	1	8731
10974	2	11023
949	0	55
5984	4	5655
9962	0	55
4756	4	4640
2218	1	2118
6750	1	6722
10965	1	10956
4158	4	4125
1281	1	1270
12171	0	3851
974	1	949
5433	1	5416
1419	1	640
9995	1	9984
2335	1	2278
9835	1	9827
4739	4	4640
10364	1	10329
5189	4	5286
8366	1	8335
1039	1	947
5976	4	5655
2849	0	2815
886	2	904
2318	1	2278
1828	2	1983
3605	4	3116
2118	0	2228
9399	2	9398
6303	2	6544
3054	1	3045
4124	4	4125
1287	1	1272
9293	1	9270
3944	3	1181
1520	1	1406
1217	1	878
8120	0	420
3588	4	3116
7116	1	1406
5365	0	3878
10014	2	10047
5942	4	5655
9276	1	9270
5360	1	5367
3927	3	1181
1200	1	878
10732	1	10582
10503	1	640
5753	4	5723
7590	1	7592
63	2	72
4212	4	4125
7099	1	1406
6733	4	6723
8034	2	8033
5176	4	5004
9043	1	8762
1813	1	1788
12250	0	12249
10486	1	640
4665	1	4639
8823	4	8762
7506	3	2307
2410	1	2400
11836	2	11875
1674	1	1408
10820	1	10582
949	3	944
9026	1	8762
11824	0	7502
3611	2	3610
1796	1	1788
3888	1	3889
118	2	127
947	3	1037
1657	1	1408
11631	1	11621
4458	1	4454
2360	3	659
8648	1	640
6732	1	6723
9009	1	8762
408	1	391
2402	0	102
9486	1	9455
7057	1	7051
1371	4	1339
1289	1	1268
5379	1	5363
5524	1	5416
6940	0	55
10786	1	10582
1884	1	1788
12075	0	826
5669	1	5654
1294	1	1263
2972	2	3008
10448	1	10427
9469	1	9455
23	0	47
5322	4	4848
251	3	7576
8062	1	7990
8640	1	640
2865	1	2849
5507	1	5416
12117	1	12105
8297	0	430
12075	0	1176
2178	1	8120
10428	0	2738
85	3	2806
5652	1	5654
1277	1	1263
10431	1	10427
10852	1	10961
3337	1	3116
7668	1	7655
3257	2	3256
1611	1	1406
11913	1	7764
10800	2	10799
3994	4	3972
5522	1	3944
9681	1	9547
10960	0	11057
5490	1	5416
10721	1	10718
10874	1	10582
8340	1	8336
7507	0	251
9559	2	9593
1271	0	6
10315	3	6937
11486	0	102
5288	4	4848
401	2	417
5505	1	3944
8503	1	8426
5368	1	5365
7864	1	7848
6896	4	6845
3983	2	3982
4651	1	4639
8320	0	1176
3425	1	3116
10437	1	10429
1699	1	1406
4082	4	3972
12203	1	12171
8035	4	7990
11229	2	11254
6767	4	6162
6741	4	6721
5488	1	3944
12104	0	79
11006	1	10963
461	2	545
2983	1	2968
1119	2	1153
9455	0	57
4515	2	4572
1682	1	1406
2400	0	278
9778	1	9742
12186	1	12171
8331	0	1048
1417	2	1434
1908	1	1790
5444	1	5414
5287	1	4848
1178	3	916
5742	2	5741
7506	3	1181
8853	2	8864
6862	4	6845
10904	2	10902
10822	0	278
10526	1	10490
3391	1	3116
5222	4	5303
4269	4	4125
1665	1	1406
4048	4	3972
8109	3	8292
6159	0	3938
3946	0	3941
6789	1	6774
12075	0	1444
8937	1	8873
5190	4	5034
4617	3	4634
6023	2	6022
12347	2	12354
6087	4	5655
6175	1	6162
8199	1	8153
4449	1	4452
3175	1	3116
7327	2	7487
6280	1	6162
5370	1	5361
8098	1	8096
5515	1	5414
9850	3	9849
11533	1	11486
2211	3	7544
10079	1	10060
7559	3	7569
6263	1	6162
3955	2	3963
8170	1	8151
10965	1	10582
3941	3	3947
5432	1	1406
7589	0	83
2180	2	2200
11008	1	10959
383	4	317
6853	1	6845
8332	0	55
8151	0	8238
11621	0	7501
10062	1	10060
949	3	1241
8618	1	8537
7349	2	7448
10948	1	10582
6280	2	6521
5415	1	1406
9828	0	56
8320	0	6116
6394	1	6162
8290	3	8317
1933	1	1788
12025	2	12053
9569	2	9602
11620	2	11640
1851	1	1790
2296	3	2308
179	1	0
10067	2	10091
3944	0	6925
10666	1	10960
6177	1	6158
1916	1	1788
8540	2	8539
10962	1	10957
2499	0	618
4272	4	4128
1834	1	1790
5478	1	5409
3482	1	3116
492	2	575
7509	1	7506
7593	1	7563
7865	1	7847
1899	1	1788
3587	1	3116
11848	1	11829
6465	1	6162
11486	0	49
3655	2	3654
5461	1	5409
7320	2	7422
1503	3	5400
12169	0	829
1599	2	1600
8738	1	8734
10977	2	11026
12105	0	5406
10906	1	10582
1564	2	1563
2121	1	2116
9628	2	9651
4875	1	4848
9496	1	4830
7783	0	278
11831	1	11829
10641	1	10960
8360	2	8398
12101	0	109
2285	2	2294
8351	1	8331
4190	2	4191
12101	0	1048
9479	1	4830
7660	0	375
11325	2	11386
4782	4	4675
8067	4	7990
11825	3	3114
1171	3	2803
1831	2	1986
7506	3	7544
4963	1	4848
4415	0	1031
10426	1	10432
7734	1	7559
6337	1	6162
7572	3	7573
4127	4	4128
6091	2	6100
82	3	7800
1370	1	1339
7717	1	7559
12100	1	12105
10595	2	10594
6320	1	6162
11599	0	2216
8424	1	8423
4979	2	4978
11525	2	11524
9696	1	9667
11935	2	11959
6772	1	6721
8169	0	8237
7506	0	2304
10239	1	9450
11486	0	11621
6910	1	6845
10582	0	10718
12106	0	1177
11704	1	11486
8740	1	8730
5658	1	640
10876	2	10875
7890	1	7845
7359	1	7262
6755	1	6721
6164	2	6181
10007	1	9912
6893	1	6845
9043	1	9006
6408	1	6162
11687	1	11486
11659	0	239
917	3	10180
11621	0	93
7873	1	7845
1291	1	1264
4346	4	4128
10111	1	10060
4455	1	4431
352	2	351
8670	1	8665
2278	0	278
193	1	0
9990	1	9912
9026	1	9006
8469	1	8426
11670	1	11486
57	3	7944
6957	1	6940
9829	0	2508
10216	1	10060
2881	2	2907
7071	0	135
7856	1	7845
9391	1	9366
9921	2	9945
8289	0	5
6981	1	6845
9761	1	9742
11839	1	11827
7665	1	7656
3059	1	3044
8528	1	8526
6278	1	6162
7583	3	7576
5382	1	5366
9009	1	9006
8186	1	8168
10199	1	10060
10451	1	10430
11280	2	11340
9744	1	9742
5518	1	5409
3042	1	3044
2744	3	2809
11621	3	10324
9281	1	9269
6092	0	81
5208	4	5071
12307	2	12331
12272	2	12294
1280	1	1266
10434	1	10430
2118	0	57
6738	4	6722
4458	2	4495
2400	0	2482
2767	2	2795
5720	1	5655
880	1	878
7658	0	1035
6091	1	6092
7524	2	7543
3251	2	3249
7070	0	1177
1862	2	2016
662	1	642
8664	2	8719
2400	3	659
12077	0	932
10826	2	10834
10582	0	5859
395	1	0
109	3	1244
6845	3	2441
12101	0	56
645	1	642
11829	0	5407
2354	0	57
11085	1	11066
11977	1	11486
1205	4	878
5367	0	55
8197	2	8231
378	1	0
9888	2	9904
642	0	658
9496	1	9449
6212	2	6222
4085	2	4084
6356	2	6597
11068	1	11066
10874	1	10960
3585	1	3116
5473	1	5414
1623	3	91
8856	2	8867
4005	1	3972
4616	0	83
1633	1	1405
8565	4	640
5117	1	4848
9479	1	9449
2119	1	2116
4468	1	4424
3944	0	135
5517	1	5410
4209	1	4125
4830	0	657
3673	1	3116
9220	1	640
3048	0	110
5500	1	5410
11590	4	11485
8653	4	640
9471	1	9449
1882	1	1788
5655	0	6080
10058	0	134
57	3	8107
11857	1	11826
6457	1	6162
3187	1	3116
3731	2	3730
10791	4	10582
10203	2	10268
7953	3	7950
114	1	112
5002	4	5003
4175	1	4125
11832	1	11486
9830	0	9851
3761	1	3116
5811	1	5655
133	3	10250
11840	1	11826
4554	1	4501
4679	1	4640
1368	1	1339
11635	1	11621
12134	0	44
6099	1	6090
8619	4	640
11226	1	11214
134	3	9907
5475	1	5410
7953	0	81
4266	2	4267
1788	0	55
1463	2	1493
10757	4	10582
257	2	267
11798	1	11486
1936	1	1791
7135	1	6845
12028	2	12056
11093	1	11064
2362	0	55
82	3	71
1274	0	1336
10017	2	10050
8033	4	7990
8436	2	8450
1517	4	1408
3572	2	3570
4656	4	4639
6160	0	6201
1919	1	1791
7118	1	6845
3047	0	132
10965	1	10960
956	1	946
3308	4	3116
796	2	816
4307	2	4306
1582	4	1406
11860	2	11899
9835	1	9831
8325	0	2948
7101	1	6845
2743	0	135
3116	0	75
4744	4	4639
12169	0	134
0	0	134
12185	2	12224
42	3	8103
9631	2	9654
3054	1	3049
1588	4	1408
1287	1	1276
8363	2	8401
1077	2	1076
4869	2	4887
10996	1	10958
1292	1	1271
3747	1	3116
11865	1	11824
7219	1	7210
6913	0	1622
687	2	726
385	4	332
10950	1	10822
11824	3	9363
1571	4	1408
1689	2	1751
3043	0	278
4710	4	4639
3852	1	3116
532	1	0
1834	2	1989
10429	0	7581
10964	0	7580
7117	1	7073
11827	0	135
5418	1	5410
8631	4	8537
8096	0	3878
11538	4	11486
5526	1	1406
931	3	10181
7887	1	7846
3835	1	3116
10234	2	10298
3944	0	82
9912	0	2112
7100	1	7073
12088	1	11486
59	3	77
6264	2	6505
5467	1	3944
2483	1	2362
3146	4	3116
1474	1	1408
8128	2	8141
5509	1	1406
7870	1	7846
8152	0	247
12193	1	11486
1133	1	1111
4337	1	4125
3875	0	829
9159	4	8762
5450	1	3944
2486	3	659
4501	0	82
1457	1	1408
8200	1	8169
8040	2	8039
10315	0	10323
7853	1	7846
10058	0	81
2936	3	7542
6758	1	6724
3801	1	3116
12176	1	11486
1116	1	1111
2571	1	2362
10936	4	10582
3234	4	3116
5433	1	3944
6845	0	7246
278	3	6113
4539	2	4596
8183	1	8169
1111	0	658
6790	2	6823
1294	1	1267
4329	1	4125
11598	0	110
8336	0	55
23	0	51
11187	1	11179
2554	1	2362
6901	2	6900
10919	4	10582
6746	1	6719
9474	1	9454
8153	3	8230
9969	1	3944
1277	1	1267
6884	1	6843
6932	3	6938
970	1	946
12132	0	57
1548	2	1547
3946	3	2820
4196	2	4197
11621	0	1626
10076	1	5365
8362	1	8332
9225	1	9202
451	0	445
3053	2	3083
6867	1	6843
8660	2	8659
2768	1	2741
10315	3	10324
9150	1	8762
9829	0	658
3043	0	1246
11082	2	11134
12310	2	12334
10059	1	5365
636	3	633
10002	1	640
7125	1	7071
9871	0	7548
468	1	451
6859	1	6843
2770	2	2798
3436	4	3116
201	1	162
3254	2	3252
4968	4	4848
2774	1	2743
9160	2	9159
1865	2	2019
8688	1	3944
9116	1	8762
12169	0	81
0	0	81
2360	0	44
7074	2	7141
9485	1	2116
2500	0	2704
7620	2	7622
1194	2	1193
3989	2	3988
8096	0	658
184	1	162
4141	1	4128
4951	4	4848
2757	1	2743
12077	0	1176
892	1	878
80	3	7944
3946	0	3945
4737	2	4736
3524	4	3116
2944	0	826
5524	1	3944
4934	4	4848
10634	2	10633
2596	1	2515
12076	0	1623
7268	2	7381
5860	3	7800
5507	1	3944
3046	0	1246
1797	1	1791
7275	1	7262
9482	1	9452
429	3	9849
1341	4	1339
9404	4	9366
6898	4	6845
2579	1	2515
3116	0	3889
7559	3	7573
1902	1	1791
5490	1	3944
1406	0	1774
8365	1	8335
11829	0	4846
11008	1	10963
50	3	2811
6979	1	6845
11837	1	11827
9465	1	9452
383	4	321
2562	1	2515
10137	2	10160
11484	0	437
5503	1	5413
9546	1	9547
4195	1	4128
2484	0	2495
11749	0	2482
1602	1	1408
4820	4	4736
8666	3	4637
1885	1	1791
7084	1	6845
8348	1	8335
10964	0	1245
12265	2	12288
638	0	277
7992	2	7994
4844	3	6112
9455	0	9539
6119	1	6093
11825	0	135
6941	0	7028
5486	1	5413
3039	3	7576
9457	1	9452
9204	0	134
1868	1	1791
5733	4	5655
4148	2	4146
6118	3	6108
7346	1	7262
12136	1	12134
9202	0	9266
7592	0	2807
5109	2	5108
5258	4	4848
2533	1	2513
9634	1	9547
10192	1	10188
10666	1	10964
11597	3	11607
2278	3	767
11193	2	11209
3944	3	7577
9743	0	1036
5478	1	5413
5241	4	4848
2516	1	2513
7955	0	53
983	1	878
8296	2	8307
295	4	0
976	1	949
5003	2	5002
2813	3	2809
10081	1	10060
133	3	2923
5461	1	5413
966	1	878
8889	1	8874
6780	1	6776
959	1	949
10522	1	10487
799	2	819
10856	2	10855
10064	1	10060
1071	1	878
12076	0	7502
3942	0	3938
8351	1	8335
11862	1	11825
6912	3	2352
10826	1	10824
2449	1	2362
7262	0	4442
6171	1	6159
7564	1	7562
6845	0	106
10246	1	10188
4412	3	4422
1651	2	1715
8792	1	8762
7890	2	7940
3686	4	3116
6924	0	1254
3171	2	3170
11845	1	11825
11400	2	11399
1423	1	1408
8366	2	8404
11179	0	246
11828	1	11825
7209	2	7228
690	2	729
2415	1	2362
3678	4	3116
876	0	829
11264	0	128
5079	4	4848
11004	1	10956
8168	0	8237
5462	2	5573
11602	1	11599
11476	2	11475
4197	4	4125
3976	4	3972
7504	0	2216
10987	1	10956
886	1	876
7953	0	943
8892	1	8874
4180	4	4125
10237	2	10301
8745	1	8729
9449	0	5
3049	3	3114
4357	1	4128
5071	4	4848
6267	2	6508
7561	1	3944
11531	2	11530
9436	4	9366
1291	1	1268
7051	0	246
8875	1	8874
984	1	947
7845	3	91
8728	1	8729
3047	0	55
2590	1	2513
5054	4	4848
6849	2	6848
2369	1	2360
9556	2	9589
12301	1	0
4268	4	4125
9191	1	9181
3076	1	3045
3191	1	3116
967	1	947
10060	0	53
11803	4	11486
7665	1	7660
2296	0	83
3317	2	3316
7889	1	7952
8359	1	8333
7137	2	7205
7139	1	7072
12075	0	135
12078	0	2496
11748	0	79
5518	1	5413
9298	1	9270
4065	2	4064
11230	1	11214
9637	2	9660
9624	2	9648
3126	2	3124
8244	1	8241
8342	1	8333
1280	1	1270
7506	0	1048
7122	1	7072
6427	1	6162
11213	1	11214
10439	1	10429
7595	1	7592
9228	1	9205
7105	1	7072
12104	0	7548
5339	2	5349
7960	1	7952
10643	1	10582
6122	2	6134
3951	1	3952
2876	1	2744
9632	1	9547
7088	1	7072
1216	1	878
1818	2	1973
10786	2	10785
133	3	7542
10626	1	10582
7073	0	135
4685	2	4684
2933	1	2931
4050	4	3972
7271	2	7475
2594	1	2362
12106	0	55
8733	0	278
2859	1	2744
3070	1	3051
12102	0	824
6845	0	53
5652	2	5672
2592	2	2680
8188	1	8168
10511	1	10490
1299	1	1266
10874	1	10964
3880	2	3883
10721	2	10736
1650	1	1406
6094	0	6114
7812	0	7834
1568	1	1408
401	1	389
451	0	823
5409	3	1181
3718	4	3116
8423	3	1229
8171	1	8168
10494	1	10490
7726	2	7742
1282	1	1266
6072	4	5655
5517	1	5414
4016	4	3972
1093	4	878
8168	0	829
1623	3	7800
9703	1	9547
8828	2	8772
11264	0	75
5655	0	823
391	0	93
2449	1	2443
8320	0	8324
5500	1	5414
3945	0	3933
8290	0	428
1076	4	878
2500	3	2441
8551	1	640
9542	2	9544
6763	4	6724
11287	1	11265
3806	4	3116
1176	3	6108
5655	0	2112
277	3	1242
6248	1	6162
7104	1	7073
4104	4	3972
7130	1	7070
6730	1	640
9830	0	56
11270	1	11265
2303	1	2278
4096	2	4094
4308	4	4125
7087	1	7073
9926	1	9912
6751	4	6719
3231	1	3116
10932	2	10931
7073	0	6230
3875	0	81
5496	1	1406
2177	1	8120
10427	0	2738
7660	0	5
3805	1	3116
485	1	0
7070	0	55
6214	1	6162
7563	0	4841
7765	0	5
10999	1	10961
6872	4	6843
4667	1	4639
3247	2	3246
9129	4	8762
12169	0	943
10955	0	1243
1819	1	1790
10982	1	10961
10724	2	10739
10519	1	10488
9144	2	9143
10804	2	10803
11004	1	10582
3045	0	55
5471	1	1406
11615	0	277
1924	1	1790
9448	1	9450
988	2	1019
2744	0	2812
11824	0	826
841	1	828
5655	0	1441
390	0	105
1802	1	1790
10316	1	10315
9121	4	8762
10502	1	10488
2399	1	2402
6168	1	6160
638	0	655
116	1	112
8192	1	8151
11219	2	11244
2955	1	2951
10987	1	10582
7095	2	7162
5454	1	1406
2916	1	2744
3116	0	79
1907	1	1790
5998	4	5655
7660	0	3872
12074	1	12078
4738	1	4639
280	2	279
9205	0	3926
113	0	128
12140	2	12153
5508	1	5412
7354	2	7451
6343	2	6584
1890	1	1790
6979	2	7020
1300	1	1265
9184	0	6200
10432	3	3114
8423	0	929
8729	0	55
10072	1	10058
1292	1	1275
623	3	614
5037	4	4848
9922	1	3944
3641	2	3640
8546	1	8537
5951	2	5950
4650	4	4640
8790	2	8789
2244	2	2243
2332	1	2278
9182	0	86
1873	1	1790
1283	1	1265
7591	0	81
7095	1	7071
5418	1	5414
6940	0	5406
6883	1	6912
3043	0	632
8608	1	640
8111	1	8112
4931	1	4848
3393	2	3392
9331	0	4631
1528	2	1527
4367	2	4366
10212	2	10277
59	0	2816
7719	0	134
8333	0	2816
3940	3	3947
2944	0	78
1844	1	1788
6093	0	1256
2585	2	2674
10517	1	640
11007	1	10959
7968	2	7988
5465	2	5576
6410	1	6162
4200	4	4128
4428	0	4441
1705	1	1408
1607	4	1408
2400	0	2112
5731	4	5655
389	0	106
7344	1	7262
6740	1	6721
11186	2	11203
1827	1	1788
10500	1	640
10990	1	10959
195	1	0
9992	1	9912
6393	1	6162
1688	1	1408
7339	2	7438
7627	1	7624
7698	2	7715
9547	0	930
1294	1	1271
178	1	0
8426	3	2358
6376	1	6162
8432	2	8447
9335	1	9273
2407	1	2400
9483	2	9525
8320	0	7466
4013	2	4012
2744	3	2923
10817	1	10582
1915	1	1788
6774	0	5
8526	3	1229
6746	1	6723
10004	2	10037
6966	1	6845
1277	1	1271
161	1	0
9354	2	9360
4761	2	4760
6359	1	6162
8875	2	8939
11638	1	11486
5528	1	1406
9991	1	9985
8349	1	2114
7892	1	7955
6368	1	6162
642	0	638
6949	1	6845
8362	1	8336
3368	1	3116
4501	3	87
12313	1	0
144	1	0
11847	2	11886
5655	0	99
1300	2	1330
5511	1	1406
10430	0	6921
10840	1	10964
7131	2	7198
6913	0	6916
6169	1	6159
5526	1	5411
10967	2	11016
1060	2	1061
10582	0	2940
8732	2	8748
8350	1	8331
8077	0	244
32	3	6108
5509	1	5411
3855	1	3853
8797	4	8762
11709	1	11486
2486	0	44
12169	0	85
7963	1	7955
3908	1	3116
6903	1	6843
824	3	821
3439	1	3116
1676	2	1738
8095	0	56
9331	0	4444
8672	2	8721
6729	4	6724
0	0	435
8738	2	8750
6912	3	4637
7728	1	7719
5133	2	5132
12200	1	12171
822	0	57
5776	1	5655
10582	0	41
6940	0	4414
9453	1	4830
246	3	7776
10585	2	10584
4257	4	4128
718	1	642
11484	0	1246
5463	1	5409
2354	0	655
11515	2	11514
5657	1	640
9912	0	9984
8255	1	3944
893	2	908
11581	1	11486
6985	1	6942
10660	1	10957
7729	2	7745
701	1	642
3323	2	3322
10444	1	10428
10430	3	3114
8433	2	8449
10070	1	10058
7952	0	6200
11212	0	157
2776	1	2743
4454	3	4477
5206	4	5270
3119	2	3118
9828	0	2508
6094	3	2441
1273	1	1264
4328	4	4128
8300	1	8290
789	1	642
5223	4	5246
4617	0	132
8527	1	8526
4753	4	4640
667	1	642
5051	1	4848
8415	2	8418
2759	1	2743
6118	3	6112
11110	1	8731
9373	1	9366
772	1	642
11800	1	11486
10428	0	7581
7646	1	7625
4769	1	4640
9698	1	9667
6419	2	6660
8662	1	8666
4647	1	4640
2598	1	2515
11270	2	11330
306	1	0
5139	1	4848
1811	2	1967
7955	0	57
11078	1	11064
5414	3	1180
4752	1	4640
2181	1	2118
11002	1	10964
4415	0	3938
3513	1	3116
2581	1	2515
8413	1	8414
3695	2	3694
1904	1	1791
3945	0	2217
298	1	0
7113	1	1406
2164	1	2118
10985	1	10964
9273	0	9270
1221	4	878
3128	4	3116
7764	3	1230
9673	1	9667
1887	1	1791
991	2	1022
3601	1	3116
7096	1	1406
5449	1	5412
4718	1	4640
11976	1	11486
949	0	657
7786	2	7796
10668	1	10955
3936	0	658
7592	0	7617
5955	1	5655
11854	1	11486
11222	2	11247
1810	1	1788
5366	0	85
5833	1	5655
12036	2	12064
9204	0	9266
3051	3	2137
1573	4	1408
12143	2	12156
2402	0	86
12268	1	12249
1793	1	1788
6346	2	6587
501	1	451
3689	1	3116
3567	1	3116
11942	1	11486
6043	1	5655
10800	1	10582
11236	1	11212
2456	2	2475
5921	1	5655
11264	0	132
8290	0	135
7054	1	7051
11004	1	10960
11833	1	11824
5834	2	5866
7560	3	7576
1539	4	1408
3875	0	943
5945	2	5943
11219	1	11212
635	3	633
7781	0	7808
10987	1	10960
128	3	1241
10916	2	10915
2606	1	2513
8745	1	8733
1384	1	1339
6159	0	55
1073	1	878
12075	0	5
9453	1	9449
11486	0	86
7812	3	2819
2537	1	2500
5363	3	5400
5655	0	75
11621	0	101
3957	1	3950
6718	4	640
4553	1	4501
2451	1	2362
4	0	1036
4992	4	4993
8728	1	8733
9204	0	1240
8323	1	8320
10773	4	10582
9985	0	2112
6743	1	6724
2931	0	2939
6845	3	87
2520	1	2500
12204	2	12243
1842	2	1997
2556	1	2362
5474	1	5410
3076	1	3049
5405	3	9257
4536	1	4501
10060	0	57
981	2	1013
1350	1	1339
4672	4	4639
3891	1	3116
8899	1	8762
7861	1	7848
1039	1	878
5192	4	5326
6726	1	6724
972	1	946
3324	4	3116
1403	2	1402
2539	1	2362
5457	1	5410
3202	4	3116
8665	3	3947
5301	1	4848
9486	2	9528
2716	2	2720
1144	1	878
10885	1	10957
8882	1	8762
113	0	51
9485	1	9451
7844	1	7848
2192	2	2213
1115	2	1149
9853	0	2929
10007	2	10040
955	1	946
5367	0	5406
1581	4	1406
2522	1	2362
1280	1	1274
5440	1	5410
8490	4	8426
6972	2	7014
7791	1	7783
7581	3	6112
2183	2	2203
9051	2	9103
11004	2	11049
4638	4	4639
162	0	248
11597	0	11610
8762	0	6114
8762	3	5631
1060	1	946
1285	1	1269
8347	1	8332
2591	1	2500
2931	0	40
786	2	806
3944	0	7580
6216	1	6209
3290	4	3116
5506	1	5412
12033	1	11486
7585	3	7574
11850	2	11889
5267	1	4848
8414	0	2326
11934	1	11919
641	0	276
7059	1	6940
8934	1	8873
2278	3	2357
10060	3	1778
7110	1	7071
7134	2	7201
12113	1	12106
11621	0	2813
5384	1	5361
8690	1	3944
3049	0	55
10428	0	1246
9982	1	9983
2118	0	8120
2741	3	2809
1633	1	1629
135	3	6110
4726	4	4639
6746	1	6162
10942	2	10941
8917	1	8873
12171	0	78
9216	1	9204
7093	1	7071
8673	1	3944
3377	2	3376
5194	4	5322
9181	0	82
6768	1	6722
7214	1	6845
8900	1	8873
8006	1	7990
6094	0	6118
2742	1	2743
8112	3	8118
7812	0	7838
8736	1	8731
11486	0	2932
8624	2	8623
4452	0	4484
7886	1	7846
2244	1	2233
7885	1	7815
10382	1	10329
5032	4	5033
9827	0	6200
5368	2	5387
6084	3	6139
451	0	1177
75	3	821
7869	1	7846
10224	2	10288
12078	0	85
2594	1	2500
7868	1	7815
10365	1	10329
4240	1	4125
5024	4	4848
9205	0	5406
4019	1	3972
7356	2	7495
3945	0	3937
7764	0	50
1176	3	6112
9124	2	9123
9493	1	9449
4406	0	160
7852	1	7846
12115	1	12102
7851	1	7815
3997	2	3996
9757	1	9743
7661	1	7657
10663	1	10960
4223	1	4125
10348	1	10329
7732	2	7748
6174	1	6158
9054	2	9106
7579	3	7577
8182	1	8169
2500	0	53
8475	2	8474
3771	2	3770
55	3	6108
2414	2	2432
10646	1	10960
2554	2	2648
11861	1	7658
5514	1	5410
2861	1	2744
6751	4	6723
11275	1	11264
4990	4	4848
7582	3	5400
7658	0	2950
5474	2	5582
7822	1	7813
2784	1	2741
4163	1	4128
7562	0	1048
8609	2	8610
6959	2	7000
5497	1	5410
9044	1	8762
12101	0	1032
7071	0	440
2874	2	2900
6845	0	86
9829	0	6196
9224	1	9202
11707	1	11681
1406	0	278
1675	1	1408
7733	1	7718
2767	1	2741
10188	0	57
9828	0	658
484	1	451
11268	0	11265
7548	3	5400
9027	1	8762
1113	2	1183
6845	0	4408
9827	0	9851
6422	2	6663
3452	4	3116
11273	2	11333
10001	1	640
11690	1	11681
5365	0	2817
1658	1	1408
2750	1	2741
885	1	876
9448	1	9454
6782	1	6776
10804	1	10582
467	1	451
10524	1	10487
6413	2	6653
1085	2	1084
375	3	1242
2853	2	2885
6941	0	55
5654	0	44
3116	0	83
2362	3	660
450	1	451
10507	1	10487
2589	1	2513
3322	4	3116
10427	0	7548
10248	1	10188
10648	1	10956
11918	2	11943
5508	1	5416
9475	1	9450
1075	1	946
2499	0	2509
5655	0	640
2572	1	2513
3832	2	3833
10329	0	2508
8737	1	8730
10231	1	10188
9742	3	6937
2589	2	2714
8046	1	7990
2741	0	2808
3944	0	1245
10967	1	10955
11212	0	80
6874	4	6843
3410	4	3116
1272	0	6
8684	1	8665
1283	1	1269
8325	0	57
2555	1	2513
5496	1	5411
11486	0	11739
8003	2	8020
9467	1	9450
7514	1	7504
11973	1	11971
9351	3	9364
10136	2	10184
8899	2	8963
11853	1	11827
8321	0	1176
2538	1	2513
2968	3	2352
0	0	626
4848	3	4896
3853	0	277
4438	3	5400
11826	0	826
2459	2	2478
11918	1	11825
4757	1	4639
3944	0	440
11007	1	10963
2118	0	2135
11836	1	11827
9971	1	9962
11552	4	11486
7111	2	7178
3478	2	3479
2118	0	41
10582	0	1171
7507	3	1181
5471	1	5411
10990	1	10963
4428	0	2351
4342	1	4128
8110	3	8107
5152	4	4848
7769	1	7764
50	3	7544
9853	0	8166
3434	2	3432
5454	1	5411
4631	3	5400
926	0	931
8365	1	2114
4652	4	4640
1700	2	1762
8644	1	8537
2260	2	2259
7562	0	56
311	4	0
952	1	947
2483	2	2490
1845	2	2000
9293	1	451
828	0	55
9764	2	9799
4728	2	4819
984	2	1016
8348	1	2114
10591	1	10582
8414	3	2357
10805	2	10806
9276	1	451
2169	4	2118
9489	2	9531
12104	0	1246
6734	1	6722
7846	0	829
6092	3	6108
9172	1	8762
3116	0	246
2154	2	2153
8931	1	8874
7059	1	7050
1040	1	947
11539	2	11538
7517	1	7507
958	1	949
8333	0	55
1634	2	1642
1416	1	1406
255	0	239
7247	0	7255
11981	1	11969
8665	0	106
2186	2	2206
11007	2	11052
12249	3	89
8350	1	8335
3484	4	3116
7721	1	7660
10846	2	10845
7860	1	7815
10825	1	10824
128	3	3847
5364	1	5362
6330	2	6571
8602	1	8537
11853	2	11892
9912	0	55
4706	4	4640
4465	1	4424
2168	1	2118
3467	4	3116
12349	1	0
7704	1	7660
5943	4	5655
10718	0	1246
6845	0	6933
5302	2	5303
4848	0	1028
7883	1	7847
6093	0	134
4777	4	4664
5479	1	5409
11390	2	11389
5926	4	5655
1408	0	1504
7044	1	6912
8824	4	8762
246	3	6841
7866	1	7847
3555	4	3116
7083	1	1406
7815	0	2738
5462	1	5409
198	1	162
5463	1	5413
8905	1	8762
8369	1	8331
7849	1	7847
1947	2	2099
3069	1	3043
7952	0	943
11632	1	11621
8426	3	1236
10660	1	10961
4849	2	4847
10771	4	10582
7322	2	7423
3043	0	933
1363	4	1339
5892	4	5655
10016	1	9984
9179	0	2112
2816	3	7569
9487	1	9455
9853	3	6937
10453	1	640
8352	1	8331
107	3	7544
4774	4	4656
5655	0	132
7132	1	7070
8762	0	2304
6162	0	2305
5922	2	5923
3052	1	3043
9480	1	4830
6257	2	6498
9332	1	9331
5887	2	5886
1687	2	1748
12076	0	826
2516	2	2612
392	1	391
4454	3	4481
10665	1	10582
9470	1	9455
4310	4	4125
10436	1	640
1355	4	1339
9418	4	9366
1273	1	1268
947	0	109
7115	1	7070
278	3	7573
7764	0	2738
9577	1	9547
9057	2	9109
6731	4	6724
10770	1	10582
947	0	1048
7618	3	10250
9912	0	673
10648	1	10582
2178	1	2229
8260	1	8241
8488	4	8426
1338	4	1339
7098	1	7070
5491	1	5416
11486	0	277
9560	1	9547
9743	0	105
5657	2	5675
9667	0	5
658	3	6108
5477	2	5585
8243	1	8241
2302	1	2297
1216	2	1215
10601	2	10600
7081	1	7070
1127	2	1160
52	3	2806
10329	0	40
2744	0	2926
9832	0	2816
8153	0	8237
8346	2	8385
5272	4	4848
9450	0	8316
1578	1	1406
9044	1	9006
8590	1	640
3046	0	933
2443	0	244
9873	1	9870
2770	1	2744
2931	0	1036
5362	0	135
7696	2	7708
8301	2	8310
10019	1	9984
7959	1	7952
7874	1	7845
9409	1	9366
6798	2	6831
1618	3	10176
3287	1	3116
3952	0	56
6751	4	6162
4506	1	4501
9631	1	9547
9027	1	9006
11309	1	11265
11971	0	1444
6919	3	8705
2930	3	5400
10527	1	10490
5694	2	5699
5449	1	5416
8290	0	5
10668	1	10959
6752	1	640
11974	2	11987
12076	0	1444
10776	2	10775
1095	1	949
10510	1	10490
9835	1	7050
6176	1	6162
7589	0	4446
9375	1	9366
8200	1	8153
11749	0	75
4032	4	3972
9745	1	9742
7595	2	7608
1875	1	1790
6093	0	81
7815	0	7812
8160	3	821
10493	1	10490
5447	1	3944
8183	1	8153
1454	1	1408
9185	1	9178
2183	1	2118
11004	1	10964
4689	1	4639
8335	0	2816
5430	1	3944
6054	4	5655
7623	2	7635
9840	1	9829
8344	1	8336
4228	4	4125
8902	2	8966
10987	1	10964
3944	3	6109
396	1	0
1946	1	1790
5482	1	5414
2867	2	2894
6114	3	6109
2486	0	829
5655	0	79
501	1	0
4211	4	4125
10670	1	10955
8733	0	2112
3943	3	2820
10932	1	10582
11074	2	11128
1812	1	1788
12078	0	276
10975	1	10959
4168	4	4128
9222	1	9202
4194	4	4125
8241	0	2439
5474	1	5414
7560	0	438
10922	2	10921
6406	2	6647
1795	1	1788
2443	0	57
6912	0	428
10442	2	10469
9480	1	9449
5836	2	5857
3691	1	3116
9999	1	640
5655	0	5690
9130	1	8762
5457	1	5414
7594	1	7563
8742	1	8729
4210	1	4125
10802	1	10582
1900	1	1788
10885	1	10961
2766	2	2794
2277	1	2278
9682	2	9716
7056	1	7051
3064	1	3048
9221	1	640
1297	1	1275
946	3	1181
5440	1	5414
1937	2	2088
8153	0	829
1883	1	1788
6461	2	6702
8347	1	8336
1801	1	1790
11858	1	11826
5416	0	3944
10248	2	10312
5506	1	5416
9286	1	9273
10890	1	10582
8191	1	8151
8667	0	658
5453	1	1406
1866	1	1788
7662	2	7679
930	3	3871
4222	4	4128
6159	0	6154
10824	0	128
11841	1	11826
9985	0	6922
5384	1	5365
7506	0	251
11317	2	11376
1889	1	1790
6095	1	3944
9962	0	6085
8054	2	8053
12171	0	82
8051	4	7990
2446	1	2400
4538	1	4501
4616	0	4633
6333	2	6574
9429	2	9428
11000	1	10957
2777	2	2800
4521	1	4501
5941	2	5940
8780	2	8779
4755	1	4639
6160	0	1623
10983	1	10957
7660	0	1034
8741	1	8730
1681	1	1406
4064	4	3972
8554	2	8553
12185	1	12171
10060	0	1029
1177	3	916
4390	4	4125
4798	4	4704
1518	2	1517
9452	0	9539
1664	1	1406
532	2	616
8561	4	8537
12078	0	1028
9463	1	2116
7560	0	251
12133	1	12134
7343	1	7262
6970	1	6942
3495	1	3116
4373	4	4125
4456	1	4431
9991	1	9912
6877	1	6845
3072	1	3046
12115	1	12106
10663	1	10964
5509	2	5614
977	2	1010
2400	0	79
7815	0	3921
8642	1	8537
4063	1	3972
9830	0	2508
7857	1	7845
11486	0	2481
11549	1	11486
5439	1	1406
7326	1	7262
6953	1	6942
635	0	636
55	3	6112
6279	1	6162
7135	1	7073
7505	1	7506
3279	1	3116
10646	1	10964
5514	1	5414
11275	1	11268
3881	3	3847
11066	0	106
2519	2	2615
7309	1	7262
4313	4	4128
10078	1	10060
10447	1	10432
6262	1	6162
2513	0	2112
7118	1	7073
4003	2	4002
11637	1	11486
5497	1	5414
5527	1	1406
10315	0	134
4871	1	4848
9492	1	4830
11515	1	11486
8078	4	8077
7815	0	83
4296	4	4128
6948	1	6845
10061	1	10060
5502	1	5409
4751	2	4750
9829	0	6200
6245	1	6162
7101	1	7073
2998	1	2966
8615	4	8537
11620	1	11486
9563	2	9596
7956	1	7953
5510	1	1406
6094	0	6151
3819	1	3116
11597	0	823
12075	0	440
5485	1	5409
12105	0	2495
11837	2	11876
3350	1	3116
5180	4	5272
10930	1	10582
5704	1	5655
8201	1	8169
5493	1	1406
10149	1	10060
6364	2	6604
7813	3	659
8349	2	8388
5197	4	5248
6845	3	6938
5251	2	5250
12193	1	12169
11708	1	11486
8304	2	8313
10970	1	10964
8184	1	8169
6801	2	6834
5224	4	5100
9284	2	9313
7764	0	83
10648	1	10960
8094	0	56
11434	1	11268
12176	1	12169
4397	2	4396
12141	1	12132
1406	0	766
6978	1	6940
1276	0	1335
9475	1	9454
8167	1	8169
10449	1	10428
5327	2	5326
9970	1	3944
8737	1	8734
11621	0	81
875	1	1111
2741	0	2812
10967	1	10959
10582	0	102
6093	3	88
6961	1	6940
5123	2	5122
2522	2	2618
3941	0	3934
44	3	9257
9881	1	9874
7660	0	42
11117	1	11064
7598	2	7611
4979	1	4848
3552	1	3116
4193	1	4125
3454	4	3116
11927	1	11486
9547	0	9664
11289	2	11349
700	1	642
11971	3	1181
7592	0	2738
2362	0	96
9188	1	9181
3657	1	3116
10429	3	3114
2526	1	2515
3437	4	3116
10501	2	10545
3313	2	3312
5067	1	4848
5663	2	5681
5365	3	5400
2402	0	1623
9184	0	276
5470	2	5579
6441	1	6162
2541	2	2635
10870	2	10869
1418	2	1435
1832	1	1791
6845	0	7258
9985	0	132
1200	2	1199
3623	1	3116
9983	0	9264
6424	1	6162
6946	2	6987
11829	0	134
108	3	6103
10329	0	1252
5033	1	4848
5778	1	5655
1815	1	1791
2597	1	2515
346	2	345
6407	1	6162
7860	2	7910
11782	1	11486
7970	2	7983
7565	2	7570
6409	2	6650
5761	1	5655
1798	1	1791
3948	1	3952
5413	3	1180
5442	1	5410
10445	2	10472
93	3	5400
4504	1	4501
10659	2	10696
2580	1	2515
6390	1	6162
5121	1	4848
2593	1	2500
11765	1	11486
1903	1	1791
7102	1	6845
6017	2	6016
3944	0	2217
6092	3	6112
5744	1	5655
6980	1	6845
9829	0	81
9273	0	9331
9492	1	9449
3685	2	3684
5	3	7574
9889	1	9872
4430	0	658
2484	3	2352
2576	1	2500
1886	1	1791
7085	1	6845
1296	1	1266
3927	0	2217
6757	4	640
8734	0	8731
3459	2	3458
1549	4	1406
6963	1	6845
441	3	6110
11701	2	11729
11474	1	11268
2486	0	2496
5365	0	85
723	2	763
5832	1	5655
7220	1	7210
4431	0	4452
5513	1	5410
1279	1	1266
7665	2	7682
6934	3	6937
32	3	9849
4711	4	4639
9859	2	9866
12267	1	12249
2400	0	55
937	1	938
1262	1	1266
9037	2	9089
7655	0	943
5340	1	4848
11466	1	11268
1515	4	1406
9742	0	9815
4694	4	4639
8886	2	8950
7334	2	7432
6336	2	6577
984	1	878
1467	2	1496
11003	1	10960
994	1	946
11832	1	11824
12089	1	11486
7374	2	7464
2814	3	2809
5480	1	5414
7599	1	7562
8731	0	438
6162	0	81
2326	3	5400
2446	2	2465
4677	4	4639
499	1	0
4079	2	4078
967	1	878
6986	2	7027
10950	2	10952
78	3	2922
3069	1	3047
5492	2	5599
4398	1	4128
7955	3	7800
3130	4	3116
2515	0	86
7098	2	7165
7249	0	7255
7623	1	7625
2816	3	7573
1405	0	5
61	2	68
3956	1	3950
10906	2	10905
9143	4	8762
3052	1	3047
995	1	1111
2450	1	2362
9291	1	9272
7563	0	6114
7565	1	7562
4467	1	4424
9984	0	2112
6742	1	6724
3785	1	3116
11863	1	7658
2519	1	2500
11633	2	11651
1273	1	1272
7632	2	7641
8001	2	8013
3075	1	3049
278	3	7577
8300	1	8298
6440	2	6680
9186	0	1240
4501	3	2352
5183	4	5016
7624	0	55
10516	1	10488
12078	0	1622
8573	4	8537
2279	2	2288
11211	2	11238
7815	0	7548
2416	1	2362
11599	0	86
56	3	8107
11661	1	11659
658	3	6112
4433	1	4424
9826	0	135
7955	0	7986
1287	1	1264
6165	1	6160
1339	0	1399
5522	1	5412
9830	0	658
8635	4	640
2521	1	2362
3930	3	2820
10886	4	10582
64	1	59
2499	0	45
9186	0	435
2266	1	2233
246	3	9907
4279	1	4125
8461	2	8460
5505	1	5412
1457	2	1487
11670	2	11675
10869	4	10582
9012	1	8762
9873	1	9874
10018	1	9984
8038	2	8037
7891	1	7846
640	0	276
3875	0	1622
7109	1	7071
1618	3	10180
5947	2	5946
8762	0	1048
5488	1	5412
10427	0	1246
4847	4	4848
7764	0	7548
10002	2	10034
4766	1	4640
7056	2	7063
10668	1	10963
2	0	1048
8731	0	251
7213	1	6845
5986	1	5655
3367	2	3366
10329	0	10327
10946	2	10945
10430	0	5
26	1	23
10656	1	10958
3949	0	41
4406	0	4409
7507	0	1048
3116	0	681
5969	1	5655
4918	4	4848
9826	0	6230
9185	1	9182
23	0	39
2458	1	2515
9183	0	5
2931	0	2813
5491	1	3944
7498	2	7500
638	0	102
3944	0	3937
2772	1	2744
9840	1	9833
10370	2	10412
4068	4	3972
8260	2	8283
9	1	2
6173	1	6158
10347	1	10329
6727	4	6721
429	3	2803
9114	2	9113
6114	3	6113
11826	0	135
3936	0	2439
10491	2	10536
9934	2	9956
2860	1	2744
3796	2	3797
4844	3	7576
3761	2	3760
11233	2	11258
10975	1	10963
6946	1	6845
6848	4	6845
4353	1	4125
9003	0	49
2744	0	2743
4034	4	3972
15	1	4
1123	2	1157
11520	4	11486
2578	1	2362
1569	1	1408
4831	0	4846
11006	1	10955
11074	1	11065
5410	3	1181
4454	0	4484
9828	0	6196
42	3	10482
640	0	1028
10989	1	10955
888	2	921
3051	3	3113
4122	4	3972
3233	4	3116
7592	0	83
3946	0	3933
7272	2	7384
7312	2	7416
7296	1	7262
3338	4	3116
5445	1	5413
4326	4	4125
11432	1	11268
3407	2	3406
950	1	878
11486	0	11666
6883	1	6843
5428	1	5413
10247	1	10188
8152	0	1337
477	2	559
3945	3	2820
9831	0	53
41	3	914
6845	0	7047
367	4	0
12264	1	12250
10060	3	2136
3116	0	3877
10489	1	10487
3304	4	3116
10230	1	10188
1139	2	1169
7225	1	6941
11704	2	11732
11000	1	10961
4873	2	4890
7668	2	7685
10213	1	10188
9204	0	2216
10427	3	659
717	2	756
7208	1	6941
258	2	268
333	4	0
10983	1	10961
947	0	1028
10119	1	10060
9230	1	9204
7811	1	7815
8741	1	8734
2488	2	2493
8687	1	3944
106	3	6113
887	1	876
4731	2	4730
9435	2	9434
1630	1	1629
997	1	949
8095	0	658
10854	2	10853
2603	1	2515
9298	1	451
6845	3	2352
9885	2	9901
8319	1	8321
2449	2	2468
10628	2	10627
4164	4	4125
11681	0	11737
980	1	949
7866	2	7916
7963	2	7977
7101	2	7168
3628	4	3116
9547	0	56
8671	2	8693
7626	0	78
8372	1	8335
489	2	572
7882	1	7815
10428	0	933
5453	1	5411
5038	4	4848
4916	4	4848
9481	1	9452
4949	1	4848
12076	0	135
8526	0	57
0	0	1171
951	1	947
11787	4	11486
5363	0	5407
10719	1	10720
1933	2	2085
11306	1	11264
6941	0	5406
2967	2	3005
3875	0	443
11600	1	11597
8343	1	8333
9464	1	9452
7970	1	7815
9832	0	2930
8614	2	8613
5502	1	5413
11770	4	11486
10200	2	10265
11391	4	11268
2282	2	2291
5004	4	4848
11289	1	11264
10430	3	10482
7213	2	7231
6243	2	6484
3443	2	3442
8930	1	8874
788	1	638
9229	1	9205
6094	0	6155
7106	1	7072
4415	0	4406
5380	1	5362
5485	1	5413
4177	1	4128
9985	0	673
515	1	451
11272	1	11264
11313	2	11373
8913	1	8874
9212	1	9205
7720	1	7660
7089	1	7072
3074	1	3046
11479	4	11268
7819	1	7813
5935	1	5655
8663	0	86
1460	2	1490
7859	1	7845
498	1	451
3337	2	3336
5715	4	5655
7546	3	7544
8331	3	830
8734	0	278
7846	0	85
8122	2	8135
7703	1	7660
4265	1	4128
9012	1	9006
6377	1	6162
5195	4	5318
11001	1	10960
481	1	451
6978	1	6944
10449	1	10432
6090	0	53
1224	2	1223
1441	3	11607
632	3	633
8172	1	8168
8888	1	8874
8350	1	2114
10593	1	10582
2741	0	2816
3837	2	3836
10521	1	10487
6961	1	6944
10676	1	10961
5908	4	5655
197	1	162
12314	1	0
3941	0	3938
11486	0	11747
1645	2	1709
7848	0	829
9489	1	9450
11626	2	11645
10060	0	41
8182	2	8215
10504	1	10487
2586	1	2513
9831	0	134
4000	4	3972
6170	1	6159
9687	1	9547
5527	1	5411
10727	1	10718
6389	2	6630
5778	2	5777
57	3	2809
1256	3	1241
2569	1	2513
9670	1	9547
5510	1	5411
3790	4	3116
1075	2	1074
2362	3	2441
10664	1	10582
946	0	109
878	3	1236
4618	1	4617
1141	1	878
3116	0	2214
5493	1	5411
8879	1	8762
878	0	938
8153	0	8164
11214	0	75
12075	0	2351
946	0	1048
8781	4	8762
1126	2	1184
11970	1	11971
1406	0	99
2989	1	2968
10239	1	10060
4292	4	4125
7097	1	7070
3215	1	3116
6942	0	5405
7729	1	7719
9047	2	9099
10315	0	1240
8099	1	8095
8764	4	8762
3756	4	3116
10532	1	10490
6941	0	4414
10678	1	10957
3048	3	3114
8470	4	8426
3944	3	1230
9550	2	9583
4501	3	4637
11009	1	10958
4957	2	4956
11486	0	1627
5442	1	5414
3046	0	55
6845	0	41
8453	4	8426
4455	1	4452
11325	1	11265
10622	1	10582
2128	1	2118
10992	1	10958
10503	1	10488
9671	2	9707
10644	1	10957
6942	0	2506
2528	2	2707
8185	2	8218
11659	0	44
1071	1	947
6788	2	6821
10486	1	10488
9872	0	7581
3173	1	3116
5448	1	5416
9984	0	2437
8176	1	8151
1545	2	1544
2278	0	83
1891	1	1790
11229	1	11214
6160	0	448
11108	1	11066
11075	2	11167
5513	1	5414
5431	1	5416
5157	1	4848
1417	1	640
9463	1	9451
5421	1	1406
2333	1	2278
1874	1	1790
6845	0	6941
4848	0	1036
7504	0	57
9227	1	9205
1262	1	1270
9742	0	9819
11484	0	5796
1413	1	1406
2316	1	2278
1857	1	1790
3713	1	3116
2182	1	2118
11003	1	10964
10345	1	10329
11276	2	11336
11486	3	2358
6162	0	85
2299	1	2278
9833	3	9849
1840	1	1790
720	2	759
261	2	271
9353	1	9351
5467	1	5412
11598	0	1444
2858	1	2744
3069	1	3051
9547	0	9615
5940	4	5655
1100	4	878
2944	0	2481
4184	4	4128
6090	0	134
7097	1	1406
5450	1	5412
3052	1	3051
26	2	35
5923	4	5655
5340	1	5336
8878	1	8873
3057	1	3046
11681	0	1243
1672	1	1408
5433	1	5412
7869	2	7919
7265	2	7378
7966	2	7980
12269	1	12249
4341	4	4125
1794	1	1788
11851	1	11824
4150	4	4128
1655	1	1408
390	0	443
1557	4	1408
2499	3	2441
11825	0	2945
8646	1	640
6730	1	6723
8290	0	4417
11237	1	11212
451	0	624
7294	1	7262
406	1	391
7506	3	1230
518	2	602
112	0	55
12252	1	12249
11834	1	11824
2400	0	677
2880	1	2849
5522	1	5416
2437	3	3871
3165	2	3164
946	3	1242
10784	1	10582
1292	1	1263
7086	1	7073
10060	0	2700
2863	1	2849
3230	1	3116
5360	1	5363
5505	1	5416
9890	1	9875
5495	1	1406
9472	1	9450
11266	2	11327
12253	2	12275
6335	1	6162
10068	1	10058
3241	2	3240
8257	1	8241
1546	2	1543
7069	1	7073
9145	4	8762
11911	1	7764
6733	4	6719
11688	2	11716
5488	1	5416
44	3	10176
7964	1	7955
3909	1	3116
7879	1	7848
4395	4	4125
3787	1	3116
2521	1	2500
640	0	7985
8301	1	5410
11693	1	11486
3220	4	3116
1592	1	1406
4537	1	4501
10006	1	9983
8604	1	640
3892	1	3116
10515	2	10560
10821	2	10831
7862	1	7848
6854	4	6843
9024	2	9076
4649	1	4639
3423	1	3116
1697	1	1406
2810	3	2806
4848	0	44
12201	1	12171
8125	2	8138
5302	1	4848
9419	2	9418
12101	0	829
6732	1	6719
8289	0	107
7671	1	7656
59	0	4443
3065	1	3044
3949	0	45
1680	1	1406
4406	0	4413
12184	1	12171
6766	1	640
5931	2	5930
5285	1	4848
10012	1	9985
1176	3	916
4737	1	4639
10457	1	10430
23	0	43
7128	1	7071
7846	0	1618
7654	1	7656
3389	1	3116
5215	4	5102
3051	0	107
5371	1	5366
1663	1	1406
9287	1	9269
8658	1	8537
7561	1	7559
8873	0	5406
6787	1	6774
11935	1	11919
642	0	276
7601	1	7591
10852	1	10957
10440	1	10430
8935	1	8873
9921	1	3944
4224	4	4128
685	1	642
7111	1	7071
7997	2	8010
5198	4	5102
6173	1	6162
2849	3	2922
1420	1	1405
2362	0	2438
9205	0	9204
6908	4	6843
9985	0	246
10206	2	10271
6845	3	4637
9217	1	9204
9747	2	9783
668	1	642
7094	1	7071
2760	1	2743
8674	1	3944
5368	1	5361
10677	2	10713
11111	1	8731
11531	1	11486
9273	0	451
6261	1	6162
8332	0	2816
11179	0	157
7077	1	7071
2338	1	2330
506	2	589
11006	1	10959
11094	1	8731
8112	0	44
6851	1	6845
1945	2	2096
9183	0	3876
4861	2	4860
828	3	821
9828	0	6200
1453	2	1484
4720	4	4640
3477	2	3475
11599	0	2481
4920	4	4848
10015	1	9985
640	0	1032
6210	2	6232
8680	2	8699
10989	1	10959
11077	1	8731
4182	4	4128
5038	4	5039
5123	1	4848
3946	0	3937
12102	0	2211
9553	2	9586
9998	2	10031
6899	1	6843
6375	1	6162
7563	0	133
3944	0	1176
11591	4	11490
12192	1	12169
7562	0	658
2548	1	2515
11855	1	11486
5089	1	4848
11597	0	79
1871	1	1791
12132	0	78
6845	0	7051
8188	2	8221
265	1	0
7080	1	1406
6463	1	6162
6122	1	6090
4253	4	4128
6791	2	6824
3116	0	3881
3463	1	3116
2531	1	2515
11838	1	11486
4623	1	4616
2569	2	2661
1408	0	1622
5817	1	5655
1854	1	1791
7053	1	6845
832	2	852
9494	1	4830
4685	1	4640
7781	0	278
11708	1	11681
5922	1	5655
460	2	542
10581	4	10582
11116	1	11064
7819	2	7825
938	0	278
8349	1	8331
1837	1	1791
3671	2	3670
829	3	914
6934	0	1252
9477	1	4830
3551	1	3116
7764	0	278
1670	2	1732
947	0	1032
7848	3	7950
6094	0	2508
11220	1	11212
11668	0	79
5905	1	5655
1942	1	1791
11971	0	5
4922	2	4923
2751	1	2741
7962	1	7955
11099	1	11064
5365	0	1622
824	3	3871
8247	2	8270
9460	1	4830
7815	3	659
8319	1	8325
952	1	878
1925	1	1791
3944	3	7569
989	2	1020
7124	1	6845
10971	1	10960
917	3	914
11747	0	1032
4870	2	4886
6093	3	6110
4452	0	658
9694	1	9667
7107	1	6845
10954	1	10960
10237	1	9450
8240	1	8241
3077	1	3049
2500	0	2509
8114	2	8117
6162	0	679
2573	1	2513
12104	0	1177
8738	1	8730
2743	0	1176
10430	0	440
1040	1	878
7212	1	6845
7781	3	659
8778	1	8762
6984	1	6942
5458	1	5410
3060	1	3049
1293	1	1276
3944	0	50
2418	1	2362
11323	1	11265
8883	1	8762
10215	1	10188
25	1	23
1884	2	2036
2807	3	7575
4344	4	4128
5441	1	5410
9331	0	57
3186	4	3116
5726	2	5725
2401	1	2362
8467	1	8426
1128	1	878
2743	0	2815
2500	3	2352
9827	0	2508
6399	2	6640
8905	2	8969
11818	2	11816
9389	1	9366
277	3	7569
788	1	642
7581	3	7576
5380	1	5366
5214	4	5256
2507	3	7542
8849	1	8762
2118	3	2150
8298	0	658
12100	1	12101
2489	1	2362
3152	4	3116
1135	2	1166
5251	1	4848
5520	2	5625
3942	0	1031
7645	1	7625
7548	3	6112
8832	1	8762
7970	1	7953
1139	1	1111
638	0	82
12000	1	11486
3875	0	931
135	3	7574
6774	3	6841
6730	1	6162
7628	1	7625
4751	1	4640
11001	1	10964
5718	1	5655
6764	1	6724
10979	1	10958
7990	0	239
1122	1	1111
7508	2	7527
10156	2	10177
7646	2	7651
515	1	0
9333	2	9339
9027	2	9079
9443	1	9366
10582	0	110
6067	1	5655
8151	0	1176
7558	1	7560
11216	2	11241
101	3	7574
4406	3	4420
11746	1	11747
7660	0	50
6735	1	6722
498	1	0
11975	1	11486
10060	0	45
6214	1	6207
1270	0	276
3068	1	3047
9873	2	9892
2743	0	50
640	0	658
11486	0	12101
7765	0	50
9494	1	9449
6094	3	6109
481	1	0
8730	0	428
0	0	49
4003	1	3972
11265	0	55
3116	0	929
3843	2	3842
7088	2	7155
2114	0	6114
8563	4	640
5937	1	5655
7812	3	2352
9192	1	9180
7352	2	7449
9477	1	9449
3353	2	3352
11862	1	7658
1294	2	1324
4207	1	4125
1202	1	878
2740	1	2744
8360	1	8332
10797	4	10582
8153	0	8168
639	2	649
9460	1	9449
10955	0	133
9218	1	640
4449	1	4424
4426	0	2103
7563	0	1048
5498	1	5410
11845	1	7658
1920	2	2072
12081	2	12098
8651	4	640
6025	1	5655
4190	1	4125
9750	2	9786
10314	2	10325
1880	1	1788
5317	2	5316
8923	1	8762
3851	3	7574
9830	0	6196
6090	0	6152
12029	1	11486
9201	1	640
7734	1	7718
10678	1	10961
10789	4	10582
5481	1	5410
11828	1	7658
4173	1	4125
5405	3	11607
1554	1	1408
6008	1	5655
6718	4	6723
7549	3	5400
4129	2	4127
8906	1	8762
10378	2	10420
12198	2	12237
4431	0	943
3070	1	3043
7717	1	7718
11633	1	11621
8120	0	823
1815	2	1970
9839	2	9847
5464	1	5410
8617	4	640
9011	1	8762
5752	4	5715
5473	1	5410
10490	0	103
8829	2	8816
10644	1	10961
9480	2	9522
9672	1	9547
10824	0	246
10755	4	10582
9333	1	9331
1339	0	655
9006	0	5
11825	0	103
6974	1	6941
1272	0	1336
10666	1	10582
664	2	671
10649	1	10956
4963	2	4962
11486	0	826
3878	3	8105
391	0	85
2180	1	8120
6932	3	87
2515	3	2352
9468	1	2116
2607	1	2500
10378	1	10329
954	1	946
3306	4	3116
2179	1	2229
1580	4	1406
248	3	8292
11790	2	11789
1608	1	1408
6776	0	6774
11113	1	11065
7893	2	7943
7767	2	7773
6771	4	640
7128	2	7195
6125	1	6093
1563	4	1406
4742	4	4639
7510	1	7506
429	3	6113
2500	0	41
11096	1	11065
3394	4	3116
40	3	8103
9753	1	9743
10198	1	10188
1418	1	1405
1214	1	878
10670	2	10707
8541	4	8537
4725	4	4639
11852	1	11597
11179	0	80
11079	1	11065
10332	1	10327
9215	1	9204
9875	0	9871
6770	1	640
9742	3	1180
1562	1	1406
8241	0	276
6803	1	6776
10991	1	10963
982	1	949
11436	2	11435
3360	4	3116
12103	1	11486
8250	2	8273
8005	1	7990
7770	1	7764
8629	4	8537
8094	0	3878
11536	4	11486
10432	0	10430
1545	1	1406
5456	1	3944
6786	1	6776
12208	1	11486
10974	1	10963
4623	2	4630
6094	0	658
11691	2	11719
11486	0	1444
8201	1	8153
9546	2	9580
7764	0	11610
6065	1	5655
7563	0	56
3751	2	3750
11005	1	10955
8682	1	8663
12191	1	11486
4707	1	4639
8091	1	8077
9186	0	4631
5448	1	3944
390	0	447
3067	2	3097
3048	0	135
8184	1	8153
8595	4	8537
3949	0	2814
895	2	911
451	0	628
10988	1	10955
12174	1	11486
1304	1	1269
5421	1	5411
8336	0	2816
5006	4	4848
7847	0	829
5431	1	3944
7562	3	6113
9488	1	9450
8167	1	8153
1842	1	1790
5955	2	5954
1292	1	1267
11185	1	11179
10917	4	10582
9618	2	9641
12250	3	89
9472	1	9454
5094	4	4848
6094	3	2352
3397	2	3396
1532	2	1531
10582	0	10824
3944	3	2820
9455	0	9454
6090	3	88
2506	3	9849
12263	1	12250
2316	2	2320
10074	1	5365
4145	2	4144
10017	1	640
5492	1	5411
9223	1	9202
12103	1	12104
9148	1	8762
8831	2	8820
9827	0	658
7562	0	2943
4501	0	4616
8586	1	8537
3927	3	2820
4690	4	4640
826	3	5400
382	4	309
990	1	947
6092	0	53
10057	1	5365
11447	4	11268
10000	1	640
9206	1	9202
11486	3	3114
8112	0	2813
2749	1	2741
982	2	1014
466	1	451
4863	2	4880
4355	1	4128
4680	2	4681
7813	3	1261
973	1	947
11809	4	11486
4645	2	4644
7671	1	7660
3065	1	3048
7511	2	7530
946	0	1028
1406	0	79
9114	1	8762
6932	0	4408
7850	1	7847
3539	4	3116
8094	0	658
5446	1	5409
11792	4	11486
182	1	162
12299	1	0
7654	1	7660
9287	1	9273
9002	2	9004
11311	1	11264
7561	1	7563
9474	1	9450
6293	2	6535
3522	4	3116
55	3	916
9547	0	2211
6117	3	10250
5429	1	5409
165	1	162
7660	0	2738
10618	2	10617
3556	2	3554
2368	2	2386
8077	3	8105
3505	4	3116
451	0	441
7856	2	7906
5495	1	5411
10427	0	933
10649	1	10582
520	1	451
5265	2	5264
10840	1	10956
10642	2	10680
479	2	562
4429	1	4425
84	3	71
1634	1	1405
8505	2	8504
8766	4	8762
9703	2	9740
9298	2	9327
4426	0	4441
7082	1	7070
3044	0	3110
5030	2	5028
5501	1	5413
1923	2	2075
1910	2	2063
642	0	764
3048	0	82
9833	0	2816
8372	1	2114
10989	1	10963
787	1	638
8604	2	8603
9368	4	9366
6845	0	6921
5484	1	5413
1276	0	1266
8660	1	8537
9202	0	134
6116	3	6108
5093	2	5092
1269	0	1337
6940	0	84
5824	2	5864
5256	4	4848
8574	1	640
1342	2	1341
11835	1	11597
5134	4	4848
6452	2	6693
11303	2	11363
7327	1	7262
7845	0	85
11600	2	11613
1082	4	878
7524	1	7507
9011	1	9006
8557	1	640
7953	0	53
6769	4	6724
8820	4	8762
12132	0	82
8626	1	8537
7370	2	7460
11113	1	8731
293	4	0
6122	1	6094
4314	4	4128
7136	1	7070
6718	4	6162
8540	1	640
8365	1	8331
9547	0	7501
11096	1	8731
5475	2	5583
957	1	949
1214	2	1213
5503	1	5409
9483	1	9455
11980	1	11969
10333	2	10340
3940	0	3938
2999	1	2966
2184	1	2118
8348	1	8331
8349	1	8335
3827	2	3826
4402	4	4128
11079	1	8731
10060	0	102
5486	1	5409
10058	0	2818
9466	1	9455
2982	1	2966
1278	2	1308
3684	4	3116
5419	2	5534
5365	0	1626
7628	2	7637
1913	2	2066
0	0	106
9205	0	6927
10150	1	10060
6423	2	6664
7767	1	7765
6038	4	5655
8929	2	8993
9743	0	93
6379	2	6620
1421	1	1408
10673	2	10710
6092	0	134
3944	3	7573
10971	1	10964
7848	0	85
11972	2	11985
2114	0	105
1404	1	1408
847	1	828
11681	0	8712
11002	1	10956
57	3	7542
7082	1	1406
10954	1	10964
3974	4	3972
9182	0	54
5500	2	5605
1379	4	1339
6932	0	6933
8253	2	8276
7591	0	49
6004	4	5655
2362	0	2739
1608	2	1607
8676	2	8696
10635	4	10586
10985	1	10956
4178	4	4125
1799	2	1954
5458	1	5414
8743	1	8729
20	2	21
3047	3	3114
11694	2	11722
11823	1	11486
9178	0	2112
3942	0	3934
10314	1	10315
10452	1	640
8112	0	2439
10968	1	10956
1360	2	1359
8685	1	8666
8427	2	8444
5441	1	5414
5210	4	5111
6972	1	6941
9838	1	9827
10435	1	640
4947	2	4946
338	1	0
1406	3	5638
10058	0	53
5424	1	5414
4415	0	4414
1867	1	1788
7624	0	657
5182	4	5012
8259	1	8241
8357	1	8333
1784	2	1786
3641	1	3116
7136	1	1406
7315	2	7480
4049	2	4048
10060	3	2307
4432	2	4436
7764	0	4633
1850	1	1788
11228	1	11214
7719	0	1175
10523	1	640
7625	0	108
2447	1	2400
8242	1	8241
8340	2	8379
4539	1	4501
9984	0	9264
3155	1	3116
1833	1	1788
11211	1	11214
10506	1	640
3729	1	3116
11486	0	11971
7593	1	7592
9275	2	9304
4522	1	4501
9226	1	9205
6845	0	3969
7633	1	7624
10840	1	10582
11486	0	78
11483	0	5796
7958	1	7952
6205	3	9849
2413	1	2400
5297	2	5296
1560	1	1406
4505	1	4501
10014	1	9985
9209	1	9205
7584	3	6112
847	2	866
11420	2	11419
7224	2	7242
9912	0	6085
11856	1	11824
8526	0	1033
12104	0	55
4831	0	4830
3068	1	3051
6733	4	6162
9997	1	9985
2443	0	45
11486	0	12105
2577	1	2500
641	0	134
6094	3	6113
8368	1	8336
10509	1	10490
12169	0	53
0	0	53
8073	4	8045
1648	1	1406
8290	0	8316
5253	1	4848
9192	1	9184
399	1	389
8665	0	8714
8920	1	8873
1297	1	1263
2560	1	2500
10492	1	10490
5169	2	5168
10647	1	10964
6070	4	5655
1631	1	1406
4014	4	3972
1533	4	1406
878	3	1244
8360	1	8336
7658	0	96
7310	1	7262
6732	1	6162
878	0	946
4876	2	4893
11214	0	83
11596	1	11598
2931	0	32
3944	0	7572
4340	4	4125
4423	1	4431
5917	2	5916
658	3	916
10718	0	55
7079	1	7071
1124	1	1111
5498	1	5414
3943	0	3933
5341	1	4848
9547	3	659
10963	0	11057
12102	0	1036
3116	0	128
4872	1	4848
517	1	0
7293	1	7262
7884	1	7848
11814	2	11813
6099	1	3944
4323	4	4125
9830	0	6200
6246	1	6162
6090	0	6156
12251	1	12249
7102	1	7073
4102	4	3972
2815	3	2809
5481	1	5414
4855	1	4848
9476	1	4830
11499	1	11486
500	1	0
59	0	6114
7276	1	7262
12076	0	440
4280	4	4128
7085	1	7073
1702	1	1406
3070	1	3047
9924	1	9912
1131	2	1163
316	2	315
8599	4	8537
3155	2	3154
11604	1	11486
5464	1	5414
7071	0	6230
7855	1	7846
10436	2	10463
9459	1	4830
483	1	0
5768	2	5767
10316	2	10319
12194	1	12169
6212	1	6162
7660	0	83
6774	3	1181
10914	1	10582
4101	1	3972
9484	1	2116
11587	1	11486
10997	1	10961
5477	1	1406
6317	1	6162
10649	1	10960
7133	1	7071
11864	1	7658
3317	1	3116
7051	0	55
12177	1	12169
8169	0	829
9127	4	8762
11313	1	11268
10005	1	9983
6455	2	6696
7050	0	933
5671	1	5655
6792	1	6774
6907	1	6845
10980	1	10961
5460	1	1406
6094	3	4637
10517	1	10488
9128	2	9127
6300	1	6162
1847	2	2003
11847	1	7658
10582	0	277
11002	1	10582
3300	1	3116
9547	0	2134
5469	1	1406
1922	1	1790
9766	2	9802
11296	1	11268
11484	0	3926
9014	2	9066
6251	2	6492
3775	2	3774
4297	1	4125
10500	1	10488
7579	3	7569
6166	1	6160
11830	1	7658
8190	1	8151
6845	3	1181
3949	0	106
10985	1	10582
8666	0	658
5452	1	1406
65	1	59
1905	1	1790
3549	2	3548
6162	0	4631
6873	1	6845
2267	1	2233
11693	1	11681
11486	0	375
4059	1	3972
9833	0	4483
5204	4	5064
3540	2	3538
6327	2	6568
10968	1	10582
5435	1	1406
4501	0	1774
9920	1	3944
9487	1	2116
9180	0	86
2966	0	3040
1790	0	133
2362	0	2499
9912	0	3938
1281	2	1311
9205	0	9265
7248	2	7252
3519	1	3116
5422	2	5537
1916	2	2069
10015	1	9912
925	0	110
8932	2	8996
6382	2	6623
894	1	878
8241	0	630
10008	1	9983
7507	0	658
4929	1	4848
10982	1	10957
9470	1	2116
2402	0	54
9202	0	57
10196	2	10261
11681	0	1251
2278	0	2214
6303	1	6162
7504	3	2136
11975	2	11988
9983	0	929
2744	0	2808
5201	4	5056
877	1	878
5099	2	5098
10222	1	9450
11005	1	10959
1295	1	1276
9772	1	9743
4198	4	4128
12102	0	44
8682	1	8667
10657	1	10958
5503	2	5608
11296	2	11357
7512	1	7506
11486	0	11597
5017	1	4848
10205	1	9450
437	3	6139
10988	1	10959
1278	1	1276
6391	1	6162
9755	1	9743
3071	1	3046
1802	2	1957
4851	2	4850
10770	2	10769
7848	0	1618
7363	2	7454
9488	1	9454
8663	0	8714
9830	0	81
8132	1	8120
2564	1	2515
4215	2	4213
6374	1	6162
9467	2	9509
888	1	1111
11065	0	106
4415	3	4421
8151	0	8161
50	3	6113
2975	2	3011
9988	2	10021
6975	1	6944
4983	1	4848
6964	1	6845
2547	1	2515
6357	1	6162
11636	1	11486
8155	1	8152
947	3	1257
1870	1	1791
7890	1	7955
6958	1	6944
264	1	0
6947	1	6845
6462	1	6162
4616	3	89
11619	1	11486
7880	2	7930
1111	3	1172
5816	1	5655
1853	1	1791
4400	4	4128
7052	1	6845
8178	2	8211
11007	1	10955
80	3	7542
8093	1	8077
382	4	313
3585	2	3584
5245	2	5244
78	3	11607
8084	2	8083
9445	1	9366
10186	2	10252
297	4	0
4432	1	4428
1836	1	1791
10990	1	10955
10882	1	10960
9278	2	9307
11450	1	11268
11707	1	11486
7961	1	7955
4428	0	249
3661	2	3660
7371	2	7476
8325	3	1181
5971	2	5970
1303	1	1274
8810	2	8809
5446	1	5413
2155	4	2118
11690	1	11486
11311	1	11268
44	3	11607
951	1	878
6977	1	6940
4775	4	4660
3053	1	3047
3457	2	3456
1286	1	1274
9292	1	9272
3079	1	3044
954	2	1044
5429	1	5413
7566	1	7562
11416	1	11268
4793	4	4697
10361	2	10403
466	1	0
1366	2	1365
934	1	878
12265	1	12250
3045	3	3114
12350	2	12357
4161	2	4160
716	1	642
9275	1	9272
11180	2	11196
8253	1	3944
9985	0	10053
10490	0	83
5757	1	5655
10840	1	10960
351	4	0
6983	1	6942
12248	1	12250
10658	1	10957
10495	2	10539
699	1	642
11297	2	11356
3307	2	3306
2417	1	2362
1406	0	1506
3051	0	3043
11264	0	47
4406	3	830
7598	1	7591
9231	1	9204
9468	1	9451
658	3	7576
11621	0	1171
8890	2	8953
4033	2	4032
12116	1	12101
787	1	642
6845	0	6925
8525	1	8526
2604	1	2515
7620	1	7562
665	1	642
5181	4	5008
3807	2	3806
1276	0	1270
2354	3	2104
7216	1	7210
11105	1	11066
7660	0	7548
4662	1	4640
4263	1	4125
6116	3	6112
6913	0	41
770	1	642
8196	2	8229
10002	1	9984
7644	1	7625
3727	1	3116
3941	0	2930
4454	0	658
10439	2	10466
4645	1	4640
3952	0	3968
8523	4	8516
3078	1	3045
2944	0	1176
8585	4	640
7953	0	57
4351	2	4350
11076	1	11064
3612	4	3116
5281	2	5280
10845	4	10582
7667	1	7657
3061	1	3045
9300	1	9270
1636	1	1405
3679	2	3678
11065	0	8108
947	0	1256
11486	0	135
187	2	226
3943	0	2217
4774	4	4648
27	1	23
3944	3	88
5520	1	5410
59	0	76
9283	1	9270
9874	3	5355
4454	3	4473
9888	1	9872
3051	0	278
5447	1	5412
6254	2	6495
11974	1	11486
789	1	638
827	3	830
5953	1	5655
9050	1	8762
5831	1	5655
5153	2	5152
6245	2	6485
4823	4	4824
2940	3	6110
8151	0	82
7852	2	7903
12169	0	110
0	0	110
5430	1	5412
7780	1	7781
7090	1	7072
4927	2	4926
9033	1	8762
11456	1	11268
12266	1	12249
5814	1	5655
2944	0	2949
1395	4	1339
6157	1	6158
11940	1	11486
9617	1	9547
5919	1	5655
1465	1	1408
10518	2	10563
11002	1	10960
11831	2	11870
2114	0	1048
7592	0	4446
1284	2	1314
9179	0	3877
8935	2	8999
3450	4	3116
6934	3	1261
7138	1	6845
10985	1	10960
6159	0	6199
300	2	299
11098	2	11175
8743	1	8733
11486	0	6230
4018	4	3972
5659	1	5654
10968	1	10960
8423	0	1035
5312	4	4848
7559	0	134
4099	1	3972
9202	0	1240
9688	1	9547
10060	0	2818
1536	1	1408
11299	2	11360
10973	1	10955
9983	0	2112
8690	1	8665
9838	1	9831
12159	1	11486
6932	0	655
1805	2	1960
7520	1	7504
3930	0	3933
6765	4	6721
11290	2	11350
0	3	87
8673	1	8665
5416	0	5412
2537	1	2362
10902	4	10582
438	3	7575
3200	4	3116
6047	2	6046
7503	1	7504
4619	1	4617
1142	1	878
11598	0	86
3774	4	3116
2605	2	2694
5471	2	5580
8151	0	7466
953	1	946
11499	2	11498
5504	1	3944
7563	0	438
2520	1	2362
5438	1	5410
3533	2	3532
11558	4	11486
3907	2	3913
3489	2	3488
11112	1	11065
10885	2	10886
8345	1	8332
4424	0	1176
3288	4	3116
4374	1	4125
5487	1	3944
6290	2	6531
11486	0	82
2272	4	2233
7815	0	933
7883	2	7933
11932	1	11919
11095	1	11065
5415	2	5531
11010	1	10958
2502	2	2505
1412	2	1429
8663	3	4637
9742	0	435
1417	1	1405
3875	0	134
2255	4	2233
2931	0	2935
9214	1	9204
9299	1	451
5360	2	5385
2591	1	2362
8194	1	8151
8671	1	3944
9281	2	9310
2957	1	2951
106	3	7577
7809	0	102
1339	0	45
381	4	301
1787	1	1790
9853	0	7463
6845	0	135
5496	2	5602
0	0	57
9282	1	451
4109	2	4108
8004	1	7990
8177	1	8151
2567	2	2658
5447	2	5560
79	3	914
6766	1	6719
4450	0	4484
7781	3	830
7883	1	7815
10380	1	10329
1297	1	1267
9853	3	944
11749	0	1035
662	2	683
4617	3	1231
3157	1	3116
9985	0	8069
162	0	244
1285	1	1265
8681	1	8663
7866	1	7815
5437	1	5411
10363	1	10329
12102	0	101
11621	0	931
9182	0	5
5022	4	4848
9170	1	8762
3943	0	3937
11601	1	11597
8297	0	4411
2317	1	2278
1858	1	1790
1836	2	1990
9833	0	2930
12113	1	12102
7764	0	128
7849	1	7815
10346	1	10329
5420	1	5411
7889	1	7847
11599	0	1444
4988	4	4848
11273	1	11264
7563	0	251
7872	1	7847
2818	3	6110
1690	1	1408
4620	1	4616
4161	1	4128
7221	1	6941
75	3	5355
7329	1	7262
7054	2	7061
10060	0	82
7847	0	85
5341	1	5336
9182	0	3872
4266	1	4128
9827	0	6196
10649	1	10964
1673	1	1408
9833	0	9830
58	1	0
482	1	451
7312	1	7262
1896	2	2049
12078	0	81
8439	2	8453
1656	1	1408
883	1	876
4874	1	4848
465	1	451
8081	4	8077
7295	1	7262
6962	1	6944
11110	2	11156
1361	4	1339
7507	3	1230
10663	1	10956
7670	1	7660
6344	1	6162
7579	3	7573
11429	4	11268
2881	1	2849
4457	1	4451
2280	2	2289
79	3	10176
9547	0	44
8288	2	8293
10432	0	6921
8872	1	8874
4857	1	4848
10505	1	10487
6090	3	6110
2587	1	2513
7278	1	7262
6945	1	6944
2784	2	2804
10646	1	10956
181	1	162
12298	1	0
9566	1	9547
2864	1	2849
8431	1	8423
9473	1	9450
8097	2	8101
10152	1	10060
8734	0	2815
2570	1	2513
10229	1	10188
2930	3	2924
164	1	162
9549	1	9547
7224	1	6941
8044	1	7990
8666	0	8717
4945	1	4848
11589	1	11486
7897	1	7845
11110	1	11065
9456	1	9450
934	1	935
10135	1	10060
9470	2	9512
5366	0	57
6319	1	6162
2999	2	3035
2553	1	2513
9050	1	9006
825	0	109
3319	1	3116
12347	1	2
10212	1	10188
8302	1	5410
12076	0	2351
2990	1	2968
12144	1	12132
8339	1	8333
10240	1	10060
4417	3	6113
7880	1	7845
4804	4	4805
6093	0	49
10118	1	10060
933	3	8107
6302	1	6162
4412	0	1252
2536	1	2513
2966	3	2352
5477	1	5411
9033	1	9006
7654	2	7676
11237	2	11261
8414	3	4634
2973	1	2968
10223	1	10060
10521	2	10566
11005	1	10963
456	2	540
11834	2	11873
9969	1	9962
8290	0	107
7815	3	1261
1287	2	1317
7672	1	7656
3791	2	3790
8495	2	8494
3407	1	3116
11575	2	11574
5460	1	5411
8846	1	8762
640	0	158
10970	1	10956
10888	1	10958
10206	1	10060
116	2	125
5469	1	5411
10988	1	10963
8454	4	8426
8108	3	8107
5525	1	5409
5150	4	4848
5230	4	5118
7251	1	7247
7504	0	98
8829	1	8762
9760	1	9742
10645	1	10957
6932	3	2352
5452	1	5411
7626	0	1623
11747	0	829
950	1	947
10371	2	10413
5435	1	5411
7523	1	7507
6442	2	6683
7952	0	53
947	3	1261
10589	1	10582
4234	4	4125
11112	1	8731
9204	0	57
6121	1	6094
9753	2	9789
7727	1	7660
10754	2	10753
4185	2	4184
8151	0	5
26	1	255
5036	1	4848
11748	0	55
11092	1	11066
11829	0	931
2608	2	2697
11095	1	8731
3056	2	3086
4298	1	4128
8325	0	8108
8153	0	447
12206	2	12245
5414	3	5637
4394	1	4128
1414	1	1406
2849	0	624
11085	2	11137
6940	0	629
5019	1	4848
8423	0	824
11075	1	11066
9211	1	9205
3592	1	3116
10882	1	10964
878	0	926
8153	0	8152
11658	2	11662
2300	1	2278
5932	4	5655
2772	2	2797
9389	2	9388
4704	4	4640
5750	4	5709
2166	1	2118
2126	1	2116
7702	1	7660
11461	4	11268
1415	2	1432
5107	1	4848
2283	1	2278
7881	1	7847
6875	2	6874
1109	1	947
6977	1	6944
283	1	0
8535	2	8534
876	3	916
81	3	2809
3053	1	3051
8919	2	8983
5924	4	5655
3079	1	3048
6934	0	6928
5197	4	5053
5242	2	5240
7559	0	57
11864	1	11826
6464	1	6162
5977	2	5976
10720	0	82
11839	1	11486
1657	2	1721
6094	0	6090
8805	4	8762
11638	2	11657
10984	1	10956
8318	3	10250
7673	1	7655
11847	1	11826
3067	1	3043
10658	1	10961
11826	0	2945
10726	1	10718
3048	0	1245
1534	1	1408
7121	1	7070
1799	1	1790
5890	4	5655
3447	1	3116
9484	1	9451
2815	3	2923
12253	1	12249
10451	1	640
3051	0	3047
8842	2	8764
11264	0	51
11830	1	11826
3050	1	3043
4160	4	4125
167	2	206
9330	1	9331
57	3	10181
4431	0	4444
9468	1	9455
10663	1	10582
10434	1	640
1350	2	1349
10442	1	10429
7562	3	7573
7113	1	7070
12116	1	12105
11969	0	246
3772	4	3116
10768	1	10582
2125	2	2144
7261	1	7262
1276	0	1274
2988	1	2968
10646	1	10582
4291	4	4125
11486	0	5
11912	1	7764
7096	1	7070
10490	3	88
5489	1	5416
11597	0	1246
2744	0	2304
4396	4	4125
468	1	0
10014	1	9912
6944	0	7028
3078	1	3049
4471	1	4452
878	3	1037
5472	1	5416
11866	1	11597
4379	4	4125
9679	2	9717
3061	1	3049
8485	1	8426
8588	1	640
5455	1	5416
11849	1	11597
11555	1	11486
7764	0	6922
11324	1	11265
9487	1	9451
12132	0	440
404	1	389
7957	1	7952
4774	4	4652
4362	4	4125
6285	1	6162
9454	0	57
6782	2	6815
53	3	2924
3285	1	3116
5520	1	5414
5440	2	5554
11307	1	11265
4549	2	4606
3859	1	3116
9470	1	9451
2340	1	2278
9871	0	7581
7124	1	7073
5447	1	5416
939	2	942
10970	1	10582
5425	1	5410
6750	1	640
12168	1	12171
3170	4	3116
5732	2	5731
3051	0	632
4721	1	4639
640	0	134
10508	1	10490
3116	0	55
7107	1	7073
5491	1	5412
1647	1	1406
5430	1	5416
6771	4	6719
9876	1	9871
7998	2	8021
3251	1	3116
5381	1	5363
2304	3	7544
3948	2	3958
3825	1	3116
8301	1	8297
8151	0	436
1140	1	1111
10491	1	10490
6157	1	6162
7121	1	1406
1630	1	1406
1856	1	1790
714	2	753
6892	4	6843
2222	2	2227
4687	1	4639
8902	1	8873
2931	0	93
9473	2	9515
7078	1	7071
3002	2	3038
6052	4	5655
2816	3	2922
3817	1	3116
10842	1	10582
6770	1	6719
9832	3	9849
5907	2	5906
10727	2	10742
8885	1	8873
394	1	0
12101	0	1622
11484	0	2214
1944	1	1790
8894	1	8873
8173	1	8169
11804	2	11803
86	3	6110
3116	0	3922
6314	2	6555
10968	1	10964
12105	0	6114
640	0	2496
4427	0	249
4462	1	4450
1927	1	1790
11064	0	159
10973	1	10959
8877	1	8873
4166	4	4128
6176	1	6158
161	2	252
306	2	305
8583	1	8537
59	0	1048
3930	0	3937
4985	1	4848
2951	0	2211
0	3	91
822	3	87
9910	2	9936
4149	4	4128
11268	0	1251
8846	2	8857
105	3	91
7050	0	55
8566	1	8537
3987	1	3972
1898	1	1788
10896	1	10582
4254	4	4128
3062	1	3048
9219	1	640
4132	4	4128
5411	3	5638
12104	0	5406
11450	2	11449
11846	1	7658
5438	1	5414
11598	0	440
6445	2	6686
1881	1	1788
8344	1	8332
6447	1	6162
7846	3	3947
4237	4	4128
8345	1	8336
6849	1	6843
5443	1	5409
7955	0	86
7660	0	278
9284	1	9273
6845	0	5
7952	3	7950
5482	1	5410
3927	0	3929
5381	2	5401
1838	1	1791
6009	1	5655
9003	3	5631
133	3	5400
1864	1	1788
6241	2	6482
6430	1	6162
6207	0	44
12077	0	83
2461	1	2400
5426	1	5409
2952	3	7544
11692	1	11681
1340	2	1338
9854	2	9863
1821	1	1791
10975	1	10955
4810	4	4811
3952	0	81
4426	0	103
3950	0	3961
9461	1	4830
8684	2	8702
6413	1	6162
8049	4	7990
2444	1	2400
381	4	305
10998	1	10957
2513	0	2511
640	0	81
198	1	0
4265	2	4264
11221	2	11245
7108	1	6845
5792	2	5795
10238	1	9450
6158	0	1623
6766	1	6723
4039	2	4038
10981	1	10957
3405	1	3116
3064	1	3044
11780	1	11486
1906	2	2059
1297	1	1271
7815	0	7837
4393	1	4125
12183	1	12171
8922	2	8986
957	2	1051
10011	1	9985
1406	0	1620
7091	1	6845
47	3	7800
1302	1	1266
10456	1	10430
10221	1	9450
8731	0	56
8681	1	8667
9286	1	9269
9853	0	246
4115	2	4114
6737	1	6721
6968	1	6942
7074	1	6845
9834	1	9828
7600	1	7591
7563	0	4443
10955	0	2939
10204	1	9450
1176	3	2811
1096	4	878
4526	2	4583
11850	1	11829
8712	3	8705
1419	1	1405
6845	0	7039
7657	3	3879
9962	0	2109
6720	1	6721
6951	1	6942
6159	0	84
640	0	1504
3476	1	3116
10187	1	9450
3378	4	3116
10760	2	10759
876	0	57
8817	4	8762
11273	1	11268
9743	3	1180
990	1	878
2362	3	2352
10445	1	10432
2	0	1337
11091	2	11143
10327	0	375
9177	1	9179
2337	1	2330
11188	2	11204
973	1	878
6934	0	1240
10060	0	86
6932	3	4637
2443	0	82
104	3	8292
6093	0	2818
7588	1	7562
12297	2	12321
7629	1	7625
11598	0	2481
2996	1	2966
8613	4	8537
7954	1	7953
41	3	10250
5	3	7944
4399	4	4128
9827	0	134
12192	1	11486
12208	1	12169
7580	3	6113
12076	0	932
2979	1	2966
6934	0	435
4382	4	4128
6774	0	278
11852	1	11825
8414	0	8421
5235	2	5234
12191	1	12169
70	3	8292
79	3	10180
7563	3	6113
8258	1	3944
7626	0	70
635	0	632
4	0	44
9427	1	9366
7956	1	7815
926	0	45
8290	0	7548
2362	0	2723
5112	4	4848
12174	1	12169
5443	2	5557
9547	0	1337
4701	1	4640
6976	1	6940
9473	1	9454
8916	1	8874
5668	1	5655
1293	1	1264
7506	0	276
4285	1	4128
10447	1	10428
11837	1	11486
11415	1	11268
9826	0	1176
6959	1	6940
9456	1	9454
57	3	1244
448	3	6112
9879	1	9874
11115	1	11064
10351	2	10393
9461	1	9449
3221	2	3220
9984	0	10053
5524	2	5628
11925	1	11486
6093	0	53
4251	1	4128
9186	0	9181
400	2	418
2376	1	2360
6941	0	7037
11098	1	11064
3655	1	3116
2118	3	2138
10778	2	10777
5371	2	5390
9331	3	9337
10674	1	10963
200	1	162
7672	1	7660
949	3	1038
9450	0	7617
4459	1	4451
1408	0	1773
10970	1	10960
4339	1	4128
2368	1	2360
10730	2	10745
5465	1	5410
3944	0	4844
183	1	162
5525	1	5413
8890	1	8762
12114	2	12127
2916	2	2919
1629	0	239
2931	0	1626
6317	2	6558
9413	2	9412
10645	1	10961
7129	1	7072
8601	4	640
5975	1	5655
11826	0	103
166	1	162
10001	1	9984
2489	1	2484
133	3	3871
5433	2	5548
827	0	109
6855	2	6854
9881	1	9870
8584	4	640
7952	0	57
9547	0	2305
2180	1	2229
11106	2	11153
3709	1	3116
4376	2	4377
1127	1	878
2776	2	2837
2761	1	2744
655	3	10250
2499	3	2352
5655	3	1237
3949	0	277
1111	3	1180
5423	1	5410
9827	0	81
141	2	151
7083	1	7070
9743	0	9823
1110	1	878
12077	0	7548
8848	1	8762
9887	1	9872
2574	1	2500
8297	0	658
1578	2	1577
1547	4	1406
8456	4	8426
9189	1	9184
9547	0	2439
3941	0	1031
11597	0	2726
5384	2	5404
5363	0	85
10995	1	10958
5416	3	1181
2557	1	2500
7218	1	7210
12255	2	12278
6932	0	448
7563	0	1036
2593	1	2362
5362	0	54
3256	4	3116
6738	4	640
5655	0	5796
8423	0	8533
5756	4	5739
4452	0	943
1198	1	878
698	2	737
11967	1	11968
10978	1	10958
2456	1	2443
2986	2	3022
2576	1	2362
5494	1	5410
5338	1	4848
5240	4	4848
4027	1	3972
4917	2	4916
8919	1	8762
7504	3	2307
992	1	946
12087	1	11486
2812	3	2809
5321	1	4848
947	3	944
10814	2	10813
7597	1	7562
7508	1	7507
4675	4	4639
10984	1	10960
975	1	946
1269	0	276
6932	3	1230
3067	1	3047
5328	4	4848
1601	4	1406
5416	3	5637
7953	3	7800
6049	1	5655
8925	2	8989
9484	1	9455
5827	2	5851
4465	2	4491
11794	2	11792
4658	4	4639
8367	1	8332
4319	1	4125
3050	1	3047
5432	1	3944
9289	1	9272
10813	4	10582
9210	2	9237
9837	1	9831
6913	3	2441
8060	1	7990
7562	3	7577
6219	1	6209
4529	2	4586
5415	1	3944
2118	0	70
9184	0	1240
249	3	8105
1422	1	1408
5311	2	5310
6766	1	6162
2400	0	51
5410	3	8317
11844	1	7658
11599	0	6230
10901	4	10582
6022	4	5655
3853	0	440
1636	1	1629
848	1	828
503	2	586
11003	1	10956
12075	0	278
4294	1	4125
7953	0	7986
9183	0	54
5480	1	5410
6037	2	6036
6944	0	7032
7563	0	2943
8633	4	640
2519	1	2362
2406	1	2402
11191	2	11207
9184	0	435
8650	2	8649
9207	1	9202
11489	2	11488
4277	1	4125
5228	4	5111
10867	4	10582
9010	1	8762
2727	2	2731
12300	2	12324
2744	0	1503
640	0	943
1299	1	1275
9742	0	2940
655	3	8103
8325	0	7470
8632	1	640
7504	3	1181
6117	3	6103
4425	0	2351
6973	1	6941
1271	0	1336
3418	4	3116
1290	1	1265
1111	0	1179
1855	2	2009
9777	1	9743
1282	1	1275
9288	1	9273
3075	1	3045
1624	1	1408
11312	1	11264
12076	0	1176
5425	1	5414
11784	2	11783
3851	3	5631
10429	0	76
7073	0	278
8729	0	251
6956	1	6941
5655	0	1771
390	0	435
7559	0	7579
9271	1	9273
6771	4	6723
11295	1	11264
9876	1	9875
5381	1	5367
12039	2	12067
7816	2	7843
5216	4	5082
6124	1	6093
6939	1	6941
10654	1	10958
10081	2	10105
4099	2	4098
5182	4	5106
8355	2	8395
10858	1	10582
9742	0	41
521	1	451
11278	1	11264
8319	2	8327
25	1	255
9181	0	5
1695	1	1408
12088	2	12096
81	3	77
5489	1	3944
11982	1	11968
7634	1	7624
504	1	451
8321	0	5690
6770	1	6723
2513	0	2702
8152	0	447
10354	2	10396
3669	2	3668
947	3	1241
7	1	2
3896	2	3904
6725	4	6721
6941	0	6931
5472	1	3944
403	2	421
6802	1	6776
8373	1	2114
487	1	451
7285	2	7394
9454	0	9539
7325	2	7426
3116	0	3926
5374	2	5393
11824	0	135
11685	2	11713
7660	0	7719
1666	1	1406
9998	1	9985
4462	1	4454
12135	1	12134
5455	1	3944
6785	1	6776
8356	1	2114
10973	1	10963
6846	4	6845
7072	0	132
642	0	134
1649	1	1406
11592	4	11494
6911	4	6843
9495	1	9450
12117	2	12130
3510	2	3508
9205	3	4637
7663	1	7658
5118	4	4848
10507	2	10552
2116	0	83
1632	1	1406
8481	2	8480
7626	0	932
4120	4	3972
12169	0	7502
5516	1	5411
1295	2	1325
3341	1	3116
6753	4	6724
3944	0	3933
4993	2	4992
4873	1	4848
1886	2	2039
11517	1	11486
9273	0	4631
8667	3	1442
12270	1	12250
8429	2	8443
5443	1	5413
8687	1	8665
10315	0	53
6247	1	6162
49	3	6109
438	3	2806
10890	2	10889
10060	0	277
7563	0	7562
1028	3	5358
641	3	660
926	0	102
5426	1	5413
10245	1	10188
9829	0	53
7504	3	7544
11486	0	440
365	4	0
8770	4	8762
5517	2	5622
12262	1	12250
3952	0	85
5207	4	5238
5470	1	5409
81	3	2923
10228	1	10188
12178	2	12217
3213	1	3116
655	3	2923
10998	1	10961
989	1	947
3944	0	4417
12258	2	12281
5365	0	57
640	0	85
5199	4	5053
4431	0	4424
12346	1	2
9202	0	2216
3700	2	3698
1094	1	947
5	3	914
10981	1	10961
2989	2	3025
4352	4	4128
10117	1	10060
12106	0	5406
11466	2	11465
11003	1	10582
1408	3	1778
4404	2	4402
10986	1	10956
41	3	7542
1077	1	947
3538	4	3116
2500	0	5
996	2	1026
1302	1	1270
2117	1	2118
6891	1	6845
995	1	949
5445	1	5409
4760	4	4640
6754	1	6722
10969	1	10956
4162	4	4125
8686	1	8666
9834	1	9832
7850	2	7900
978	1	949
5428	1	5409
1423	1	640
5	3	9908
9999	1	9984
9831	0	49
6761	4	6722
9839	1	9827
6845	0	7043
3626	4	3116
6845	0	627
11744	2	11751
3889	0	433
8370	1	8335
8669	1	8666
5980	4	5655
3537	1	3116
8557	2	8558
7660	0	1250
3944	0	2807
9292	2	9321
6744	4	6722
8667	0	8713
11822	0	929
11486	3	11909
322	1	0
7137	1	1406
2417	2	2435
7072	0	79
8353	1	8335
5408	1	5414
9297	1	9270
9273	0	4444
10717	1	10720
4532	2	4589
9697	1	9667
11597	3	9363
9177	1	9183
7507	0	2496
95	3	7542
10240	1	9450
1245	3	1239
3625	1	3116
7120	1	1406
5499	1	5409
3503	1	3116
4485	3	4479
11389	4	11268
6432	2	6673
11264	0	11387
9925	2	9950
9680	1	9667
3427	2	3426
2354	3	2356
7594	1	7592
6089	1	6092
10223	1	9450
786	1	638
288	1	0
7103	1	1406
5655	0	242
1211	4	878
3201	2	3200
9831	3	9849
4175	2	4174
9983	0	673
10719	1	10582
2414	1	2400
10206	1	9450
7763	1	7765
12196	2	12235
1098	4	878
9210	1	9205
11852	1	11829
3892	1	3889
8372	1	8331
6924	0	6931
9268	2	9301
9010	1	9006
1111	0	134
9490	1	9455
6845	0	1245
9174	2	9173
6976	1	6944
1293	1	1268
5383	1	5363
11063	2	11122
11214	0	11212
8423	0	80
6944	0	55
1792	1	1788
8436	1	8426
5820	2	5845
395	1	391
8170	1	8168
10452	1	10427
1176	3	8105
3821	2	3820
5326	4	4848
11823	1	11824
6959	1	6944
9702	1	9547
5237	1	4848
2743	0	2807
451	0	2954
642	0	110
949	3	1258
5656	1	5654
939	1	938
12042	2	12070
10435	1	10427
6845	0	440
10058	0	41
4535	2	4592
9829	0	134
3998	4	3972
1615	1	1406
9685	1	9547
10964	0	11057
2126	2	2132
1374	1	1339
10725	1	10718
655	3	7542
7885	1	7848
1111	3	916
2981	1	2966
9446	1	9366
2527	1	2500
1254	3	1241
7051	0	96
4321	2	4320
5325	1	4848
5295	2	5294
1598	1	1406
8507	1	8426
11980	2	11995
2758	1	2849
4830	0	109
509	2	592
7868	1	7848
4430	0	4444
5069	2	5068
11268	0	76
9429	1	9366
4464	1	4450
6020	4	5655
5465	1	5414
6771	4	6162
451	0	55
11001	1	10956
7655	0	57
484	1	0
7851	1	7848
2987	1	2968
851	2	869
10237	1	10060
6213	1	6162
362	1	0
5365	3	944
6090	0	49
2500	0	86
5291	1	4848
467	1	0
10530	1	10490
3046	3	3114
10676	1	10957
4273	4	4125
4470	1	4452
8526	0	82
3196	1	3116
1703	2	1765
11865	1	11597
6793	1	6774
6770	1	6162
450	1	0
11848	1	7658
6206	1	6209
9838	1	7050
2577	2	2713
4453	1	4452
3179	1	3116
0	0	41
6093	0	6152
11599	0	5
10794	2	10793
7580	3	7569
3753	1	3116
11831	1	7658
5423	1	5414
10986	1	10582
7497	0	278
5374	1	5361
1298	2	1328
8933	1	8873
2235	4	2233
2354	0	2355
41	3	8107
7592	0	55
4281	1	4125
7085	2	7152
7563	3	7569
3171	1	3116
878	3	1232
8174	1	8151
134	3	6110
4159	1	4125
3944	3	1442
5436	1	1406
3945	3	3947
1849	1	1788
9620	2	9644
11227	1	11214
11971	3	2820
7893	1	7846
3745	1	3116
3039	3	6113
6857	1	6845
11106	1	11066
1612	4	1408
11998	1	11486
4043	1	3972
5722	2	5721
8603	4	640
8665	3	89
5419	1	1406
10347	2	10390
1872	1	1790
9832	0	56
10427	0	7581
7876	1	7846
3942	0	2930
2951	0	2943
2234	1	2233
1665	2	1729
5494	1	5414
4247	1	4125
1937	1	1788
1855	1	1790
3711	1	3116
12086	1	11486
10975	2	11024
9764	1	9743
6942	0	7040
7072	0	55
1920	1	1788
642	0	57
5456	1	5412
10966	1	10957
11066	0	8108
10432	0	5
10984	1	10964
2992	2	3028
3067	1	3051
11483	0	2214
7513	1	7506
5521	1	5410
8666	0	6928
9875	3	5355
5455	2	5566
9450	0	5690
1943	1	1790
8367	1	8336
3503	2	3502
5448	1	5412
3050	1	3051
9870	0	4631
9672	2	9710
10189	1	9450
9742	0	1171
5338	1	5336
10972	1	10959
10428	3	3112
6304	2	6545
3055	1	3046
11835	1	11829
11861	1	11826
7674	2	7689
5431	1	5412
118	1	112
11102	2	11150
47	3	9337
12105	0	1048
6358	1	6162
8071	4	7990
8667	0	1252
1555	4	1408
50	3	7577
10822	0	55
11235	1	11212
6098	1	3944
4617	3	89
6865	1	6843
143	1	0
658	3	2811
6341	1	6162
4131	4	4128
5410	3	5638
6944	0	7036
6944	0	620
3149	2	3148
11218	1	11212
12194	1	11486
9491	1	2116
7562	0	1028
8332	0	6114
7721	1	7559
7084	1	7073
6324	1	6162
4117	1	3972
8598	4	8537
11603	1	11486
10991	1	10955
12177	1	11486
6914	1	6845
3854	1	3853
8744	1	8730
4321	1	4125
8241	0	618
6160	0	2217
7246	0	7260
8581	4	8537
9483	1	2116
11488	4	11486
5476	1	1406
6759	1	6721
10974	1	10955
846	2	874
6316	1	6162
1065	1	946
10060	0	1623
12160	1	11486
1290	1	1269
10011	1	9912
12199	2	12238
11691	1	11486
8299	1	5410
11312	1	11268
7521	1	7504
10004	1	9983
4083	1	3972
9466	1	2116
5670	1	5655
4800	4	4801
1295	1	1264
3890	1	3116
5459	1	1406
12102	0	32
7860	1	7848
4350	4	4128
11860	1	11827
4459	1	4431
5362	0	5
8674	1	8665
12143	1	11486
390	0	439
4388	2	4386
11001	1	10582
12199	1	12171
7559	0	7583
11576	4	11486
7846	0	57
11295	1	11268
9987	1	9983
6730	1	6719
8290	0	4413
10220	1	10060
8112	0	443
5653	1	5655
1278	1	1264
6889	1	6845
9395	1	9366
12077	0	278
11843	1	11827
7669	1	7656
3063	1	3044
11681	0	434
4392	1	4125
7138	1	7073
11400	1	11268
2298	1	2296
5758	1	5655
11278	1	11268
5823	2	5848
10330	2	10337
10203	1	10060
7507	0	7546
2164	2	2163
10455	1	10430
8112	0	8148
3856	1	3116
1251	3	1242
959	2	998
7693	1	7719
5369	1	5366
9285	1	9269
9890	1	9871
7049	1	6940
11933	1	11919
4427	0	4445
7599	1	7591
12045	2	12073
10438	1	10430
9919	1	3944
6932	3	1181
8689	1	3944
2121	2	2145
5724	1	5655
4427	0	2351
9547	0	780
4428	0	103
4516	2	4573
7768	1	7764
9300	1	451
7092	1	7071
666	1	642
2758	1	2743
5179	4	5102
8672	1	3944
893	1	878
7506	0	658
11109	1	8731
1176	3	7544
301	4	0
771	1	642
5173	4	4998
5367	0	5362
9283	1	451
7075	1	7071
12105	0	56
11089	1	11066
9495	1	9454
3508	4	3116
3185	2	3184
389	0	440
965	1	949
9181	0	3876
11072	1	11066
400	1	390
1111	0	57
3851	3	7542
7867	1	7815
8569	4	640
5371	1	5362
704	2	743
6159	0	629
1706	2	1768
4424	0	249
3596	4	3116
6897	1	6843
2563	1	2515
3474	4	3116
1851	2	2006
10315	0	57
5813	2	5839
10432	3	10482
49	3	6113
102	3	11607
7560	0	658
9018	2	9069
8257	1	3944
8120	0	8146
2443	0	277
2546	1	2515
11853	1	11486
11771	2	11770
4179	1	4128
8154	1	8152
6281	2	6522
1869	1	1791
5410	0	4482
8172	2	8205
11545	2	11544
6461	1	6162
6120	1	6090
10650	1	10955
10795	4	10582
3579	2	3578
2529	1	2515
11836	1	11486
8665	0	86
5470	1	5413
4431	0	106
5815	1	5655
1852	1	1791
2278	0	55
10896	2	10895
10068	2	10092
4683	1	4640
1249	3	9257
3944	0	7804
4431	0	4428
11114	1	11064
1835	1	1791
4305	2	4304
9442	4	9366
6845	0	6913
6807	2	6840
11622	1	11621
10060	0	765
7815	0	7845
5903	1	5655
1940	1	1791
8120	0	2214
7139	1	6845
11919	0	2954
7281	2	7391
10986	1	10960
884	1	876
11097	1	11064
2229	0	2230
9776	2	9813
5363	0	1622
1818	1	1791
1302	1	1274
11486	0	928
1521	4	1408
10978	2	11027
1923	1	1791
7122	1	6845
10969	1	10960
11080	1	11064
11745	0	1032
5764	1	5655
6162	0	57
7782	2	7794
10582	0	375
3070	2	3100
11486	0	2217
115	1	113
2578	2	2667
9567	1	9547
4450	0	658
9839	1	9831
5869	1	5655
7105	1	6845
3911	2	3918
2571	1	2513
9008	2	9060
9550	1	9547
10633	4	10582
8667	0	8717
8776	1	8762
2488	1	2484
9438	2	9439
3670	4	3116
9400	4	9366
10490	0	10488
7088	1	6845
9403	2	9402
3058	1	3049
7990	0	7993
2552	2	2646
4501	3	4422
2554	1	2513
1407	1	1408
12348	1	2
9880	1	9870
9743	0	1240
7223	1	7210
8425	2	8440
2373	2	2392
2557	2	2652
11486	0	2351
12078	0	4631
5423	2	5538
6957	2	6998
5499	1	5413
10018	2	10051
3184	4	3116
2399	1	2362
1126	1	878
9985	0	55
0	0	98
11598	0	8316
786	1	642
5422	1	5410
5655	0	246
8729	0	2109
9970	1	9962
7619	1	7562
5180	4	5008
1109	1	878
3839	1	3116
8847	1	8762
9270	0	2945
10971	1	10956
3741	4	3116
11840	2	11879
5471	1	3944
2487	1	2362
3150	4	3116
7602	1	7562
3940	0	1031
673	3	674
11066	0	11064
8830	1	8762
10954	1	10956
3724	4	3116
1137	1	1111
3077	1	3045
1085	1	949
6367	2	6607
2592	1	2362
6932	0	6925
5454	1	3944
8079	2	8076
1461	1	1408
6090	0	2818
2239	4	2233
10607	1	10582
6762	1	6724
10977	1	10958
8077	0	8096
2455	1	2443
7666	1	7657
1120	1	1111
3060	1	3045
2575	1	2362
1293	1	1272
5383	1	5367
9299	1	9270
8153	0	57
4451	0	4484
8173	1	8153
4307	1	4128
7504	0	7547
6453	2	6694
9204	3	4637
1298	1	1267
10327	0	2506
2558	1	2362
10923	4	10582
9282	1	9270
4797	4	4700
7787	1	7781
11744	1	11747
3699	4	3116
7845	0	829
7596	1	7592
1281	1	1267
4218	4	4125
931	3	2924
11486	0	11829
6212	1	6207
1268	0	276
3261	2	3260
3066	1	3047
3141	1	3116
2782	2	2839
7952	3	7800
8289	0	79
1415	1	1406
3956	2	3964
3950	0	78
133	3	2806
6845	0	7210
9154	1	8762
1863	2	2017
251	3	7544
6031	1	5655
2276	0	44
2229	0	83
2301	1	2278
1406	3	1442
6294	2	6534
6207	0	1772
4430	0	4448
10006	1	640
10330	1	10329
4464	1	4454
12077	0	11610
4454	0	943
7601	1	7563
2404	2	2422
2284	1	2278
1825	1	1790
9178	0	3877
11486	0	70
1421	2	1438
4850	4	4848
397	1	391
8921	1	8762
5746	2	5745
4145	1	4128
7589	0	2816
2405	1	2402
1552	1	1408
6006	1	5655
10315	3	1778
5658	1	5654
8904	1	8762
2944	0	656
5338	2	5348
7674	1	7655
6027	2	6026
3043	0	55
3068	1	3043
2443	0	2481
5528	1	3944
11827	0	2945
7554	2	7557
7657	0	6114
8528	2	8531
6093	0	6156
10488	0	103
7519	1	7504
5511	1	3944
5374	1	5365
1518	1	1408
6902	4	6845
7279	1	7262
8336	0	6114
11493	2	11492
10647	1	10956
1289	1	1265
10443	1	10429
4088	4	3972
9927	1	9912
7563	3	7573
11574	4	11486
8432	1	8423
6747	4	6721
7618	3	5400
5816	2	5842
2184	2	2204
6885	4	6845
59	0	3878
6955	1	6941
2177	1	2229
9353	2	9359
9910	1	9912
12117	1	12102
2848	1	2849
9478	1	9452
1606	1	1408
6284	2	6525
11268	0	109
11111	1	11065
7367	1	7262
10752	1	10582
6868	4	6845
8734	0	1246
6123	1	6093
4054	4	3972
6718	4	6719
7815	0	7955
8340	1	8333
6795	1	6774
12029	2	12057
320	2	319
11094	1	11065
7350	1	7262
79	3	5358
11936	2	11960
2607	1	2362
2537	1	2513
10071	2	10095
9998	1	9912
3303	1	3116
10196	1	10188
10670	1	10964
5202	4	5060
4417	3	7577
10582	0	135
5456	1	5416
11850	1	11597
6778	1	6774
3844	4	3116
5361	0	135
3930	0	2929
10966	1	10961
11077	1	11065
7333	1	7262
86	3	914
917	3	8107
6768	1	640
5521	1	5414
10060	0	70
8572	1	640
6801	1	6776
11539	1	11486
3659	2	3658
8426	0	1028
8003	1	7990
1603	2	1604
5444	1	5411
10981	2	11030
10971	1	10582
3269	1	3116
11621	0	248
10190	1	10060
6784	1	6776
6067	2	6066
10972	1	10963
963	1	949
9273	0	1175
391	0	431
10954	1	10582
387	4	353
5084	2	5082
2354	3	1181
10077	1	10060
638	0	375
11866	1	11825
4705	1	4639
8422	2	8441
5436	1	5411
8290	0	766
7865	1	7815
8302	1	8297
8680	1	8663
9184	0	4631
3357	1	3116
11294	2	11353
8182	1	8153
4428	0	2738
9011	2	9063
11849	1	11825
10156	1	10060
3949	0	448
5419	1	5411
2763	2	2828
27	1	255
6944	0	7040
7560	3	6113
8330	1	2114
1396	2	1395
3944	3	1259
162	0	45
10582	0	6230
7498	1	7497
10599	2	10598
3682	4	3116
5367	0	76
11529	2	11528
4983	2	4982
5492	1	1406
1945	1	1790
1876	2	2029
8730	0	2815
59	0	658
10991	1	10959
10430	3	659
5412	3	1182
642	0	679
5092	4	4848
8744	1	8734
4848	3	1229
9180	0	428
10119	2	10125
5003	1	4848
10880	2	10879
2127	2	2143
11486	0	2945
6093	0	37
8896	1	8874
10974	1	10959
4412	0	1240
2443	0	1623
7565	1	3944
8322	1	8321
7563	0	52
4688	4	4640
9440	4	9366
1295	1	1268
988	1	947
6360	1	6162
11445	4	11268
2594	1	2513
2373	1	2360
5091	1	4848
4431	0	4485
12305	1	0
8567	1	8537
4969	1	4848
1278	1	1268
11971	3	88
1304	1	1265
971	1	947
11807	4	11486
145	1	0
7669	1	7660
3063	1	3048
9912	0	4414
5412	3	5638
12182	2	12221
5451	2	5563
11599	0	440
8550	1	8537
189	2	229
4848	0	4448
7660	0	1177
5174	4	5124
4654	4	4640
8363	1	8333
8132	1	8112
1301	1	1270
6448	1	6162
4238	4	4128
11284	2	11344
12297	1	0
11411	4	11268
9187	1	9181
11456	2	11455
6752	2	6751
9285	1	9273
883	2	902
386	4	341
5769	4	5655
5057	1	4848
135	3	914
11706	2	11733
8153	0	1240
12311	2	12335
10641	1	10957
8346	1	8333
1284	1	1270
7126	1	7072
6431	1	6162
10821	1	10822
5427	1	5409
5129	2	5128
111	1	0
1422	1	640
11806	1	11486
4791	4	4693
7896	1	7845
6092	3	2441
10060	3	4637
6414	1	6162
2362	0	76
1866	2	2020
7290	2	7397
8882	2	8947
10647	1	10582
10426	1	10429
6092	0	49
3955	1	3952
25	2	33
199	1	0
5476	1	5411
5367	0	5366
7751	2	7757
2442	2	2462
2972	1	2968
10222	1	10060
2930	3	6108
10630	1	10582
2407	2	2425
8733	0	108
4424	0	4441
10318	1	10060
55	3	7544
304	1	0
7080	1	7070
389	0	444
1406	0	75
9984	0	51
5459	1	5411
10432	0	440
2118	0	375
4484	3	4479
242	3	7542
2908	3	7776
8192	1	8168
9679	1	9667
6986	1	6942
6360	2	6601
10205	1	10060
8370	1	2114
1303	1	1266
7764	0	681
637	1	641
11919	0	246
405	1	389
6969	1	6942
8353	1	2114
1286	1	1266
878	0	109
12077	0	4633
11308	1	11265
11833	1	11597
623	3	631
7783	0	3926
388	1	389
7658	3	3879
6162	0	6209
2453	1	2443
6952	1	6942
2807	3	5400
8745	2	8758
11621	0	1029
1080	4	878
7522	1	7507
6767	4	6724
11291	1	11265
3810	4	3116
2402	0	2437
6120	1	6094
773	1	642
10650	1	10959
7134	1	7070
6734	1	640
640	0	4631
1526	1	1406
8435	1	8426
8538	1	640
11274	1	11265
8801	4	8762
11091	1	11066
2593	2	2681
10451	1	10427
11487	2	11485
4295	4	4128
5501	1	5409
2108	0	2110
5948	4	5655
41	3	8705
11978	1	11969
2181	1	8120
7630	1	7625
2997	1	2966
6287	2	6528
9383	2	9382
949	0	1048
3809	1	3116
10434	1	10427
9828	0	134
9187	2	9195
5484	1	5409
828	0	873
12032	2	12060
2537	2	2632
6869	2	6868
10986	1	10964
2980	1	2966
4383	4	4128
10074	2	10098
5172	4	4990
6036	4	5655
108	3	6112
1823	1	1790
10969	1	10964
10523	1	10488
800	2	820
4311	2	4310
12106	0	6114
4463	1	4450
5475	1	1406
1928	1	1790
9912	3	821
11864	2	11903
845	1	828
11863	1	11826
9491	1	9451
1091	1	947
9125	4	8762
10506	1	10488
9180	0	54
2403	1	2402
7507	0	276
361	1	0
6172	1	6160
5529	1	5412
9832	0	438
5468	1	5416
120	1	112
947	0	1248
6002	4	5655
1911	1	1790
10984	2	11033
3944	0	2815
9190	1	9186
9635	2	9658
1406	0	1177
5512	1	5412
8367	2	8405
9483	1	9451
3940	0	3934
1894	1	1790
9880	1	9874
10450	1	640
8733	0	55
1344	2	1343
640	0	2216
63	1	59
2359	2	2380
8683	1	8666
691	2	730
11926	1	11486
9837	1	7050
1693	2	1755
9466	1	9451
432	3	6112
9836	1	9827
10433	1	640
3048	0	107
5504	1	5412
9203	1	640
0	0	102
1523	4	1408
5422	1	5414
4705	2	4704
9930	2	9953
1865	1	1788
8612	1	640
8746	2	8757
3639	1	3116
7134	1	1406
5487	1	5412
5993	1	5655
10750	1	10582
1848	1	1788
10521	1	640
5871	1	5655
10064	2	10089
2445	1	2400
7075	2	7142
3622	1	3116
11486	0	8316
11107	2	11177
12080	2	12090
1225	4	878
11827	0	103
5418	1	1406
8044	2	8043
11920	2	11944
1831	1	1788
10504	1	640
640	0	10055
8666	0	439
4520	1	4501
1594	4	1408
7631	1	7624
10060	0	932
1936	1	1788
9449	0	79
7277	2	7388
4543	2	4600
9967	2	9977
1814	1	1788
2865	2	2912
1298	1	1271
2917	1	2849
2411	1	2400
655	3	8705
11636	2	11655
4503	1	4501
9962	0	56
12078	0	931
10821	1	10582
11404	2	11403
1919	1	1788
3858	1	3116
4342	2	4340
6750	1	6723
2592	1	2500
10965	1	10957
6970	1	6845
640	3	1442
1917	2	2106
1281	1	1271
11854	1	11824
517	2	600
5424	1	5410
3417	2	3416
9828	0	81
3066	1	3051
5077	2	5076
9995	1	9985
6051	2	6050
9835	1	9828
9449	0	5690
3841	1	3116
2296	0	157
2575	1	2500
6953	1	6845
8366	1	8336
3274	4	3116
6756	4	640
3057	2	3087
11287	2	11347
11918	1	11919
4703	1	4639
2118	0	2229
8918	1	8873
3493	2	3492
12314	2	12338
11268	0	11388
2558	1	2500
6739	4	640
3944	3	1182
1531	4	1406
8688	2	8726
3267	2	3266
6093	3	6139
7073	0	75
7848	0	110
11621	0	655
2329	1	2330
10996	1	10955
8901	1	8873
3362	4	3116
2369	2	2389
2577	1	2362
3240	4	3116
6845	3	1230
5339	1	4848
1380	2	1379
9164	2	9163
8521	1	8426
1869	2	2023
7293	2	7400
4693	4	4639
3912	1	3116
7882	1	7848
9342	2	9346
3443	1	3116
993	1	946
6244	1	6162
3993	2	3992
7813	0	7835
2560	1	2362
28	2	36
2498	2	2503
10925	4	10582
8290	0	2112
4011	1	3972
6752	1	6719
85	3	7800
6774	0	103
2513	0	2149
162	0	102
4278	4	4128
12101	0	134
12104	0	2495
106	3	7569
86	3	1239
12204	1	12171
8331	0	81
4502	2	4559
11602	1	11486
822	0	826
3944	3	5638
9457	1	4830
1081	1	946
8368	1	8332
11597	0	2954
2931	0	244
722	1	642
10657	2	10694
8073	4	8041
947	3	1038
7580	3	7577
5661	1	640
8259	1	3944
2360	3	660
8332	0	1048
11585	1	11486
6758	1	6721
7247	0	3966
10647	1	10960
1289	1	1269
7131	1	7071
705	1	642
104	3	91
7563	3	7577
12175	1	12169
3639	2	3638
8242	1	3944
5669	1	5655
5962	2	5960
10448	1	10428
4097	2	4095
4423	1	4427
10582	0	5
12102	0	93
5361	0	5
7818	1	7815
7114	1	7071
2336	2	2348
10141	2	10164
12117	1	12106
4974	4	4848
2780	1	2743
11294	1	11268
6960	1	6940
11997	2	12008
5652	1	5655
6235	2	6476
7663	2	7680
10431	1	10428
11597	0	55
2500	0	2217
4147	1	4128
2763	1	2743
11277	1	11268
9742	0	106
6912	0	1246
6943	1	6940
6090	0	86
11486	0	103
5113	2	5112
6871	1	6845
7589	0	55
4833	2	4838
11691	1	11681
3054	2	3084
11804	1	11486
5062	4	4848
4130	1	4128
2111	0	2113
4940	4	4848
8296	1	8290
4651	1	4640
2602	1	2515
3936	0	943
10058	0	2440
10437	1	10430
4235	1	4128
1503	3	916
4460	1	4451
4259	2	4258
11064	0	4416
11082	1	11064
258	1	23
264	2	274
40	3	614
2168	2	2167
2443	0	70
3039	3	7544
5007	2	5006
11668	0	55
3517	1	3116
6924	3	4635
7073	0	1177
8426	0	1032
246	3	11607
9778	1	9743
8916	2	8980
5937	2	5936
1908	1	1791
11313	1	11264
0	0	78
10980	1	10957
3402	4	3116
10860	2	10859
167	1	162
11777	4	11486
4201	1	4128
9677	1	9667
11296	1	11264
81	3	6103
7848	0	57
10220	1	9450
11635	2	11654
11866	1	11829
2556	1	2513
8937	1	8874
8680	1	8667
522	1	451
1655	2	1719
3	2	17
336	2	335
10203	1	9450
6934	3	1229
11849	1	11829
3490	4	3116
2539	1	2513
7545	3	8292
10636	4	10619
5370	1	5362
8370	2	8408
8929	1	8874
7301	2	7481
505	1	451
2522	1	2513
694	2	733
178	2	216
989	1	878
11008	1	10960
10584	4	10582
8912	1	8874
11480	2	11479
7210	0	51
2545	1	2515
1094	1	878
6093	0	41
10241	2	10305
10528	1	10487
5655	0	2938
6119	1	6090
8543	4	640
11825	0	132
3949	0	3969
6092	0	2818
5136	4	4848
6271	2	6512
1077	1	878
7699	2	7716
9457	1	9449
75	3	3871
2543	2	2638
8322	1	8325
2541	1	2500
1851	1	1791
11535	2	11534
3604	2	3605
1295	1	1272
12102	0	40
3569	2	3568
8732	1	8733
3944	0	6926
6177	1	6159
5119	4	4848
8798	1	8762
10962	1	10958
2524	1	2500
1834	1	1791
1278	1	1272
451	0	39
1354	1	1339
7509	1	7507
10060	0	826
8903	1	8762
3321	2	3320
4546	2	4603
5671	2	5689
5174	4	5128
9970	2	9980
11910	2	11914
2543	1	2362
6797	2	6830
1301	1	1274
4397	1	4128
7083	2	7149
5655	0	39
640	3	9257
8688	1	8665
10060	0	1176
7504	0	440
5305	1	4848
11064	0	41
4069	2	4068
2153	4	2118
6976	2	7017
9826	0	3876
8886	1	8762
386	4	345
6975	1	6940
10641	1	10961
1284	1	1274
4380	1	4128
9290	1	9272
642	3	660
8667	0	134
10968	2	11017
9003	0	5
8494	4	8426
2515	0	2217
5427	1	5413
7590	2	7605
3215	2	3214
7658	0	873
6958	1	6940
43	3	2922
11486	0	12077
9455	0	5
7262	0	4439
4363	1	4128
8152	0	8164
8477	4	8426
9112	2	9111
10488	0	83
11089	2	11141
6924	0	1251
349	4	0
11316	2	11377
12317	2	12341
7572	3	7574
2375	1	2360
8739	2	8751
10790	2	10789
4432	1	4424
3715	2	3714
2930	3	6112
10882	1	10956
332	4	0
4689	2	4688
9393	2	9392
2220	2	2225
389	0	448
9984	0	55
1872	2	2026
6772	1	6722
3116	0	100
1303	1	1270
2114	3	830
0	0	159
4156	1	4125
996	1	949
10958	0	8148
8740	1	8731
3849	2	3850
10017	1	9984
3644	4	3116
6755	1	6722
4261	1	4125
7659	1	7655
3053	1	3043
7730	2	7746
9217	2	9245
1286	1	1270
5655	0	657
12171	0	42
10851	4	10582
7270	2	7382
7559	0	49
10000	1	9984
1291	1	1265
10369	1	10329
4244	1	4125
4146	4	4125
8670	1	8666
11621	0	1033
642	0	41
7765	0	2738
6957	1	6941
3610	4	3116
5336	3	5355
7665	1	7657
3059	1	3045
4227	1	4125
12159	2	12161
10650	1	10963
5964	4	5655
5382	1	5367
1222	1	878
1245	3	6110
2779	2	2801
3930	0	2693
12078	0	49
5518	1	5410
2865	1	2744
3042	1	3045
9281	1	9270
9886	1	9872
7786	1	7781
10429	3	10482
11271	2	11331
1696	1	1408
10809	4	10582
825	3	830
1574	1	1408
6738	4	6723
9048	1	8762
9984	0	673
9869	1	9872
4807	4	4808
8926	1	8762
6091	1	6093
1673	2	1735
1679	1	1408
3829	4	3116
8151	0	160
3123	1	3116
10188	0	826
9031	1	8762
11829	0	7502
1405	3	1442
1662	1	1408
10808	2	10807
10188	0	1176
4463	1	4454
12101	0	57
992	2	1023
10808	1	10582
5655	0	2214
9491	1	9455
5529	1	5416
1528	1	1406
947	0	1252
5439	1	3944
640	0	931
1446	1	1408
10511	1	10487
396	1	391
111	2	122
1299	1	1263
10453	1	10427
10874	1	10961
1175	3	9337
1633	1	1406
6757	4	6719
11502	4	11486
5512	1	5416
11621	0	2940
6347	2	6588
2183	1	8120
6895	4	6843
1079	1	946
5736	2	5735
10494	1	10487
5657	1	5654
1282	1	1263
75	3	3847
10436	1	10427
5310	4	4848
5437	2	5551
3645	2	3644
5527	1	3944
9686	1	9547
11485	4	11486
8628	1	640
3859	2	3868
7656	0	6114
1276	0	6
6878	4	6843
8763	2	8761
9836	1	9831
4673	1	4639
9547	0	2724
5504	1	5416
134	3	914
7518	1	7504
9471	1	9450
8152	0	1240
10060	0	10251
8150	1	8153
6763	4	6721
3982	4	3972
1599	1	1406
5510	1	3944
5655	0	6081
8671	1	8665
2944	0	2945
11598	0	6230
8734	0	2112
2771	2	2830
5487	1	5416
49	3	7573
10008	1	640
2815	3	6111
1704	1	1406
1406	3	1182
5493	1	3944
11621	0	41
6162	0	6160
4761	1	4639
11011	1	10963
8644	2	8643
1687	1	1406
4070	4	3972
11556	4	11486
8336	0	1048
1913	1	1790
134	3	9908
3291	2	3290
5475	1	5411
2917	2	2920
10956	0	8148
702	2	740
6914	2	6918
6794	1	6774
2533	2	2629
11093	1	11065
2362	0	56
9006	0	278
12075	0	79
1298	1	1275
3944	0	9264
5468	1	3944
4017	2	4016
4656	4	4640
6160	0	6202
10882	1	10582
6777	1	6774
3047	0	133
10965	1	10961
956	1	947
9297	1	451
1281	1	1275
2118	0	5
4765	2	4764
495	2	579
9835	1	9832
1406	0	55
9280	1	451
8640	1	8537
142	2	152
825	0	829
8175	1	8151
3853	0	375
1304	2	1334
5437	1	1406
3946	3	3947
0	0	135
12074	1	12075
9176	1	8762
53	3	6112
3875	0	2440
10894	2	10892
7881	1	7815
2756	2	2826
1407	1	640
1593	2	1594
4831	3	830
871	3	9907
4727	4	4640
5420	1	1406
8069	3	9257
451	0	2511
3488	4	3116
1405	0	1441
10996	1	10959
201	1	0
8325	0	6116
3663	2	3662
10329	0	57
8679	1	8663
3116	0	2304
1791	0	658
385	4	333
9168	1	8762
878	0	1028
1938	1	1788
9451	0	79
3593	4	3116
7969	1	7815
6468	2	6710
3504	1	3116
8252	2	8274
184	1	0
5418	1	5411
7887	1	7847
1921	1	1788
3576	4	3116
6752	1	6723
8742	2	8754
5483	1	5409
5369	2	5388
5930	4	5655
106	3	7573
5137	2	5136
8331	0	85
7598	1	7563
10315	3	2136
8667	0	6928
7870	1	7847
3559	4	3116
5365	0	45
10429	3	659
12111	2	12124
2931	0	248
3073	1	3046
5466	1	5409
4452	3	4479
5714	4	5655
10582	0	7580
8373	1	8331
7657	0	56
7853	1	7847
10058	0	82
10190	1	9450
5339	1	5336
7815	0	7829
3575	1	3116
7662	1	7658
3056	1	3046
7733	2	7749
10582	0	2103
10188	0	10251
8356	1	8331
1376	4	1339
9439	4	9366
1294	1	1268
10448	1	10432
7848	3	91
3558	1	3116
2555	2	2649
11632	2	11652
8320	0	7463
8803	4	8762
8297	0	435
8762	0	40
85	3	2811
6960	1	6944
8666	3	1442
1359	4	1339
9422	4	9366
1277	1	1268
7119	1	7070
10431	1	10432
10060	3	1181
7668	1	7660
822	3	831
11427	4	11268
22	1	0
2875	2	2901
2457	2	2476
9830	0	134
6943	1	6944
8736	2	8760
11486	0	107
8333	0	6114
12106	0	2495
7722	1	7559
5655	0	96
3199	2	3198
9564	1	9547
12172	2	12211
8429	1	8423
7624	0	2109
11274	2	11334
6915	1	6845
9669	1	9547
5663	1	640
7222	1	6941
2965	1	2966
7895	1	7845
10060	0	78
7364	1	7262
4368	4	4128
2743	0	83
5276	4	4848
11486	0	12134
10012	1	9912
9048	1	9006
9833	0	9826
9877	1	9870
11692	1	11486
10349	2	10389
8244	1	3944
12142	1	12132
10238	1	10060
7878	1	7845
2500	0	2705
9413	1	9366
10116	1	10060
1622	3	10176
9635	1	9547
9031	1	9006
10221	2	10285
2971	1	2968
10505	2	10550
6962	1	6940
4724	2	4725
10221	1	10060
2114	0	81
9766	1	9742
7670	1	7656
11559	2	11558
8457	1	8426
11226	2	11251
2221	1	2118
8191	1	8168
6945	1	6940
10204	1	10060
9839	1	7050
3116	0	157
9379	1	9366
12107	1	12101
1116	2	1150
9749	1	9742
5523	1	5409
7845	0	1618
6760	4	6722
7694	1	7719
5410	0	4413
5370	1	5366
5186	4	5024
7348	2	7446
5742	1	5655
6350	2	6591
9758	1	9742
11486	3	1777
4144	4	4125
8668	1	8666
10187	1	10060
5375	1	5361
7559	3	7574
9696	2	9734
8666	0	8713
2460	2	2479
7559	0	106
4093	2	4092
11008	1	10964
2452	1	2443
11745	0	829
1464	2	1510
9741	1	9742
6096	1	6092
5023	2	5022
7814	1	7812
451	0	2942
6913	3	2352
2741	0	438
7506	0	2496
11107	1	11066
4232	4	4125
7119	1	1406
1227	4	878
400	1	0
4374	2	4373
6119	1	6094
5224	4	5304
4143	1	4125
6941	0	7029
9933	2	9957
11090	1	11066
1679	2	1741
3607	1	3116
11093	1	8731
10674	1	10955
197	2	237
2400	0	1251
4126	1	4125
1816	1	1788
3044	0	134
11073	1	11066
5478	1	5414
1406	0	6231
12132	0	5
10487	0	1441
9870	0	134
1193	4	878
3121	1	3116
10582	0	1245
985	2	1017
7660	0	246
2729	2	2734
1839	1	1790
9373	2	9372
4866	2	4883
4669	2	4668
9352	1	9351
3891	1	3889
3695	1	3116
2124	1	2116
11486	0	54
7514	2	7533
9273	0	57
5461	1	5414
8746	1	8729
4214	1	4125
10188	3	1181
1904	1	1788
9490	2	9532
5105	1	4848
2281	1	2278
1822	1	1790
10322	3	8107
9225	1	640
8325	0	8320
9476	1	9449
1887	1	1788
10145	2	10183
9055	2	9107
11008	2	11053
8052	2	8051
8351	1	8336
1805	1	1790
8426	0	44
11862	1	11826
5432	1	5412
1390	1	1339
6121	1	6090
39	3	6139
640	0	49
119	1	112
641	0	110
11854	2	11893
9459	1	9449
145	2	155
946	0	1248
6932	0	1245
10060	0	375
11622	2	11641
2543	1	2500
11845	1	11826
5415	1	5412
6445	1	6162
11824	0	2945
10779	4	10582
12085	2	12093
6940	0	7041
8055	4	7990
11828	1	11826
9452	0	375
4542	1	4501
3944	0	7548
1941	1	1791
7563	0	1028
2515	0	2705
1604	4	1406
7560	3	7573
5307	1	4848
8628	2	8627
7245	1	7246
4405	2	4403
5887	1	5655
7123	1	6845
70	3	71
5817	2	5863
1587	4	1406
5372	2	5391
9920	2	9943
4644	4	4639
1291	1	1269
822	0	135
6942	0	7028
1570	4	1406
8565	4	8537
9467	1	2116
6743	1	6721
239	3	7542
57	3	7949
4460	1	4431
9191	1	9182
3769	1	3116
12144	1	11486
9995	1	9912
8666	0	6916
3059	1	3049
7847	0	57
9988	1	9983
4067	1	3972
11322	1	11265
11553	1	11486
1788	3	2104
7889	1	7953
402	1	389
6752	1	6162
6726	1	6721
24	1	23
3851	3	10482
11598	0	5
6283	1	6162
2418	2	2436
7139	1	7073
7660	0	7764
8653	4	8537
10887	4	10582
12078	0	53
5518	1	5414
11829	3	9363
3042	1	3049
11279	1	11268
438	3	5400
6092	0	86
3857	1	3116
5478	2	5586
10082	1	10060
640	3	3947
7562	3	7569
1280	1	1271
7122	1	7073
12110	1	11486
11599	0	8316
9961	1	9912
6963	2	7004
5716	2	5715
3168	4	3116
7892	1	7846
1134	2	1187
10439	1	10430
2250	1	2233
520	1	0
2878	2	2904
8667	0	1240
3625	2	3624
3371	1	3116
4359	1	4125
7105	1	7073
8787	2	8785
5489	1	5412
7697	2	7709
2488	1	2362
5067	2	5066
8619	4	8537
10853	4	10582
7960	1	7953
5514	1	1406
57	3	5400
7875	1	7846
3944	0	3039
3823	1	3116
8299	1	8297
12198	1	11486
6426	2	6667
1138	1	1111
3875	0	53
11277	2	11337
5472	1	5412
7088	1	7073
2741	3	2806
9772	2	9810
6158	0	2693
2741	0	2508
5497	1	1406
40	3	5400
7858	1	7846
10060	0	5799
7076	1	7071
12197	1	12169
10941	4	10582
491	2	573
6845	0	54
5455	1	5412
641	0	57
6768	1	6719
1406	0	246
9496	1	9454
8188	1	8169
1408	0	102
1299	1	1267
4334	1	4125
7813	3	1778
667	2	675
6757	4	6723
401	1	390
7788	1	7781
8297	0	3041
9479	1	9454
8171	1	8169
6298	2	6539
1282	1	1267
4317	1	4125
8298	0	7030
11268	0	2134
4425	0	249
8290	0	79
11184	1	11179
3475	4	3116
10081	1	5365
2364	2	2383
2278	0	1035
12110	1	12104
2773	1	2741
8007	2	8024
9471	1	9454
789	2	809
5195	4	5278
1176	3	6109
7050	0	2816
41	3	821
5655	0	6085
6881	1	6843
6353	2	6594
3458	4	3116
10064	1	5365
8666	0	1252
7130	1	7071
49	3	7577
2756	1	2741
3985	1	3972
10073	1	5365
2868	2	2895
11621	0	45
6864	1	6843
8800	2	8799
2530	1	2515
6340	1	6162
1791	0	44
5409	3	5638
23	0	109
7754	2	7760
7817	1	7815
2779	1	2743
7115	2	7182
3482	2	3483
10060	0	9450
2440	3	2809
9490	1	2116
3546	4	3116
8343	2	8382
6847	1	6843
7953	0	86
10318	2	10320
1538	2	1537
4956	4	4848
1455	2	1508
6428	1	6162
12075	0	83
1040	2	1057
9827	0	49
4129	1	4128
5529	1	3944
5782	1	5655
1819	1	1791
6094	0	1256
2601	1	2515
6411	1	6162
5365	0	2814
8297	0	7042
10227	2	10291
10214	2	10279
1924	1	1791
5512	1	3944
10511	2	10556
3051	0	1246
1802	1	1791
10060	0	135
11859	1	11827
2807	3	2806
2584	1	2515
2116	0	75
116	1	113
4217	1	4128
4451	0	658
2940	3	6139
1907	1	1791
9493	2	9535
7106	1	6845
4023	2	4022
1246	3	914
11599	0	103
6984	1	6845
11842	1	11827
6886	4	6845
3062	1	3044
8095	0	110
5508	1	5413
9551	1	9547
824	3	8230
6944	0	3938
7341	2	7440
1890	1	1791
7089	1	6845
7506	0	7546
2190	2	2210
1300	1	1266
10454	1	10430
10996	1	10963
11865	1	11829
8679	1	8667
9284	1	9269
10214	1	10188
385	4	337
57	3	7575
878	0	1032
10617	4	10582
11857	2	11896
9462	1	9452
9384	4	9366
7224	1	7210
1873	1	1791
2968	0	3041
11625	2	11644
1283	1	1266
7250	2	7253
12077	0	79
3048	0	278
6883	1	6913
10197	1	10188
10600	4	10582
5271	2	5270
55	3	91
317	4	0
7055	1	6845
5483	1	5413
11470	1	11268
2521	1	2513
9622	1	9547
988	1	878
981	1	949
11597	0	5406
2818	3	2809
3044	0	57
5466	1	5413
7603	1	7562
2366	1	2362
949	0	1032
827	0	829
938	0	933
6740	1	6722
8831	1	8762
7550	3	10250
7969	1	7953
971	1	878
7248	1	7249
8373	1	8335
3875	0	1773
964	1	949
7815	0	7833
9180	0	3876
1462	1	1408
7627	1	7625
5143	2	5142
7815	3	2819
3708	4	3116
9547	0	931
1121	1	1111
1069	1	949
8356	1	8335
1294	1	1272
6073	2	6072
6913	3	4637
2454	1	2362
1445	1	1408
2520	2	2616
1059	1	878
8762	0	44
4471	1	4424
6746	1	6724
2487	2	2492
8030	4	8028
1277	1	1272
11850	1	11825
719	1	642
7846	3	7944
7848	3	7800
6096	2	6104
10508	2	10553
3578	4	3116
8289	0	254
6213	1	6207
7954	1	7815
7660	0	7658
6940	3	3879
2561	2	2655
1411	1	1408
2951	0	276
5661	2	5679
59	0	2496
8914	1	8874
8296	1	8298
5481	2	5589
10445	1	10428
3853	0	3925
2211	3	11607
5229	4	5116
6845	0	6230
3666	4	3116
8897	1	8874
11638	1	11621
12344	1	2
5076	4	4848
9016	1	8762
9877	1	9874
366	2	365
7251	1	6845
12169	0	86
6174	2	6191
10188	0	135
8880	1	8874
6429	2	6670
1622	3	10180
1939	1	1791
2374	1	2360
843	2	863
81	3	6111
9424	4	9366
2114	0	85
8414	0	4445
11978	2	11991
2578	1	2513
5205	4	5312
5885	1	5655
3705	2	3704
7217	1	6845
7675	1	7655
8364	1	8333
5463	1	5410
10728	1	10718
12107	1	12105
5523	1	5413
2741	0	658
5410	0	4417
2940	3	5631
6301	2	6542
1446	2	1477
7127	1	7072
5375	1	5365
9671	1	9547
5973	1	5655
11824	0	103
2487	1	2484
5365	0	2440
10444	1	10429
9207	2	9235
1240	3	1241
5495	1	3944
642	0	102
9879	1	9870
9991	2	10024
8733	0	657
8854	1	8762
4072	4	3972
2881	1	2744
1125	1	878
8120	0	2149
6757	4	6162
6731	4	6721
3949	0	5
9637	1	9547
6941	0	7033
2759	1	2744
2871	2	2898
2263	4	2233
6118	3	6113
4276	4	4125
10674	1	10959
8120	0	55
2599	1	2362
2864	1	2744
12078	0	110
1590	1	1408
2276	0	32
12075	0	7548
3740	4	3116
39	3	8103
7118	2	7185
8193	1	8168
6852	4	6845
2814	3	6103
9208	1	9205
388	2	409
4038	4	3972
4456	1	4452
7656	0	80
10926	2	10925
11851	1	11597
1091	1	878
7655	0	49
11078	1	11065
5414	3	1181
10993	1	10958
4364	4	4125
10326	1	10329
8730	0	278
10660	2	10697
10499	1	10490
4450	0	943
10380	2	10423
8169	0	57
8746	1	8733
12077	0	55
11834	1	11597
3828	4	3116
10976	1	10958
2454	1	2443
3706	4	3116
2574	1	2362
3952	0	53
3875	0	110
2334	2	2345
5238	4	4848
6060	4	5655
7050	0	4483
4385	2	4383
3874	3	8103
1275	0	276
8556	1	640
11292	1	11265
3342	4	3116
10069	1	10060
11604	2	11608
4330	4	4125
2557	1	2362
5432	1	5416
10798	2	10797
6735	1	640
640	0	53
7	2	8
946	0	1252
1095	1	946
9204	0	9267
6887	1	6843
1267	0	276
5415	1	5416
6756	4	6719
6093	0	78
7504	3	1230
657	3	1239
2182	1	8120
8664	1	8663
1252	3	1241
11486	0	3925
6176	2	6195
9189	1	9180
6739	4	6719
822	0	5
3219	1	3116
9433	2	9432
1841	1	1790
459	2	543
9354	1	9351
11004	1	10961
5362	0	50
5427	2	5541
5756	4	5735
4513	2	4570
7560	3	7577
7600	1	7563
3635	2	3634
1824	1	1790
6941	0	430
10987	1	10961
6860	4	6843
8745	1	8734
3211	1	3116
9453	1	9450
1929	1	1790
891	1	876
11829	0	826
846	1	828
1634	1	1629
1807	1	1790
1522	2	1521
8730	0	1246
11621	0	102
11064	0	78
12345	2	12352
2404	1	2402
8728	1	8734
7275	2	7385
4954	4	4848
8323	1	8321
8197	1	8151
121	1	112
4135	2	4134
1912	1	1790
8634	2	8633
9191	1	9186
8290	0	7036
8007	1	7990
3044	0	1240
4672	4	4640
2443	0	54
1895	1	1790
3281	2	3280
972	1	947
2807	3	6112
4134	4	4128
10383	1	10329
9982	1	640
1405	0	79
5042	4	4848
176	2	213
8551	1	8537
2523	2	2619
9485	1	9452
4953	1	4848
8335	0	6114
6971	1	6941
9837	1	9827
1288	1	1265
11791	4	11486
5367	0	5407
9134	2	9133
4215	1	4128
10366	1	10329
1280	1	1275
11310	1	11264
4007	2	4006
7955	0	5
6099	2	6107
7071	0	278
4638	4	4640
8347	1	8333
7764	0	2816
8297	0	1622
6954	1	6941
3781	2	3780
11068	2	11166
5506	1	5413
4755	2	4754
7585	3	7575
50	3	7569
11395	4	11268
1458	2	1488
11293	1	11264
7366	1	7262
12023	2	12051
9567	2	9600
8298	0	134
10522	1	640
5664	2	5682
8596	1	640
2278	3	2358
11597	0	657
5214	4	5082
11749	0	824
4303	1	4128
6415	1	6162
658	3	2803
5484	2	5592
11756	2	11762
5384	1	5362
6377	2	6618
4830	3	830
519	1	451
10856	1	10582
11276	1	11264
7349	1	7262
200	1	0
9997	1	9912
6398	1	6162
8667	0	439
8353	2	8392
1693	1	1408
7658	0	239
5255	2	5254
7764	0	2950
7863	1	7845
502	1	451
7632	1	7624
5719	4	5655
469	2	552
6768	1	6723
4425	0	4441
7332	1	7262
6728	1	6721
3653	2	3652
1299	1	1271
183	1	0
9620	1	9547
6805	2	6838
6381	1	6162
9016	1	9006
11660	1	11486
7812	0	7839
1676	1	1408
1562	2	1561
6800	1	6776
10614	1	10582
4401	2	4400
80	3	3871
8371	1	2114
6982	1	6944
6458	2	6700
4357	2	4356
4615	2	4624
7847	0	1618
4210	2	4211
5331	2	5330
1282	1	1271
9288	1	9269
11179	3	3879
166	1	0
5776	2	5775
10487	0	132
11968	0	824
8176	1	8168
9996	1	9985
10189	1	10060
6783	1	6776
8354	1	2114
6373	1	6162
10525	1	10487
2607	1	2513
3373	1	3116
5127	2	5126
9271	1	9269
12318	1	0
2400	3	2441
3945	0	3938
4451	3	4479
7602	2	7615
887	2	905
5516	1	1406
1176	3	6113
1829	2	1984
9493	1	9450
8337	1	2114
132	3	6112
6174	1	6159
7661	1	7658
2400	0	76
8426	0	829
2743	3	2806
11825	3	6937
3944	0	278
2500	0	54
55	3	6109
8355	1	8331
7135	1	7070
3461	1	3116
7723	2	7739
7051	3	3879
1064	4	878
10492	2	10537
5514	1	5411
3339	1	3116
6751	4	6724
8123	2	8136
2754	2	2838
5667	2	5685
4977	2	4976
8608	1	8537
9994	2	10027
8338	1	8331
8666	3	3947
10582	0	420
10060	0	5
5497	1	5411
8785	4	8762
10874	2	10873
5411	3	1182
11078	1	8731
10243	1	10060
2362	0	2508
7733	1	7719
9827	0	53
8768	4	8762
8330	1	8331
8428	1	8423
7121	2	7188
9458	1	4830
9220	2	9248
350	2	349
986	1	1111
4262	4	4128
723	1	642
6211	1	6162
7564	1	3944
7563	0	658
9448	1	9455
2400	0	2438
8260	1	3944
8333	0	1048
10524	1	10488
10192	2	10258
987	1	947
5363	0	57
7249	0	55
10663	2	10700
706	1	642
4245	4	4128
2116	0	79
5451	1	5409
7550	3	7542
6941	0	56
4670	4	4640
8243	1	3944
6021	2	6020
10507	1	10488
9833	0	438
1171	3	2922
10648	1	10957
10075	1	10058
113	0	133
5073	1	4848
5434	1	5409
2781	1	2743
1931	2	2083
1075	1	947
946	3	1259
2115	1	2118
1300	1	1270
3463	2	3462
1598	2	1597
8737	1	8731
794	1	642
9542	1	9541
11233	1	11214
2116	0	5690
4758	4	4640
878	0	1036
10984	1	10582
2220	1	2118
3944	0	1246
10967	1	10956
4874	2	4891
12003	2	12014
8684	1	8666
4669	1	4640
1283	1	1270
7669	2	7686
328	1	0
5161	1	4848
11681	0	239
1421	1	640
9467	1	9451
11805	1	11486
9829	0	49
11100	1	11064
4741	4	4640
11097	2	11147
930	3	916
135	3	2809
4781	4	4672
3535	1	3116
9041	2	9093
11910	1	11486
0	0	627
643	1	640
3950	0	928
7278	2	7490
1404	1	640
11788	1	11486
11230	2	11255
11083	1	11064
7504	0	1176
6340	2	6581
320	1	0
7135	1	1406
4757	1	4640
3944	0	441
11007	1	10964
2186	1	2118
5961	4	5655
2744	0	52
7815	3	7950
9695	1	9667
5127	1	4848
5872	1	5655
11771	1	11486
1909	1	1791
4083	2	4082
7118	1	1406
5471	1	5412
10990	1	10964
3501	1	3116
1832	1	1788
10505	1	640
9678	1	9667
1892	1	1791
6845	0	7255
6094	0	134
1595	4	1408
286	1	0
7101	1	1406
5454	1	5412
1294	1	1276
11981	1	11486
1209	4	878
926	0	932
10717	1	10582
1815	1	1788
10619	4	10582
1669	2	1731
8825	4	8762
5838	1	5655
2412	1	2400
3589	1	3116
1277	1	1276
3047	0	1243
1798	1	1788
10602	4	10582
11855	1	11824
3890	1	3889
8370	1	8331
2123	1	2116
3729	2	3728
1561	4	1408
2283	2	2292
1408	0	82
11290	1	11265
10188	0	5
10805	1	10582
5655	0	104
7214	2	7232
4659	2	4658
6092	3	6109
9743	0	9742
8151	0	278
7059	1	7051
11838	1	11824
102	3	674
6090	0	448
8353	1	8331
8120	0	246
5408	1	5410
5526	1	5416
6942	0	55
1544	4	1408
8434	1	8426
10788	1	10582
11224	1	11212
10450	1	10427
2559	1	2500
5364	1	5363
1389	1	1339
5509	1	5416
3136	4	3116
5235	1	4848
7548	3	7576
1461	2	1491
10430	0	2738
640	0	110
9458	1	9449
5191	4	5324
12026	2	12054
9570	2	9603
5159	2	5158
10433	1	10427
1123	1	1111
2542	1	2500
4519	2	4576
8261	1	8241
9149	4	8762
1613	1	1406
2456	1	2362
1372	1	1339
11844	2	11883
7883	1	7848
6748	1	6724
2278	0	2304
2525	1	2500
5479	1	5410
3224	4	3116
7044	1	6913
1408	0	1505
5323	1	4848
1596	1	1406
4541	1	4501
8505	1	8426
3896	1	3116
7866	1	7848
10315	3	2307
977	1	946
9923	1	9912
6924	0	6927
5462	1	5410
12101	0	4631
5463	1	5414
4660	4	4639
8369	1	8332
9490	1	9451
482	1	0
7849	1	7848
7050	0	2930
9629	2	9652
960	1	946
3312	4	3116
4398	1	4125
5528	1	5412
2527	1	2362
8361	2	8399
5289	1	4848
8618	2	8617
4431	3	4480
4643	4	4639
8352	1	8332
465	1	0
7132	1	7071
949	0	44
5511	1	5412
12038	1	11486
1245	3	914
9274	1	9272
59	0	85
6791	1	6774
11939	1	11919
6768	1	6162
10374	2	10416
1832	2	1987
1273	1	1269
7115	1	7071
278	3	7574
4459	2	4488
9836	1	7050
12021	1	11486
10107	2	10127
1406	0	39
375	3	11607
9118	2	9117
4290	2	4291
12030	1	11486
8922	1	8873
7592	0	2816
9221	1	9204
7098	1	7071
2764	1	2743
5372	1	5361
8678	1	3944
11486	0	278
2118	0	2217
8167	2	8202
3765	2	3764
7219	1	6845
7081	1	7071
10967	1	10582
2747	1	2743
3943	3	3947
1847	1	1788
6088	1	5655
9213	1	9204
2362	0	2402
6855	1	6845
8153	0	8238
11996	1	11486
8168	0	57
9832	0	6200
259	1	23
9873	1	9871
4924	4	4848
5417	1	1406
10019	1	9985
1830	1	1788
7658	0	4484
7874	1	7846
12101	0	2216
6170	2	6188
3940	0	2930
9205	0	658
5	3	8107
2599	1	2500
4844	3	7544
9223	2	9251
11979	1	11486
6899	2	6898
4616	3	4635
1935	1	1788
3874	3	8107
12075	0	681
6416	2	6657
9922	2	9946
10668	1	10960
6063	1	5655
1918	1	1788
640	0	57
6776	3	1181
946	0	1256
6126	1	6093
4159	2	4158
8762	0	829
2931	0	1171
4185	1	4128
481	2	563
5089	2	5088
5519	1	5410
7511	1	7506
9745	1	9743
1875	1	1791
6756	4	6723
7070	0	7204
11280	1	11264
1901	1	1788
6093	0	82
7815	0	7813
8664	1	8667
47	3	7776
9185	1	9179
6739	4	6723
11263	1	11264
1575	1	1408
9049	1	8762
11833	1	11829
2772	1	2741
9158	2	9157
5467	2	5577
6773	2	6808
489	1	451
9840	1	9830
262	2	272
6092	3	2352
9832	0	9851
9481	1	4830
3944	3	6110
3987	2	3986
4961	2	4960
7250	1	7249
7246	0	438
2128	2	2147
2755	1	2741
890	1	876
9453	1	9454
472	1	451
3344	4	3116
9464	1	4830
10670	1	10956
8198	2	8232
9889	2	9905
4417	3	7569
6942	0	7036
8323	1	8325
956	1	878
389	0	5
1097	1	946
455	1	451
9489	1	2116
947	0	57
3327	4	3116
7952	0	86
7870	2	7920
7815	3	1778
4115	1	3972
8068	1	7990
7105	2	7172
12171	0	8109
6912	0	429
9480	1	9450
12175	1	11486
10495	1	10487
2577	1	2513
3852	1	3853
8742	1	8730
10236	1	10188
5660	1	640
8579	4	8537
8782	1	8762
11747	0	57
10972	1	10955
11835	1	11825
1063	1	946
8689	1	8665
10058	0	1623
1288	1	1269
2560	1	2513
8887	1	8762
11310	1	11268
4081	1	3972
878	3	1257
4348	4	4128
278	3	1239
1801	1	1791
1285	1	1274
11858	1	11827
2931	0	45
4457	1	4431
8672	1	8665
12141	1	11486
50	3	7573
10204	2	10269
4239	2	4241
101	3	5631
11293	1	11268
7217	2	7235
8545	4	8537
9825	1	9826
11923	1	11825
9393	1	9366
5107	2	5106
6983	1	6845
11841	1	11827
5384	1	5366
11398	1	11268
9856	2	9864
11276	1	11268
8686	2	8703
4347	1	4128
7815	0	55
7344	2	7442
11001	2	11046
3341	2	3340
7597	1	7591
3297	2	3296
5044	4	4848
2359	1	2360
1384	2	1382
8297	0	2110
2399	2	2419
5220	4	5118
4755	1	4640
5722	1	5655
882	1	878
7811	1	7812
797	2	817
7766	1	7764
2815	3	5400
5178	4	5152
8880	2	8943
7583	3	6113
5706	2	5705
299	4	0
3841	2	3840
9177	2	9193
5132	4	4848
9281	1	451
2365	1	2362
1649	2	1713
7764	0	55
970	1	878
3169	2	3168
9493	1	9454
8936	1	8874
3506	4	3116
7112	1	7072
4305	1	4128
8186	2	8219
8364	2	8402
6393	2	6634
4426	0	2738
8624	1	8537
5782	2	5781
398	1	390
55	3	6113
8355	1	8335
7726	1	7660
1635	1	1405
132	3	9849
7505	1	7507
10830	1	10824
11076	2	11168
5369	1	5362
10060	0	2103
1690	2	1752
9481	1	9449
3944	0	632
4470	1	4424
3713	2	3712
2561	1	2515
8338	1	8335
1408	3	87
1206	1	878
9342	1	9273
3487	2	3486
7888	1	7847
9464	1	9449
7294	2	7401
9222	1	640
4453	1	4424
10235	2	10299
4376	1	4128
2544	1	2515
12019	2	12048
8927	1	8762
8330	1	8335
7871	1	7847
5173	4	4994
10793	4	10582
4177	1	4125
1558	1	1408
9554	2	9587
8910	1	8762
7854	1	7847
1854	2	2007
11486	0	4844
3074	1	3043
7721	1	7718
11637	1	11621
1541	1	1408
5451	1	5413
3328	2	3326
4289	2	4288
9675	2	9711
7137	1	7070
11620	1	11621
6090	0	6116
10648	1	10961
9226	2	9254
4248	1	4128
8767	2	8766
4063	2	4062
5434	1	5413
8298	0	435
10670	1	10582
11486	0	656
9475	1	9455
1300	1	1274
10449	1	10429
6792	2	6825
8510	4	8426
101	3	10250
7120	1	7070
2184	1	8120
6736	4	6724
6162	0	6201
3952	0	1240
1179	3	1172
8665	3	8705
833	2	853
624	3	2922
7893	1	7952
10967	1	10960
2183	1	2229
1283	1	1274
8666	0	134
1343	4	1339
7103	1	7070
5496	1	5416
6912	0	55
9467	1	9455
7820	2	7826
9565	1	9547
8241	0	3944
3179	2	3177
7591	0	440
5294	4	4848
1567	4	1406
8248	1	8241
2946	3	9337
8476	4	8426
4746	4	4639
1816	2	1971
9548	1	9547
57	3	2806
4501	0	4633
8731	0	276
1583	1	1406
9049	1	9006
4729	4	4639
3051	0	933
9878	1	9870
11856	1	11597
265	2	275
2815	3	7575
5471	1	5416
2849	3	2809
5260	4	4848
6005	4	5655
3851	3	10250
11621	0	1505
7507	0	134
6756	4	6162
644	2	651
5454	1	5416
10957	0	8148
8739	1	8731
6275	2	6515
11540	4	11486
10114	2	10122
6739	4	6162
2222	1	2118
1035	3	11607
9448	2	9497
12075	3	10324
11179	0	44
10515	1	10490
3573	2	3571
5469	1	3944
59	0	276
7873	2	7923
12020	2	12047
4501	3	4634
5413	3	1181
3722	4	3116
1083	1	949
8070	4	8035
258	1	255
5452	1	3944
947	0	1240
6164	1	6162
8188	1	8153
4829	1	4830
1459	1	1408
11506	4	11486
9190	1	9178
1863	1	1790
11919	0	51
6092	3	6113
7664	1	7657
3058	1	3045
10058	0	928
5435	1	3944
8171	1	8153
10524	1	640
7764	0	1775
9202	3	4637
1296	1	1267
11189	1	11179
2928	3	2922
1136	2	1167
5364	1	5367
9280	1	9270
420	3	3871
3930	3	3947
10207	2	10272
7785	1	7781
10507	1	640
6237	2	6479
12271	2	12295
1279	1	1267
4216	4	4125
3245	2	3244
3139	1	3116
5413	3	5637
9047	1	8762
1817	1	1788
0	0	444
11181	1	11179
11194	2	11210
9227	1	9202
1681	2	1742
1262	1	1267
9142	2	9141
5479	1	5414
9152	1	8762
8112	0	8120
9742	0	9816
8590	1	8537
9334	2	9340
10920	1	10582
249	3	7544
1800	1	1788
9028	2	9080
8730	0	2112
5361	0	50
11451	4	11268
10004	1	640
5462	1	5414
12075	0	11610
7599	1	7563
3745	2	3744
11217	2	11242
8652	1	640
2282	1	2278
8369	1	8336
5467	1	5409
3069	1	3048
6845	0	7072
9987	1	640
5528	1	5416
10912	1	10582
9118	1	8762
5935	2	5934
7623	1	7626
2362	0	44
10790	1	10582
1888	1	1788
1298	1	1263
8583	2	8584
8352	1	8336
10430	0	7548
8844	2	8769
3052	1	3048
5511	1	5416
9291	1	9273
1550	1	1408
7565	1	7563
1652	2	1716
6092	3	4637
1281	1	1263
59	0	1028
11486	0	11825
11846	1	11826
3066	1	3043
0	3	71
5526	1	3944
7562	0	7579
10878	1	10582
6396	2	6637
10210	2	10275
971	2	1004
9547	3	7950
5509	1	3944
5372	1	5365
6900	4	6845
7277	1	7262
9186	0	86
3429	1	3116
4433	1	4425
1287	1	1265
10441	1	10429
1703	1	1406
4086	4	3972
9925	1	9912
105	3	7776
12207	1	12171
8039	4	7990
8430	1	8423
946	3	1239
6745	4	6721
3908	2	3914
10956	0	110
8729	0	40
52	3	2811
10329	0	45
7086	1	7070
3412	1	3116
10238	2	10302
2931	0	102
1686	1	1406
7337	2	7436
12190	1	12171
8335	0	1048
6268	2	6509
9873	1	9875
10018	1	9985
11109	1	11065
926	0	78
7365	1	7262
3875	0	1623
3116	3	3879
3255	2	3253
7069	1	7070
1618	3	10181
1669	1	1406
4052	4	3972
32	3	7569
7879	1	7845
9557	2	9590
11571	1	11486
924	1	925
12138	1	12134
7348	1	7262
11486	0	766
4378	4	4125
6301	1	6162
9996	1	9912
10668	1	10964
1692	1	1408
8667	0	6916
9989	1	9983
8549	4	8537
7862	1	7845
5444	1	1406
7331	1	7262
11659	0	11665
4335	4	4128
2813	3	5400
6284	1	6162
3944	0	8715
7657	0	44
5519	1	5414
6905	2	6904
11280	1	11268
11117	1	8731
6093	0	86
11537	1	11486
9638	2	9661
8192	2	8225
7129	2	7196
3127	2	3125
4318	4	4128
5524	1	5409
6267	1	6162
7123	1	7073
10969	1	10582
3267	1	3116
1552	2	1551
9185	1	9183
11263	1	11268
836	2	856
23	0	40
3831	2	3829
8083	4	8077
251	3	7569
10066	1	10060
5507	1	5409
9742	0	1253
11615	0	75
12078	0	7502
2188	1	2118
7846	0	110
3250	1	3116
5726	1	5655
5515	1	1406
3675	2	3674
6097	1	6092
10138	2	10161
4156	2	4154
5490	1	5409
7504	0	135
3355	1	3116
6727	4	6722
10935	1	10582
2986	1	2966
1819	2	1974
12077	0	681
4389	4	4128
5655	0	84
10154	1	10060
5417	1	5411
10670	1	10960
4417	3	7573
12198	1	12169
2858	2	2889
7226	1	6941
10975	1	10964
8189	1	8169
640	0	6156
7522	2	7540
878	0	829
11513	2	11512
11074	1	11066
5410	3	1182
10157	2	10178
4454	0	4485
7086	1	1406
9480	1	9454
8742	1	8734
3950	0	2815
880	1	1111
5001	1	4848
11265	0	76
2125	1	2116
1926	1	1790
4182	4	4125
7069	1	1406
9182	0	2112
12105	0	109
3946	0	3934
387	4	349
10456	1	640
359	1	0
3679	1	3116
6092	0	448
878	3	1261
4503	2	4560
10065	2	10088
4047	2	4046
3557	1	3116
438	3	6112
3944	0	2112
2362	0	2703
4967	1	4848
9825	1	9830
9762	1	9742
1529	4	1408
3540	1	3116
10824	0	133
6011	2	6010
4950	1	4848
3645	1	3116
10453	2	10480
6446	1	6162
2514	1	2515
5055	1	4848
8730	3	830
5838	2	5858
10243	1	9450
86	3	7944
929	3	10180
4543	1	4501
642	0	86
6429	1	6162
8683	2	8723
11695	2	11723
9828	0	49
7894	1	7845
1820	1	1791
7512	2	7531
4526	1	4501
9230	1	9205
9047	1	9006
6412	1	6162
1340	1	1339
5143	1	4848
7962	1	7952
7877	1	7845
5766	1	5655
1803	1	1791
3953	1	3952
9031	2	9083
9870	0	2216
4509	1	4501
197	1	0
117	1	113
2970	1	2968
2598	1	2500
8290	0	441
10316	1	10060
11681	0	11738
7368	2	7458
8332	3	830
6985	1	6845
9765	1	9742
4901	2	4908
2808	3	2803
8096	0	110
4482	3	4479
9547	0	57
8190	1	8168
6344	2	6585
2581	1	2500
3557	2	3555
11486	0	42
10513	1	10490
7090	1	6845
2500	0	2506
1301	1	1266
5747	2	5748
10652	2	10691
6723	0	1253
403	1	389
6967	1	6942
7225	1	7210
1284	1	1266
1537	4	1406
12075	0	4633
11306	1	11265
7781	0	3926
7656	3	3879
12272	1	12249
4344	4	4125
12111	1	11486
10965	2	11014
6950	1	6942
7208	1	7210
10428	3	1181
5502	1	5414
5345	1	4848
974	2	1007
11289	1	11265
521	1	0
5321	2	5320
59	0	1622
12255	1	12249
5380	1	5363
5485	1	5414
2367	1	2362
8433	1	8426
11272	1	11265
5129	1	4848
504	1	0
12202	2	12241
9165	4	8762
3074	1	3047
7340	2	7439
6932	0	428
11304	2	11364
6941	0	2508
7859	1	7846
2995	1	2966
10429	0	1048
487	1	0
3807	1	3116
4230	1	4125
7846	0	86
1408	0	277
4009	1	3972
2116	0	437
4219	2	4218
10918	1	10582
2455	1	2362
9484	2	9526
3118	4	3116
8298	0	439
10005	2	10038
8438	2	8454
6940	0	158
5439	1	5412
9131	4	8762
8876	2	8940
11621	0	86
8172	1	8169
9049	2	9101
3944	0	1254
10967	1	10964
10521	1	10488
8290	0	254
12104	0	6114
949	3	1181
4196	1	4125
8657	4	640
4461	1	4450
5473	1	1406
4790	4	4690
11848	2	11887
11486	0	11748
11589	2	11588
9489	1	9451
5212	4	5079
4301	1	4125
10504	1	10488
7132	2	7199
12111	1	12104
9831	0	135
7583	3	7569
6170	1	6160
5527	1	5412
10891	4	10582
133	3	6108
3765	1	3116
10940	2	10939
9188	1	9186
8762	3	944
44	3	8107
11844	1	11826
2271	1	2233
4284	1	4125
11941	1	11486
6380	2	6621
9700	2	9737
8093	1	8094
1065	2	1064
5510	1	5412
9295	2	9324
3936	0	106
8623	4	640
9878	1	9874
2295	1	2296
61	1	59
11924	1	11486
2740	1	2741
5493	1	5412
2211	3	9257
8153	0	8165
4852	4	4848
4771	1	4640
11440	2	11439
2929	3	9849
8254	2	8277
10019	1	9912
9927	2	9949
108	3	6108
11907	1	11486
8099	1	8096
4933	1	4848
9474	1	2116
12076	0	83
10678	1	10958
12101	0	49
5991	1	5655
4425	0	103
4202	4	4128
1609	4	1408
6845	0	42
5468	1	5412
2545	2	2708
10428	0	76
4923	4	4848
9831	0	6230
9190	1	9182
6307	2	6548
2360	0	277
10644	1	10958
6749	4	6721
11621	0	2932
5496	1	3944
9492	1	9454
2777	1	2744
1296	1	1271
7091	2	7158
11486	0	823
5915	2	5914
6889	2	6888
4433	2	4437
655	3	5400
11972	1	11968
6776	0	5
5365	0	90
246	3	1239
6968	1	6845
6870	4	6845
1279	1	1271
4375	1	4125
3401	2	3400
8635	4	8537
1145	1	1111
11542	4	11486
9463	1	9452
6845	0	6942
1345	2	1346
4809	4	4736
3175	2	3174
8666	0	1240
6951	1	6845
3272	4	3116
1262	1	1271
9268	1	9269
8835	2	8824
12174	2	12214
4427	0	99
11011	1	10955
10190	2	10255
8097	1	8077
12197	1	11486
4848	0	2326
5361	0	54
9163	4	8762
82	3	11607
3047	0	930
10994	1	10955
10750	2	10749
9456	2	9499
5467	1	5413
7564	2	7587
11454	1	11268
4649	2	4648
2297	0	80
8874	0	44
3238	4	3116
9148	2	9147
972	1	878
7249	0	7260
3116	0	3906
2362	0	48
8187	1	8169
7965	1	7955
3910	1	3116
6090	0	135
6905	1	6843
3977	2	3976
991	1	946
5450	1	5413
955	1	878
11223	2	11248
6750	1	6719
9777	2	9812
7049	1	7050
3893	1	3116
5177	4	5144
948	1	949
6262	2	6502
3045	0	44
974	1	946
11486	0	1441
5433	1	5413
4904	2	4911
11420	1	11268
7562	0	7583
110	3	91
12269	1	12250
10622	2	10621
10080	1	5365
11851	1	11825
8366	1	8332
7850	1	7815
720	1	642
7847	3	7944
6844	2	6842
10235	1	10188
6845	3	1442
41	3	3871
640	0	7502
451	0	625
93	3	91
355	4	0
12252	1	12250
6940	0	6200
10646	2	10684
11834	1	11825
2951	0	451
470	2	554
5078	2	5079
4412	0	4408
1287	1	1269
703	1	642
1301	2	1331
59	3	10324
8151	0	7804
8240	1	3944
766	3	7569
3562	4	3116
10432	3	659
878	0	81
6218	2	6228
1292	1	1264
10446	1	10428
7602	1	7591
1132	2	1164
7816	1	7815
686	1	642
1927	2	2079
1914	2	2067
4972	4	4848
85	3	91
11398	2	11396
2778	1	2743
10720	0	42
7815	3	7800
7590	1	7589
2512	1	2515
7813	0	7831
12345	1	2
7952	0	7986
2608	1	2515
3650	4	3116
2258	2	2257
875	1	876
5097	2	5096
6092	0	6116
8153	0	86
5060	4	4848
10006	1	9984
1822	2	1977
6093	0	1245
6456	2	6697
4938	4	4848
11307	2	11367
4649	1	4640
2600	1	2515
4233	1	4128
4458	1	4451
11213	2	11239
4501	0	75
9767	2	9803
5227	4	5108
10768	2	10767
9487	2	9529
707	2	746
256	1	23
3616	4	3116
7504	0	5
9486	1	9452
9408	4	9366
2995	2	3031
2583	1	2515
10008	2	10041
10656	1	10963
5524	1	5413
7071	0	1177
5	3	1244
10724	1	10720
1906	1	1791
5026	4	4848
5771	4	5655
11063	1	11064
8535	1	8537
11598	0	103
4737	1	4640
132	3	916
9469	1	9452
23	0	44
7128	1	7072
10844	2	10843
251	3	7573
10823	1	10822
3400	4	3116
5507	1	5413
11775	4	11486
4199	1	4128
11396	4	11268
11851	2	11890
11294	1	11264
11747	0	7502
11668	0	2950
10852	1	10958
8935	1	8874
793	1	638
7111	1	7072
7135	2	7202
5957	1	5655
2849	3	2923
5490	1	5413
6778	2	6811
8734	0	657
5835	1	5655
11277	1	11264
5737	4	5655
9573	2	9606
12140	1	12134
5262	4	4848
9217	1	9205
7725	1	7660
7094	1	7072
4287	1	4128
9638	1	9547
8933	2	8997
24	1	255
6383	2	6624
5368	1	5362
5184	4	5020
501	2	584
7864	1	7845
503	1	451
8336	3	830
4317	2	4314
7718	0	135
9003	0	54
2520	1	2513
9694	2	9730
4469	1	4454
7077	1	7072
5991	2	5990
9621	1	9547
12076	0	7548
987	1	878
8194	1	8168
11006	1	10960
486	1	451
5504	2	5609
8257	2	8280
2360	0	37
8177	1	8168
1568	2	1567
10989	1	10960
8893	1	8874
8355	1	2114
4247	2	4249
4451	0	943
10526	1	10487
7626	0	7625
4022	4	3972
11508	4	11486
1075	1	878
86	3	9908
3946	0	3938
8338	1	2114
8431	2	8448
2453	1	2362
2591	1	2513
6175	1	6159
9692	1	9547
377	4	282
5463	2	5650
3812	4	3116
8796	1	8762
3690	4	3116
11598	3	2308
5515	1	5411
5100	4	4848
4314	4	4125
7815	0	7984
2541	1	2362
3204	4	3116
8667	3	3947
12144	2	12157
10058	0	1176
4053	2	4052
4623	1	4617
1146	1	878
6960	2	7001
1408	0	1623
8884	1	8762
5083	4	4848
11008	1	10956
8786	4	8762
3778	4	3116
957	1	946
7309	2	7413
8344	2	8383
12249	0	44
2524	1	2362
8492	4	8426
1469	2	1497
9828	0	53
8349	1	8332
890	2	922
6168	2	6185
9279	2	9308
4361	1	4128
3203	1	3116
3949	0	932
2362	0	158
2443	0	1034
5692	2	5697
8732	1	8729
3944	0	6922
10437	2	10464
3051	0	55
10430	0	1246
7625	0	76
5301	2	5300
10666	1	10957
11621	0	277
1635	1	1629
878	3	944
2854	2	2886
2259	4	2233
1808	1	1790
4272	4	4125
8198	1	8151
8675	1	3944
8123	1	8112
11848	1	11826
929	3	11607
3178	1	3116
5453	1	5416
8181	1	8151
8738	1	8731
1896	1	1790
892	2	909
11234	1	11214
7658	0	5407
11831	1	11826
1059	1	947
5436	2	5641
2717	2	2721
3161	1	3116
2338	1	2278
1879	1	1790
2807	3	7576
2499	0	160
11217	1	11214
9962	3	944
133	3	1172
8331	0	53
5921	2	5920
10367	1	10329
658	3	8105
946	0	1240
1862	1	1790
829	3	7949
10350	1	10329
2880	1	2744
4127	4	4125
5380	1	5367
12100	1	12102
7563	0	81
10333	1	10329
2863	1	2744
3074	1	3051
2742	2	2821
1589	1	1408
10920	2	10919
8731	0	9815
3159	2	3158
7645	1	7626
11064	0	871
8580	1	640
10440	2	10467
5190	4	5328
1694	1	1408
9541	0	623
18	1	4
1572	1	1408
9046	1	8762
7628	1	7626
2275	1	2276
5345	1	5336
10489	1	640
4172	4	4128
9743	0	2936
1677	1	1408
62	1	0
5439	1	5416
10823	1	10582
7316	1	7262
11310	2	11370
4346	4	4125
9964	1	9912
9132	2	9131
1660	1	1408
4461	1	4454
2780	1	2849
4406	3	4421
11746	1	11748
7660	0	51
6735	1	6723
7299	1	7262
9912	0	10054
6255	2	6496
9489	1	9455
2758	2	2843
7785	2	7797
6252	1	6162
11839	1	11824
7262	0	7497
7108	1	7073
7583	3	7573
5382	1	5363
3735	2	3734
5527	1	5416
11519	2	11518
1635	2	1643
11486	0	12102
5517	1	1406
7504	0	249
9494	1	9450
1408	0	765
10509	1	10487
394	1	391
7091	1	7073
9167	4	8762
2744	3	2806
10060	0	1335
949	0	109
3235	1	3116
2868	1	2849
5510	1	5416
10674	2	10715
6331	2	6572
5500	1	1406
9477	1	9450
10492	1	10487
1280	1	1263
2296	0	2304
8762	0	276
7074	1	7073
4279	2	4278
878	3	1241
1614	1	1406
6738	4	6719
8048	1	7990
2851	1	2849
5493	1	5416
6781	2	6814
9853	0	824
8153	0	8169
7370	1	7262
6876	4	6843
11486	0	2437
9460	1	9450
10139	1	10060
7881	2	7931
4671	1	4639
3445	1	3116
6323	1	6162
10018	1	9912
3323	1	3116
8306	1	5410
9133	4	8762
8936	2	9000
6386	2	6627
3381	2	3380
7867	1	7848
1516	2	1515
4355	2	4354
7734	1	7719
10187	2	10253
2815	3	2806
11008	1	10582
12206	1	12171
8769	4	8762
11979	2	11992
12131	1	12132
4759	1	4639
11009	1	10963
6842	4	6843
3190	2	3188
3070	1	3044
7717	1	7719
5507	2	5612
1685	1	1406
4830	0	4842
12189	1	12171
10993	2	11040
11594	4	11518
10874	1	10957
5473	1	5411
5410	0	7548
10992	1	10963
2724	3	5400
4855	2	4854
12074	2	12079
10076	1	10058
1296	1	1275
9926	1	3944
7116	1	7071
9471	2	9513
8434	2	8451
4229	4	4128
6158	0	6202
8646	1	8537
2979	2	3015
7847	3	3947
9992	2	10025
6775	1	6774
954	1	947
8667	0	3944
10059	1	10058
1279	1	1275
7099	1	7071
6944	0	5406
2765	1	2743
11113	1	11066
3885	3	3847
11116	1	8731
4221	4	4128
1262	1	1275
11835	2	11874
9830	0	49
9268	1	9273
6940	0	109
7884	2	7934
2748	1	2743
3944	3	3947
11096	1	11066
11011	1	10959
7119	2	7186
11099	1	8731
4204	4	4128
8347	2	8386
5145	1	4848
8426	0	8522
10065	1	10060
5249	2	5248
8088	2	8087
4725	4	4640
1472	2	1500
5023	1	4848
8731	0	447
8667	0	106
8331	3	916
8302	2	8311
7845	0	110
3927	3	3947
7071	0	79
2360	3	2352
463	2	546
10994	1	10959
9215	1	9205
7723	1	7660
6397	1	6162
4187	4	4128
2484	0	2732
5336	0	1028
9282	2	9311
11772	1	11486
5192	4	5262
8604	1	8537
11067	1	11064
2362	0	2496
10003	1	9985
5975	2	5974
182	1	0
10488	0	55
6380	1	6162
6127	2	6141
5695	2	5700
11465	4	11268
4170	4	4128
1105	4	878
10428	0	1048
2335	2	2346
10632	4	10584
2786	2	2844
8588	2	8587
7102	1	1406
3044	3	3112
3057	1	3051
5928	4	5655
3485	1	3116
165	1	0
11860	1	11486
1088	4	878
5410	0	3039
7658	0	40
7596	2	7609
10365	2	10407
7562	0	1171
3235	2	3234
4707	1	4640
7085	1	1406
11851	1	11829
6468	1	6162
45	3	6139
11843	1	11486
4450	3	4479
2849	0	2816
11825	0	2950
11621	0	11609
5822	1	5655
8809	4	8762
7058	1	6845
451	0	629
8371	1	8331
3573	1	3116
11834	1	11829
3054	1	3046
3311	2	3310
11486	0	640
12257	1	12249
10586	4	10582
11121	1	11064
8354	1	8331
1842	1	1791
1292	1	1268
10446	1	10432
9209	2	9238
9482	1	4830
3556	1	3116
12078	0	826
41	3	6103
11225	1	11212
2187	2	2207
10667	1	10582
9472	1	9455
7967	1	7955
7302	2	7407
1198	2	1197
8337	1	8331
7117	1	7070
9465	1	4830
6733	4	6724
8730	0	55
3811	2	3810
5893	1	5655
7890	1	7952
7129	1	6845
7658	0	4846
4665	1	4640
2118	0	1774
8262	1	8241
7100	1	7070
7720	1	7559
12103	1	12105
10060	0	8316
4501	0	4617
8153	0	1029
11819	4	11764
2526	1	2500
6944	0	4414
10443	2	10470
8245	1	8241
658	3	7544
8609	1	640
1356	1	1339
7221	2	7240
6732	1	6724
4366	4	4128
10582	0	10959
3065	1	3049
1266	0	1335
9046	1	9006
8592	1	640
8489	1	8426
3683	2	3682
7850	1	7848
191	2	230
1294	1	1264
9411	1	9366
5446	1	5410
7846	0	1623
251	3	7577
2406	1	2362
11311	1	11265
9474	1	9451
9773	2	9809
7845	0	57
4205	2	4204
10529	1	10490
9832	0	2508
12269	2	12292
1277	1	1264
344	1	0
9021	2	9073
9367	2	9365
6258	2	6499
4332	4	4128
793	1	642
5429	1	5410
7668	1	7656
3174	4	3116
5985	4	5655
5273	1	4848
12078	0	1444
2219	1	2118
2362	0	2443
10512	1	10490
9377	1	9366
5495	1	5412
4931	2	4930
5368	1	5366
8438	1	8426
3166	4	3116
1144	1	1111
4429	1	4426
1250	3	1239
11597	0	8110
5373	1	5361
11621	0	3851
2863	2	2892
6741	4	6722
11681	0	2134
7220	1	6845
6735	1	6162
3000	1	2966
11006	1	10964
4426	0	4442
7082	1	7071
1288	2	1318
6056	4	5655
2744	0	658
642	0	765
7117	1	1406
10989	1	10964
11997	1	11486
1112	2	1192
398	1	0
4141	1	4125
12075	0	2950
5362	0	1250
8898	1	8873
7813	3	2819
3946	0	3942
6116	3	6109
5783	2	5802
503	1	0
7100	1	1406
11980	1	11486
8152	0	57
4025	1	3972
4617	3	4635
5959	1	5655
4466	1	4450
5510	2	5615
5197	4	5314
6055	1	5655
5325	2	5324
8881	1	8873
486	1	0
1577	4	1408
1809	2	1964
9763	2	9800
8568	4	640
1797	1	1788
8121	1	8120
9482	1	9449
3693	1	3116
6163	1	6158
6159	0	101
3116	0	3886
6047	1	5655
9474	2	9516
3991	1	3972
1902	1	1788
6207	0	679
5925	1	5655
1406	0	1771
8365	1	8332
11837	1	11824
9465	1	9449
9223	1	640
11503	2	11502
11850	1	7658
5503	1	5410
4195	1	4125
949	3	1242
1885	1	1788
10188	0	8316
8534	4	640
8348	1	8332
8928	1	8762
8349	1	8336
11268	0	276
3659	1	3116
9206	1	640
5486	1	5410
8639	4	640
6013	1	5655
3039	3	7573
5901	2	5900
10605	2	10604
1868	1	1788
11579	2	11578
7887	2	7937
12104	0	1048
9833	0	9851
5367	3	5400
8911	1	8762
4557	1	4501
1416	2	1433
7722	1	7718
10666	1	10961
10777	4	10582
6092	0	135
380	4	299
3944	3	7574
8305	2	8314
5478	1	5410
8053	4	7990
2448	1	2400
7848	0	86
9690	2	9727
9285	2	9314
5198	4	5054
5243	2	5241
2808	3	2811
10490	0	6093
7865	1	7848
457	2	539
277	3	674
976	1	946
1941	2	2094
2813	3	2806
3139	2	3138
5461	1	5410
3206	4	3116
3944	0	2149
2849	0	2926
9473	1	2116
6726	2	6725
639	1	640
959	1	946
8743	1	8730
1585	4	1406
3944	0	55
6147	3	6139
4764	4	4639
3927	0	2149
9994	1	9983
8351	1	8332
10368	2	10410
2595	1	2500
9456	1	2116
11	2	12
8331	0	57
3294	4	3116
12037	1	11486
6934	0	3969
7564	1	7559
6845	0	103
10060	0	2815
10427	0	76
8563	4	8537
4412	3	4419
4458	1	4431
11621	3	2352
12142	1	11486
6879	1	6845
12020	1	11486
0	0	375
1423	1	1405
9986	1	9983
4065	1	3972
9448	1	2116
4730	4	4639
3759	2	3758
6750	1	6162
12076	0	278
5416	0	5409
3382	4	3116
9220	1	9204
8027	1	7990
12100	1	12106
8651	4	8537
13	1	2
10186	1	10188
5655	0	873
2596	2	2684
8169	0	8238
4315	4	4128
7305	2	7410
7081	2	7148
7560	3	7569
4428	0	2100
12108	1	11486
79	3	77
1465	2	1494
4031	1	3972
7890	1	7846
4410	3	5400
2248	1	2233
9680	2	9718
7889	1	7815
12076	3	10324
2319	2	2324
10979	1	10963
9190	2	9198
4357	1	4125
8617	4	8537
11486	0	79
7958	1	7953
917	3	10181
7873	1	7846
11010	1	10955
1900	2	2053
7566	2	7571
6410	2	6651
7872	1	7815
12196	1	11486
10446	2	10473
5028	4	4848
5453	1	3944
8762	0	9006
8189	1	8153
5706	1	5655
2931	0	2932
9191	1	9178
7856	1	7846
11856	1	11825
8079	1	8077
10060	0	50
9761	1	9743
488	2	569
10939	4	10582
7583	3	7577
12195	1	12169
11486	0	12106
5187	4	5118
9494	1	9454
6009	2	6007
8186	1	8169
181	2	221
7960	1	7815
12169	0	54
0	0	54
5116	4	4848
9744	1	9743
4427	0	2738
11279	1	11264
12178	1	12169
399	1	390
11314	1	11268
9477	1	9454
8920	1	8874
4289	1	4128
1280	1	1267
8762	0	2724
6211	1	6207
12105	0	1032
878	0	947
3473	4	3116
9460	1	9454
10079	1	5365
7595	1	7589
7079	1	7072
9228	1	9202
5082	4	4848
9547	3	660
12108	1	12104
2771	1	2741
6941	0	101
9832	0	658
488	1	451
8887	2	8951
7657	0	780
12251	1	12250
3951	1	3949
3456	4	3116
10062	1	5365
10005	1	640
9039	2	9091
135	3	6103
2754	1	2741
9136	1	8762
3881	0	3886
4415	0	2134
2447	2	2466
471	1	451
10525	2	10570
2528	1	2515
7864	2	7914
3070	1	3048
11100	2	11176
7099	2	7166
9496	1	9450
7855	1	7847
454	1	451
2593	1	2513
3544	4	3116
4343	1	4128
8068	2	8067
7812	0	7831
187	1	162
9479	1	9450
10429	0	7985
2576	1	2513
10649	1	10961
7133	1	7072
5517	1	5411
170	1	162
184	2	224
2965	2	3003
2248	2	2247
5500	1	5411
1922	1	1791
11977	1	11971
7211	2	7229
3441	2	3440
7657	0	109
7504	0	2510
11857	1	11827
11486	0	11919
7104	1	7070
6159	0	2439
2582	1	2515
114	1	113
9830	0	53
4189	2	4188
1905	1	1791
8762	0	4631
11840	1	11827
5175	4	5132
3060	2	3090
9390	4	9366
7087	1	7070
3049	0	3110
8426	0	8526
6942	0	3938
3746	4	3116
11671	2	11676
2486	3	2352
5278	4	4848
10994	1	10963
1551	4	1406
792	1	638
135	3	1244
8460	4	8426
828	0	101
5156	4	4848
3945	0	1031
5367	0	85
10999	1	10958
9382	4	9366
7222	1	7210
2362	0	2500
12139	1	12134
9205	0	9266
0	0	1
12078	0	2440
7767	1	7660
10195	1	10188
630	3	631
10008	1	9984
8648	1	8537
10982	1	10958
2460	1	2443
315	4	0
9365	4	9366
6947	2	6988
4779	4	4668
5244	4	4848
2519	1	2513
5207	4	5308
11823	1	11597
12250	0	1032
3887	3	3847
979	1	949
2816	3	2809
10657	1	10959
5981	2	5980
5972	4	5655
7512	1	7507
11825	0	2954
12169	0	135
8371	1	8335
1935	2	2087
259	1	255
925	0	245
281	4	0
3071	1	3047
962	1	949
1304	1	1274
5421	1	5416
8514	4	8426
4412	0	4416
5508	1	5409
9488	1	9455
640	0	1444
8663	0	8715
1067	1	949
8354	1	8335
1292	1	1272
11865	1	11825
945	1	949
2452	1	2362
55	3	1242
3936	0	3928
8151	0	8162
4415	3	4422
7718	0	680
2172	1	2118
369	4	0
1354	2	1353
8337	1	8335
10490	0	55
947	3	1258
12000	2	12011
7104	1	1406
11693	2	11720
8839	2	8815
2362	0	85
6026	4	5655
1409	1	1408
3078	2	3108
11007	1	10956
3944	0	433
2599	2	2687
4298	1	4125
9742	0	7547
4200	4	4125
7087	1	1406
1204	2	1203
2750	2	2823
10589	2	10588
8637	4	640
7507	0	2216
9743	3	4637
3664	4	3116
102	3	8103
10990	1	10956
9541	0	871
9683	2	9721
11636	1	11621
10582	0	10963
12076	0	11610
1406	0	84
9014	1	8762
6910	2	6911
6845	0	7247
9183	0	2112
10457	1	640
3647	4	3116
6093	0	448
9988	1	640
3613	2	3612
11619	1	11621
5446	1	5414
8636	1	640
640	3	3114
7562	0	49
6090	0	1245
62	2	69
6977	1	6941
9474	1	9455
10440	1	640
3663	1	3116
3079	1	3045
9911	2	9937
970	1	947
5429	1	5414
655	3	2806
10774	1	10582
1513	2	1511
7892	1	7952
11621	0	1627
45	3	2923
8362	1	8333
5495	1	5416
10352	2	10394
9985	0	10054
3116	0	239
5525	2	5629
10528	1	640
10840	1	10961
8247	1	8241
4429	1	4430
4544	1	4501
7125	1	7072
5373	1	5365
1589	2	1587
10862	1	10582
10060	3	2820
8469	2	8468
718	2	757
7598	1	7592
4527	1	4501
9231	1	9205
10957	0	110
828	3	830
2774	1	2744
5366	0	135
4937	2	4936
7963	1	7952
5911	2	5910
10639	4	10598
10731	2	10746
3954	1	3952
11	1	2
7506	0	134
2174	2	2194
6729	4	6721
4510	1	4501
1565	1	1406
8120	0	2816
5476	1	3944
1276	0	1271
2278	0	2296
10531	1	10490
6116	3	6113
1670	1	1406
4615	1	4501
2482	3	11607
7867	2	7917
1548	1	1406
6738	4	6162
10002	1	9985
4466	1	4454
5459	1	3944
5655	0	930
7964	2	7978
7102	2	7169
6211	2	6221
6850	4	6845
10514	1	10490
3379	1	3116
6845	0	2738
10612	1	10582
4257	4	4125
11486	0	11679
8095	0	8108
1653	1	1406
4036	4	3972
310	2	309
5410	0	441
11076	1	11065
6394	2	6635
12077	0	2816
4501	0	246
10061	2	10085
8426	3	1229
9204	0	1
10497	1	10490
6163	1	6162
8426	0	931
6159	0	105
8187	1	8153
1636	1	1406
3163	1	3116
12075	0	55
11832	1	11597
3826	4	3116
3950	0	278
8365	1	8336
7315	1	7262
6268	1	6162
1246	3	8107
9963	1	9912
6058	4	5655
5503	1	5414
12100	2	12118
11410	2	11409
8554	1	640
9769	2	9806
4877	1	4848
6449	2	6690
11521	1	11486
522	1	0
5309	2	5308
8348	1	8336
7298	1	7262
10067	1	10060
4844	3	6113
5447	1	5413
4328	4	4125
6251	1	6162
930	3	9849
10060	0	107
12077	0	2950
7847	0	110
11626	1	11486
5486	1	5414
7624	0	44
9833	0	56
6057	2	6056
3039	3	7577
11486	0	12163
11504	1	11486
6118	3	6109
9202	0	9267
505	1	0
5491	1	5409
5430	1	5413
6234	1	6162
7090	1	7073
2867	1	2849
8663	3	1442
9858	2	9867
5207	4	5068
12266	1	12250
8662	1	8663
1406	3	1776
6217	1	6162
3217	1	3116
8123	1	8120
11002	1	10961
5482	1	1406
6322	1	6162
12182	1	12169
246	3	5358
120	1	389
2849	0	2930
8874	3	944
4260	4	4128
10985	1	10961
6940	0	2935
10251	3	5400
6858	4	6843
6950	2	6991
10011	2	10044
10522	1	10488
4653	1	4639
8743	1	8734
8542	2	8541
10865	2	10863
11852	1	7658
8926	2	8990
11007	1	10582
5474	1	1406
5828	2	5852
3371	2	3370
5659	1	5655
5449	1	5409
10968	1	10961
11486	0	8109
7559	0	135
12106	0	109
6171	1	6160
8195	1	8151
7564	1	7563
4119	2	4118
2958	1	2951
10990	1	10582
5457	1	1406
1910	1	1790
12106	0	1048
9838	1	9832
7657	0	32
6439	2	6681
8663	0	1254
3630	4	3116
8178	1	8151
5440	1	1406
1893	1	1790
3541	1	3116
5416	0	5413
9667	3	3947
10430	0	933
438	3	7576
326	1	0
11004	1	10957
8168	0	8238
953	1	947
6325	1	6162
6467	2	6708
5438	1	5411
9701	1	9667
7953	0	5
8731	3	830
10244	1	9450
10013	1	9983
8345	1	8333
9475	1	2116
10987	1	10957
780	3	10482
2108	0	106
8745	1	8730
7990	0	248
6308	1	6162
11393	4	11268
10003	1	9912
9684	1	9667
5039	1	4848
11486	0	83
10227	1	9450
11010	1	10959
4917	1	4848
2930	3	8105
8728	1	8730
3875	0	135
7347	1	7262
2931	0	2936
10210	1	9450
1856	2	2010
11856	1	11829
3076	1	3046
6396	1	6162
9686	2	9724
11481	4	11268
9875	0	134
6366	2	6608
10060	0	54
5239	2	5238
11598	3	11607
7861	1	7845
7548	3	7544
7330	1	7262
1787	1	1791
6986	1	6845
5013	2	5012
9677	2	9714
6789	2	6822
181	1	0
9014	1	9006
6379	1	6162
11464	4	11268
657	3	914
11658	1	11486
7844	1	7845
7313	1	7262
6980	1	6944
6969	1	6845
8240	2	8264
7093	2	7159
164	1	0
2114	0	57
8174	1	8168
7817	2	7823
10456	1	10427
162	0	245
1285	1	1266
6963	1	6944
6952	1	6845
5506	1	5409
6467	1	6162
12076	0	4633
12075	0	1775
3943	0	3938
11624	1	11486
10355	2	10397
1858	1	1791
7057	1	6845
8290	0	4483
8098	1	8077
404	2	422
8423	0	44
5708	1	5655
138	1	137
10153	1	10060
12171	0	75
6093	0	1176
1062	4	878
12106	0	56
640	0	2440
11273	1	11265
5691	1	5655
7966	1	7955
196	2	233
9433	1	9366
4620	1	4617
12102	0	1175
11438	1	11268
2177	2	2197
488	1	0
2955	2	2960
5409	3	1182
2991	1	2968
5821	2	5846
12145	1	12132
6982	1	6940
11076	1	8731
10241	1	10060
2149	3	7800
6094	0	49
9417	2	9416
1503	3	2803
3801	2	3800
5655	0	824
10315	3	4637
471	1	0
6965	1	6940
10224	1	10060
6894	2	6895
721	1	642
3044	0	110
3945	0	3934
6859	2	6858
1887	2	2040
4456	1	4424
454	1	0
8903	2	8967
2931	0	655
6941	0	6200
10663	1	10957
7247	0	55
1541	2	1542
7579	3	7574
704	1	642
3661	1	3116
12036	1	11486
10505	1	10488
11835	1	7658
10646	1	10957
687	1	642
2405	1	2362
2229	3	2138
5167	1	4848
45	3	8107
9473	1	9451
4285	1	4125
11267	2	11328
3447	2	3446
792	1	642
4163	1	4125
7262	0	1036
11231	1	11214
3749	1	3116
7221	1	7210
4195	2	4194
11110	1	11066
9456	1	9451
934	1	936
12259	2	12282
4667	1	4640
641	0	86
6093	0	6116
0	0	5
10762	4	10582
10432	0	640
5159	1	4848
8607	4	640
5423	1	1406
11919	0	96
2484	0	57
3946	0	2930
7506	0	57
4817	4	4818
9025	2	9077
4251	1	4125
7358	2	7488
11179	3	6937
4921	2	4920
11786	1	11486
9448	1	9451
997	2	1027
11081	1	11064
11005	1	10964
4695	2	4694
8290	0	108
7672	1	7657
10657	1	10963
2363	1	2362
8416	1	8414
1228	2	1227
5125	1	4848
5870	1	5655
11769	1	11486
10970	1	10957
878	0	1248
4738	1	4640
7851	2	7901
5469	1	5412
10988	1	10964
3071	1	3051
5525	1	5410
7848	0	1623
5230	4	5119
2744	3	2306
5831	2	5855
9760	1	9743
1553	4	1406
1292	1	1276
5452	1	5412
794	1	638
11478	1	11268
11264	0	239
4452	0	106
5836	1	5655
7560	0	57
11071	2	11173
1576	4	1408
5435	1	5412
4533	2	4590
6912	0	47
7095	1	7072
11973	1	11968
5941	1	5655
5315	2	5314
12271	1	12249
11853	1	11824
11394	2	11393
1559	4	1408
2966	0	630
8151	0	6
7955	0	7548
507	2	590
12254	1	12249
876	0	135
3944	0	437
11007	1	10960
11836	1	11824
4428	0	4442
11486	0	7548
9743	0	9820
10488	0	1031
11526	4	11486
1813	2	1968
1542	4	1408
3910	2	3917
11222	1	11212
8681	2	8700
8654	2	8653
10990	1	10960
4342	1	4125
4121	1	3972
4832	1	4830
5223	4	5300
3134	4	3116
7326	2	7427
6940	0	2508
12304	2	12328
10995	1	10955
12181	1	11486
2540	1	2500
9147	4	8762
8298	0	106
8585	4	8537
3117	4	3116
5891	2	5890
11492	4	11486
3116	0	1048
3911	1	3116
5480	1	1406
2744	3	2924
7881	1	7848
255	0	102
10978	1	10955
3789	1	3116
11192	1	11179
12164	1	11486
2523	1	2500
11599	3	2308
2559	1	2362
1859	2	2013
3222	4	3116
3079	1	3049
11316	1	11268
5421	1	3944
4087	1	3972
11788	2	11787
3894	1	3116
3329	2	3327
7372	2	7461
5366	0	5
8189	2	8222
8678	1	8665
5193	4	5042
4147	2	4149
2542	1	2362
825	0	57
10907	4	10582
7563	0	7583
11580	4	11486
138	2	149
7508	1	7504
11594	4	11502
6734	1	6719
278	3	8107
7896	2	7947
12043	2	12071
8180	2	8212
290	2	289
3129	2	3128
7517	1	7504
958	1	946
3310	4	3116
6169	1	6160
5526	1	5412
3048	0	1246
2525	1	2362
3952	0	106
2815	3	2924
10582	0	2941
12253	1	12250
3860	1	3116
8241	0	8287
8350	1	8332
2855	2	2910
5509	1	5412
5492	1	3944
441	3	6103
10873	4	10582
5365	0	78
5342	2	5353
11937	1	11919
10358	2	10400
7603	1	7591
11434	2	11433
7113	1	7071
8248	2	8271
12116	1	12106
9870	0	86
1422	1	1405
4431	0	2351
1276	0	1275
6866	4	6845
11920	1	11919
110	3	8105
9219	1	9204
5378	2	5397
11689	2	11717
7096	1	7071
2762	1	2743
8676	1	3944
897	1	878
8731	0	81
6776	3	6841
10582	0	42
3558	2	3559
199	2	236
9287	1	451
3523	2	3522
2745	1	2743
11182	2	11197
9912	0	9985
3512	4	3116
2958	2	2963
7888	1	7815
10660	1	10958
257	1	23
7992	1	7990
9487	1	9452
404	1	390
9670	2	9708
7871	1	7815
10368	1	10329
59	0	81
8333	0	81
133	3	916
9826	0	933
9470	1	9452
80	3	5400
961	1	949
1890	2	2043
6901	1	6843
2567	1	2515
878	3	1172
8906	2	8970
1273	1	1265
8241	0	45
7854	1	7815
10351	1	10329
5425	1	5411
5010	4	4848
7624	0	48
11486	0	12167
9293	2	9322
4143	2	4142
44	3	821
2550	1	2515
5491	1	5413
4183	1	4128
5345	2	5356
11599	0	79
10348	2	10391
7585	3	5400
5521	2	5626
7646	1	7626
6124	1	6090
8662	1	8667
10455	2	10483
139	2	148
10678	2	10714
9829	0	1176
5819	1	5655
1856	1	1791
5721	4	5655
52	3	2803
7496	1	7497
12262	2	12285
7078	1	7072
4271	1	4128
11486	3	6937
9832	0	6196
1678	1	1408
2816	3	2923
2770	1	2741
6090	3	6139
7624	3	830
3116	3	3871
7317	1	7262
11065	0	4409
0	0	249
2993	2	3029
2216	3	9907
11827	3	11906
6941	0	6928
4616	3	659
1661	1	1408
11470	2	11469
2753	1	2741
888	1	876
6094	0	3944
8894	1	8874
470	1	451
5367	0	1622
10527	1	10487
9450	3	10250
7300	1	7262
5449	1	5413
12171	0	132
10668	1	10956
4462	1	4451
954	1	878
7126	1	6845
8877	1	8874
10616	2	10615
453	1	451
10510	1	10487
2592	1	2513
6176	1	6159
7854	2	7904
7589	0	4443
11598	0	1246
186	1	162
12303	1	0
3930	0	3938
9571	1	9547
8066	1	7990
371	4	0
937	1	878
12268	1	12250
11103	2	11151
7353	2	7450
10493	1	10487
8058	2	8057
2575	1	2513
2402	0	437
10234	1	10188
3881	0	109
9701	2	9738
9296	2	9325
9554	1	9547
8780	1	8762
11745	0	57
23	0	32
46	3	2809
11833	1	11825
10140	1	10060
3875	0	5
11409	4	11268
2558	1	2513
11486	0	7658
1921	2	2073
4536	2	4593
10217	1	10188
11976	1	11971
9840	1	9826
8763	1	8762
8344	1	8333
7656	0	109
8602	2	8601
6932	3	1442
2403	1	2362
5482	1	5411
9756	2	9793
8868	1	8762
3431	2	3430
12252	2	12276
2978	1	2968
9454	0	5
1671	2	1733
11010	1	10963
3205	2	3204
9742	0	440
7566	1	3944
4844	3	7569
8851	1	8762
10975	1	10956
4168	4	4125
2931	0	2940
5474	1	5411
12200	2	12239
4345	1	4128
6092	0	1245
3944	0	1031
7647	1	7625
8834	1	8762
10998	1	10958
1089	1	949
5457	1	5411
3950	0	2807
935	0	829
8096	3	8107
6094	0	2818
5138	4	4848
10885	1	10958
5222	4	5288
9351	3	1229
3064	1	3045
955	1	947
11597	0	873
1297	1	1272
12132	0	4844
5440	1	5411
4311	1	4128
3720	4	3116
10331	2	10338
7581	3	6113
1060	1	947
3825	2	3824
1285	1	1270
3944	0	7581
9286	1	9270
9853	0	247
7732	1	7660
3599	2	3598
7591	0	5
5041	1	4848
6737	1	6722
11486	0	11659
7600	1	7592
8934	1	8874
4222	4	4125
8170	2	8203
7110	1	7072
7996	2	8011
3145	1	3116
2484	0	248
1419	1	1406
9982	1	9984
4424	0	2738
135	3	6111
6720	1	6722
915	3	916
8917	1	8874
9216	1	9205
7724	1	7660
966	2	1001
7093	1	7072
9743	3	1181
513	2	596
8734	0	108
5073	2	5072
8335	3	830
10060	0	6153
10334	1	10329
8900	1	8874
5946	4	5655
1204	1	878
11756	1	11486
7886	1	7847
4452	0	4485
8674	2	8694
1944	2	2097
9182	0	3877
451	0	239
5178	4	5148
6027	1	5655
6094	0	53
655	3	4477
10989	2	11037
8925	1	8762
7869	1	7847
6965	1	6944
12077	0	1775
1556	1	1408
5912	4	5655
9030	1	8762
278	3	914
9331	0	2945
4945	2	4944
7656	0	56
6934	0	4408
7852	1	7847
11852	1	11826
3072	1	3043
10663	1	10961
9691	1	9547
10731	1	10718
8516	4	8426
9423	2	9422
2780	2	2845
1804	1	1790
9013	1	8762
79	3	10181
7365	2	7455
10646	1	10961
5378	1	5365
9335	1	9331
11275	1	11265
3794	4	3116
8499	4	8426
1522	1	1408
6906	4	6845
7283	1	7262
8173	2	8206
3875	0	86
10668	1	10582
9473	1	9455
9449	0	657
4313	4	4125
10447	1	10429
4092	4	3972
9931	1	9912
7089	2	7156
8909	2	8973
7118	1	7070
2869	1	2849
8436	1	8423
828	0	109
2747	1	2849
10432	0	2738
6934	3	87
7266	1	7262
2993	1	2968
2317	2	2321
9456	1	9455
2181	1	2229
4296	4	4125
5408	2	5530
9914	1	9912
7101	1	7070
2852	1	2849
5335	2	5347
11115	1	11065
11598	0	11610
10756	1	10582
6127	1	6093
2273	2	2274
5292	4	4848
8246	1	8241
8474	4	8426
5410	0	2112
9186	0	9182
5477	1	5416
6799	1	6774
8109	3	11607
11098	1	11065
4655	1	4639
10002	1	9912
3307	1	3116
7792	2	7805
4459	1	4452
5091	2	5090
5460	1	5416
11854	1	11597
5365	0	135
10970	1	10961
6162	0	3969
10888	1	10963
5469	1	5416
2996	2	3032
6772	1	640
4715	2	4813
5525	1	5414
2579	2	2668
1564	1	1406
8473	1	8426
5459	2	5570
8576	1	640
6805	1	6776
7504	0	103
4743	1	4639
9475	1	9451
9983	0	133
2499	0	2510
3507	2	3506
7129	1	7073
5452	1	5416
8180	1	8151
10975	1	10582
12173	1	12171
619	3	614
3273	1	3116
6755	1	640
5442	1	1406
9927	1	3944
7857	2	7907
5496	1	5412
5435	1	5416
1652	1	1406
11486	0	11740
9881	1	9871
2337	1	2278
1883	2	2037
1878	1	1790
943	3	4479
642	0	375
949	0	1252
8154	2	8157
8306	1	8297
10643	2	10681
9910	1	3944
256	1	255
10496	1	10490
3048	0	632
7764	3	3114
6074	4	5655
4848	3	4897
8186	1	8153
9188	1	9178
1861	1	1790
9299	2	9328
6932	0	1254
1111	3	1181
5423	1	5411
4428	0	4446
7083	1	7071
9743	0	9824
5031	2	5029
5513	1	1406
3153	2	3152
23	0	276
3875	0	249
878	3	1229
5766	2	5765
2926	3	2922
6740	2	6739
7783	0	7781
7769	1	7765
1949	1	1790
10995	1	10959
8899	1	8873
4188	4	4128
6941	0	85
5655	0	5797
10382	2	10424
5222	4	5048
8868	1	9006
5007	1	4848
1932	1	1790
10978	1	10959
8882	1	8873
7562	0	57
11486	0	681
8588	1	8537
6934	0	6933
827	3	87
7812	0	110
8122	1	8120
9012	2	9064
3948	1	3949
11825	3	11906
6364	1	6162
11449	4	11268
4154	4	4128
8070	4	8031
6164	1	6158
7597	1	7563
8112	0	277
1903	1	1788
8650	1	640
6734	1	6723
4973	1	4848
6469	1	6162
6932	0	3966
7673	1	7660
3067	1	3048
9224	1	640
4137	4	4128
5416	3	5638
11826	0	2950
7082	2	7150
5186	4	5114
7247	0	7256
3957	2	3965
3924	3	8230
1886	1	1788
10334	2	10341
1296	1	1263
6452	1	6162
4242	4	4128
8350	1	8336
5448	1	5409
3050	1	3048
5217	4	5106
9289	1	9273
7625	0	40
6160	0	441
1470	2	1498
8793	4	8762
8316	3	5400
8119	1	8112
1279	1	1263
2744	0	81
10999	2	11060
5420	2	5535
6435	1	6162
7629	2	7638
8731	0	1240
5431	1	5409
115	1	0
11697	1	11681
7591	0	249
6845	0	6934
7560	0	7579
10876	1	10582
7968	1	7955
6093	0	135
937	1	935
1262	1	1263
6418	1	6162
11973	2	11986
7951	1	7955
11003	1	10957
9184	0	86
3427	1	3116
8321	0	8106
1701	1	1406
5480	1	5411
12205	1	12171
827	0	57
8731	0	435
8037	4	7990
7952	0	5
12105	0	829
8677	2	8697
7084	1	7070
3069	1	3044
1800	2	1955
1684	1	1406
5662	1	640
5228	4	5112
12188	1	12171
2362	0	2484
10016	1	9985
10226	1	9450
10579	1	6093
5655	0	133
8077	0	5405
3052	1	3044
9291	1	9269
1667	1	1406
7565	1	7559
10314	1	10060
11569	1	11486
1176	3	4479
2973	2	3009
8333	0	85
6742	1	6721
6973	1	6942
1290	1	1266
2116	0	2149
10209	1	9450
947	0	110
689	1	642
1101	4	878
7645	2	7650
9030	1	9006
3075	1	3046
6924	0	56
8077	0	278
9833	0	2508
7860	1	7845
7547	3	7544
11486	0	12171
6956	1	6942
7588	1	7591
3481	1	3116
6282	1	6162
1084	4	878
9013	1	9006
5225	4	5104
4713	2	4711
6771	4	6724
8822	4	8762
6285	2	6526
7766	2	7774
11115	1	8731
11535	1	11486
8176	2	8209
11549	2	11548
658	3	6109
6124	1	6094
6939	1	6942
5522	1	5409
3583	2	3582
6265	1	6162
1246	3	1244
11486	0	628
1618	3	7949
10935	2	10936
11098	1	8731
11937	2	11961
1623	3	7944
4299	4	4128
5505	1	5409
5952	4	5655
642	0	1
11982	1	11969
7634	1	7625
3001	1	2966
8666	0	106
935	0	81
11486	3	10324
11623	1	11486
7959	1	7953
6095	1	6092
1788	0	658
9832	0	134
4282	4	4128
5488	1	5409
6725	4	6722
10345	2	10387
2984	1	2966
8582	2	8581
848	2	867
399	1	0
10982	2	11031
12196	1	12169
2967	1	2966
2152	1	2118
10973	1	10964
3043	3	3112
7072	0	133
5472	2	5644
12348	2	12355
3941	0	658
11859	1	11486
7262	0	829
640	0	9267
3074	2	3104
5085	2	5083
2582	2	2671
889	2	906
12180	2	12219
1943	2	2093
7084	1	1406
6981	1	6940
10656	1	10955
11842	1	11486
9831	0	1176
5821	1	5655
9666	2	9705
4877	2	4894
3572	1	3116
4689	1	4640
946	3	914
9407	2	9406
82	3	7574
6208	0	679
10060	0	5405
11486	0	1246
9180	0	2112
3944	0	3934
9884	1	9874
11120	1	11064
10454	1	640
3677	1	3116
7626	3	830
10956	0	135
8687	1	8666
5443	1	5414
2377	2	2396
11930	1	11486
4256	1	4128
49	3	6110
7727	1	7559
5909	1	5655
1946	1	1791
3805	2	3804
8509	2	8508
3927	0	3934
11103	1	11064
8893	2	8957
340	1	0
9207	1	640
5655	0	80
1527	4	1408
5426	1	5414
4179	1	4125
11913	1	11486
8151	0	254
1869	1	1788
8616	1	640
4844	3	7573
2453	2	2472
10975	1	10960
11086	1	11064
3643	1	3116
7138	1	1406
3950	0	3966
9435	1	9366
81	3	2924
5470	1	5410
5997	1	5655
188	1	162
2362	0	1626
8895	1	8762
11486	0	8146
2449	1	2400
10241	1	9450
5279	2	5278
640	0	86
493	2	576
8606	4	640
5749	4	5705
7216	1	6845
251	3	2922
10224	1	9450
3064	1	3049
4524	1	4501
1297	1	1276
2339	2	2349
5452	2	5564
3946	0	3930
8589	4	640
5776	2	5861
5445	1	5410
5205	4	5292
2415	1	2400
3944	0	7585
4507	1	4501
10429	0	158
1132	1	878
2325	3	7800
4431	0	1176
7507	0	2952
2596	1	2500
6845	0	278
9834	1	9833
3893	1	3889
5747	1	5655
5428	1	5410
9832	0	81
8094	0	110
1115	1	878
3541	2	3539
8853	1	8762
2579	1	2500
1889	1	1791
3278	4	3116
6760	4	640
2185	2	2205
6213	1	10188
1220	1	878
5255	1	4848
3946	0	1031
8836	1	8762
11000	1	10958
2562	1	2500
1143	1	1111
4468	2	4474
2598	1	2362
1282	2	1312
642	0	82
7559	0	440
1407	1	1405
1535	4	1406
8126	2	8139
4049	1	3972
9177	1	9184
947	0	86
6734	1	6162
2408	2	2426
9451	0	2938
8905	1	8873
10983	1	10958
12109	1	11486
44	3	10250
2581	1	2362
5499	1	5410
8741	1	8731
7658	0	943
3244	4	3116
5343	1	4848
4485	3	4480
8924	2	8987
5305	2	5304
4697	4	4639
2354	3	2357
519	1	0
12248	2	12273
6089	1	6093
5	3	7949
997	1	946
9447	1	9366
11747	0	86
6090	0	1176
6071	1	5655
502	1	0
9205	3	9257
12078	0	440
6093	3	6103
12105	0	134
980	1	946
1274	0	276
3072	1	3047
1803	2	1958
7592	0	1048
8335	0	81
935	3	944
7857	1	7846
11486	0	2482
1408	0	5
8372	1	8332
4007	1	3972
5437	1	3944
925	0	928
1405	0	246
1111	0	135
10818	4	10582
9294	1	9272
2976	2	3012
7719	0	680
11497	2	11496
1293	1	1269
11866	1	7658
12179	1	12169
4307	1	4125
5420	1	3944
10801	4	10582
8170	1	8169
10452	1	10428
5365	0	5
5502	1	5410
11849	1	7658
8655	4	640
4978	4	4848
4235	2	4234
11667	2	11673
12106	0	1032
11778	2	11777
6288	2	6529
9461	1	9454
7596	1	7589
7769	2	7777
10435	1	10428
6094	0	6152
9229	1	9202
12109	1	12104
9829	0	135
7581	3	7569
4151	1	4128
5485	1	5410
9833	0	658
9006	0	51
10889	4	10582
9032	1	8762
10827	2	10835
6875	1	6845
9212	1	9202
10075	2	10099
11695	1	11681
4061	1	3972
10115	2	10131
8621	4	640
9015	1	8762
11486	0	11610
878	0	1256
3440	4	3116
8077	0	656
4239	1	4128
9989	1	640
10720	0	278
4464	1	4451
646	1	640
4265	1	4125
1646	1	1408
9120	1	8762
7071	0	929
262	1	23
451	0	56
11001	1	10957
4430	0	2351
7504	0	107
10582	0	11057
6978	1	6941
11424	2	11423
9451	0	657
4424	0	2100
10432	0	7548
1276	0	1336
3472	2	3473
11317	1	11264
10985	2	11034
9472	1	2116
2302	2	2312
4795	4	4702
6071	2	6070
6961	1	6941
10676	1	10958
4220	2	4221
3406	4	3116
171	1	162
6146	3	6139
9455	0	2116
11300	1	11264
11595	4	11498
9881	1	9875
11117	1	11065
949	0	1256
1848	2	2004
6129	1	6093
8426	0	57
3513	2	3512
526	1	451
11283	1	11264
9015	2	9067
9188	1	9182
3398	4	3116
6093	0	6153
9829	0	6230
2543	1	2513
9186	0	5
86	3	77
10958	0	110
8933	1	8874
509	1	451
2817	3	6139
7592	0	56
12250	0	134
878	3	1233
134	3	6111
878	0	935
5477	1	3944
11970	1	11968
1880	2	2033
6807	1	6776
10995	1	10963
8896	2	8960
11829	0	135
8633	4	8537
1671	1	1406
5193	4	5266
935	0	943
5460	1	3944
6790	1	6776
8361	1	2114
12076	0	79
10978	1	10963
7050	0	438
10532	1	10487
5140	4	4848
8096	0	8108
1654	1	1406
4165	1	4128
1252	3	7800
7054	1	6845
11009	1	10955
11108	2	11154
12195	1	11486
5442	1	5411
6162	0	6230
5203	4	5118
7563	0	7591
4343	2	4341
8632	1	8537
10966	1	10958
10329	0	448
6158	0	3966
188	2	227
10992	1	10955
12178	1	11486
11105	2	11170
7990	0	45
7513	1	7507
5521	1	5411
11825	0	96
9492	1	9450
12186	2	12225
7463	3	4477
11659	0	41
5786	2	5793
4878	1	4848
11681	0	622
282	4	0
8085	4	8077
4401	1	4128
11288	2	11348
5448	1	5413
2157	4	2118
4830	0	57
441	3	6111
9160	1	8762
7625	0	44
953	1	878
6979	1	6940
5365	0	86
11748	0	1032
5513	1	5411
688	2	727
2744	0	85
4384	1	4128
11861	1	11827
6934	3	6938
5431	1	5413
11418	1	11268
4711	4	4640
6162	0	6714
7560	0	7583
7655	0	5
12267	1	12250
9201	2	9232
10078	1	5365
5881	2	5880
4367	1	4128
7845	3	7944
10233	1	10188
4694	4	4640
3944	0	6085
353	4	0
994	1	947
11003	1	10961
10061	1	5365
11832	1	11825
1285	2	1315
6944	0	7037
7755	2	7761
11067	2	11123
1410	1	1408
8129	2	8142
11820	4	11768
4677	4	4640
3560	4	3116
7211	1	6941
2411	2	2429
1898	2	2051
10991	1	10956
4184	4	4125
2122	1	2118
5450	1	5409
3048	0	933
3874	3	3871
110	3	1242
4616	0	101
3648	4	3116
6759	1	6722
10974	1	10956
11865	2	11904
1065	1	947
3057	1	3043
7503	2	7525
3526	4	3116
12250	0	81
7763	1	7660
1290	1	1270
5056	4	4848
356	2	355
878	3	1180
5433	1	5409
5880	4	5655
1806	2	1961
10004	1	9984
7563	0	49
0	0	2217
7624	0	56
11118	2	11163
4150	4	4125
8674	1	8666
12078	0	1623
4231	1	4128
390	0	440
1797	2	1951
2954	3	9337
10752	2	10751
1411	1	640
9987	1	9984
8290	0	4414
10653	1	10582
11998	2	12009
7359	2	7452
7660	0	824
2753	2	2840
9406	4	9366
2606	2	2695
658	3	6113
9747	1	9742
669	2	678
5412	3	5635
7815	3	91
5522	1	5413
5968	4	5655
10654	1	10963
3525	1	3116
1339	0	1400
10722	1	10720
10758	1	10582
11083	2	11135
2298	1	2297
8112	0	8149
4834	2	4839
986	2	1046
9187	1	9178
5505	1	5413
9285	1	9270
9890	1	9872
642	0	5
6291	2	6532
9387	2	9386
11745	0	7502
7891	1	7847
4427	0	4446
7599	1	7592
791	1	638
9372	4	9366
7109	1	7072
5488	1	5413
3589	2	3588
7964	1	7952
2401	2	2420
10724	1	10582
5735	4	5655
6873	2	6872
10830	2	10838
7768	1	7765
10078	2	10102
9636	1	9547
7092	1	7072
8578	1	640
9032	1	9006
2758	1	2744
10829	1	10582
11599	3	11607
2118	0	2116
12249	0	93
4467	1	4454
7075	1	7072
9619	1	9547
9015	1	9006
10812	1	10582
10327	0	437
490	2	574
12101	0	826
1467	1	1408
4616	3	2306
5219	4	5114
4089	2	4088
5063	2	5062
9495	1	9455
6981	1	6944
1796	2	1952
10656	1	10959
9750	1	9742
6740	1	640
4406	0	4410
3893	2	3901
1532	1	1406
6773	1	6776
1450	1	1408
400	1	391
8175	1	8168
10457	1	10427
10498	1	10490
8298	0	90
9639	2	9662
4020	4	3972
11682	2	11710
5371	1	5363
12076	0	55
3944	0	3938
5661	1	5654
11486	0	4633
10440	1	10427
2499	0	75
5314	4	4848
4224	4	4125
6924	3	6937
6173	1	6159
9690	1	9547
10730	1	10718
6882	4	6843
401	1	0
8120	0	8147
9350	2	9357
4108	4	3972
6042	4	5655
8154	1	8153
1603	1	1406
7050	3	3879
3986	4	3972
11505	1	11486
4844	3	7577
2103	3	4477
11969	0	1036
10788	2	10787
6235	1	6162
440	3	7575
4469	1	4450
5470	1	5414
1586	1	1406
11006	1	10956
3776	4	3116
489	1	0
11933	2	11958
8689	2	8706
12133	2	12147
4295	4	4125
6218	1	6162
7506	0	2216
9742	3	4637
878	0	1179
7846	0	5
8048	2	8047
10989	1	10956
472	1	0
3051	3	3114
7815	0	7846
5214	4	5306
10903	1	10582
3201	1	3116
6798	1	6774
4547	2	4604
4616	3	830
1302	1	1275
11621	0	5
455	1	0
6412	2	6654
11111	2	11157
5445	1	5414
11486	0	929
5285	2	5284
6977	2	7018
5730	2	5729
2443	3	659
6781	1	6774
1806	1	1790
80	3	2806
10315	0	6153
8762	0	57
638	0	132
11268	0	134
7559	0	1249
521	2	604
6160	0	3938
5428	1	5414
8196	1	8151
2959	1	2951
10991	1	10582
5458	1	1406
11597	0	76
5081	2	5080
1871	1	1788
8121	1	8112
8320	0	2942
12189	2	12228
1789	1	1790
4253	4	4125
1406	0	824
3116	0	3878
2	0	57
10489	1	10488
7655	0	7470
6090	0	107
8179	1	8151
10974	1	10582
277	3	8103
2437	3	916
5441	1	1406
1854	1	1788
11232	1	11214
57	3	6112
882	2	919
12318	2	12342
2451	1	2400
11968	0	1048
7072	0	84
10494	2	10540
11486	0	4446
3159	1	3116
3271	2	3270
5424	1	1406
1877	1	1790
1837	1	1788
4864	2	4881
11215	1	11214
7507	0	57
3733	1	3116
5499	1	5414
11668	0	76
4622	1	4501
1942	1	1788
9455	0	79
9168	2	9167
9871	3	9907
7297	2	7404
1860	1	1790
8889	2	8954
11802	2	11801
10063	1	10060
8297	3	3112
10522	2	10567
5655	0	247
7619	1	7563
2124	2	2141
1925	1	1788
8132	2	8145
10229	2	10292
10971	1	10957
2302	1	2278
9331	0	2953
6932	0	160
304	2	303
3072	1	3051
9668	1	9667
8335	0	85
7602	1	7563
9455	0	5690
2931	0	78
11066	0	11065
10211	1	9450
1948	1	1790
4901	1	4848
10954	1	10957
3077	1	3046
8372	1	8336
7626	0	79
8666	0	86
5453	1	5412
11969	0	44
9875	0	4631
7549	3	7544
10194	1	9450
5343	1	5336
10977	1	10959
7666	1	7658
3060	1	3046
60	1	0
7693	2	7705
5448	2	5561
6443	2	6684
3643	2	3642
7314	1	7262
7504	0	7548
11600	1	11598
10452	1	10432
11823	1	11829
6363	1	6162
11824	3	11906
10060	0	2807
2114	0	1171
5202	4	5114
9754	2	9790
2743	0	2812
4876	1	4848
11744	1	11748
7297	1	7262
12001	2	12012
1406	3	5631
6239	2	6480
2937	3	8292
10435	1	10432
6250	1	6162
6094	0	6156
7106	1	7073
2609	2	2698
4106	4	3972
6346	1	6162
7581	3	7573
8336	0	2114
11625	1	11486
26	1	0
3537	2	3536
11503	1	11486
8099	2	8104
7280	1	7262
2600	2	2688
7726	1	7559
6233	1	6162
7089	1	7073
9928	1	9912
2866	1	2849
8603	4	8537
5498	1	1406
41	3	5400
1406	3	1443
6338	1	6162
12182	1	11486
3859	1	3853
4263	2	4262
5667	1	640
4105	1	3972
5692	1	5655
11659	0	2326
9488	1	2116
11001	1	10961
5481	1	1406
7368	1	7262
6764	1	6721
4372	4	4128
10979	1	10955
10137	1	10060
4037	2	4036
2544	2	2639
2172	2	2171
5011	2	5010
6321	1	6162
1904	2	2057
10016	1	9912
4967	2	4966
3321	1	3116
11923	2	11947
12181	1	12169
11696	1	11486
8304	1	5410
12078	0	2351
8920	2	8984
11317	1	11268
10009	1	9983
7209	1	6941
10242	1	10060
8667	0	8665
3895	1	3116
9417	1	9366
5464	1	1406
6304	1	6162
11422	1	11268
11006	1	10582
11300	1	11268
1658	2	1722
6735	1	6719
6966	1	6940
10225	1	10060
1264	0	1335
5658	1	5655
6894	1	6845
7563	0	3944
10060	0	42
7674	1	7656
3409	1	3116
3068	1	3044
10989	1	10582
12187	1	12171
9205	3	3947
10429	0	943
3944	3	5635
11283	1	11268
340	2	339
6949	1	6940
10208	1	10060
10428	0	158
1256	3	1242
7580	3	7574
12249	0	1626
10758	2	10757
5374	1	5366
7506	0	98
12170	1	12171
5746	1	5655
5176	4	5136
10191	1	10060
10074	1	10058
6934	3	2352
10443	1	10430
946	0	110
688	1	642
7563	3	7574
8826	2	8765
9924	1	3944
878	3	1237
6747	4	6722
4783	4	4677
4423	1	4424
7845	3	3947
1583	2	1581
10057	1	10058
7097	1	7071
8677	1	3944
11111	1	11066
5157	2	5156
11114	1	8731
824	3	916
112	0	109
2951	0	2948
6123	1	6094
4147	1	4125
8290	0	5410
8153	0	5
4848	3	2356
2746	1	2743
881	1	878
11094	1	11066
10823	2	10832
8298	0	3851
8331	0	2440
11009	1	10959
878	0	134
3611	1	3116
11097	1	8731
7589	0	52
8838	2	8823
4130	1	4125
9186	0	3876
5233	2	5232
6325	2	6565
5021	1	4848
11077	1	11066
10992	1	10959
2585	1	2515
11080	1	8731
6395	1	6162
9874	0	134
7073	0	824
452	2	536
2159	2	2157
4550	2	4607
826	3	7544
5959	2	5958
2568	1	2515
6378	1	6162
8095	3	8103
640	0	1623
4073	2	4072
5109	1	4848
11753	1	11486
6980	2	7021
1891	1	1791
8572	2	8571
2485	1	2486
6979	1	6944
878	3	916
3055	1	3051
8119	1	8120
391	0	432
3940	0	658
2551	1	2515
11858	1	11486
6361	1	6162
7999	2	8022
2775	2	2834
2118	0	79
5837	1	5655
1874	1	1791
3219	2	3218
4705	1	4640
5436	1	5412
6466	1	6162
6125	1	6090
1394	1	1339
8302	1	8298
6209	0	57
11841	1	11486
11462	1	11268
5820	1	5655
1857	1	1791
1835	2	1991
2116	3	2136
7056	1	6845
5419	1	5412
11832	1	11829
6449	1	6162
6944	0	7041
105	3	4479
11119	1	11064
1840	1	1791
7625	3	830
3719	2	3718
4867	2	4884
11066	0	4409
6092	0	1176
6159	0	1626
10728	2	10743
2741	0	81
1543	4	1408
11223	1	11212
1945	1	1791
642	0	680
982	1	946
10991	1	10960
11102	1	11064
59	0	4631
11066	0	8731
5786	1	5655
10432	0	10427
9450	0	2930
277	3	7542
3795	2	3794
5891	1	5655
7127	1	6845
10974	1	10960
8878	1	8874
3057	1	3047
1591	4	1406
9221	2	9249
12076	0	246
1290	1	1274
6092	0	2815
9296	1	9272
946	0	57
11599	0	1246
6853	2	6852
1060	1	878
160	3	9257
9572	1	9547
4509	2	4566
1295	1	1269
6370	2	6611
9279	1	9272
390	0	444
4339	2	4338
6730	1	6724
3773	1	3116
1278	1	1269
5269	2	5268
1304	1	1266
4113	2	4112
483	2	566
3063	1	3049
5412	3	5639
9992	1	9983
8487	1	8426
1412	1	1408
5043	2	5042
4736	4	4639
9885	1	9870
2743	3	2819
28	1	23
2526	1	2362
3189	4	3116
9187	1	9182
2404	1	2362
1131	1	878
10060	0	2112
6944	0	1243
8869	1	8762
9472	1	9451
3861	1	3116
6242	2	6483
791	1	642
5427	1	5410
3172	4	3116
5271	1	4848
4453	2	4493
9455	0	9451
11597	0	133
7896	1	7846
1114	1	878
2254	1	2233
8852	1	8762
10640	4	10602
1107	1	949
1677	2	1739
8152	0	8161
4424	0	2214
12103	1	12101
7658	3	11906
10432	0	1246
4915	2	4914
10857	4	10582
7562	0	2940
10430	0	7581
7648	1	7625
3945	0	2930
7781	3	7800
8921	1	8873
3827	1	3116
1142	1	1111
2597	1	2362
5476	1	5412
10812	2	10811
7218	1	6845
4355	1	4125
5410	0	7036
8241	0	86
8904	1	8873
7080	1	7071
7671	1	7657
3065	1	3045
389	0	445
2580	1	2362
4903	2	4909
10945	4	10582
5459	1	5412
4484	3	4480
5825	2	5849
6716	1	6162
1303	1	1267
288	2	287
1117	2	1151
7654	1	7657
5371	1	5367
9287	1	9270
7561	1	7560
7792	1	7781
4501	3	1231
7601	1	7592
1286	1	1267
11978	1	11486
6217	1	6207
4527	2	4584
3649	2	3648
9054	1	8762
1420	1	1406
8879	1	8873
11188	1	11179
3479	4	3116
12114	1	12104
2275	2	2286
7815	3	2352
2757	2	2827
3941	0	2439
6161	1	6158
11865	1	7658
6035	2	6034
9142	1	8762
3989	1	3972
9912	0	2134
10077	1	5365
7844	2	7898
4426	0	4438
8648	2	8647
8153	0	7470
9450	0	7549
20	1	4
10487	0	1031
4167	1	4128
9183	0	3877
5501	1	5410
2848	1	2744
7333	2	7433
9912	0	40
658	3	7569
12298	2	12322
7630	1	7626
3295	2	3294
9833	0	6196
9828	0	135
3	1	4
4225	2	4224
5484	1	5410
11698	2	11726
1276	0	1263
6011	1	5655
2730	2	2735
1708	2	1769
5663	1	5654
8909	1	8762
2362	0	829
4617	3	659
8297	0	106
11694	1	11681
7720	1	7718
7051	0	158
4133	1	4128
889	1	876
4021	2	4020
1540	1	1408
2295	2	2310
9270	0	1177
7524	1	7504
1645	1	1408
6769	4	6721
2849	0	2304
5516	1	3944
486	2	571
2765	1	2849
12132	0	79
11863	1	11827
3326	4	3116
9879	2	9895
3123	2	3122
120	1	113
146	2	156
11486	0	128
1628	1	1408
3944	0	2816
6983	2	7024
1250	3	914
8847	2	8858
6890	4	6845
1473	2	1509
6924	0	2134
7318	2	7420
2182	1	2229
12086	2	12094
4076	4	3972
6145	3	6139
4762	4	4639
9483	1	9452
9880	1	9875
11116	1	11065
2116	0	2133
11599	0	11610
8733	0	56
4402	4	4125
9743	0	1245
2559	1	2513
3667	2	3666
3292	4	3116
8683	1	8667
10060	0	99
10218	1	10188
6446	2	6687
10058	0	2815
4745	4	4639
9466	1	9452
9388	4	9366
7283	2	7392
9836	1	9828
11099	1	11065
3116	0	44
10956	0	1245
5504	1	5413
12169	0	103
8256	2	8278
2542	1	2513
11323	2	11384
41	3	3847
3275	4	3116
11265	0	109
1109	2	1108
10201	1	10188
1421	1	1405
8594	1	640
380	4	295
10971	1	10961
7591	0	7617
9667	0	929
2815	3	6108
8289	0	8110
5487	1	5413
9218	1	9204
6093	3	6111
995	2	1047
6934	0	448
2595	1	2362
2525	1	2513
878	0	57
5141	2	5140
3291	1	3116
1404	1	1405
640	0	2351
2931	0	82
6806	1	6776
985	1	949
12115	2	12128
10954	1	10961
6932	0	6930
9201	1	9204
6162	0	680
9286	1	451
6318	2	6559
8008	1	7990
2362	0	2736
5717	4	5655
6159	0	6192
4243	2	4242
6934	3	4637
247	3	2923
7887	1	7815
5458	1	5411
10977	1	10963
968	1	949
936	0	829
7991	1	7990
78	3	3871
10154	2	10182
4991	2	4990
8423	0	1028
1298	1	1272
7870	1	7815
8685	1	8663
5441	1	5411
4312	1	4128
12078	0	932
7589	0	1048
8332	0	81
2743	0	2816
10595	1	10582
787	2	807
640	3	1443
5362	0	254
1406	3	5635
11854	1	11825
6924	0	658
7853	1	7815
5424	1	5411
3704	4	3116
7581	3	7577
2116	0	657
2931	0	1505
11659	0	102
7958	1	7815
6146	3	8107
11598	0	79
8837	2	8825
4992	4	4848
12176	2	12215
9829	0	3876
53	3	6109
4703	1	4640
8918	1	8874
5772	2	5771
135	3	7575
8869	1	9006
2139	4	2118
11486	0	11968
895	1	876
5375	1	10188
8901	1	8874
10979	1	10959
7593	1	7589
4270	1	4128
11467	4	11268
9226	1	9202
8112	0	826
9547	0	90
5080	4	4848
11486	0	75
5703	4	5655
10060	0	7617
4693	4	4640
4991	1	4848
993	1	947
167	1	0
11826	3	11906
2599	1	2513
6940	0	6928
9209	1	9202
2378	1	2360
10225	2	10289
8572	1	8537
469	1	451
10509	2	10554
6966	1	6944
8095	0	1176
6214	1	6208
202	1	162
7674	1	7660
12319	1	0
3068	1	3048
11433	4	11268
11827	0	2950
2361	1	2360
3944	3	5639
452	1	451
6845	0	128
3542	4	3116
3073	1	3043
8368	1	8333
6094	3	6110
6949	1	6944
0	0	50
3889	0	3906
10732	1	10718
1120	2	1154
185	1	162
12302	1	0
9192	1	9181
11314	1	11264
8892	1	8762
9006	0	677
6354	2	6595
476	2	560
3056	1	3043
5176	4	5140
2574	1	2513
10647	1	10961
1289	1	1270
7131	1	7072
9675	1	9547
168	1	162
5201	4	5106
8360	1	8333
10669	1	10582
3594	2	3591
8875	1	8762
10448	1	10429
4423	1	4428
8298	0	1627
11623	2	11642
2557	1	2513
7114	1	7072
5498	1	5411
9054	1	9006
9883	1	9870
2780	1	2744
11975	1	11971
2994	1	2968
3425	2	3424
10244	1	10060
7884	1	7845
10652	1	10582
10431	1	10429
6090	0	6153
7102	1	7070
2951	0	2952
1129	1	878
5481	1	5411
6718	4	6724
2977	1	2968
10227	1	10060
7764	0	4443
11192	2	11208
1683	2	1745
4280	4	4125
5	3	5355
7589	0	56
7085	1	7070
3047	0	3110
5464	1	5411
2111	0	2114
247	3	7542
3744	4	3116
12301	2	12325
8197	1	8168
2818	3	6103
10520	1	10490
10210	1	10060
10618	1	10582
790	1	638
4042	4	3972
8458	4	8426
780	3	3871
4460	1	4452
638	0	246
5154	4	4848
11855	1	11597
10774	2	10773
3943	0	1031
8730	0	108
4673	2	4672
9377	2	9376
10997	1	10958
9205	0	134
2540	2	2636
12137	1	12134
6974	1	6942
10001	2	10035
10649	1	10957
7518	2	7537
7504	0	278
8095	3	8107
11313	1	11265
11838	1	11597
10610	1	10582
11597	3	1777
5889	2	5888
393	1	389
10980	1	10958
2458	1	2443
11486	0	1177
8169	0	1176
391	0	436
8560	1	640
11296	1	11265
2329	1	2278
12040	2	12068
7953	0	2738
5436	1	5416
9882	2	9898
6125	1	6094
5196	4	5298
9003	0	7548
7731	1	7660
7510	1	7507
6090	3	6103
257	1	255
1271	0	276
8850	2	8861
5330	4	4848
5419	1	5416
10456	2	10484
8512	4	8426
1418	1	1406
12089	2	12097
1514	1	1406
6944	0	629
2186	1	8120
3002	1	2966
2187	1	2118
10188	0	7617
11079	1	11066
12102	0	2940
10060	0	2437
12171	0	96
8170	1	8153
9875	0	9872
9742	3	1181
1845	1	1790
8788	2	8786
2985	1	2966
2170	1	2118
10991	1	10964
3232	1	3116
7770	1	7765
5417	1	3944
2437	3	2803
3435	2	3433
12256	2	12279
1828	1	1790
11486	0	2950
9273	0	2953
10974	1	10964
10528	1	10488
2114	0	2440
3942	0	658
3949	0	3970
4468	1	4450
1933	1	1790
6024	4	5655
850	1	828
8883	1	8873
7563	0	57
11005	1	10956
1811	1	1790
1846	2	2001
4198	4	4125
12102	0	41
2408	1	2402
10657	1	10955
6177	1	6160
390	0	448
6856	4	6843
1916	1	1790
10962	1	10959
833	1	828
10988	1	10956
3071	1	3043
1304	1	1270
5421	1	5412
2211	3	9908
6209	0	679
10959	0	8148
9488	1	9451
10317	1	10315
1899	1	1790
9885	1	9874
10455	1	640
9742	0	54
9986	1	640
2917	1	2744
8688	1	8666
11931	1	11486
2562	2	2656
9187	1	9186
8634	1	640
7560	0	49
6975	1	6941
10438	1	640
790	2	810
59	0	931
9290	1	9273
12078	0	1176
5427	1	5414
5720	2	5719
8423	0	1622
949	0	1240
10772	1	10582
8538	1	8537
1870	1	1788
10073	1	10058
6958	1	6941
11486	0	12078
3629	2	3628
2267	2	2268
116	1	0
5492	1	5412
8152	0	8165
4406	0	1251
2362	0	81
1511	4	1408
7052	2	7067
9983	0	10054
12179	2	12218
8241	0	1245
8290	0	8289
1853	1	1788
4400	4	4125
10526	1	640
8600	1	640
6430	2	6671
2450	1	2400
7572	3	7575
5476	1	5416
10860	1	10582
2214	3	4479
7848	0	5
4432	1	4425
1836	1	1788
2930	3	6113
200	2	240
10882	1	10957
4424	0	4446
8241	0	90
9461	2	9503
4525	1	4501
12106	0	829
5459	1	5416
1941	1	1788
3880	1	3116
6772	1	6723
2515	0	2702
7961	1	7952
9180	0	246
1303	1	1271
0	0	160
3289	1	3116
2416	1	2400
4508	1	4501
10017	1	9985
6804	1	6776
6755	1	6723
2597	1	2500
7659	1	7656
6302	2	6543
3053	1	3044
1447	2	1478
1286	1	1271
9292	1	9269
1668	1	1406
12172	1	12171
6754	1	640
7566	1	7559
9547	0	1623
1546	1	1406
10000	1	9985
7559	0	50
3846	1	3116
9208	2	9236
2580	1	2500
3377	1	3116
10583	2	10581
8670	1	8667
6761	4	640
11752	1	11486
4001	2	4000
9275	1	9269
1651	1	1406
793	2	813
5520	1	1406
11923	1	11919
12075	0	2816
10840	1	10957
4708	1	4639
8923	1	8873
6357	2	6598
9202	0	1
3262	4	3116
6161	1	6162
6744	4	640
10650	1	10964
1634	1	1406
3944	0	108
1245	3	6111
2872	2	2899
9853	3	1181
10487	0	96
2334	1	2330
5965	2	5964
3465	1	3116
3952	0	448
4691	1	4639
2108	0	1176
8906	1	8873
6266	1	6162
10487	0	1035
1128	2	1161
5501	1	5414
5344	1	4848
8612	1	8537
6940	0	1240
658	3	7573
11265	0	11388
11519	1	11486
4300	4	4128
9833	0	6200
6249	1	6162
2500	0	2112
12105	0	1622
6845	0	6922
10058	0	107
825	3	831
7070	0	829
5484	1	5414
2400	0	40
1276	0	1267
10720	3	830
11082	1	8731
3889	0	1251
6091	1	6094
4283	4	4128
5489	1	5409
3431	1	3116
5343	2	5352
4431	0	249
10934	1	10582
7286	2	7395
8336	0	81
8334	1	8331
12076	0	681
4798	4	4799
1405	3	1443
9462	1	4830
7845	0	86
5472	1	5409
7071	0	55
6215	1	6162
10231	2	10295
7764	3	11909
7787	2	7798
10136	1	10060
5789	2	5804
4641	2	4638
7136	1	7071
9006	0	9110
710	1	642
4249	4	4128
5455	1	5409
109	3	91
12180	1	12169
11486	0	132
8247	1	3944
4258	4	4128
4027	2	4026
2162	2	2161
10453	1	10428
3511	2	3509
693	1	642
11005	1	10582
92	3	91
2785	1	2743
7498	1	7262
43	3	7542
1079	1	947
11299	1	11268
7504	0	4844
10427	3	3112
6451	1	6162
1263	0	1335
5657	1	5655
4241	4	4128
10436	1	10428
5447	1	5409
12104	0	109
10988	1	10582
1648	2	1712
11861	2	11900
9836	1	9832
4673	1	4640
11629	2	11648
3116	0	48
6948	1	6940
12169	0	107
0	0	107
5430	1	5409
11696	1	11681
5165	1	4848
9471	1	9451
10639	4	10623
242	3	5400
11104	1	11064
3889	0	930
510	2	593
5438	1	1406
8301	1	8290
2944	0	2946
11749	0	7501
2815	3	6112
647	1	640
11087	1	11064
8152	0	86
11002	1	10957
324	1	0
4761	1	4640
822	0	79
5194	4	5234
7592	0	4443
6099	1	6092
11079	2	11131
9699	1	9667
7591	0	50
5876	1	5655
1913	1	1791
7112	1	6845
8729	3	830
10242	1	9450
11070	1	11064
3438	2	3436
6159	0	6196
10985	1	10957
3627	1	3116
82	3	6139
3116	3	830
9205	0	57
6274	2	6516
9682	1	9667
5147	2	5146
10225	1	9450
10968	1	10957
1298	1	1276
8685	1	8667
9547	3	2352
2524	2	2620
6160	0	6203
10623	4	10582
4795	4	4796
8332	0	85
2400	3	2352
6972	1	6942
9838	1	9828
3942	0	1252
10208	1	9450
1406	3	5639
1281	1	1276
11854	1	11829
12250	0	1622
3944	0	8110
133	3	8292
828	0	825
10512	2	10557
10606	4	10582
3894	1	3889
11543	2	11542
2127	1	2116
9833	0	81
10191	1	9450
2527	1	2513
8094	3	8103
7051	0	109
994	1	878
5665	2	5683
53	3	6113
3950	0	437
5215	4	5083
11931	2	11955
2458	1	2500
5485	2	5593
6967	1	6845
5411	3	5631
6334	2	6575
8837	1	8762
2563	1	2500
10454	1	10427
11621	0	4632
10996	1	10960
6950	1	6845
10950	1	10824
5239	1	4848
3930	0	1031
7633	1	7625
3949	0	160
370	2	369
9462	1	9449
7279	2	7389
2546	1	2500
1127	1	1111
4403	4	4128
10427	3	1181
968	2	1042
6727	4	640
3623	2	3621
6433	2	6674
2460	1	2362
9742	0	432
1519	4	1406
5124	4	4848
11265	0	276
1065	1	878
2850	2	2883
6752	1	6724
136	1	137
2529	1	2500
1110	1	1111
4386	4	4128
9744	2	9780
5327	1	4848
533	2	617
12104	0	56
106	3	7574
86	3	1244
3856	1	3853
4681	4	4639
8908	1	8762
5456	2	5567
3709	2	3708
9431	1	9366
3073	1	3047
2548	1	2362
2873	2	2915
12105	0	4631
936	3	944
8112	0	375
4452	3	4480
827	0	826
2158	4	2118
9831	0	3876
4664	4	4639
8373	1	8332
8891	1	8762
8665	0	8715
6980	1	6940
7982	3	10482
1297	1	1264
9180	0	3873
364	1	0
133	3	9849
3056	1	3047
2531	1	2362
1450	2	1481
1289	1	1274
4385	1	4128
9295	1	9272
7675	2	7690
8843	2	8770
5293	1	4848
2114	0	53
7624	0	1626
2141	4	2118
469	1	0
4244	2	4245
11596	1	11599
6963	1	6940
11621	0	928
2371	2	2390
10328	2	10335
6969	2	7012
9278	1	9272
3943	0	3934
9883	1	9874
9995	2	10028
452	1	0
934	2	940
3355	2	3354
6845	0	7032
5178	4	5006
10785	4	10582
12034	1	11486
7660	0	7655
9830	0	135
3755	1	3116
11833	1	7658
11838	2	11877
3116	0	829
5376	1	5361
929	3	2809
5033	2	5032
43	3	8107
7122	2	7189
7223	1	6845
11941	2	11964
59	0	49
7560	0	106
10486	2	10534
8350	2	8389
8543	4	8537
790	1	642
4161	1	4125
10930	2	10929
3941	0	943
2278	0	658
10060	0	79
10060	3	10176
7070	0	134
5655	0	2325
4266	1	4125
11621	0	2351
4045	1	3972
9833	0	9827
263	1	23
8667	3	89
10005	1	9984
11486	0	242
3944	0	2930
12105	0	2216
11968	3	10324
3632	4	3116
2603	1	2500
8168	0	1176
398	2	415
1939	1	1788
10582	0	278
8872	2	8938
6962	1	6941
2184	1	2229
3927	0	2930
3045	0	134
4679	2	4678
7670	1	7657
10802	2	10801
7599	2	7612
10723	1	10720
8571	4	640
3954	2	3962
635	0	625
640	0	826
2727	1	2362
6130	1	6093
6945	1	6941
12107	1	12102
5523	1	5410
7515	1	7506
6760	4	6723
7591	3	5400
640	0	1176
5370	1	5367
9452	0	5690
9758	1	9743
8668	1	8667
7720	2	7736
12101	0	86
10328	1	10327
7559	3	7575
1579	1	1408
8666	0	8714
9053	1	8762
4240	2	4238
4450	0	106
9741	1	9743
2402	0	2149
6845	0	79
5366	0	54
6096	1	6093
7589	0	1028
7814	1	7813
451	0	2943
10720	0	132
5365	0	932
9621	2	9645
1419	2	1436
5949	2	5948
3834	4	3116
5939	1	5655
2744	0	931
6845	0	429
8597	2	8598
3940	0	2439
6941	0	7030
4468	1	4454
6092	3	88
7953	0	7548
11005	1	10960
10674	1	10956
7955	0	2738
12349	2	12356
3944	0	6931
11524	4	11486
7625	0	85
379	4	287
5444	1	3944
11486	0	11598
3044	0	135
10962	1	10963
10888	1	10955
8638	2	8637
9208	1	9202
7723	1	7559
10988	1	10960
12074	1	11486
7591	0	2738
5332	4	4848
1605	4	1406
4119	1	3972
640	0	6921
10582	0	1246
8072	1	7990
1516	1	1406
10993	1	10955
12179	1	11486
10499	1	10487
11486	0	55
5655	0	44
5436	1	3944
8172	1	8153
4004	4	3972
9205	0	1240
7592	0	2943
11490	4	11486
4767	4	4639
10976	1	10955
11190	1	11179
2362	0	1240
8064	1	7990
9138	2	9137
10153	2	10174
5419	1	3944
9476	1	9450
7523	1	7504
4085	1	3972
8155	1	8153
246	3	821
5515	1	3944
57	3	916
8676	1	8665
5432	1	5413
3785	2	3784
12145	1	11486
160	3	1239
2540	1	2362
5492	1	5416
10905	4	10582
10013	1	640
11578	4	11486
11297	1	11268
9459	1	9450
12027	2	12055
9571	2	9604
40	3	916
5668	2	5686
10069	2	10093
5488	2	5596
4394	1	4125
5415	1	5413
2523	1	2362
6337	2	6578
8289	0	1621
6946	1	6940
2304	3	2922
9211	1	9202
10882	1	10961
8574	1	8537
6158	0	437
10871	4	10582
3657	2	3656
3116	0	105
1303	1	1275
6934	3	1181
3466	2	3467
10979	2	11028
8557	1	8537
8669	2	8691
9667	0	51
3422	4	3116
4361	2	4360
876	3	913
11797	4	11486
7659	1	7660
3875	3	3871
3053	1	3048
6090	0	656
1286	1	1275
11601	2	11606
9292	1	9273
10970	2	11018
1099	2	1098
11316	1	11264
7566	1	7563
8540	1	8537
4644	4	4640
8122	1	8112
8733	0	251
1291	1	1270
10828	1	10822
3196	2	3194
9181	0	51
9285	1	451
8665	0	1254
7563	0	7579
9275	1	9273
1833	2	1988
7886	1	7815
10432	0	933
10658	1	10958
9836	2	9844
1412	1	640
9988	1	9984
8628	1	8537
525	1	451
3615	4	3116
402	1	390
5425	1	1406
3051	0	3044
7730	1	7660
7869	1	7815
9477	2	9519
2374	2	2393
8325	0	5690
11604	1	11597
3598	4	3116
4431	0	4441
9468	1	9452
658	3	7577
9872	3	9907
103	3	5355
2565	1	2515
5361	0	254
12116	1	12102
7852	1	7815
10349	1	10329
5008	4	4848
9156	1	8762
7620	1	7563
10878	2	10877
7892	1	7847
2400	0	44
7846	3	2358
7957	1	7815
86	3	5355
7507	0	7506
5489	1	5413
11841	2	11880
4181	1	4128
8336	0	85
8334	1	8335
7644	1	7626
7875	1	7847
6940	0	439
3564	4	3116
7125	2	7192
3875	0	54
3078	1	3046
12169	0	7548
3952	0	3969
8667	0	86
5472	1	5413
9827	0	1176
7858	1	7847
5344	1	5336
8524	4	8518
7667	1	7658
7076	1	7072
3061	1	3046
10667	2	10704
6845	0	55
5455	1	5413
44	3	10482
1406	0	247
8361	1	8331
3944	3	89
1381	4	1339
1299	1	1268
10453	1	10432
6119	2	6131
5520	1	5411
4252	1	4128
2574	2	2665
6757	4	6724
11454	2	11453
1659	1	1408
4392	2	4390
10674	1	10582
1282	1	1268
7124	1	7070
10436	1	10432
1053	4	878
827	3	831
2188	1	8120
8791	4	8762
3743	2	3741
7764	0	6114
4620	2	4627
11486	0	1775
10508	1	10487
6948	1	6944
1347	4	1339
7559	0	7572
7107	1	7070
12110	1	12105
9471	1	9455
9569	1	9547
3543	2	3542
5655	0	6086
10828	2	10836
10155	1	10060
5298	4	4848
2944	0	2950
10491	1	10487
9045	2	9097
6157	1	6159
9674	1	9547
2743	3	2803
9743	0	448
10232	1	10188
2278	0	2325
8479	2	8477
11234	2	11259
9552	1	9547
4661	1	4639
3672	4	3116
9402	4	9366
2405	2	2423
8731	0	106
10138	1	10060
5409	3	5639
9053	1	9006
12350	1	2
9882	1	9870
11697	1	11486
8305	1	5410
1422	2	1439
6214	2	6224
11974	1	11971
4087	2	4086
2114	3	916
368	1	0
5475	1	5416
4356	4	4128
5365	0	1176
4415	0	1252
6760	4	6162
9640	1	9547
3760	4	3116
2976	1	2968
3116	0	3919
1265	0	1335
11614	1	11615
10226	1	10060
768	2	774
10961	0	8148
5450	2	5651
9771	1	9742
9912	0	2439
4617	3	830
9272	0	2945
10973	1	10956
4166	4	4125
8690	1	8666
10209	1	10060
6765	4	6722
828	0	829
7507	0	98
3726	4	3116
1087	1	949
9763	1	9742
4149	4	4125
8673	1	8666
262	1	255
6912	0	6919
2773	2	2831
2116	0	76
10764	2	10763
8094	3	8107
1463	1	1408
3689	2	3688
7050	0	9851
4254	4	4125
3646	1	3116
12078	0	135
2457	1	2443
3062	1	3045
9746	1	9742
4132	4	4125
5411	3	5635
7506	0	7547
11112	1	11066
4237	4	4125
8729	0	57
7124	1	1406
3629	1	3116
10996	1	10964
9284	1	9270
1790	0	57
57	3	7576
641	0	5
4233	2	4232
7789	1	7781
1838	1	1788
11216	1	11214
10511	1	640
259	2	269
2548	2	2642
12030	2	12058
9574	2	9607
5163	2	5162
11095	1	11066
4523	2	4580
7107	1	1406
1215	4	878
3143	1	3116
1874	2	2027
5418	1	5416
12137	2	12150
1417	1	1406
5408	1	1406
2280	1	2276
1821	1	1788
10494	1	640
4426	0	100
8298	3	3112
3717	1	3116
3049	0	134
2418	1	2400
4309	2	4308
5483	1	5414
9214	1	9205
3595	1	3116
10828	1	10582
3126	1	3116
2450	2	2469
2278	0	44
1844	1	1790
5057	2	5056
3896	1	3889
3700	1	3116
8333	3	830
2129	1	2116
5365	0	50
2401	1	2400
3073	1	3051
5466	1	5414
8096	3	8103
1909	1	1788
8656	1	640
10427	0	1048
6740	1	6723
5110	1	4848
4450	0	4485
8373	1	8336
1827	1	1790
9633	2	9656
10910	2	10909
1297	1	1268
10916	1	10582
3056	1	3051
8365	2	8403
655	3	1172
7627	1	7626
9923	2	9947
1892	1	1788
1302	1	1263
8356	1	8336
9204	0	7548
11745	0	82
5437	1	5412
689	2	728
2407	1	2402
9184	0	54
10899	1	10582
3197	1	3116
5910	4	5655
11601	1	11598
8120	0	1048
3225	2	3224
5660	1	5654
2548	1	2500
947	3	1181
5755	4	5729
11850	1	11826
10146	2	10168
4002	4	3972
5420	1	5412
8528	1	8426
11829	0	2945
1378	1	1339
10729	1	10718
6845	0	7036
7889	1	7848
2515	0	51
9017	2	9070
12256	1	12249
2531	1	2500
4501	3	89
5329	1	4848
4547	1	4501
27	1	0
5655	0	101
5376	1	5365
162	3	88
7872	1	7848
6904	4	6845
7281	1	7262
11913	2	11917
59	0	53
10437	1	640
2818	3	6111
10445	1	10429
1707	1	1406
4090	4	3972
9929	1	9912
8043	4	7990
8434	1	8423
11487	1	11486
8042	2	8041
6845	0	6231
7264	1	7262
10060	3	10180
6924	3	1261
7847	0	86
8321	0	6114
9271	2	9302
2443	0	79
6321	2	6562
7548	3	7573
6093	0	2815
2850	1	2849
9833	0	9831
11264	0	11380
5295	1	4848
9877	1	9875
10754	1	10582
4399	4	4125
11486	0	246
10017	1	9912
6903	1	6845
3619	2	3618
5929	2	5928
9227	2	9255
10010	1	9983
11575	1	11486
6797	1	6774
5465	1	1406
6748	1	6721
81	3	6112
4382	4	4125
4411	3	821
6305	1	6162
6420	2	6661
10000	1	9912
3305	1	3116
6210	1	6209
11680	1	11486
3415	2	3414
9115	4	8762
655	3	6112
11301	1	11268
9993	1	9983
4457	1	4452
7764	3	2358
3183	1	3116
5363	0	135
9262	3	9257
6090	3	6111
6288	1	6162
3757	1	3116
12107	1	12106
5378	1	5361
7845	0	1623
5523	1	5414
11284	1	11268
884	2	903
8471	1	8426
11541	1	11486
3393	1	3116
6271	1	6162
11597	0	1032
7127	1	7073
10973	1	10582
3271	1	3116
10875	4	10582
3265	2	3264
12171	0	104
11267	1	11268
4792	4	4694
7897	1	7846
4724	1	4639
6861	1	6845
10444	1	10430
3845	1	3116
10582	0	766
12101	0	440
1240	3	1242
9925	1	3944
2367	2	2387
10070	1	10060
4047	1	3972
5121	2	5119
448	3	6109
9274	1	9269
9879	1	9871
4848	0	5
3254	1	3116
1867	2	2021
9162	2	9161
1876	1	1790
9870	0	5
11749	0	44
7291	2	7398
5519	1	1406
11922	1	11919
4427	0	2100
7880	1	7846
6844	1	6845
2238	1	2233
8304	1	8297
3991	2	3990
9048	2	9100
3359	1	3116
4621	1	4501
9186	0	9178
4807	4	4736
5477	1	5412
6941	0	7034
6941	0	618
783	2	803
4831	0	5
1859	1	1790
9443	2	9442
10674	1	10960
9551	2	9584
12202	1	12169
379	4	291
5460	1	5412
6217	2	6227
7812	3	3947
8193	1	8169
11066	0	933
10072	2	10096
9355	1	9351
10888	1	10959
4339	1	4125
5494	1	1406
1947	1	1790
2508	3	2811
11928	2	11951
5361	0	1250
10993	1	10959
4900	1	4848
8337	2	8376
11486	0	59
10645	1	10958
8746	1	8734
2500	0	79
2108	0	432
9874	0	4631
5005	1	4848
4430	0	249
1930	1	1790
10976	1	10959
4772	4	4638
7562	0	135
9476	1	9454
9743	0	1176
825	3	87
949	0	1248
7070	0	85
2552	1	2515
6362	1	6162
4152	4	4128
3942	0	2439
5093	1	4848
2761	1	2741
3045	0	1240
9459	1	9454
4971	1	4848
6126	1	6090
8290	0	8297
6869	1	6843
2535	1	2515
6345	1	6162
8095	0	5
5414	3	5638
11824	0	2950
2362	0	439
10632	4	10621
11094	2	11145
6946	1	6944
9495	1	2116
6450	1	6162
8690	2	8707
134	3	6103
2518	1	2515
6328	1	6162
9189	1	9181
1143	2	1170
11446	1	11268
9229	2	9259
624	3	2809
6158	0	441
5059	1	4848
1841	1	1791
721	2	760
6279	2	6519
9667	0	2149
6941	0	81
6884	2	6885
6433	1	6162
7516	2	7534
3858	1	3853
3116	0	109
8336	0	8331
9832	0	49
5787	1	5655
1824	1	1791
7507	0	826
246	3	5631
9269	0	2954
12101	0	2481
2606	1	2515
6416	1	6162
10858	2	10857
8303	1	5410
11695	1	11486
12171	0	51
1929	1	1791
7128	1	6845
10428	0	7985
8241	3	4637
5770	1	5655
1807	1	1791
1291	1	1274
11864	1	11827
5710	2	5709
9874	0	2216
8729	0	435
121	1	113
2974	1	2968
939	1	878
1912	1	1791
7111	1	6845
334	2	333
3173	2	3172
10984	1	10957
11847	1	11827
7673	1	7656
8190	2	8223
3067	1	3044
9636	2	9659
11404	1	11268
7764	0	239
8368	2	8406
6397	2	6638
7121	1	7071
1799	1	1791
5762	1	5655
10433	2	10460
9681	1	9667
9484	1	9452
1895	1	1791
7094	1	6845
3051	0	3048
9269	0	55
11830	1	11827
3050	1	3044
692	2	731
9289	1	9269
10219	1	10188
407	1	389
2744	3	2819
29	1	23
7053	1	6940
1694	2	1756
475	2	556
6971	1	6942
7077	1	6845
9837	1	9828
391	0	420
1288	1	1266
10442	1	10430
10207	1	9450
1839	2	1994
3673	2	3672
7562	3	7574
6940	0	4631
10149	2	10171
11310	1	11265
7300	2	7486
10202	1	10188
7660	3	3879
1171	3	8103
6954	1	6942
10239	2	10303
2609	1	2515
7585	3	7576
8290	0	8110
8526	0	8532
8169	0	5
10060	0	7548
11293	1	11265
7050	0	109
525	1	0
993	1	878
11533	2	11532
986	1	949
5410	3	5631
7076	2	7143
3049	0	57
11458	1	11268
878	3	1038
2371	1	2362
8437	1	8426
11276	1	11265
7589	0	658
969	1	949
10841	4	10582
640	0	1
7632	1	7625
1081	1	878
6768	1	6724
4425	0	4442
6728	1	6722
7957	1	7953
1126	1	1111
8361	1	8335
780	3	4473
6795	2	6828
1299	1	1272
7990	0	655
2459	1	2362
9230	2	9258
4067	2	4066
6974	2	7015
451	0	829
10638	4	10594
3600	4	3116
58	2	66
1111	0	1176
1282	1	1272
9288	1	9270
10966	2	11015
2442	1	2362
10116	2	10130
8261	1	3944
4721	1	4640
4459	1	4424
10525	1	10488
6218	1	6207
7959	1	7815
640	0	135
9912	0	81
656	3	8107
11857	1	11486
4465	1	4450
9271	1	9270
9876	1	9872
3688	4	3116
9493	1	9451
4305	1	4125
10139	2	10162
8301	1	8298
10654	1	10955
6208	0	57
2572	2	2711
11840	1	11486
11293	2	11354
2140	4	2118
7507	3	3114
4687	1	4640
8902	1	8874
8097	1	8094
9882	1	9874
246	3	10250
11118	1	11064
2513	0	2699
5754	4	5725
9464	2	9506
11928	1	11486
8885	1	8874
3973	1	3972
5907	1	5655
1944	1	1791
2379	1	2360
11101	1	11064
86	3	6111
3116	0	3923
9335	2	9341
2849	0	251
1525	4	1408
11822	0	40
11911	1	11486
8096	0	1176
12078	0	5
11564	2	11562
10118	2	10126
1036	3	5631
8330	1	8332
1927	1	1791
11064	0	160
10973	1	10960
11084	1	11064
59	0	110
9693	1	9547
10733	1	10718
7877	2	7927
5995	1	5655
947	0	135
2400	0	2439
5873	1	5655
4454	0	1176
5300	4	4848
7663	1	7655
11999	1	11486
2807	3	2811
5517	1	3944
9676	1	9547
10759	4	10582
5451	1	5410
7050	0	56
1524	1	1408
11829	0	103
1144	2	1186
2278	3	2306
8876	1	8762
3062	1	3049
5411	3	5639
4248	1	4125
2570	2	2662
6753	4	6721
5500	1	3944
10188	0	7548
5434	1	5410
9884	1	9870
2781	1	2744
8587	4	640
11415	2	11413
946	3	1260
1300	1	1271
5443	1	5410
3188	4	3116
10315	0	50
11563	4	11486
1130	1	878
6736	4	6721
3762	4	3116
6874	4	6845
7563	0	7559
1283	1	1271
5426	1	5410
11546	4	11486
2604	1	2362
9467	1	9452
8730	0	657
12169	0	278
0	0	278
1113	1	878
4848	3	2104
11100	1	11065
10957	0	1245
8095	0	249
2400	0	829
5475	1	3944
3154	4	3116
59	3	87
643	1	641
10487	0	80
990	2	1021
7338	2	7437
11083	1	11065
3728	4	3116
3944	0	4414
1141	1	1111
2596	1	2362
10331	1	10329
5365	0	54
6741	4	640
2744	0	53
3749	2	3748
4712	4	4639
11839	1	11597
3833	4	3116
2243	4	2233
3852	2	3862
2929	3	6109
6766	1	6724
3364	4	3116
10981	1	10958
2459	1	2443
4352	4	4125
2579	1	2362
5489	2	5645
6093	0	107
3242	4	3116
7656	0	943
1409	2	1426
4483	3	4480
11921	2	11945
2278	0	2276
11179	0	2724
1302	1	1267
6909	1	6843
8731	0	57
995	1	946
2442	1	2443
2562	1	2362
5437	1	5416
8153	0	1176
6069	1	5655
6754	1	6719
6776	0	103
3952	0	3949
7053	1	7050
4678	4	4639
8762	0	49
1656	2	1720
8686	1	8663
9834	1	9829
3330	4	3116
11821	4	11797
978	1	946
1272	0	276
5420	1	5416
6761	4	6719
7846	3	7949
246	3	8103
9912	0	6928
3241	1	3116
6845	0	7040
8371	2	8409
6400	2	6641
1083	1	946
8370	1	8332
2400	0	158
3395	2	3394
8669	1	8663
975	2	1008
11659	0	277
7783	0	2439
6744	4	6719
1846	1	1790
11486	3	11906
8353	1	8332
5408	1	5411
8333	0	57
11460	2	11459
170	2	207
5418	1	3944
9177	1	9180
10450	1	10428
1829	1	1790
4829	2	4836
9912	3	944
5363	0	5
10242	2	10306
1036	3	10250
7820	1	7815
4976	4	4848
2782	1	2743
7548	3	7577
12104	0	1032
2951	0	2509
7588	1	7563
7629	1	7626
6272	2	6513
7727	1	7718
1934	1	1790
9458	1	9450
896	1	876
851	1	828
7594	1	7589
10433	1	10428
7509	2	7528
11599	0	55
12349	1	2
9827	0	135
9186	0	54
2409	1	2402
705	2	744
8029	1	7990
9561	2	9594
1917	1	1790
10006	2	10039
9743	0	428
8526	3	3947
9210	1	9202
9962	0	6916
5064	4	4848
8877	2	8941
3049	0	1240
1171	3	7542
977	1	947
11813	4	11486
7675	1	7660
7891	1	7815
6924	0	6928
2362	0	2724
644	1	640
3116	3	3847
1302	2	1332
260	1	23
8556	1	8537
6909	2	6908
4660	4	4640
8369	1	8333
9490	1	9452
1349	4	1339
8077	0	8089
849	2	870
6976	1	6941
7133	2	7200
960	1	947
1293	1	1265
5528	1	5413
641	0	656
4220	1	4128
11417	4	11268
11315	1	11264
5775	4	5655
134	3	5355
4431	3	4481
4643	4	4640
8352	1	8333
4325	1	4128
6959	1	6941
1266	0	6
5511	1	5413
169	1	162
117	1	0
11779	4	11486
448	3	6113
9274	1	9273
1610	1	1408
11298	1	11264
9879	1	9875
7371	1	7262
5344	2	5354
9461	1	9450
939	1	935
3509	4	3116
11486	0	11822
11486	0	5406
10142	2	10165
8291	1	8289
8032	1	7990
7885	1	7845
524	1	451
11281	1	11264
5741	4	5655
9826	0	2816
7354	1	7262
1823	2	1978
9827	0	6230
8740	2	8752
2541	1	2513
3492	4	3116
12102	0	2497
3944	3	821
28	1	255
10674	1	10964
9184	0	5
5372	1	5362
1698	1	1408
7247	0	1243
1408	0	1774
8151	0	1031
7868	1	7845
507	1	451
102	3	3871
4430	0	4441
7337	1	7262
2524	1	2513
188	1	0
9625	1	9547
5465	1	5411
8198	1	8168
10211	1	10060
7851	1	7845
490	1	451
9213	1	9205
10993	1	10963
3395	1	3116
6159	0	5859
8029	2	8028
7247	0	438
8181	1	8168
10001	1	9985
9912	0	8164
10194	1	10060
8359	1	2114
6788	1	6776
10976	1	10963
10530	1	10487
8526	0	79
1079	1	878
4616	3	4636
8094	0	8108
8290	0	3040
390	0	5
83	3	2809
5521	1	1406
8342	1	2114
2595	1	2513
1086	4	878
3361	1	3116
12160	2	12162
6126	1	6094
3466	1	3116
3944	0	8712
5519	1	5411
7511	1	7507
6756	4	6724
11280	1	11265
5104	4	4848
8807	4	8762
2402	0	92
8334	1	2114
44	3	4477
177	2	217
7589	0	2943
657	3	1244
7592	0	52
11100	1	8731
2331	2	2342
8888	1	8762
6739	4	6724
11979	1	11971
12102	0	82
5416	3	1182
8596	1	8537
2278	0	158
11083	1	8731
5362	0	55
6244	2	6486
5096	4	4848
5117	2	5116
4709	4	4640
11967	1	11969
8336	0	8335
9832	0	53
8663	3	3947
9457	2	9500
1790	0	655
3944	3	6111
5494	1	5411
4365	1	4128
7764	0	1048
3875	3	3879
4267	4	4128
396	2	412
8151	0	3877
10219	2	10283
9453	1	9455
993	2	1024
2154	1	2118
2969	1	2966
992	1	947
9035	2	9087
10670	1	10957
11486	0	1031
2377	1	2360
6942	0	7037
5095	1	4848
5456	1	5409
11224	2	11249
9205	0	2216
1812	1	1790
4675	4	4640
1097	1	947
8248	1	3944
3199	1	3116
3043	0	3110
975	1	947
10984	1	10961
11811	4	11486
4905	2	4912
1114	2	1148
7769	1	7660
834	1	828
896	2	912
5078	1	4848
11924	2	11948
1795	1	1790
6348	2	6589
4658	4	4640
8367	1	8333
2120	1	2118
2951	0	41
10495	1	10488
8661	4	8536
3872	3	3871
5895	4	5655
8742	1	8731
5061	1	4848
10972	1	10956
11822	0	1036
11835	1	11826
1063	1	947
3055	1	3043
1659	2	1723
8689	1	8666
10958	0	135
391	0	424
9837	1	9832
1288	1	1270
11810	1	11486
10439	1	640
6403	2	6644
935	3	916
8302	1	8290
8672	1	8666
8168	0	5
50	3	7574
5149	1	4848
10822	0	2496
1409	1	640
11793	1	11486
10651	1	10582
9825	1	9827
11088	1	11064
512	2	594
4131	4	4125
5410	3	5635
1512	4	1408
5966	4	5655
3523	1	3116
3952	0	5
173	2	210
10527	1	640
9700	1	9667
10634	1	10582
11071	1	11064
1248	3	1239
308	1	0
7123	1	1406
3944	3	4635
12171	0	84
3046	0	3110
10315	0	107
1593	1	1408
246	3	7542
640	0	5
10510	1	640
9371	2	9370
9683	1	9667
4425	0	4446
7210	0	40
7597	1	7592
9366	0	2482
1273	2	1306
1600	4	1408
1299	1	1276
10844	1	10582
4223	2	4222
9488	2	9530
708	2	747
5896	2	5894
11486	0	2938
10722	1	10582
2279	1	2276
1820	1	1788
10493	1	640
9666	1	9667
10009	2	10042
2417	1	2400
7847	0	1623
7766	1	7765
8151	0	657
1282	1	1276
11312	1	11265
11837	1	11597
10827	1	10582
11967	2	11983
7563	0	45
4350	4	4125
8663	0	55
1803	1	1788
11860	1	11824
3895	1	3889
1566	4	1408
4465	1	4454
7559	0	7580
8734	0	247
11852	2	11891
11295	1	11265
10810	1	10582
12261	1	12249
9493	1	9455
7112	1	7073
11843	1	11824
7136	2	7203
5412	3	5631
10654	1	10959
7138	1	7070
7504	0	79
1668	2	1782
5257	1	4848
1530	1	1406
8439	1	8426
12076	0	2816
2743	3	2811
11278	1	11265
3830	1	3116
398	1	391
10944	2	10943
10455	1	10427
2564	1	2500
9171	4	8762
1635	1	1406
5369	1	5363
5514	1	5416
1513	1	1406
8422	1	8426
4692	1	4639
471	2	553
6770	1	6724
4427	0	4442
3813	1	3116
10438	1	10427
1128	1	1111
2547	1	2500
947	0	5
947	3	1242
8527	1	8426
8630	1	640
11221	1	11212
5497	1	5416
7888	1	7848
6880	4	6843
4428	0	100
8890	1	8873
8743	2	8755
12106	0	1622
11444	2	11443
5654	0	1444
8258	2	8281
12076	0	2950
5370	2	5389
6040	4	5655
2118	0	2112
4859	1	4848
8330	1	8336
7871	1	7848
6863	4	6843
4467	1	4450
5311	1	4848
1584	1	1406
10822	0	10953
4763	1	4639
7658	0	57
9495	1	9451
7854	1	7848
9964	1	3944
5691	2	5702
10315	3	2820
965	1	946
6216	1	6162
7624	0	81
9911	1	9912
7734	2	7750
10503	2	10548
8077	0	1246
5451	1	5414
8032	2	8031
470	1	0
9450	0	6118
7137	1	7071
10533	1	10490
2556	2	2650
5516	1	5412
8873	3	944
5434	1	5414
6796	1	6774
11825	0	873
7784	1	7783
11486	0	657
397	2	449
10080	1	10058
3609	2	3608
1300	1	1275
453	1	0
5919	2	5918
7120	1	7071
11851	1	7658
2786	1	2743
6961	2	7002
3975	1	3972
9826	0	4483
6162	0	6202
8567	2	8568
10884	1	10582
6779	1	6774
7893	1	7953
10967	1	10961
2876	2	2902
12035	1	11486
1283	1	1275
3405	2	3404
7103	1	7071
11834	1	7658
2769	1	2743
5377	1	5361
1029	3	3871
3949	0	3905
12018	1	11486
11275	2	11335
10972	1	10582
2752	1	2743
4431	0	103
331	2	329
1852	1	1788
10525	1	640
8919	1	8873
2297	3	2306
3942	0	943
10194	2	10259
4208	4	4128
3875	0	3876
11680	1	11681
4431	0	4425
9878	1	9871
8335	3	916
5422	1	1406
42	3	91
11065	0	10053
1835	1	1788
4501	0	96
2815	3	7576
11969	3	10324
1036	3	7542
8297	3	8317
2604	1	2500
7519	2	7538
7507	0	135
9152	2	9151
1940	1	1788
8120	0	2211
7559	0	4844
10986	1	10957
6845	0	7260
8330	2	8374
1818	1	1788
10058	0	445
6457	2	6698
1302	1	1271
5454	2	5642
3981	2	3980
9343	1	9273
9038	2	9090
1780	1	1406
1923	1	1788
3755	2	3754
11227	2	11252
6754	1	6723
10956	0	6230
10969	1	10957
8686	1	8667
3489	1	3116
2276	0	1033
2718	2	2722
640	3	10482
7516	1	7506
9999	1	9985
6761	4	6723
7079	1	6845
9839	1	9828
7592	3	5400
11099	2	11148
10062	2	10086
6351	2	6592
11855	1	11829
8370	1	8336
8669	1	8667
5468	1	5409
3472	1	3116
4334	2	4335
7813	3	2352
9190	1	9179
6744	4	6723
1863	1	1791
8667	0	8714
10192	1	9450
11838	1	11829
7664	1	7658
3058	1	3046
8353	1	8336
384	4	323
2566	2	2659
255	0	245
2777	1	2741
10590	4	10582
9965	2	9974
4987	1	4848
8358	1	8331
6779	2	6812
5655	0	1398
10450	1	10432
3366	4	3116
9486	1	4830
1536	2	1535
6971	2	7011
9458	1	9454
10060	0	441
8341	1	8331
10433	1	10432
6913	0	2738
9469	1	4830
8094	0	5
5413	3	5638
8666	3	8705
5527	2	5632
0	0	445
9478	1	4830
2262	2	2261
11320	2	11381
5101	2	5100
2813	3	916
7724	1	7559
8601	4	8537
9878	2	9909
11311	2	11371
8733	3	830
1085	1	946
10246	1	9450
8080	1	8077
12180	1	11486
3857	1	3853
935	0	57
75	3	8292
5665	1	640
4103	1	3972
10772	2	10771
6090	0	2815
9491	2	9533
8584	4	8537
711	2	750
8787	1	8762
6762	1	6721
10977	1	10955
12106	0	4631
6845	0	7073
11694	1	11486
11315	1	11268
4769	2	4768
10426	2	10458
10007	1	9983
10427	0	7985
2816	3	7575
1298	1	1264
2188	2	2208
9056	2	9108
9415	1	9366
5	3	5400
11823	1	11825
4462	1	4431
10848	2	10847
8677	1	8665
2142	4	2118
2743	0	2808
11855	2	11894
11298	1	11268
9990	1	9983
949	3	1259
6964	1	6940
5656	1	5655
1281	1	1264
2297	0	2305
348	1	0
1627	3	11607
4336	4	4128
11486	0	11826
1273	1	1274
11846	1	11827
3066	1	3044
8289	0	76
7957	2	7971
11281	1	11268
324	2	323
8290	0	1621
6947	1	6940
6094	0	86
331	1	0
9381	1	9366
1254	3	1242
11392	2	11391
11745	0	2481
5066	4	4848
6387	2	6628
5372	1	5366
7052	1	6940
11936	1	11919
201	2	241
10441	1	10430
2364	1	2360
5995	2	5994
6745	4	6722
7625	0	447
7224	1	6845
321	4	0
1790	0	41
6098	1	6092
8608	2	8607
7816	1	7812
9547	0	82
8261	2	8284
669	1	642
5373	2	5392
10994	2	11041
11109	1	11066
10822	0	109
1572	2	1571
12001	1	11486
3528	4	3116
4327	1	4128
10829	1	10822
4145	1	4125
11781	4	11486
2531	2	2626
2518	2	2614
924	1	926
879	1	878
3609	1	3116
9184	0	3876
5963	1	5655
9989	1	9984
3944	3	5631
3046	0	134
3331	2	3330
3941	0	1252
4233	1	4125
3494	4	3116
1228	1	878
3944	0	8716
5374	1	5362
7768	2	7775
5659	2	5677
9486	1	9449
3697	1	3116
279	4	0
5479	2	5587
135	3	2924
7960	2	7974
2566	1	2515
6051	1	5655
10603	2	10602
4057	2	4056
6964	2	7005
8555	4	640
5405	3	5400
2483	1	2486
7893	1	7847
9469	1	9449
9227	1	640
7313	2	7417
8348	2	8387
10815	4	10582
4199	1	4125
2549	1	2515
9478	1	9449
4451	0	106
1872	1	1791
7249	0	438
8932	1	8762
7876	1	7847
6172	2	6189
6097	1	6093
4518	2	4574
2951	0	2944
6123	1	6090
1392	1	1339
8002	2	8017
8547	4	640
6427	2	6668
10949	1	10824
2532	1	2515
11460	1	11268
9828	0	1176
5818	1	5655
1855	1	1791
2301	2	2313
11486	0	96
8915	1	8762
10197	2	10262
8251	2	8275
5696	2	5701
5417	1	5412
7726	1	7718
1104	2	1105
10670	1	10961
11486	0	1035
11976	2	11989
10781	4	10582
8924	1	8762
4417	3	7574
6942	0	7041
9204	0	1250
5456	1	5413
3703	2	3702
1382	4	1339
8907	1	8762
1943	1	1791
8426	0	86
5464	2	5574
3332	4	3116
2297	0	158
9480	1	9455
4663	4	4639
3784	4	3116
5889	1	5655
1926	1	1791
7125	1	6845
963	1	946
10972	1	10960
3055	1	3047
5316	4	4848
4203	2	4202
391	0	428
1288	1	1274
4768	4	4639
8414	0	7463
9989	2	10022
118	1	113
9570	1	9547
946	0	135
4646	4	4639
8335	0	57
5925	2	5924
278	3	1244
12041	1	11486
377	4	279
9277	1	9272
7782	1	7783
5977	1	5655
2869	2	2896
1265	0	6
2362	0	2704
1048	3	5400
9825	1	9831
8331	0	1176
4501	0	824
5282	4	4848
5410	3	5639
4069	1	3972
5027	2	5026
2755	2	2835
6754	1	6162
2741	3	2819
7116	2	7183
7226	1	7210
11562	4	11486
7562	0	440
10924	2	10923
440	3	5400
6761	4	6162
10058	0	2112
12112	1	11486
83	3	77
7559	0	4417
8744	1	8731
2727	1	2484
8075	4	8059
7894	1	7846
6744	4	6162
9985	3	944
2252	1	2233
9273	0	2945
9833	0	7050
2443	0	681
8094	0	249
4361	1	4125
5474	1	3944
8666	3	89
406	2	425
10855	4	10582
12077	0	3878
11528	4	11486
7877	1	7846
6463	2	6704
3943	0	2930
1295	1	1265
11314	2	11374
9179	0	6200
7771	1	7764
3944	0	6919
7784	2	7795
618	3	614
3258	4	3116
5457	1	3944
8193	1	8153
4834	1	4830
11220	2	11246
1464	1	1408
9494	2	9536
1278	1	1265
7789	2	7801
9765	1	9743
5654	0	375
7669	1	7657
3063	1	3045
10943	4	10582
7504	0	83
3739	2	3738
1226	1	878
2400	0	85
5440	1	3944
8190	1	8169
7507	0	7547
9826	0	2930
1301	1	1267
2211	3	10250
5655	0	32
4238	4	4125
3882	2	3884
11764	4	11486
3944	0	6114
5369	1	5367
403	1	390
9668	2	9704
6335	2	6576
1466	2	1495
7790	1	7781
7559	0	2807
9331	0	2738
1284	1	1267
1700	1	1408
2559	2	2653
9174	1	8762
6215	1	6207
11266	1	11264
9052	1	8762
6785	2	6818
2296	0	44
11186	1	11179
10495	1	640
5430	2	5545
1683	1	1408
5191	4	5252
8556	2	8555
12112	1	12104
2775	1	2741
8668	2	8720
492	1	451
3127	1	3116
7847	3	2358
6390	2	6631
9035	1	8762
254	3	7544
3385	2	3384
3955	1	3949
1520	2	1519
3460	4	3116
7624	0	1240
10009	1	640
10955	0	11056
2117	2	2131
6940	0	7030
5367	0	5363
9140	1	8762
12105	0	57
4133	2	4132
475	1	451
8733	0	105
11659	0	1627
389	0	441
3074	1	3048
9181	0	3877
6746	2	6745
7819	1	7815
10955	0	102
7624	0	85
8074	4	8047
5511	2	5616
7050	0	2508
3116	0	93
1303	1	1263
2501	1	2499
637	1	638
4148	1	4128
45	3	10482
1451	2	1482
5516	1	5416
10900	1	10582
4958	4	4848
2521	2	2617
7764	0	1028
7597	2	7610
1286	1	1263
5439	1	5413
2951	0	826
6097	2	6105
1538	1	1408
7660	0	6114
438	3	2811
11705	2	11742
2741	0	2818
3779	2	3778
4236	1	4128
4461	1	4451
7522	1	7504
6767	4	6721
5514	1	3944
11486	0	11749
5377	1	5365
4861	1	4848
5662	2	5680
7282	1	7262
9489	1	9452
5224	4	5240
8675	1	8665
7108	1	7070
5482	2	5590
10650	1	10956
1708	1	1406
9930	1	9912
1245	3	6103
8435	1	8423
6941	0	3932
5497	1	3944
4765	1	4639
57	3	2811
5217	4	5086
11844	1	11827
6888	4	6845
7265	1	7262
7091	1	7070
8351	2	8390
1691	1	1406
8093	1	8095
4074	4	3972
9913	1	9912
9553	1	9547
5253	2	5252
11560	4	11486
9878	1	9875
11114	1	11065
467	2	550
8306	2	8315
7562	0	871
4748	1	4639
640	0	440
9691	2	9728
59	0	7502
4270	2	4268
7074	1	7070
6803	2	6836
9286	2	9315
5160	4	4848
10216	1	10188
7266	2	7494
3857	2	3865
8120	0	2215
9386	4	9366
10986	1	10961
11097	1	11065
7353	1	7262
12143	1	12134
4	0	1
4383	4	4125
6306	1	6162
2540	1	2513
10001	1	9912
10199	1	10188
8652	1	8537
4915	1	4848
8592	2	8591
319	4	0
7867	1	7845
11559	1	11486
10969	1	10961
11080	1	11065
7262	0	57
6289	1	6162
2523	1	2513
9919	2	9944
7591	0	2807
7600	2	7613
9839	1	9832
10369	2	10411
983	1	949
11599	0	5406
5529	1	5409
5468	1	5413
9284	1	451
11291	2	11351
947	0	1245
8833	1	8762
9190	1	9183
263	1	255
10193	1	10060
966	1	949
10071	1	10060
384	4	327
5512	1	5409
658	3	2922
6749	4	6722
3315	2	3314
12250	0	57
9880	1	9871
12077	0	4443
1071	1	949
8358	1	8335
1296	1	1272
1245	3	1244
8683	1	8663
8305	1	8297
10429	0	57
11603	1	11597
11972	1	11969
2176	1	2118
7306	2	7411
10060	0	445
8341	1	8335
5504	1	5409
1279	1	1272
3936	3	1181
5422	1	5411
3815	2	3814
4221	4	4125
11825	0	824
7108	1	1406
5487	1	5409
1262	1	1272
9268	1	9270
9827	0	3876
4204	4	4125
11940	1	11825
5410	0	108
10582	0	55
10447	2	10474
7091	1	1406
7719	0	1250
5361	0	55
1199	4	878
1388	4	1339
10661	2	10698
3668	4	3116
11667	1	11668
4187	4	4125
3579	1	3116
7074	1	1406
4415	0	1240
7702	2	7712
3687	2	3686
4451	0	4485
2510	3	7544
1929	2	2081
4989	1	4848
6466	2	6707
1298	1	1268
991	1	947
4170	4	4125
3461	2	3460
8735	1	8729
877	1	1111
9698	1	9547
10209	2	10273
6094	0	1245
12102	0	277
12308	1	0
7049	1	7051
7222	2	7239
4209	2	4208
6964	1	6944
3667	1	3116
9426	4	9366
658	3	4479
1281	1	1268
7667	2	7684
12076	0	1775
974	1	947
6932	0	55
6212	1	6208
5219	4	5090
3066	1	3048
8096	0	5
11431	4	11268
5077	1	4848
5189	4	5284
11851	1	11826
8366	1	8333
6947	1	6944
3058	2	3088
5894	4	5655
9568	1	9547
9693	2	9732
4935	2	4934
11414	4	11268
11265	0	134
8251	1	8241
3054	1	3043
4433	1	4430
4548	1	4501
1287	1	1270
9673	1	9547
6434	1	6162
1362	1	1339
2499	0	51
6775	2	6809
10446	1	10429
1825	1	1791
2774	2	2799
4531	1	4501
6967	2	7008
11214	0	158
9052	1	9006
5360	1	5365
1345	1	1339
2992	1	2968
7967	1	7952
7882	1	7845
5753	4	5721
10650	1	10582
10317	2	10321
7813	0	7832
9875	0	2216
4514	1	4501
5364	2	5386
9639	1	9547
9035	1	9006
2975	1	2968
4278	4	4125
137	0	157
5362	0	5406
8297	3	1181
9770	1	9742
5279	1	4848
5514	2	5619
8244	2	8267
5329	2	5328
8195	1	8168
9853	0	1036
10518	1	10490
7095	1	6845
4040	4	3972
4458	1	4452
11747	0	2481
11853	1	11597
7212	2	7230
408	1	389
10721	1	10582
4366	4	4125
8178	1	8168
10501	1	10490
10647	1	10957
1289	1	1266
5379	1	5361
6167	1	6162
5524	1	5414
7050	0	658
6940	0	53
6941	0	4631
9478	2	9520
3167	1	3116
11836	1	11597
182	2	220
8098	2	8102
11063	1	11065
7563	0	106
9999	2	10032
23	0	45
6955	1	6942
251	3	7574
7818	1	7812
5507	1	5414
11672	2	11677
3889	0	2508
11294	1	11265
526	1	0
642	0	278
4332	4	4125
404	1	0
1464	1	4848
3255	1	3116
6737	1	640
2849	3	2924
5490	1	5414
7070	0	931
5905	2	5904
10432	0	7581
2372	1	2362
1408	0	656
11277	1	11265
509	1	0
41	3	1241
7058	2	7065
5417	1	5416
10940	1	10582
5368	1	5363
6720	1	640
4617	0	4631
6942	0	629
3391	2	3390
7864	1	7846
2185	1	2118
10437	1	10427
4235	1	4125
6806	2	6839
9153	4	8762
6741	4	6719
3221	1	3116
9204	3	9257
8194	1	8169
1843	1	1790
9356	1	9351
117	2	126
2983	1	2966
4674	1	4639
6912	0	438
3143	2	3142
8151	0	47
3997	1	3972
1908	1	1788
5444	1	5412
0	0	75
2285	1	2278
8177	1	8169
1826	1	1790
10972	1	10964
10526	1	10488
4657	1	4639
11856	1	7658
4201	1	4125
5478	1	1406
2527	2	2623
2514	2	2611
1931	1	1790
7603	2	7616
1809	1	1790
10372	2	10414
11866	1	11826
7592	0	1028
9963	1	3944
6175	1	6160
8199	1	8151
8645	4	640
4449	1	4450
5461	1	1406
7626	0	55
1914	1	1790
6912	3	89
9116	2	9115
8525	2	8529
11849	1	11826
9111	4	8762
10493	2	10538
8098	1	8094
12075	0	6114
5515	1	5412
2874	1	2849
9667	0	96
1897	1	1790
3763	2	3762
4136	4	4128
4471	2	4478
9853	0	44
11929	1	11486
11484	0	81
7589	0	81
4955	1	4848
106	3	4480
11008	1	10957
55	3	10176
9496	1	2116
383	4	315
6853	1	6843
8332	0	53
6329	1	6162
949	3	1239
10248	1	9450
9479	1	2116
114	1	0
3950	0	55
7274	2	7386
4830	0	9539
4430	0	103
10231	1	9450
1851	1	1788
11599	0	657
4921	1	4848
2296	3	2306
8120	0	44
6414	2	6655
10450	2	10477
8732	1	8730
3944	0	6923
10666	1	10958
10664	2	10701
8569	4	8537
9471	1	2116
7351	1	7262
1808	1	1791
10962	1	10955
4464	1	4431
1834	1	1788
202	1	0
9999	1	9912
1597	4	1408
5087	2	5086
7509	1	7504
12104	0	829
7865	1	7845
6845	0	3938
9261	3	9257
11848	1	11827
86	3	5400
7658	0	7502
2500	0	2511
429	3	6139
1301	1	1271
4397	1	4125
12131	1	11486
8657	4	8537
2303	1	2296
3944	0	6118
8109	3	8103
9871	0	134
6973	1	6845
11831	1	11827
10641	1	10958
12004	2	12015
1284	1	1271
7126	1	7073
7670	2	7687
9290	1	9269
12114	1	11486
4380	1	4125
7846	3	659
8685	2	8724
11266	1	11268
11938	1	11919
78	3	5400
7262	0	7469
6956	1	6845
3375	1	3116
8096	0	249
8151	0	2438
10956	0	7580
4363	1	4125
8623	4	8537
7815	0	1032
5518	1	1406
11921	1	11919
7506	3	7542
9437	2	9436
10426	1	10430
8303	1	8297
6093	0	656
12202	1	11486
11476	1	11268
6939	1	6845
4616	0	134
3350	2	3351
3260	4	3116
5214	4	5258
5712	1	5655
2451	2	2470
946	0	86
44	3	5400
9203	1	9204
9288	1	451
6879	2	6878
7868	2	7918
5342	1	4848
9151	4	8762
8074	4	8051
70	3	11607
7103	2	7170
977	1	878
6772	1	6719
11825	3	2307
8192	1	8169
11065	0	933
7970	1	7955
8241	0	436
6910	1	6843
996	1	946
8072	2	8071
1526	2	1525
9271	1	451
637	1	642
11442	1	11268
8663	0	4414
51	3	5631
405	1	390
960	1	878
10718	3	830
6755	1	6719
6893	1	6843
5441	2	5555
878	0	110
5783	1	5655
388	1	390
2252	2	2251
11063	1	8731
11114	2	11160
8670	1	8663
9961	1	3944
7855	1	7815
2284	2	2293
5664	1	640
4718	2	4719
7215	2	7233
8262	1	3944
4674	2	4675
524	2	607
3462	4	3116
11839	1	11825
5226	4	5100
10650	1	10960
708	1	642
7134	1	7071
4994	4	4848
185	2	223
8245	1	3944
2362	0	106
10451	1	10428
11597	0	4484
2534	1	2515
3064	2	3094
4708	2	4806
7821	1	7815
949	0	110
691	1	642
5075	1	4848
9830	0	1176
9352	2	9358
90	3	91
2783	1	2743
40	3	8292
1462	2	1492
10582	0	246
3550	4	3116
1280	1	1264
10434	1	10428
9984	0	6147
2517	1	2515
8762	0	277
8077	0	933
4960	4	4848
2766	1	2743
10612	2	10611
135	3	5400
2546	2	2640
4671	1	4640
880	1	876
6432	1	6162
6091	1	6090
4	0	5
5426	2	5542
4255	1	4128
8611	4	640
5163	1	4848
108	3	6113
1823	1	1791
5259	2	5258
10636	4	10592
8299	1	8290
9430	4	9366
6951	2	6992
4810	4	4719
5704	2	5703
109	3	1242
2605	1	2515
11912	1	11486
10678	1	10963
4501	3	1260
10866	2	10864
8868	2	8870
4463	1	4451
645	1	640
11790	1	11486
1928	1	1791
5048	4	4848
12101	0	54
11085	1	11064
7506	0	1176
2741	0	57
4759	1	4640
12102	0	3851
8332	3	916
9491	1	9452
8241	0	2693
2588	1	2515
5529	1	5413
642	0	656
4830	0	4843
5874	1	5655
11773	1	11486
5780	2	5779
7110	1	6845
1911	1	1791
11068	1	11064
7764	0	3878
10874	1	10958
5473	1	5412
1939	2	2091
96	3	6841
5979	1	5655
10644	1	10963
5512	1	5413
700	2	741
10824	0	248
9555	1	9547
1894	1	1791
11299	1	11264
7093	1	6845
5759	4	5655
10375	2	10417
1296	1	1276
798	1	638
7116	1	7072
4309	1	4128
5962	1	5655
11861	1	11486
8331	0	135
11482	1	11268
6158	0	6203
10621	4	10582
7072	0	7204
5654	0	5
3940	0	1252
9828	0	6230
1279	1	1276
40	3	9849
437	3	6108
7099	1	7072
5382	2	5402
2765	1	2744
5945	1	5655
10496	2	10541
9460	2	9540
10604	4	10582
11857	1	11824
508	1	451
1262	1	1276
2564	2	2709
3042	2	3080
9626	1	9547
992	1	878
11011	1	10960
2603	2	2691
11840	1	11824
5409	3	5631
8729	0	2814
1208	2	1207
11530	4	11486
2370	1	2362
1097	1	878
7658	0	2940
8835	1	8762
11226	1	11212
975	1	878
2561	1	2500
10332	1	10329
10994	1	10960
10060	3	1231
3138	4	3116
1466	1	1408
9224	2	9252
6944	0	2508
7631	1	7625
10060	0	933
11067	1	11065
2362	0	53
3712	4	3116
2544	1	2500
1125	1	1111
1073	1	949
9742	0	160
1907	2	2060
6725	4	640
6158	0	2149
7497	0	824
6417	2	6658
5442	1	3944
1517	4	1406
2458	1	2362
958	2	1052
8735	1	8733
949	0	57
1449	1	1408
11496	4	11486
5122	4	4848
1063	1	878
6750	1	6724
10965	1	10958
2563	1	2362
6776	0	278
1281	1	1272
8297	0	7035
3226	4	3116
11066	0	7581
642	3	767
5410	0	3040
7818	2	7824
9835	1	9829
3800	4	3116
979	1	946
8784	1	8762
1039	1	949
11668	0	109
2546	1	2362
10911	4	10582
7847	3	7949
7507	0	440
4450	3	4480
825	0	826
1602	2	1601
7764	0	658
8889	1	8762
8371	1	8332
2499	0	2149
6720	2	6718
962	1	946
3054	1	3047
11278	2	11338
1588	4	1406
2529	1	2362
1287	1	1274
9293	1	9272
3192	4	3116
1520	1	1408
2499	0	55
8354	1	8332
1141	2	1190
7506	3	3114
10996	1	10956
722	2	761
945	1	946
10582	0	677
55	3	1239
9276	1	9272
10718	0	134
6019	1	5655
5655	0	2508
4941	2	4940
8337	1	8332
7117	1	7071
3521	2	3520
9547	0	440
7813	0	7836
3846	2	3848
2178	2	2198
8290	0	2113
1813	1	1790
2410	1	2402
7100	1	7071
9855	1	9853
7373	2	7462
8680	1	3944
7871	2	7921
9853	0	101
835	1	828
7106	2	7173
1796	1	1790
6215	2	6225
1081	1	947
6363	2	6605
10914	2	10913
314	2	313
4501	0	80
4411	3	8705
9984	3	944
6758	1	6722
10582	0	10960
7662	1	7655
1266	0	1336
5379	1	5365
261	1	23
5444	2	5558
4926	4	4848
1938	2	2090
4553	2	4610
1884	1	1790
1666	2	1779
1294	1	1265
8336	0	53
10372	1	10329
8297	0	432
979	2	1011
1249	3	5400
9474	1	9452
7218	2	7236
6960	1	6941
6248	2	6489
1277	1	1265
10852	1	10963
527	2	610
10355	1	10329
7668	1	7657
9912	0	6916
1611	1	1408
10721	1	10720
6061	2	6060
6128	1	6093
6943	1	6941
3388	4	3116
3950	0	246
11212	0	1627
5655	0	93
2603	1	2362
2868	1	2744
11282	1	11264
7589	3	5400
5368	1	5367
1208	1	878
12101	0	6230
4429	1	4427
29	1	255
1699	1	1408
2116	0	2109
8127	2	8140
2851	1	2744
162	0	132
6741	4	6723
9421	2	9420
5725	4	5655
7572	3	5400
11082	1	11065
9051	1	8762
10723	1	10582
4368	4	4125
2549	2	2643
1682	1	1408
6845	0	157
642	0	766
6094	3	6139
5444	1	5416
1405	0	96
12169	0	79
1464	1	5336
9034	1	8762
7321	1	7262
11969	0	829
11808	2	11807
1408	3	1442
926	0	250
3954	1	3949
6954	2	6995
8096	0	656
8546	2	8545
9452	0	75
1665	1	1408
8898	1	8874
3946	0	3943
6789	1	6776
10531	1	10487
3375	2	3374
7304	1	7262
3346	4	3116
4617	3	4636
2944	0	824
3257	1	3116
4123	2	4122
4449	1	4454
8881	1	8874
8343	1	2114
10058	3	944
10514	1	10487
6934	3	1230
11486	0	2816
6760	4	6719
7208	2	7227
2873	1	2849
5370	1	5363
5515	1	5416
6898	4	6843
530	2	613
9482	1	9450
8668	1	8663
10497	1	10487
3345	1	3116
25	1	0
6148	3	6139
3223	1	3116
1406	0	1772
11008	1	10961
55	3	10180
50	3	2809
11837	1	11825
9465	1	9450
10144	1	10060
383	4	319
9122	2	9121
4676	1	4639
11413	4	11268
8332	0	57
3328	1	3116
5088	4	4848
1602	1	1406
5751	4	5714
7660	0	109
8682	2	8701
7990	0	82
3769	2	3768
4659	1	4639
9912	0	1252
44	3	3847
5376	2	5395
9833	0	53
3039	3	7574
9457	1	9450
8580	1	8537
12136	1	12132
11067	1	8731
11598	0	55
8732	1	8734
7722	1	7719
7625	0	81
9994	1	640
10060	0	5365
10996	1	10582
7845	0	5
6913	0	1246
3944	3	7575
5478	1	5411
4349	1	4128
246	3	10482
9961	1	9962
8120	0	1337
12310	1	0
12077	0	6114
2508	3	2803
5052	2	5053
335	4	0
976	1	947
11486	0	2495
11598	0	8110
6165	2	6182
5017	2	5016
11070	2	11125
10081	1	10058
5461	1	5411
1301	1	1275
6793	2	6826
9204	3	3947
10428	0	943
4957	1	4848
2121	1	2118
834	2	854
7559	0	2815
6780	1	6774
959	1	947
7311	2	7414
3873	3	3871
11795	4	11486
10064	1	10058
1284	1	1275
4764	4	4640
7496	2	7499
90	3	6109
9179	0	276
7821	2	7827
8351	1	8333
10868	1	10582
4324	1	4128
11121	1	8731
2118	0	246
4226	4	4128
10826	1	10822
5432	1	5409
9273	0	8109
1686	2	1750
7564	1	7560
4412	3	4420
11297	1	11264
946	0	1245
5045	1	4848
10359	2	10401
936	3	916
9912	0	931
6419	1	6162
5415	1	5409
4698	2	4699
11281	2	11341
10489	2	10535
1410	1	640
9986	1	9984
523	1	451
4730	4	4640
2856	2	2887
8336	3	916
11066	0	10053
8357	1	8335
9220	1	9205
7728	1	7660
6402	1	6162
4192	4	4128
2354	0	246
5133	1	4848
506	1	451
11602	1	11597
645	2	652
9870	3	9907
59	0	826
5950	4	5655
187	1	0
6385	1	6162
10582	0	10720
9344	1	9273
7890	1	7847
292	1	0
3049	3	3112
1406	0	780
170	1	0
7874	2	7924
8180	1	8168
7873	1	7847
8358	1	2114
1291	1	1266
3614	2	3615
7090	1	1406
5916	4	5655
9191	1	9179
6957	1	6942
8814	4	8762
7856	1	7847
8341	1	2114
8907	2	8971
10193	1	9450
5342	1	5336
258	1	0
10060	0	51
6924	3	1229
7665	1	7658
11839	1	11829
3059	1	3046
7262	0	7502
277	3	3871
9204	0	79
7504	0	254
9494	1	9455
8359	1	8331
2362	0	110
7139	1	7070
10451	1	10432
8804	2	8803
1068	4	878
11659	0	375
5518	1	5411
3042	1	3046
11279	1	11265
879	2	900
399	1	391
1919	2	2071
11230	1	11212
7592	0	658
10672	1	10582
9477	1	9455
8342	1	8331
3451	2	3450
1280	1	1268
7122	1	7070
10434	1	10432
1586	2	1585
4466	2	4487
6211	1	6208
1051	4	878
6738	4	6724
8789	4	8762
8667	3	8705
11213	1	11212
10439	1	10427
4199	2	4198
10655	1	10582
9460	1	9455
7079	1	7073
9833	0	134
12102	0	1627
59	0	1444
7105	1	7070
7725	1	7559
12108	1	12105
8772	4	8762
3951	1	3950
5296	4	4848
9029	2	9081
8250	1	8241
8511	1	8426
7088	1	7070
8614	1	640
2815	3	2811
2741	3	2803
3952	0	932
3881	0	3887
8729	0	106
10060	0	5796
8331	0	5
4371	4	4128
2514	1	2500
5367	0	57
3070	1	3049
5655	0	1626
9051	1	9006
8597	1	640
7112	2	7179
9496	1	9451
7855	1	7848
1036	3	10482
4642	1	4639
10511	1	10488
1299	1	1264
366	1	0
5473	1	5416
4354	4	4128
11593	4	11492
6007	4	5655
3845	2	3844
9034	1	9006
9479	1	9451
10641	2	10679
2119	1	2118
8426	0	1627
10494	1	10488
1282	1	1264
9399	1	9366
5361	0	5406
5517	1	5412
798	1	642
9769	1	9742
5990	4	5655
2499	0	246
6741	4	6162
8290	0	76
10957	0	135
5190	4	5280
9931	1	3944
10517	1	10490
10207	1	10060
10427	0	158
5500	1	5412
12110	1	12101
10211	2	10276
8298	0	8316
972	2	1005
6763	4	6722
4345	2	4344
1882	1	1790
5319	2	5318
5655	0	6082
5275	2	5274
7050	0	6196
8671	1	8666
9914	1	3944
7104	1	7071
260	1	255
10500	1	10490
9825	1	7050
49	3	7574
3909	2	3915
7225	1	6845
2190	1	2118
7139	1	1406
11011	1	10964
12019	1	11486
11748	0	829
8665	0	6085
5409	3	5635
7087	1	7071
10315	0	2807
7817	1	7812
1817	2	1972
2440	3	2806
9743	3	1442
7208	1	6845
7122	1	1406
5475	1	5412
10994	1	10964
12002	1	11486
2484	0	2737
1788	0	57
4230	2	4228
4217	2	4216
10509	1	640
8903	1	8873
11093	1	11066
2990	2	3026
2362	0	57
508	1	0
0	0	2
7105	1	1406
4965	2	4964
1213	4	878
9454	0	79
4129	1	4125
10008	1	9985
1819	1	1788
10492	1	640
4424	0	100
2981	2	3016
8886	1	8873
3715	1	3116
1582	4	1408
7088	1	1406
10826	1	10582
4013	1	3972
1924	1	1788
8879	2	8944
10957	0	6230
5947	1	5655
12171	0	824
1802	1	1788
9835	1	9833
8126	1	8120
11859	1	11824
5363	0	50
8193	2	8226
2399	1	2400
6168	1	6158
9667	0	8533
4217	1	4125
9454	0	5690
1907	1	1788
8654	1	640
12074	1	12076
8371	1	8336
11842	1	11824
294	2	293
6094	0	448
3681	1	3116
3133	2	3132
6716	2	6717
9228	1	640
3054	1	3051
4412	0	4417
5508	1	5410
6035	1	5655
12101	0	5
1474	2	1501
1890	1	1788
2400	0	1626
1300	1	1263
8663	0	8716
8354	1	8336
2114	0	135
11865	1	11826
9202	0	7548
10799	4	10582
7559	3	5400
8152	0	7470
1873	1	1788
5346	2	5357
10362	2	10404
4866	1	4848
1283	1	1263
8337	1	8336
11438	2	11437
5418	1	5412
10880	1	10582
2966	0	277
7887	1	7848
5483	1	5410
3228	4	3116
6041	2	6040
4545	1	4501
6158	0	6154
7870	1	7848
12106	0	134
981	1	946
12075	0	1048
1705	1	1406
2818	3	2806
1607	4	1406
5466	1	5410
8041	4	7990
3527	2	3526
949	0	1029
6740	1	6719
7248	1	7246
4452	0	1176
7853	1	7848
936	0	57
964	1	946
2111	0	106
3316	4	3116
9983	0	44
1688	1	1406
5666	1	640
450	2	534
1069	1	946
8356	1	8332
1783	2	1785
1294	1	1269
8336	0	57
5913	2	5912
9211	2	9239
12042	1	11486
8568	4	8537
11573	1	11486
840	2	860
2746	2	2788
5463	1	1406
6772	1	6162
6746	1	6721
9450	0	658
1894	2	2047
4463	1	4431
5655	0	1252
3404	4	3116
7783	3	659
8910	2	8974
7119	1	7071
1277	1	1269
6884	1	6845
8678	2	8722
9113	4	8762
3046	0	630
9991	1	9983
4455	2	4498
9453	1	2116
4735	4	4639
7892	1	7953
6755	1	6162
2318	2	2322
8926	1	8873
6286	1	6162
9225	1	9204
4103	2	4102
2238	2	2237
6867	1	6845
2768	1	2743
8682	1	3944
11661	1	11486
11282	1	11268
1411	1	1405
4053	1	3972
8534	4	8537
1922	2	2074
5211	4	5076
2270	1	2233
6090	0	441
4320	4	4128
781	1	642
5526	1	5409
4429	1	4431
6269	1	6162
8663	0	6085
1250	3	1244
7125	1	7073
5373	1	5366
8639	4	8537
7895	1	7846
4865	2	4882
6859	1	6845
3843	1	3116
11621	0	823
3944	3	8705
9923	1	3944
12266	2	12289
5509	1	5409
4647	2	4646
7513	2	7532
7548	3	7569
640	0	103
9877	1	9871
4928	4	4848
5728	1	5655
11627	1	11486
7963	1	7953
7878	1	7846
2500	0	2706
4425	0	2100
2236	1	2233
677	3	674
4286	4	4128
9032	2	9084
7506	0	135
6729	4	6722
6913	0	7048
11235	2	11262
2278	0	2297
7369	2	7459
9766	1	9743
11301	1	11264
5016	4	4848
12200	1	12169
822	0	55
11065	0	55
10620	2	10619
5694	1	5655
8191	1	8169
11863	1	11486
7858	2	7908
4189	1	4128
9749	1	9743
5410	0	4414
11284	1	11264
11076	1	11066
9830	0	6230
4293	2	4292
9482	1	9454
10644	2	10682
8062	2	8061
5375	1	5362
1299	2	1329
4431	3	4473
882	1	1111
4284	2	4282
510	1	451
11267	1	11264
3043	3	2137
876	0	79
11837	1	11829
9465	1	9454
10430	3	3112
383	4	323
7627	2	7636
7560	0	135
1925	2	2077
9158	1	8762
5206	4	5268
2776	1	2741
837	2	857
493	1	451
429	3	8107
9485	1	4830
8241	0	42
11621	0	1441
5223	4	5244
2927	3	2923
10060	0	108
8562	2	8561
7731	1	7559
936	0	943
2759	1	2741
9457	1	9454
476	1	451
6118	3	6110
2533	1	2515
3209	2	3208
1820	2	1975
8916	1	8762
11305	2	11365
459	1	451
9493	1	2116
2598	1	2513
1406	3	1777
2516	1	2515
192	1	162
5046	4	5047
9543	1	9541
7955	0	55
1839	1	1791
10060	0	242
3285	2	3284
2581	1	2513
11626	1	11621
8746	1	8730
7050	0	158
7497	0	133
120	1	390
2512	1	2500
5785	1	5655
1822	1	1791
0	0	246
59	0	2440
2536	2	2630
8333	0	2440
4653	1	4640
1342	1	1339
8325	0	8321
5768	1	5655
1805	1	1791
5449	1	5410
11862	1	11827
11486	0	8110
11569	2	11568
1136	1	878
119	1	113
3603	2	3602
1910	1	1791
7109	1	6845
825	0	135
9204	0	9264
5421	2	5536
1573	4	1406
11845	1	11827
8482	4	8426
7138	2	7206
8673	2	8727
11402	1	11268
2402	0	84
6381	2	6622
82	3	10250
1893	1	1791
7092	1	6845
5416	0	5414
1224	1	878
4351	1	4128
4329	2	4328
11828	1	11827
8465	4	8426
8836	2	8817
7563	0	90
174	2	214
11004	1	10958
337	4	0
2602	1	2362
7075	1	6845
7560	3	7574
5266	4	4848
1539	4	1406
6436	2	6677
5144	4	4848
10200	1	10188
635	3	631
1624	2	1625
10013	1	9984
7245	1	7247
10987	1	10958
3944	3	6103
886	1	878
9370	4	9366
10430	3	1181
8745	1	8731
11696	2	11724
4179	2	4178
11486	0	84
5179	4	5010
3889	0	1337
523	1	0
991	1	878
139	1	137
303	4	0
984	1	949
2119	2	2130
8728	1	8731
3047	0	57
6094	0	1176
2590	1	2515
6075	1	5655
2369	1	2362
3072	2	3102
6743	1	6722
506	1	0
3975	2	3974
2931	0	2937
974	1	878
9191	1	9183
3076	1	3047
967	1	949
10060	0	55
10839	4	10582
3889	3	830
7861	1	7846
453	2	537
6726	1	6722
6161	2	6179
8359	1	8335
4134	4	4125
7660	0	7765
7317	2	7482
4051	2	4050
2457	1	2362
9298	1	9272
1448	1	1408
10885	1	10955
9485	1	9449
7844	1	7846
8800	1	8762
1897	2	2050
4215	1	4125
8342	1	8335
8913	2	8977
1280	1	1272
3045	0	110
7791	1	7781
162	0	246
1285	1	1267
4457	1	4424
6216	1	6207
5506	1	5410
8659	4	640
8931	1	8762
9828	0	3876
5528	2	5633
4303	1	4125
8299	1	8298
3984	4	3972
5299	2	5298
9667	0	80
5918	4	5655
9036	1	8762
10010	1	640
7548	3	9907
12106	0	57
9019	1	8762
4617	3	2306
5095	2	5094
9496	1	9455
12203	2	12242
6025	2	6024
9993	1	640
1650	1	1408
11624	1	11621
6094	0	6116
9124	1	8762
8736	1	8729
4854	4	4848
401	1	391
9002	1	8762
6982	1	6941
9479	1	9455
9455	0	657
3972	0	2693
5517	1	5416
2715	2	2719
8094	0	1176
4460	2	4497
5662	1	5654
6965	1	6941
50	3	2923
638	0	39
7861	2	7911
5500	1	5416
78	3	2806
785	2	805
1176	3	6110
7050	0	6200
10647	2	10685
7661	1	7655
8252	1	8241
3361	2	3360
10430	0	76
7626	0	657
7130	1	7072
963	2	999
8730	0	251
1264	0	6
23	0	110
11064	0	9821
6751	4	6721
318	2	317
5498	1	3944
7497	0	1048
3157	2	3156
1928	2	2080
1915	2	2068
2779	1	2744
3875	0	83
11597	0	1622
5770	2	5769
7847	0	5
5481	1	3944
10999	1	10963
6872	4	6845
7666	2	7683
9912	0	3944
1406	0	276
8637	4	8537
1675	1	1406
4058	4	3972
11544	4	11486
10342	2	10384
2867	1	2744
5464	1	3944
4732	1	4639
11308	2	11368
9985	0	1252
10982	1	10963
2249	4	2233
10519	1	10490
5473	1	3944
4262	4	4125
43	3	7575
1658	1	1406
2114	0	5
8459	2	8458
9448	1	9452
9768	2	9804
6782	1	6774
9852	2	9861
7658	0	49
11081	1	11065
9178	0	6200
4631	3	9907
9016	2	9068
4715	1	4639
7362	2	7453
5363	0	54
10502	1	10490
4245	4	4125
10657	1	10964
7990	0	2908
3733	2	3732
6168	1	6162
11517	2	11516
8192	1	8153
6941	0	53
8636	1	8537
11510	4	11486
2241	4	2233
11543	1	11486
2360	0	103
7320	1	7262
5469	1	5413
6273	1	6162
9968	1	9912
5508	1	5414
3814	4	3116
11798	2	11797
1300	1	1267
6308	2	6549
10072	1	10060
11193	1	11179
5452	1	5413
9268	1	451
6256	1	6162
7952	0	2738
9355	2	9361
9164	1	8762
3936	0	3933
3944	0	1243
4469	2	4475
8684	1	8663
9214	2	9242
1283	1	1267
950	1	949
5424	2	5539
7591	0	83
7633	2	7642
5496	1	5409
5435	1	5413
7267	2	7379
7095	1	7073
244	3	8103
6384	2	6625
3239	1	3116
12271	1	12250
10082	1	5365
11853	1	11825
11597	0	7501
24	1	0
7781	0	2439
9695	2	9731
11977	2	11990
9985	0	931
9290	2	9318
11501	1	11486
10924	1	10582
520	2	603
12254	1	12250
3944	0	438
11007	1	10961
11836	1	11825
4428	0	4443
7603	1	7563
949	0	1033
11592	4	11516
5471	1	5409
10990	1	10961
1804	2	1959
4853	2	4852
4832	1	4831
157	3	10482
6940	0	2509
5479	1	1406
7815	0	829
11621	0	2437
80	3	916
849	1	828
7050	0	81
5454	1	5409
1378	2	1376
44	3	8230
9852	1	9853
3652	4	3116
5462	1	1406
2977	2	3013
1915	1	1790
81	3	2811
6934	0	6930
3047	0	1240
9013	2	9065
4294	2	4295
765	3	7944
642	0	640
8731	0	8108
6213	1	6208
1408	0	79
10427	0	943
11919	0	44
8554	1	8537
7506	0	5
7811	2	7841
9410	4	9366
11553	2	11552
12077	0	1048
958	1	947
3529	1	3116
5526	1	5413
8333	0	53
5773	4	5655
12249	3	87
8350	1	8333
4939	1	4848
9480	1	2116
8290	0	56
10825	1	10822
5509	1	5413
6313	1	6162
9912	0	53
9689	1	9667
7369	1	7262
7559	0	7548
3521	1	3116
2743	0	438
795	1	638
4520	2	4577
7113	1	7072
1622	3	10181
6845	0	6931
407	2	426
7883	1	7845
5739	4	5655
9672	1	9667
8586	2	8585
7352	1	7262
11214	0	1622
10215	1	9450
7096	1	7072
9036	1	9006
6401	1	6162
3944	0	251
4653	2	4652
7866	1	7845
7335	1	7262
8298	3	1181
7675	1	7656
186	2	225
2814	3	2803
4163	2	4162
12101	0	656
186	1	0
4902	2	4910
9019	1	9006
5463	1	5411
9623	1	9547
11469	4	11268
12078	0	7548
4448	3	4477
8196	1	8168
2586	2	2675
7849	1	7845
11598	0	5406
9872	0	134
6985	1	6944
4322	4	4128
10660	1	10959
9754	1	9742
5528	1	5409
6974	1	6845
10060	0	917
5375	1	5366
4431	3	4477
8179	1	8168
5785	2	5801
10192	1	10060
8357	1	2114
9367	1	9366
5511	1	5409
2744	0	2440
392	1	389
8358	2	8412
4454	3	4479
5730	1	5655
7507	3	7542
10583	1	10582
1273	1	1266
7562	0	7572
6731	4	6722
3809	2	3808
8513	2	8512
5713	1	5655
405	1	0
10158	1	10060
6046	4	5655
11668	0	1032
8542	1	640
12168	2	12209
3797	4	3116
2118	0	2214
510	1	0
5696	1	5655
1171	3	10250
388	1	0
9438	1	9366
7559	0	3039
1069	2	1068
1050	4	878
3780	4	3116
11078	1	11066
493	1	0
5414	3	1182
10246	1	10060
11081	1	8731
7718	0	1250
497	2	580
6460	2	6701
1707	2	1770
476	1	0
0	0	250
9273	0	9272
2576	2	2666
3049	0	110
9771	2	9807
9452	0	246
3683	1	3116
10527	1	10488
459	1	0
5449	1	5414
12171	0	133
6256	2	6497
10668	1	10957
10109	2	10120
709	1	642
1810	1	1790
1095	1	947
8246	1	3944
10510	1	10488
6176	1	6160
8200	1	8151
4185	1	4125
1875	1	1788
832	1	828
3771	1	3116
9860	2	9868
10057	2	10083
1793	1	1790
12108	2	12121
3649	1	3116
2189	2	2209
10493	1	10488
6940	0	41
6311	2	6552
11823	1	7658
8183	1	8151
1790	3	2104
5445	1	1406
11236	1	11214
468	2	551
11833	1	11826
9577	2	9610
1286	2	1316
9912	0	134
9617	2	9642
11808	1	11486
5428	1	1406
1877	2	2030
8937	2	9001
9840	1	9827
11219	1	11214
3737	1	3116
4530	1	4501
4256	1	4125
4370	2	4371
2813	3	9849
1946	1	1788
7250	1	7246
5147	1	4848
9453	1	9451
11826	3	1181
7659	2	7677
7507	0	1176
75	3	71
3957	1	3952
11010	1	10964
8026	4	7990
3191	2	3189
5508	2	5613
5986	2	5984
11301	2	11362
10975	1	10957
5875	1	5655
2602	1	2500
827	0	135
2931	0	2941
11069	1	11064
11064	0	429
6845	3	89
3050	2	3081
4618	1	4501
7815	0	6200
5474	1	5412
8830	2	8818
3076	1	3051
1807	2	1962
244	3	7542
10508	1	640
2443	0	55
3936	0	2217
2807	3	6113
5457	1	5412
665	2	684
10885	1	10959
2277	1	2276
10491	1	640
11501	2	11500
64	1	0
1581	4	1408
5440	1	5412
3946	0	3927
1280	1	1276
5885	2	5884
10825	1	10582
6092	0	441
3491	2	3490
6740	1	6162
7318	1	7262
4348	4	4125
1801	1	1788
1285	1	1271
11858	1	11824
12115	1	11486
9966	1	9912
9871	0	4631
5506	1	5414
7885	2	7935
641	0	278
12259	1	12249
10957	0	7580
7110	1	7073
11841	1	11824
5384	1	5363
3156	4	3116
11629	1	11486
9982	1	9985
7506	0	249
2741	3	2811
135	3	6112
12203	1	11486
2928	3	2809
4347	1	4125
7093	1	7073
9169	4	8762
12081	1	11486
9688	2	9725
6368	2	6609
2870	1	2849
8607	4	8537
9283	2	9312
11514	4	11486
5502	1	1406
7863	1	7846
11000	1	10955
6342	1	6162
3811	1	3116
12186	1	11486
2545	1	2500
6173	2	6190
6128	2	6142
4109	1	3972
8525	1	8426
8736	1	8733
2853	1	2849
9492	1	2116
3122	4	3116
5449	2	5562
5485	1	1406
7886	1	7848
10983	1	10955
10141	1	10060
11428	2	11427
5835	2	5867
12104	0	1622
2564	1	2362
3325	1	3116
12185	1	12169
10929	4	10582
3881	0	57
9135	4	8762
11321	1	11268
1177	3	914
8176	1	8169
7869	1	7848
6031	2	6030
2547	1	2362
12208	1	12171
5309	1	4848
11304	1	11268
4451	3	4480
3068	2	3099
7764	0	2496
8491	1	8426
11185	2	11201
7656	0	57
3882	1	3116
7852	1	7848
6877	1	6843
12115	1	12104
6174	1	6160
3517	2	3516
7210	0	6936
2118	0	1035
12191	1	12171
11302	2	11361
10895	4	10582
9019	2	9071
9871	0	2216
10069	1	5365
55	3	6110
8355	1	8332
7135	1	7071
7505	1	7504
5514	1	5412
12174	1	12171
7763	2	7772
1248	3	914
3944	0	629
11942	1	11919
7303	2	7408
7079	2	7146
10078	1	10058
1631	2	1639
8338	1	8332
2299	1	2296
7822	1	7815
9928	1	3944
7118	1	7071
4848	0	2693
9875	0	86
2784	1	2743
5497	1	5412
2152	2	2151
4856	4	4848
1130	2	1185
782	2	801
6003	1	5655
2362	0	2509
8900	2	8964
4376	1	4125
10061	1	10058
9224	1	9204
8423	3	3947
7101	1	7071
9856	1	9853
11832	1	7658
2767	1	2743
8681	1	3944
12033	2	12061
3163	2	3162
8414	0	47
5410	0	2113
2216	3	7574
12105	0	49
4944	4	4848
57	3	91
8120	3	8118
2750	1	2743
885	1	878
8335	0	2440
2744	0	2818
11598	0	657
4655	1	4640
3940	0	943
4206	4	4128
7893	1	7815
531	2	615
8729	0	277
500	2	583
8733	0	447
5025	1	4848
8333	3	916
7072	0	829
11825	0	5407
192	2	231
2589	1	2515
3500	4	3116
6399	1	6162
2368	1	2362
3890	2	3898
7876	1	7815
10373	1	10329
10648	1	10958
11774	1	11486
5032	4	4848
12190	2	12229
9475	1	9452
9831	0	933
2572	1	2515
4205	1	4128
10430	0	1048
11757	1	11486
3936	0	3937
10967	1	10957
828	3	87
6972	1	6845
8684	1	8667
2555	1	2515
5496	1	5413
7514	1	7506
1878	1	1791
7073	0	7204
943	3	4480
11853	1	11829
6470	1	6162
6129	1	6090
4293	1	4128
2538	1	2515
4848	3	4898
0	0	628
8519	2	8518
1146	2	1173
2864	2	2893
5824	1	5655
1861	1	1791
9188	1	9179
1111	3	1182
10523	2	10568
9541	3	2306
9547	0	7568
11836	1	11829
2526	1	2513
10429	3	3112
7083	1	7072
1289	2	1319
23	0	277
4987	2	4986
8153	0	7808
10588	4	10582
5807	1	5655
2331	1	2330
2415	2	2433
11263	2	11326
5471	1	5413
976	1	878
11934	2	11957
10884	2	10883
1406	0	93
7952	0	7548
8899	1	8874
5833	2	5856
5790	1	5655
6094	0	135
5454	1	5413
5446	2	5648
926	0	933
4544	2	4601
8241	0	7808
959	1	878
7131	1	6845
8882	1	8874
952	1	949
10515	1	10487
2597	1	2513
11637	2	11656
11463	2	11464
166	2	253
1810	2	1965
4859	2	4858
828	0	57
6444	2	6685
9576	1	9547
8729	0	90
8802	1	8762
3696	4	3116
376	4	0
7114	1	6845
3948	1	3950
11855	1	11825
2580	1	2513
7765	3	7776
6164	1	6159
10239	1	10188
8112	0	278
45	3	3871
3889	0	780
6734	1	6724
6092	3	6110
1040	1	949
6944	0	6200
2983	2	3019
11838	1	11825
12104	0	4631
5416	3	5639
2513	0	1252
10490	0	1032
1416	1	1408
9830	0	3876
7247	0	7257
11087	2	11139
12169	0	1246
8095	0	278
6008	2	6004
11981	1	11971
12315	2	12339
1296	1	1264
11825	0	1032
8734	0	8729
2530	1	2362
2408	1	2362
1135	1	878
441	3	6108
9912	0	57
9391	2	9390
6295	2	6536
4431	0	4450
1279	1	1264
795	1	642
1870	2	2024
3654	4	3116
0	0	441
5903	2	5902
8856	1	8762
937	1	936
1262	1	1264
8551	2	8552
5479	1	5411
10082	2	10106
1408	0	1506
8731	0	86
99	3	3871
11003	1	10958
10582	0	47
11599	0	8110
5480	1	5412
5462	1	5411
5979	2	5978
4333	1	4128
164	2	204
1470	1	1408
7222	1	6845
655	3	9849
119	2	129
3069	1	3045
10660	1	10963
10058	0	254
11072	2	11126
3421	2	3420
3880	1	3881
1556	2	1555
4774	4	4658
11486	3	2136
7132	1	7072
3052	1	3045
10827	1	10822
685	2	725
9291	1	9270
4169	2	4168
7565	1	7560
59	0	86
6742	1	6722
11982	1	11486
1273	1	1270
7115	1	7072
278	3	7575
7783	3	830
3062	2	3092
1406	0	40
5183	4	5014
8426	0	135
10356	1	10329
7588	1	7592
4231	1	4125
4748	2	4749
8922	1	8874
9221	1	9205
7729	1	7660
7098	1	7072
2764	1	2744
5944	1	5655
8169	0	278
56	3	8105
2597	2	2685
7562	0	5
113	0	110
2330	0	277
6165	1	6158
5522	1	5410
1339	0	1397
2869	1	2744
1202	2	1201
7081	1	7072
7346	2	7443
2747	1	2744
8728	2	8747
2744	0	2928
3580	4	3116
5505	1	5410
2852	1	2744
5203	4	5062
1578	1	1408
9191	2	9199
5934	4	5655
9873	1	9872
8930	1	8762
7874	1	7847
6095	1	6093
0	0	254
4026	4	3972
7	1	4
5488	1	5410
8641	4	640
6015	1	5655
6725	4	6723
5442	2	5556
6864	2	6862
8665	0	55
9742	0	766
6944	0	81
5667	1	5654
8913	1	8762
4507	2	4564
7210	0	4631
11115	2	11161
1666	1	1408
5289	2	5288
7724	1	7718
10668	1	10961
9696	1	9547
2786	1	2849
5734	2	5733
3816	4	3116
9202	0	1250
9018	1	8762
4335	4	4125
3043	3	3113
4114	4	3972
11065	0	7581
1649	1	1408
11623	1	11621
2246	2	2245
8544	1	640
11178	2	11195
12193	2	12232
6911	4	6845
6015	2	6014
4318	4	4125
4406	0	4407
7123	1	7070
7506	0	440
1632	1	1408
2187	1	8120
9185	1	9180
11263	1	11265
3782	4	3116
10778	1	10582
23	0	37
7271	1	7262
2186	1	2229
9203	2	9233
7559	0	278
9475	2	9517
695	2	734
4080	4	3972
8496	4	8426
12249	3	6938
827	0	5
2857	1	2849
1697	2	1759
11120	1	11065
9840	1	9831
4440	3	9337
5188	4	5028
3296	4	3116
451	0	81
686	2	724
7655	0	83
1688	2	1749
6727	4	6719
4749	4	4639
5482	1	5416
80	3	91
11103	1	11065
1263	0	6
6114	3	6111
4389	4	4125
10526	2	10571
4617	0	1240
11839	2	11878
9983	0	6928
5280	4	4848
1292	2	1322
12077	0	1028
12078	0	278
10975	1	10961
11086	1	11065
8288	1	8289
6848	4	6843
3384	4	3116
10329	0	8715
9222	1	9204
5474	1	5416
15	1	2
308	2	307
7560	0	440
3295	1	3116
3147	2	3146
1569	1	1406
4831	0	4844
8873	0	57
9480	1	9451
6371	2	6612
5457	1	5416
10960	0	8148
8185	1	8151
4830	0	2497
1900	1	1790
9983	3	944
11827	0	873
10885	1	10963
4731	1	4639
12078	3	10324
9984	0	1252
2849	0	658
7592	0	81
5440	1	5416
6845	0	5406
3875	0	278
12075	0	3878
11408	2	11407
6447	2	6688
1883	1	1790
1406	0	1626
878	3	1258
8335	0	53
10371	1	10329
5445	1	5411
1285	1	1275
10217	2	10282
9758	2	9794
8191	1	8153
6055	2	6054
1866	1	1790
5366	0	254
9331	0	1177
5428	1	5411
3061	2	3091
5384	1	5367
11507	2	11506
5438	1	3944
8339	1	2114
11090	2	11142
6093	0	246
3497	2	3496
7962	1	7815
11000	1	10959
1791	0	135
8075	4	8055
11827	3	4637
4041	2	4040
10983	1	10959
9912	0	1240
7660	0	1036
6948	2	6989
4176	4	4128
11471	4	11268
9230	1	9202
7811	1	7813
9345	1	9273
1908	2	2061
1681	1	1408
4971	2	4970
4485	3	4481
7845	3	2358
5826	2	5850
2354	3	2358
4995	1	4848
11793	2	11791
6089	1	6094
3953	1	3949
8127	1	8120
8095	0	656
171	1	0
7695	1	7660
6369	1	6162
10007	1	640
6944	0	6928
1664	1	1408
938	0	56
9138	1	8762
8576	1	8537
473	1	451
1662	2	1726
6970	1	6944
4264	4	4128
6730	2	6729
3072	1	3048
9990	1	640
11437	4	11268
9547	0	54
7857	1	7847
10513	1	10487
6953	1	6944
1301	1	1263
259	1	0
8355	1	8336
926	0	51
8153	0	2738
5453	1	5409
189	1	162
12306	1	0
2872	1	2849
925	0	929
9294	1	9273
6913	0	429
9481	1	9450
1284	1	1263
6440	1	6162
8338	1	8336
172	1	162
6001	2	5998
7496	1	7262
2807	3	7569
8343	1	8331
9464	1	9450
3449	1	3116
7815	0	85
2362	0	2513
1052	4	878
5502	1	5411
8059	4	7990
12299	2	12323
2998	1	2968
6924	0	1240
10248	1	10060
7956	1	7955
1346	4	1339
6094	0	6153
6845	0	4414
7106	1	7070
11121	2	11172
1706	1	1406
12135	2	12148
5485	1	5411
8773	4	8762
8433	1	8423
5180	4	5274
2981	1	2968
7562	0	249
10959	0	110
10231	1	10060
9463	1	4830
7263	1	7262
2931	0	2437
11940	2	11965
7089	1	7070
3415	1	3116
3074	1	3044
7721	1	7719
5197	4	5250
1689	1	1406
5237	2	5236
12193	1	12171
6924	0	435
7846	0	83
8462	4	8426
4250	4	4128
12176	1	12171
11001	1	10958
5445	2	5559
4554	2	4611
12141	1	12134
6978	1	6942
6159	0	37
40	3	7800
2	0	1
10908	2	10907
10449	1	10430
1106	4	878
5439	1	5409
8650	1	8537
8576	2	8575
11557	1	11486
1514	2	1512
8848	2	8859
10899	2	10897
4338	4	4128
6961	1	6942
2816	3	5400
6287	1	6162
7752	1	7660
935	0	110
9018	1	9006
4447	3	4477
11486	0	11745
9178	0	276
7660	0	44
11117	1	11066
10353	2	10395
3223	2	3222
7809	0	677
11120	1	8731
10060	0	39
10135	2	10159
9383	1	9366
12111	1	12101
3950	0	2438
6129	1	6094
5527	1	5409
5974	4	5655
6270	1	6162
6766	2	6765
9188	1	9183
7655	0	7548
261	1	255
11103	1	8731
316	1	0
5423	1	5416
4304	4	4128
5510	1	5409
1406	0	1252
12075	0	4443
2191	1	2118
4871	2	4888
3723	2	3722
11086	1	8731
10732	2	10747
5655	3	88
878	3	1234
5493	1	5409
2175	2	2195
878	0	936
7718	0	1177
11970	1	11969
2174	1	2118
2989	1	2966
10995	1	10964
10245	2	10309
2918	2	2921
1873	2	2105
10529	2	10574
11765	2	11764
5115	1	4848
7289	2	7492
3799	2	3798
11066	0	55
885	2	920
7106	1	1406
10978	1	10964
3048	3	3112
10678	1	10955
3946	0	658
11864	1	11486
9883	2	9899
4501	3	4635
6857	2	6856
9564	2	9597
4425	0	100
8887	1	8873
4500	2	4558
11009	1	10956
4202	4	4125
5413	3	1182
3594	1	3116
11753	2	11759
5442	1	5412
7089	1	1406
2402	0	2109
1197	4	878
6374	2	6615
1059	2	1058
11847	1	11486
4829	1	4831
7563	0	7592
7563	0	1176
5826	1	5655
8813	4	8762
2128	1	2116
10992	1	10956
3044	3	2137
3577	1	3116
12078	0	11610
11616	1	11615
487	2	570
10644	1	10955
7588	2	7604
11830	1	11486
9492	1	9451
5047	2	5046
9889	1	9874
179	2	218
1296	1	1268
10717	2	10734
9229	1	640
8734	0	8733
3445	2	3444
1549	4	1408
5448	1	5414
10972	2	11021
11935	1	11486
1891	1	1788
8638	1	640
11229	1	11212
7732	1	7559
9761	2	9797
4193	2	4192
11108	1	11064
10442	1	640
12257	2	12280
3665	1	3116
4431	0	4454
5513	1	5412
12040	1	11486
1279	1	1268
9212	1	640
5431	1	5414
9463	1	9449
10776	1	10582
1874	1	1788
2741	3	1181
5897	1	5655
7133	1	6845
1262	1	1268
1377	1	1339
6913	0	55
1515	4	1408
4919	2	4918
9742	0	9817
4427	0	96
1826	2	1981
1857	1	1788
11235	1	11214
9703	1	9667
2530	1	2500
10532	2	10577
10519	2	10565
2454	1	2400
11971	0	1048
8249	1	8241
11832	1	11826
9397	2	9396
4546	1	4501
1360	1	1339
5480	1	5416
8762	0	82
7221	1	6845
11218	1	11214
5467	1	5410
3212	4	3116
5417	2	5532
3069	1	3049
10012	2	10045
4529	1	4501
9547	0	9613
8493	1	8426
8331	3	1259
11930	2	11954
7965	1	7952
5829	2	5853
6306	2	6546
3956	1	3952
5450	1	5410
3195	4	3116
3052	1	3049
4512	1	4501
2759	2	2790
4648	4	4639
10060	0	2214
2601	1	2500
948	1	946
9296	1	9269
1672	1	1406
878	3	1181
5433	1	5410
4531	2	4588
3075	1	3051
9912	0	6156
5498	2	5603
5277	1	4848
82	3	8705
59	0	440
7562	0	7580
6942	0	4411
2584	1	2500
9985	0	81
10516	1	10490
6765	4	640
9279	1	9269
1655	1	1406
12026	1	11486
1557	4	1406
8297	0	8316
9751	2	9788
8168	0	278
11927	1	11919
406	1	389
6730	1	6721
9916	2	9940
8927	1	8873
9982	1	9912
4433	1	4426
5065	2	5064
1287	1	1266
3266	4	3116
6165	1	6162
5522	1	5414
6077	4	5655
6039	2	6038
1339	0	1401
12173	2	12212
1412	1	1405
8241	0	8109
2741	0	2440
4425	0	47
5243	1	4848
4719	4	4639
3952	0	278
2970	2	3006
8652	2	8651
8910	1	8873
1590	2	1588
7086	1	7071
9965	1	9912
7211	1	7210
5360	1	5361
5505	1	5414
4037	1	3972
2745	2	2841
3481	2	3480
9742	3	1442
12302	2	12326
11523	1	11486
4702	4	4639
524	1	0
935	0	86
7891	1	7848
640	0	278
6253	1	6162
140	1	137
402	1	0
7109	1	7073
7069	1	7071
8152	0	7808
5488	1	5414
5366	0	1250
11702	2	11730
11825	0	44
7879	1	7846
12106	0	2216
507	1	0
6944	0	85
6236	1	6162
4029	1	3972
1857	2	2011
7092	1	7073
12080	1	11486
10938	1	10582
4830	0	5
11825	3	4637
6059	1	5655
5501	1	1406
7862	1	7846
2299	2	2314
11489	1	11486
490	1	0
11621	0	7548
12201	1	12169
6219	1	6162
7075	1	7073
9202	3	9257
5484	1	1406
10656	1	10960
9750	1	9743
5524	1	5410
6167	1	6158
5	3	1241
4406	0	4411
12184	1	12169
3995	1	3972
1906	1	1788
5425	1	3944
1176	3	914
9185	1	9184
8175	1	8169
5740	2	5739
10457	1	10428
845	2	864
8851	2	8862
23	0	41
5507	1	5410
11854	1	7658
11009	1	10582
640	3	659
10356	2	10398
7601	1	7589
6897	1	6845
10852	1	10955
10440	1	10428
6924	3	6938
9	1	4
3627	2	3626
6173	1	6160
947	0	278
5490	1	5410
8643	4	640
6727	4	6723
10992	1	10582
405	2	423
378	2	376
9037	1	8762
9205	0	9202
7287	2	7396
451	0	435
10193	2	10257
9217	1	9202
6845	3	4635
11700	1	11681
4287	1	4125
2760	1	2741
9020	1	8762
11486	0	446
11747	0	278
8057	4	7990
7718	0	132
4469	1	4451
11683	1	11681
2584	2	2672
460	1	451
11006	1	10957
9494	1	2116
9450	3	5400
7848	3	3947
2956	2	2961
6851	1	6843
3428	4	3116
2749	2	2824
10015	1	9983
10989	1	10957
9477	1	2116
3411	4	3116
176	1	162
7815	0	7847
8056	1	7990
11305	1	11264
4995	2	4994
1888	2	2041
3420	4	3116
10229	1	9450
9460	1	2116
3567	2	3565
11591	4	11488
531	1	451
1806	1	1791
7815	0	276
791	2	811
10212	1	9450
11486	0	11668
6883	1	6845
2548	1	2513
9762	1	9743
5223	4	5098
82	3	6103
112	0	134
41	3	916
1789	1	1791
3386	4	3116
2531	1	2513
8655	4	8537
5482	1	3944
11000	1	10963
6971	1	6845
9964	1	9962
12260	2	12283
5162	4	4848
1103	1	878
3116	0	2724
12348	1	4
8841	1	8762
7076	1	6845
93	3	11607
8290	0	658
9462	2	9504
10983	1	10963
6954	1	6845
7764	0	276
947	0	1030
1684	2	1746
9985	0	57
8621	4	8537
11468	2	11467
7962	1	7953
8320	0	44
887	1	878
7059	1	6845
12200	1	11486
5710	1	5655
10971	1	10958
10513	2	10558
6093	3	6108
6259	2	6500
10593	2	10592
9876	2	9893
11567	2	11566
3860	1	3853
10015	2	10048
11523	2	11522
5693	1	5655
10954	1	10958
287	4	0
2500	0	2507
64	2	73
5453	1	5413
7590	1	7562
11440	1	11268
8096	3	4896
5655	0	5859
4431	0	2738
2330	0	41
958	1	878
6984	1	6940
9481	1	9454
7052	1	7050
480	2	564
951	1	949
3853	0	824
3942	0	3928
12101	0	103
4534	2	4591
2145	4	2118
2807	3	7573
11600	1	11599
8331	0	50
12272	1	12250
8343	1	8335
949	3	914
9464	1	9454
11627	2	11646
7658	0	277
11744	1	11749
3582	4	3116
4458	1	4424
3429	2	3428
925	0	128
59	0	1623
2879	2	2905
4381	1	4128
508	2	591
12255	1	12250
10066	1	5365
7697	1	7660
7581	3	7574
3203	2	3202
1415	1	1408
7055	1	6940
3565	4	3116
10327	0	8708
8767	1	8762
7563	0	78
11598	0	76
11077	2	11129
8464	2	8465
4732	2	4822
7859	1	7847
12305	2	12329
1103	2	1101
3548	4	3116
8762	0	5
11486	0	11615
191	1	162
3751	1	3116
9381	2	9380
3116	0	443
6764	1	6722
10979	1	10956
5790	2	5805
4172	4	4125
11625	1	11621
668	2	676
7768	1	7660
6090	0	55
1860	2	2014
12077	0	658
11968	0	57
10009	1	9984
5822	2	5847
8667	0	8666
3636	4	3116
8332	0	2440
9428	4	9366
1365	4	1339
10676	1	10963
2951	0	1176
246	3	3871
11483	0	1252
5046	4	4848
11746	1	11745
1264	0	1336
7897	2	7948
12044	2	12072
7507	0	5
8663	3	89
10060	0	43
3043	0	57
2586	1	2515
9886	2	9902
12111	1	12105
8008	2	8025
5527	1	5413
640	0	656
2443	0	39
4219	1	4128
10727	1	10720
6207	0	6230
2362	0	102
8854	2	8865
9394	4	9366
12249	0	1627
2744	3	2803
2569	1	2515
9192	1	9178
5510	1	5413
12105	0	86
796	1	638
2295	1	2297
6932	0	108
878	3	1238
5493	1	5413
8153	0	8166
5379	2	5398
7097	1	7072
9037	1	9006
11975	1	11968
634	3	631
3439	2	3437
7209	1	7210
10678	1	10959
5248	4	4848
1554	1	1406
6718	4	6721
9928	2	9951
9624	1	9547
9020	1	9006
6795	1	6776
2746	1	2744
1472	1	1408
11009	1	10960
1850	2	2005
2959	2	2964
5442	1	5416
3046	0	57
1095	1	878
6727	4	6162
4455	1	4454
6778	1	6776
1455	1	1408
10992	1	10960
2925	3	2809
10503	1	10490
10644	1	10959
6728	1	640
10058	0	933
9492	1	9455
7591	0	4446
12183	1	11486
3710	4	3116
1891	2	2044
9178	0	4631
10486	1	10490
7087	2	7154
4229	4	4125
6064	4	5655
8176	1	8153
4008	4	3972
1447	1	1408
11494	4	11486
8056	2	8055
11194	1	11179
2561	1	2362
5513	1	5416
5423	1	3944
5724	2	5723
1608	1	1406
11858	2	11897
3798	4	3116
59	3	2352
3676	4	3116
3633	2	3632
2271	2	2272
2544	1	2362
10909	4	10582
7845	3	7949
2236	2	2235
5075	2	5074
6030	4	5655
1413	1	1408
12183	2	12222
12170	2	12210
2116	3	2137
11011	1	10956
11493	1	11486
9871	3	7574
961	2	1053
3936	3	2820
10892	4	10582
10994	1	10956
9215	1	9202
9465	2	9507
5467	1	5414
2994	2	3030
5494	1	3944
8578	1	8537
7515	2	7535
6206	1	6162
7562	0	4417
2730	1	2484
10908	1	10582
8632	2	8631
5457	2	5568
6803	1	6774
278	3	5355
10991	1	10961
9992	1	640
5450	1	5414
8018	2	8019
9030	2	9082
10632	4	10581
6786	1	6774
10232	2	10296
3057	1	3048
12250	0	86
6094	0	656
255	0	278
6160	3	1181
1290	1	1275
9296	1	9273
8201	1	8151
5433	1	5414
2743	3	1181
8126	1	8112
11104	2	11152
1794	1	1790
7655	0	278
4005	2	4004
9279	1	9273
298	2	297
390	0	445
3181	1	3116
8184	1	8151
11681	0	90
1791	3	2104
10979	1	10582
0	0	128
5446	1	1406
10532	1	640
3514	4	3116
11237	1	11214
451	0	626
11486	0	6114
6361	2	6602
1304	1	1267
2456	1	2400
5421	1	5409
11834	1	11826
8321	0	1028
5412	3	5640
7764	3	6937
10866	1	10582
9181	0	2109
8167	1	8151
4537	2	4594
946	3	1244
5429	1	1406
1842	1	1788
1292	1	1265
6231	3	9849
7602	1	7592
10370	1	10329
2849	3	2306
10961	0	110
9632	2	9655
12250	3	87
9619	2	9643
135	3	916
9472	1	9452
11827	3	1181
10068	1	10060
5365	0	254
10490	0	48
10582	0	10822
6733	4	6721
5480	1	3944
9455	0	9452
6045	2	6044
11597	0	134
2265	4	2233
7505	2	7526
1674	1	1406
4619	1	4501
59	3	71
12103	1	12102
8658	2	8657
2362	0	78
12201	2	12240
3197	2	3195
2866	1	2744
1592	1	1408
10006	1	9985
11080	2	11132
7648	1	7626
5209	4	5072
382	4	307
4906	1	4848
12308	2	12332
6854	4	6845
11486	3	3112
1697	1	1408
1657	1	1406
5476	1	5413
5723	4	5655
7336	1	7262
6732	1	6721
4424	0	4443
10582	0	10956
7671	1	7658
3065	1	3046
10656	1	10964
1680	1	1408
5459	1	5413
65	1	0
7850	1	7845
6093	0	441
7319	1	7262
10457	1	10432
6272	1	6162
59	0	2351
8094	0	656
7128	1	7073
9967	1	9912
7654	1	7658
11829	3	11906
9872	0	4631
11486	3	2307
1663	1	1408
7764	0	1622
2783	1	2849
6787	1	6776
11525	1	11486
8290	0	2943
10529	1	10487
8298	0	4417
7721	2	7737
7302	1	7262
4306	4	4128
55	3	914
10852	1	10959
10440	1	10432
6255	1	6162
10958	0	7580
7111	1	7073
4540	2	4597
11630	1	11486
2362	0	2440
7507	0	249
8879	1	8874
4864	1	4848
7891	2	7941
10428	0	53
8077	3	8103
10512	1	10487
6908	4	6845
7285	1	7262
5495	1	5409
6238	1	6162
967	2	1002
7094	1	7073
3043	0	1240
1171	3	6103
2871	1	2849
8438	1	8423
514	2	597
46	3	5400
5503	1	1406
6896	4	6843
6343	1	6162
6161	1	6159
946	0	5
3343	1	3116
12203	1	12169
7077	1	7073
11596	1	11486
11006	1	10961
5486	1	1406
4377	4	4128
4426	0	4439
10142	1	10060
6326	1	6162
5501	1	5411
8665	0	4414
9912	0	41
642	0	762
3927	0	105
11701	1	11486
12186	1	12169
11978	1	11971
10990	2	11038
7214	1	6941
10247	1	10060
12263	2	12286
372	1	0
10989	1	10961
4360	4	4128
6862	4	6843
6934	3	1442
11684	2	11711
5484	1	5411
706	2	745
11011	1	10582
1276	0	1264
6278	2	6520
11305	1	11268
1269	0	1335
10230	1	10060
5663	1	5655
4841	3	7574
6899	1	6845
3944	0	239
9826	0	438
9405	1	9366
4848	0	5336
1853	2	2008
7563	0	135
7720	1	7719
10994	1	10582
12192	1	12171
9872	0	2216
10213	1	10060
8489	2	8488
7658	0	3851
6769	4	6722
5036	2	5037
2297	0	57
9767	1	9742
11547	2	11546
5001	2	5000
3545	1	3116
7815	0	7985
10079	1	10058
1406	0	829
11486	3	1181
3952	0	2807
7090	2	7157
9202	3	3947
4258	4	4125
957	1	947
10062	1	10058
9345	2	9348
4762	4	4640
6338	2	6579
5655	0	4440
2116	0	2134
11116	1	11066
8349	1	8333
4241	4	4125
3633	1	3116
11119	1	8731
829	3	916
6924	0	41
8289	0	56
6934	0	1254
2512	2	2610
9833	0	49
2443	0	96
11220	1	11214
4745	4	4640
374	2	373
5043	1	4848
2751	1	2743
11099	1	11066
8336	0	2440
11102	1	8731
6417	1	6162
1219	4	878
1421	1	1406
3721	1	3116
9218	1	9205
6093	3	6112
6400	1	6162
7848	0	83
5131	1	4848
1404	1	1406
2580	2	2669
5460	2	5571
6770	2	6769
5009	1	4848
11474	2	11473
9984	0	134
3077	1	3051
7626	0	84
6932	0	6931
9201	1	9205
185	1	0
2573	1	2515
6383	1	6162
11181	2	11198
1896	1	1791
2303	2	2309
6984	1	6944
290	1	0
5458	1	5412
3047	3	3112
9405	2	9404
3060	1	3051
1454	2	1485
168	1	0
6265	2	6506
1879	1	1791
7078	1	6845
2807	3	7577
7559	0	128
3563	2	3562
5441	1	5412
2375	2	2394
6471	1	6162
10332	2	10339
5914	4	5655
3471	1	3116
6847	2	6846
2402	3	2441
2114	0	1176
11846	1	11486
1875	2	2028
1074	4	878
5825	1	5655
1862	1	1791
1406	3	5636
9985	0	6156
256	1	0
10058	0	51
5424	1	5412
4415	0	4412
2768	2	2829
3359	2	3358
9202	0	79
9184	0	2112
12260	1	12249
142	1	137
3950	0	84
8357	1	8331
5808	1	5655
7044	1	6845
438	3	7569
5333	1	4848
11842	2	11881
1066	4	878
10792	1	10582
6755	2	6756
11228	1	11212
5913	1	5655
7126	2	7193
4315	4	4125
9933	1	9912
2515	0	2109
8354	2	8393
3875	0	933
1049	4	878
1531	4	1408
135	3	7576
492	1	0
11211	1	11212
2764	2	2793
11486	0	11969
10979	1	10960
4642	2	4643
9916	1	9912
1680	2	1743
11486	0	76
7069	2	7140
83	3	7949
4403	4	4125
475	1	0
3795	1	3116
6120	2	6132
10014	1	9983
8509	1	8426
402	2	419
4393	2	4391
8762	0	9003
7558	1	7562
4406	3	4422
2304	3	2809
11746	1	11749
248	3	7542
6735	1	6724
4386	4	4125
162	0	104
4683	2	4682
6214	1	6209
5194	4	5044
3068	1	3049
9119	4	8762
7583	3	7574
2743	0	52
8119	2	8133
9997	1	9983
2590	2	2678
9494	1	9451
8096	0	278
10509	1	10488
6094	3	6111
0	0	51
12136	1	11486
8073	4	8043
3116	0	931
3194	4	3116
10060	0	1336
9192	1	9182
2409	1	2362
8475	1	8426
113	0	41
7506	0	103
11314	1	11265
5171	1	4848
9477	1	9451
4289	1	4125
7724	2	7740
10492	1	10488
9397	1	9366
796	1	642
878	0	5
2514	1	2362
2114	0	50
3941	0	106
10879	4	10582
3177	4	3116
878	3	1242
7262	0	277
11824	0	873
9179	0	435
2406	2	2424
4728	1	4639
3849	1	3116
9460	1	9451
2300	1	2296
658	3	914
9929	1	3944
9984	0	81
4778	4	4666
9840	1	7050
4521	2	4578
5498	1	5412
12108	1	12101
9883	1	9871
1423	2	1440
1880	1	1790
5259	1	4848
9874	0	5
7884	1	7846
4431	0	2100
7249	0	447
1574	2	1576
2242	1	2233
6090	0	6154
9205	0	1
11268	0	7470
7102	1	7071
2951	0	2953
44	3	1241
5481	1	5412
11825	3	1181
769	2	775
11009	1	10964
8909	1	8873
5055	2	5054
12106	0	49
5340	2	5350
1948	2	2101
7085	1	7071
3070	1	3045
11086	2	11138
5464	1	5412
8197	1	8169
10315	0	441
5752	4	5717
8642	2	8641
4343	1	4125
10992	1	10964
5365	0	1250
10997	1	10959
10649	1	10958
3878	3	8107
11824	3	4637
6907	1	6843
10722	2	10737
10980	1	10959
8884	1	8873
1580	4	1408
9853	0	6920
7647	2	7652
11776	2	11775
11977	1	11968
1922	1	1788
8124	1	8120
6366	1	6162
3946	0	2439
6166	1	6158
1563	4	1408
1406	0	134
1905	1	1788
8153	0	278
6873	1	6843
1408	0	929
11911	2	11915
10073	2	10097
6349	1	6162
9226	1	640
12138	2	12151
2515	0	1251
6033	1	5655
6341	2	6582
11179	0	82
135	3	1241
9209	1	640
4155	1	4128
1562	1	1408
10999	1	10955
2362	0	2497
12171	0	1036
12185	1	11486
11699	1	11681
7725	1	7718
10983	2	11032
4138	1	4128
894	1	876
7506	0	50
1545	1	1408
10982	1	10955
3348	4	3116
4365	2	4364
12105	0	2481
9468	1	4830
9202	0	55
3044	3	3113
9924	2	9948
5521	1	3944
877	1	876
8883	1	8874
11005	1	10957
12104	0	134
12102	0	42
8682	1	8665
10657	1	10956
8733	0	435
11584	4	11486
7512	1	7504
7559	0	1177
9273	0	2738
1837	2	1992
4450	0	1176
160	3	8107
3071	1	3044
4878	2	4895
3314	4	3116
1304	1	1271
5421	1	5413
10240	1	10188
5513	1	3944
10499	2	10544
4412	0	4413
9488	1	9452
12257	1	12250
9885	1	9875
3276	2	3274
11121	1	11065
5655	0	630
7764	3	10324
1067	1	946
1292	1	1269
2564	1	2513
8688	1	8667
9481	2	9523
2378	2	2397
4429	2	4435
10223	1	10188
1571	4	1406
4011	2	4010
8151	0	8159
4415	3	4419
4985	2	4984
4750	4	4639
7560	0	50
343	4	0
9961	2	9972
6975	1	6942
4461	1	4431
8894	2	8958
6944	0	4631
2547	1	2513
59	0	932
4759	2	4758
9874	0	86
9984	0	6928
10206	1	10188
9046	2	9098
8730	0	56
4733	4	4639
7890	1	7953
6958	1	6942
4616	3	87
5492	1	5413
9223	1	9204
12103	1	12106
11845	2	11884
8200	2	8234
1409	1	1405
997	1	878
949	0	86
382	4	311
990	1	949
6092	0	55
9962	0	86
9963	1	9962
8357	2	8396
9291	1	451
9206	1	9204
10666	2	10702
3045	0	3111
2375	1	2362
2749	1	2743
2214	3	4480
10882	1	10958
9962	0	4408
4424	0	4447
7892	1	7815
3944	3	5400
973	1	949
7562	0	7617
946	0	1030
7996	1	7990
5453	2	5565
3621	4	3116
7961	1	7953
1303	1	1272
6123	2	6135
8099	1	8077
7875	1	7815
5446	1	5411
11458	2	11457
10228	2	10293
81	3	2803
3053	1	3045
1286	1	1272
9292	1	9270
7672	2	7688
8082	1	8077
7858	1	7815
5429	1	5411
5131	2	5130
7566	1	7560
5014	4	4848
18	2	19
3045	3	3112
10428	0	57
8077	3	8107
3943	0	658
7963	1	7815
5495	1	5413
9275	1	9270
4430	0	2738
4997	4	4848
3692	4	3116
7292	2	7399
2161	4	2118
3547	2	3546
4708	1	4640
10840	1	10958
6983	1	6940
8923	1	8874
781	1	638
10658	1	10955
7727	2	7743
5373	1	5362
11844	1	11486
5102	4	4848
7563	0	5
2144	4	2118
2409	2	2427
4691	1	4640
8906	1	8874
7598	1	7589
4275	1	4128
7082	1	7072
9231	1	9202
4524	2	4581
2774	1	2741
8594	1	8537
491	1	451
658	3	7574
9543	2	9545
1387	4	1339
11932	1	11486
10065	1	5365
7696	1	7660
10058	0	108
24	2	30
2604	1	2513
11455	4	11268
5911	1	5655
7050	3	9849
1276	0	1268
2757	1	2741
892	1	876
11105	1	11064
474	1	451
6116	3	6110
6940	0	86
772	2	778
354	2	353
3442	4	3116
3193	2	3192
8153	0	254
4466	1	4451
625	3	633
8914	1	8762
457	1	451
3078	1	3043
2596	1	2513
9697	1	9547
190	1	162
12307	1	0
9575	1	9547
7953	0	55
7591	0	2816
12132	0	84
8897	1	8762
3061	1	3043
2579	1	2513
6163	1	6159
7136	1	7072
9680	1	9547
3116	0	3887
10763	4	10582
1528	1	1408
8437	2	8455
3693	2	3692
6207	0	680
10155	2	10175
8365	1	8333
4774	4	4646
1705	2	1766
8880	1	8762
10453	1	10429
4832	2	4837
2562	1	2513
5503	1	5411
9888	1	9870
11980	1	11971
2999	1	2968
6289	2	6530
8348	1	8333
10657	1	10582
5447	1	5410
7507	0	2510
10436	1	10429
12250	3	6938
10060	0	104
1134	1	878
5486	1	5411
3587	2	3586
12101	0	7548
8872	1	8762
7658	3	4637
3766	4	3116
263	2	273
2116	0	44
7990	0	432
12034	2	12062
2982	1	2968
2539	2	2634
9202	0	9264
2512	1	2362
5430	1	5410
0	0	108
10060	3	8107
8480	4	8426
7090	1	7070
12141	2	12154
1117	1	878
5337	2	5359
8855	1	8762
3280	4	3116
10215	1	10060
6159	0	3969
2815	3	6113
9983	0	1626
647	1	641
11860	1	11597
12076	3	2352
2454	2	2473
11002	1	10958
3732	4	3116
5061	2	5060
2600	1	2362
6745	4	640
6735	2	6736
5264	4	4848
7770	1	7660
3891	2	3899
8582	1	640
4716	4	4639
5142	4	4848
2247	4	2233
10986	2	11035
11843	1	11597
6985	2	7025
4260	4	4125
10635	4	10588
6159	0	6197
10985	1	10958
2583	1	2362
639	1	641
5458	1	5416
8743	1	8731
7753	1	7660
3944	0	56
4699	4	4639
3820	4	3116
9994	1	9984
2334	1	2278
10968	1	10958
2446	1	2443
5441	1	5416
693	2	732
2785	2	2833
6073	1	5655
1695	2	1757
1536	1	1406
4682	4	4639
12249	0	78
9838	1	9829
1840	2	1995
1406	3	5640
1276	0	276
12250	0	1623
5424	1	5416
4833	1	4830
4707	2	4706
10502	2	10547
1423	1	1406
828	0	826
1867	1	1790
5958	4	5655
2192	1	2118
4830	0	2217
5416	0	5410
438	3	7573
8175	1	8153
2330	3	1181
11825	0	4484
1850	1	1790
2175	1	2118
8762	0	8873
7077	2	7144
3237	1	3116
5422	1	3944
2181	2	2201
11002	2	11047
8046	2	8045
1833	1	1790
59	0	1176
10979	1	10964
7247	0	105
7633	1	7626
7731	1	7718
1938	1	1790
11486	0	80
11010	1	10956
5283	2	5282
2413	1	2402
1560	1	1408
10669	2	10705
946	3	1037
1921	1	1790
9214	1	9202
11856	1	11826
3076	1	3043
7723	1	7718
12104	0	57
8320	0	1504
8520	4	8426
9017	1	8762
2729	1	2484
9186	0	2112
1787	1	1788
194	2	234
6845	0	133
12169	0	55
9991	1	640
0	0	55
1648	1	1408
6914	1	6912
9122	1	8762
5218	4	5111
8560	1	8537
10794	1	10582
8622	2	8621
9192	1	9186
7287	1	7262
7506	0	107
8665	0	8716
6980	1	6941
10443	1	640
1297	1	1265
138	1	0
9935	1	9912
6159	3	1181
9295	1	9273
6261	2	6503
620	3	614
1631	1	1408
11319	1	11264
1533	4	1408
9451	0	1504
3269	2	3268
162	0	242
8622	1	640
8125	1	8112
1285	1	1263
6963	1	6941
11621	0	929
121	1	0
2856	1	2849
5498	1	5416
11302	1	11264
9883	1	9875
1871	2	2025
9166	2	9165
7295	2	7402
10760	1	10582
1858	1	1788
7246	0	106
2728	1	2362
3995	2	3994
2455	1	2400
8528	1	8423
5713	2	5714
9052	2	9104
8036	1	7990
5481	1	5416
2122	2	2139
10865	1	10582
8130	2	8143
7770	2	7778
7358	1	7262
2412	2	2430
10006	1	9912
473	2	557
3311	1	3116
1702	1	1408
9555	2	9588
7563	0	249
10960	0	110
11486	0	1048
5464	1	5416
1615	2	1619
7966	1	7952
120	2	130
1690	1	1406
12194	1	12171
1568	1	1406
8416	2	8419
4747	1	4639
10997	1	10963
7847	0	83
8341	2	8380
246	3	8230
8812	2	8811
3399	1	3116
7133	1	7073
1673	1	1406
4056	4	3972
9833	0	9828
6903	2	6902
3277	1	3116
6759	1	640
12177	1	12171
451	0	1171
10005	1	9985
11826	0	873
12142	1	12134
10198	1	10060
41	3	7800
12078	0	79
6792	1	6776
9983	0	1252
10980	1	10963
7625	0	57
1667	2	1730
11119	2	11164
5208	4	5102
2338	2	2350
1656	1	1406
5655	0	1171
11416	2	11414
10108	2	10129
5525	1	1406
7656	0	49
829	3	91
3045	0	135
4713	1	4639
3487	1	3116
1083	2	1082
8928	1	8873
11659	0	8109
936	0	110
3365	1	3116
6166	1	6162
8190	1	8153
8634	1	8537
9743	0	8715
6130	1	6094
2339	1	2330
5115	2	5114
4696	1	4639
8911	1	8873
10582	0	2507
1217	2	1218
7465	3	4477
12175	2	12213
3875	0	79
11104	1	8731
8087	4	8077
9962	0	277
6292	2	6533
7301	1	7262
3453	1	3116
6254	1	6162
2930	3	2922
133	3	7569
12076	0	4443
10999	1	10959
8600	1	8537
11087	1	8731
9484	1	4830
2542	2	2637
8298	3	8317
878	0	1111
9205	0	9267
4288	4	4128
6096	1	6094
4530	2	4587
4517	2	4575
1408	0	128
12347	1	0
6237	1	6162
8609	1	8537
5011	1	4848
11826	3	4637
8339	1	8331
8897	2	8961
10982	1	10959
2402	0	56
11070	1	8731
933	3	8105
8320	3	944
10862	2	10861
4316	2	4315
6942	0	101
5477	1	5409
8592	1	8537
10922	1	10582
11005	1	10961
10657	1	10960
5099	1	4848
5460	1	5409
7109	2	7176
11486	0	11599
878	0	1245
1611	2	1612
8252	1	3944
7213	1	6941
6473	1	6162
338	2	337
10888	1	10956
5469	1	5409
10988	1	10961
3930	0	658
9640	2	9663
3071	1	3048
8108	3	8105
11848	1	11486
1304	1	1275
8372	2	8410
11010	1	10582
2124	1	2118
10432	3	3112
1268	0	1335
2498	1	2499
7562	0	2815
4246	4	4128
10645	1	10955
6456	1	6162
5452	1	5409
11831	1	11486
1629	3	1443
4767	4	4640
1698	2	1760
23	0	135
12134	0	75
9487	1	4830
3561	1	3116
4950	2	4951
6439	1	6162
1843	2	1998
5435	1	5409
11701	1	11681
11814	1	11486
9476	1	9451
10326	2	10336
947	3	1259
949	0	1245
346	1	0
12074	1	11621
8306	1	8290
277	3	3847
10243	2	10307
4152	4	4125
9470	1	4830
9204	0	55
2362	0	86
5153	1	4848
1413	1	640
9459	1	9451
11092	1	11064
11007	1	10957
11537	2	11536
104	3	6139
4428	0	4439
5970	4	5655
3527	1	3116
7080	2	7147
11005	2	11050
3345	2	3344
10247	1	9450
8734	3	830
11075	1	11064
4432	1	4430
4937	1	4848
312	1	0
10990	1	10957
3510	1	3116
6311	1	6162
6328	2	6569
1406	0	85
9687	1	9667
2443	0	157
10230	1	9450
8241	0	445
3116	0	106
6799	2	6832
1303	1	1276
1344	1	1339
4071	2	4070
6294	1	6162
6978	2	7019
10726	1	10582
7881	1	7845
9670	1	9667
6977	1	6942
876	3	914
10213	1	9450
3053	1	3049
4513	1	4501
1286	1	1276
3079	1	3046
11316	1	11265
2812	3	2803
7563	0	7580
9017	1	9006
2234	2	2232
8704	3	8705
2585	1	2500
4431	0	2214
6983	1	6944
5416	3	5631
9752	1	9742
10658	1	10959
5261	1	4848
1534	1	1406
1799	1	1788
9484	1	9449
10582	0	2938
2568	1	2500
8323	2	8328
3717	2	3716
3051	0	3045
1255	3	1239
8290	0	2496
6749	4	640
6955	1	6845
8553	4	640
828	3	831
6940	0	1245
4431	0	4442
7298	2	7405
9872	3	9908
2551	1	2500
1132	1	1111
10442	1	10427
10432	3	1181
6845	0	6927
7560	0	7572
2513	0	439
8536	4	640
1276	0	1272
2988	1	2966
9208	1	640
403	1	0
141	1	137
4391	4	4128
1115	1	1111
6044	4	5655
5489	1	5414
4686	4	4639
8334	1	8336
986	1	946
3875	0	55
3952	0	3970
3078	1	3047
3945	0	658
4471	1	4450
5472	1	5414
5315	1	4848
8080	2	8078
2163	4	2118
491	1	0
7559	0	673
7658	0	826
6985	1	6940
10660	1	10955
3061	1	3047
9300	1	9272
5455	1	5414
7694	2	7706
3952	0	2815
5041	2	5040
8299	2	8308
9487	1	9449
2146	4	2118
4774	4	4650
8361	1	8332
474	1	0
6796	2	6829
53	3	2922
352	1	0
5520	1	5412
3047	0	110
9283	1	9272
59	0	78
9888	1	9874
2216	3	7542
7788	1	7783
9470	1	9449
961	1	946
5655	0	4448
457	1	0
11855	1	7658
5447	1	5414
11934	1	11486
9743	0	1254
3979	1	3972
2332	2	2343
707	1	642
8539	4	640
10888	1	10582
440	3	6112
7245	1	6845
12039	1	11486
9211	1	640
10508	1	10488
3116	0	53
1675	2	1737
2517	2	2613
11838	1	7658
5430	1	5414
0	0	112
4183	1	4125
5491	1	5410
7780	1	7783
3059	2	3089
5381	1	5361
11599	0	76
7593	2	7606
10824	0	41
12022	1	11486
10491	1	10488
7657	0	7470
6157	1	6160
10782	4	10582
8627	4	640
6001	1	5655
3940	0	106
5443	1	1406
2859	2	2890
1856	1	1788
994	2	1025
3946	0	943
2453	1	2400
11684	1	11681
4271	1	4125
12005	1	11486
7523	2	7541
8331	0	278
5658	2	5676
10765	4	10582
12077	0	2496
8610	4	640
5426	1	1406
7591	0	55
7072	0	931
3856	2	3866
3735	1	3116
2608	1	2500
4528	1	4501
8077	0	8110
1413	2	1430
1944	1	1788
11925	2	11949
8593	4	640
11824	3	1181
86	3	6108
1265	0	1336
8774	2	8773
4511	1	4501
9912	0	2440
1927	1	1788
9461	1	2116
2600	1	2500
10973	1	10957
1660	2	1724
12249	0	82
11112	2	11158
9838	1	9833
8690	1	8667
10432	0	76
7520	1	7506
3930	0	3935
6765	4	6723
78	3	6108
0	3	89
6404	2	6645
1089	2	1088
2583	1	2500
9763	1	9743
3399	2	3398
3412	2	3410
8673	1	8667
3282	4	3116
2715	1	2362
438	3	7577
3881	0	106
7050	0	53
7503	1	7506
7579	3	5400
160	3	8705
1701	2	1763
3062	1	3046
9746	1	9743
5411	3	5636
6747	4	640
7563	0	440
5438	1	5412
11976	1	11968
10454	1	10432
7073	0	85
3370	4	3116
12113	1	11486
7660	0	276
10246	2	10310
11659	0	8166
7845	3	659
6088	2	6087
10792	2	10791
49	3	6103
982	1	878
6276	2	6517
2769	2	2796
9462	1	9454
2535	2	2631
6114	3	6103
7765	0	276
11010	1	10960
12077	0	81
9146	2	9145
9742	0	437
5897	2	5895
4684	4	4639
3049	0	135
12201	1	11486
7728	1	7559
11754	2	11760
4345	1	4125
8497	2	8496
5458	1	3944
8194	1	8153
4835	1	4830
8881	2	8945
11512	4	11486
9427	2	9426
43	3	5400
381	4	303
7562	0	4482
10998	1	10955
1089	1	946
8084	1	8077
640	0	79
12184	1	11486
9179	0	4631
5441	1	3944
4107	1	3972
6094	0	2815
8177	1	8153
5939	2	5938
79	3	916
6981	2	7022
6766	1	6721
10981	1	10955
9966	2	9975
1297	1	1269
3851	3	7800
3944	3	6937
12183	1	12169
10927	4	10582
11698	1	11486
4311	1	4125
10973	2	11022
7562	0	2738
11319	1	11268
5424	1	3944
11597	3	11906
10011	1	9983
85	3	7944
1406	0	1618
8571	4	8537
8174	1	8169
10456	1	10428
12101	0	278
4466	1	4431
8681	1	8665
11178	1	11179
5437	1	5413
2330	0	1505
9853	0	244
8052	1	7990
11424	1	11268
2545	1	2362
4463	2	4496
3208	4	3116
1691	2	1754
5362	0	76
1171	3	4477
11302	1	11268
11601	1	11599
6737	1	6719
6968	1	6940
5660	1	5655
9834	1	9826
7600	1	7589
1176	3	2809
9872	3	7574
12113	1	12104
5420	1	5413
1107	2	1106
6845	0	7037
11285	1	11268
9870	0	7548
12256	1	12250
6720	1	6719
6951	1	6940
8744	2	8756
10067	1	5365
2273	1	2233
9216	1	9202
876	0	55
3116	0	1773
11940	1	11919
3444	4	3116
12134	0	132
2818	3	6112
10445	1	10430
690	1	642
3000	2	3036
2742	1	2741
10998	2	11044
10060	0	84
10060	3	10181
2502	1	2499
6932	3	4635
5158	4	4848
4485	3	4473
9854	1	9853
9833	0	9832
11321	1	11264
10656	2	10716
8679	1	3944
3532	4	3116
8127	1	8112
4510	2	4567
12078	0	83
4331	1	4128
11747	0	79
175	1	162
11785	4	11486
10010	1	9984
11304	1	11264
4942	4	4848
883	1	878
640	3	944
2730	1	2362
10663	1	10958
484	2	567
12164	2	12166
9993	1	9984
530	1	451
3620	4	3116
3945	0	1252
12101	0	1246
2877	2	2903
6090	3	6112
2587	1	2515
3498	4	3116
7050	0	134
6941	0	135
829	3	7800
8290	0	7546
7874	1	7815
10646	1	10958
5378	1	5362
513	1	451
4428	0	658
9829	0	933
9473	1	9452
2362	0	627
2570	1	2515
4203	1	4128
2487	1	2486
7897	1	7847
12106	0	86
4724	1	4640
3586	4	3116
797	1	638
9456	1	9452
9378	4	9366
10427	0	57
57	3	1242
2553	1	2515
1678	2	1740
6158	0	629
448	3	6110
4186	1	4128
12347	1	4
9879	1	9872
1876	1	1791
7071	0	7204
12144	1	12134
8339	1	8335
7880	1	7847
6127	1	6090
11318	2	11379
2536	1	2515
9186	0	9179
5174	4	5004
5477	1	5413
4169	1	4128
8096	0	933
10223	2	10287
9832	0	1176
1859	1	1791
2118	3	2136
12171	0	239
7672	1	7658
4274	1	4128
5460	1	5413
5365	0	132
10970	1	10958
10060	0	2930
5707	4	5655
10888	1	10960
5232	4	4848
1118	2	1152
5525	1	5411
7072	0	1175
10868	2	10867
1947	1	1791
7251	1	7249
10993	1	10960
6352	2	6593
4405	1	4128
11825	0	276
2278	0	2354
1369	4	1339
10645	1	10959
7129	1	7070
8095	3	4896
11621	0	75
957	1	878
1930	1	1791
10582	0	96
10976	1	10960
1663	2	1727
51	3	3871
5320	4	4848
4388	1	4128
344	2	343
8502	4	8426
640	0	2738
3941	0	3928
9476	1	9455
11973	1	11969
2176	1	8120
9574	1	9547
7952	0	55
7658	3	1181
8112	0	6
5303	4	4848
10496	1	10487
3992	4	3972
9679	1	9547
10237	1	10188
9459	1	9455
11748	0	57
8290	0	8298
6942	0	6200
10143	1	10060
5286	4	4848
5414	3	5639
9743	0	9821
10488	0	1032
1414	1	1408
9887	1	9870
59	0	135
7592	0	49
8333	0	135
7215	1	6941
3660	4	3116
3045	0	86
4412	3	830
2528	1	2362
1592	2	1591
8110	3	8105
2852	2	2884
9189	1	9182
6014	4	5655
1133	1	878
11597	0	2724
6765	4	6162
840	1	828
11699	2	11727
4868	2	4885
9375	2	9374
10995	1	10956
4188	4	4125
2126	1	2118
1270	0	1335
3116	0	110
9492	2	9534
712	2	751
1116	1	878
2529	2	2624
10978	1	10956
3748	4	3116
1109	1	949
9204	0	3926
10859	4	10582
8729	0	86
8884	2	8948
10517	2	10561
9768	1	9742
622	3	614
4154	4	4125
8678	1	8666
5989	4	5655
9880	2	9896
8729	0	436
2744	3	1181
938	0	829
1468	1	1408
11856	2	11895
2444	2	2463
4077	2	4076
251	3	2809
10984	1	10958
7673	1	7657
3067	1	3045
9751	1	9742
5490	2	5597
4137	4	4125
5416	3	5635
10658	1	10963
7958	2	7972
7096	2	7163
10726	1	10720
7121	1	7072
10315	3	1231
4242	4	4125
3051	0	3049
7129	1	1406
3050	1	3045
3165	1	3116
9289	1	9270
7625	0	37
4431	0	4446
9837	1	9829
7603	1	7592
9547	0	8532
2947	3	5400
3617	1	3116
6473	2	6715
7562	3	7575
6219	1	6207
10850	1	10582
7968	1	7952
1422	1	1406
10499	1	640
10188	0	2930
10354	1	10329
10195	2	10260
9219	1	9205
9749	2	9784
10060	0	7549
2762	1	2744
3131	1	3116
7951	1	7952
3943	0	2439
7953	0	7984
2406	1	2400
6944	0	7030
3078	1	3051
4471	1	4454
9144	1	8762
10816	1	10582
12105	0	826
1471	1	1408
2931	0	766
2850	1	2744
3061	1	3051
6324	2	6566
2362	0	2481
10520	2	10564
7632	1	7626
8036	2	8035
404	1	391
6728	1	6723
2232	4	2233
4774	4	4654
8361	1	8336
2515	0	430
4024	4	3972
2560	2	2654
5520	1	5416
10904	1	10582
6942	0	81
5665	1	5654
1290	1	1263
1111	0	1177
3075	1	3043
1624	1	1406
9694	1	9547
5425	1	5412
6965	2	7006
7303	1	7262
2880	2	2906
9272	0	1177
4112	4	3972
3116	0	57
765	3	8107
5491	1	5414
1647	1	1408
2360	0	79
6771	4	6721
3990	4	3972
5518	1	3944
5381	1	5365
10956	0	11057
10824	0	45
4865	1	4848
11509	1	11486
7286	1	7262
44	3	1172
10671	1	10582
6239	1	6162
10654	1	10956
4095	4	3972
9934	1	9912
11279	2	11339
1246	3	1241
11614	1	11486
8439	1	8423
1630	1	1408
8612	2	8611
2278	0	2330
2185	1	8120
10198	2	10263
7269	1	7262
6892	4	6845
4299	4	4125
7078	1	7073
876	0	917
4078	4	3972
1695	1	1406
9917	1	9912
825	0	5
2855	1	2849
11597	0	2216
3259	2	3258
2816	3	2924
8422	1	8423
7548	3	10180
9882	1	9875
11118	1	11065
6770	1	6721
2513	0	2700
4427	0	4439
84	3	7949
7504	0	2304
6327	1	6162
2361	2	2381
947	3	1239
4282	4	4125
10220	1	10188
6725	4	6719
9156	2	9155
3205	1	3116
6802	1	6774
5470	1	1406
11101	1	11065
10226	2	10290
86	3	6112
3116	0	3924
6310	1	6162
3779	1	3116
1445	2	1476
10005	1	9912
9042	2	9094
10203	1	10188
11685	1	11486
4462	1	4452
8656	1	8537
9998	1	9983
12135	1	12132
12075	0	1028
4919	1	4848
2261	4	2233
6785	1	6774
10973	1	10961
11084	1	11065
6846	4	6843
10109	1	10060
4641	1	4639
11828	2	11868
6293	1	6162
10995	1	10582
1121	2	1155
3293	1	3116
3930	0	3939
2400	0	2440
7507	0	103
987	1	949
6355	2	6596
12076	0	6114
6094	0	107
3942	0	106
10978	1	10582
3276	1	3116
6758	1	640
58	1	59
2765	2	2846
1898	1	1790
84	3	5400
8802	2	8801
2301	1	2296
9930	1	3944
1620	3	8292
10075	1	10060
5411	3	5640
6893	2	6892
3381	1	3116
5438	1	5416
10188	0	7549
9884	1	9871
3631	2	3630
3047	0	277
1881	1	1790
9875	0	5
6783	2	6816
8687	1	8663
5443	1	5411
6849	1	6845
9913	1	3944
1540	2	1539
5482	1	5412
3927	0	3931
7990	0	6080
9547	0	103
1864	1	1790
4153	2	4152
12077	0	85
5426	1	5411
5221	4	5094
10008	1	9912
8151	0	251
7504	3	7542
4922	1	4848
2266	2	2265
5207	4	5236
643	1	642
5027	1	4848
7647	1	7626
2743	0	2508
2362	0	1623
5499	1	1406
11827	0	5407
3873	3	8230
2278	0	49
655	3	9337
4905	1	4848
10998	1	10959
4191	4	4128
5365	0	55
640	0	83
6157	2	6178
9495	2	9537
715	2	754
256	2	266
4025	2	4024
10198	1	9450
2532	2	2627
10981	1	10959
3583	1	3116
1124	2	1158
3064	1	3046
6384	1	6162
4174	4	4128
4955	2	4954
6093	0	108
10432	0	1048
4483	3	4481
1408	3	1776
4993	1	4848
1302	1	1268
2117	1	2116
10456	1	10432
8125	1	8120
6891	1	6843
995	1	947
3566	1	3116
169	1	0
7693	1	7660
6367	1	6162
10852	2	10851
881	1	1111
6942	0	6928
7847	3	659
4157	4	4128
32	3	5631
96	3	11607
11859	2	11898
8289	0	2943
2878	1	2849
6737	1	6723
10626	2	10625
6968	1	6944
4678	4	4640
9834	1	9830
6957	1	6845
6472	1	6162
10429	0	6921
2276	0	1030
978	1	947
9912	0	9962
6350	1	6162
5493	2	5600
11435	4	11268
11486	0	2211
11829	0	2950
9273	0	2214
7961	2	7975
451	0	106
6845	0	7041
5081	1	4848
1889	1	1788
5273	2	5272
8370	1	8333
6720	1	6723
6951	1	6944
257	1	0
10650	2	10688
6455	1	6162
7730	1	7559
5898	4	5655
12304	1	0
6333	1	6162
4615	1	4616
5362	3	5400
1846	1	1791
8331	0	2807
8353	1	8333
9677	1	9547
6438	1	6162
1366	1	1339
10717	1	10718
3438	1	3116
118	1	0
9177	1	9181
7507	0	50
12171	0	780
5792	1	5655
1829	1	1791
7562	0	7548
8779	4	8762
4485	3	4477
11700	1	11486
11692	2	11721
9752	2	9787
7727	1	7719
2996	1	2968
1934	1	1791
5145	2	5144
10654	1	10582
7954	1	7955
6089	1	6090
9421	1	9366
277	3	8230
6075	2	6074
12169	0	1031
11426	1	11268
5784	1	5655
8771	4	8762
11683	1	11486
2979	1	2968
1917	1	1791
12133	1	12132
7116	1	6845
10229	1	10060
6970	1	6940
2489	2	2494
5366	0	5406
9774	1	9742
11852	1	11827
3413	1	3116
3072	1	3044
7658	0	135
10510	2	10555
1804	1	1791
8199	1	8168
3335	2	3334
9686	1	9667
7099	1	6845
10212	1	10060
6953	1	6940
2362	0	2725
5193	4	5316
5378	1	5366
2563	2	2657
11392	1	11268
9294	1	9269
132	3	9257
7058	1	6940
10317	1	10060
11827	0	1032
3049	0	86
6976	1	6942
5483	2	5591
666	2	672
1293	1	1266
7506	0	278
5383	1	5361
10447	1	10430
692	1	642
1222	2	1221
2410	1	2362
4061	2	4060
11315	1	11265
6968	2	7009
11599	3	1777
395	1	389
3835	2	3834
7815	0	81
6959	1	6942
797	1	642
10327	0	56
3046	0	102
11480	1	11268
451	0	2952
8459	1	8426
11298	1	11265
368	2	367
11115	1	11066
5155	1	4848
530	1	0
9461	1	9451
939	1	936
11118	1	8731
6845	0	438
146	1	137
12109	1	12101
6127	1	6094
4151	1	4125
8291	1	8290
6093	0	55
6431	2	6672
9186	0	9183
2376	1	2362
1111	3	914
11281	1	11265
11098	1	11066
513	1	0
11825	0	7501
11101	1	8731
10201	2	10266
4302	4	4128
10672	2	10708
496	2	578
1408	0	1775
8425	1	8426
2189	1	2118
871	3	10482
938	0	81
11615	0	44
4430	0	4442
3707	2	3706
1131	1	1111
2744	0	135
4239	1	4125
11084	1	8731
10888	1	10964
9204	0	5406
5465	1	5412
2484	3	659
1847	1	1790
104	3	8107
4743	1	4640
2987	1	2966
10993	1	10964
2400	0	106
9983	0	134
1114	1	1111
10645	1	10963
1448	2	1479
5113	1	4848
1830	1	1790
2489	1	2486
4327	1	4125
10976	1	10964
10530	1	10488
3046	3	3112
59	0	5
10676	1	10955
4207	2	4206
8435	2	8452
8333	0	5
3944	0	658
11862	1	11486
4470	1	4450
4616	3	4637
9548	2	9581
9881	1	9872
642	3	674
3044	0	278
4721	2	4816
3791	1	3116
9993	2	10026
794	2	814
11967	1	11486
8306	1	8298
6358	2	6599
6206	1	6207
2931	0	823
8649	4	640
11845	1	11486
4453	1	4450
278	3	5400
3045	0	1245
6093	0	6150
4101	2	4100
5423	1	5412
1646	2	1710
7249	0	1240
5929	1	5655
11828	1	11486
9887	1	9874
8183	2	8216
9826	0	9851
7120	2	7187
3930	0	2439
10959	0	135
1547	4	1408
878	3	1230
11933	1	11486
134	3	6108
2926	3	2923
9189	1	9186
10928	2	10927
878	0	932
11227	1	11212
1949	1	1791
7504	3	3114
10995	1	10960
11106	1	11064
1612	4	1406
9210	1	640
2499	0	1251
5655	0	5798
6017	1	5655
1872	1	1788
1932	1	1791
112	0	102
10978	1	10960
5494	1	5412
6774	3	5355
4501	3	659
4165	1	4125
6000	1	5655
82	3	7949
1855	1	1788
8242	2	8265
2528	1	2500
2452	1	2400
102	3	1241
7788	2	7799
9003	0	6114
1358	1	1339
2812	3	2811
5456	1	5410
5983	1	5655
10966	1	10955
9	2	10
3777	1	3116
7990	0	42
1176	3	2923
3210	4	3116
3067	1	3049
2743	0	658
1601	4	1408
7513	1	7504
9178	0	1240
3044	0	1246
9889	1	9870
1256	3	914
4451	0	1176
3552	2	3553
8298	0	3039
4401	1	4125
5448	1	5410
11568	4	11486
3050	1	3049
10824	0	3969
7625	0	41
11827	0	4846
6924	3	87
3055	1	3044
3298	4	3116
1033	3	5355
9837	1	9833
1288	1	1271
4384	1	4125
11861	1	11824
12134	0	246
5431	1	5410
7263	2	7376
3176	4	3116
3637	2	3636
5275	1	4848
5365	0	433
7560	0	7580
1118	1	878
7572	3	6112
9178	0	435
249	3	8107
2400	0	53
3750	4	3116
2582	1	2500
10353	1	10329
6763	4	640
4367	1	4125
3949	0	92
9277	1	9269
1555	4	1406
10861	4	10582
11534	4	11486
11925	1	11919
10822	0	53
1079	2	1078
11088	1	11065
8925	1	8873
3389	2	3388
1146	1	1111
2601	1	2362
11486	3	2352
3264	4	3116
8331	0	2112
10190	1	10188
1410	1	1405
4717	4	4639
6737	1	6162
10444	2	10471
11071	1	11065
3369	4	3116
9207	1	9204
9292	1	451
7084	1	7071
2584	1	2362
10429	3	1181
10315	0	108
8664	1	3944
6750	2	6749
5346	1	4848
7815	0	57
9547	0	160
4700	4	4639
6720	1	6162
10488	0	44
3352	4	3116
3239	2	3238
1374	2	1373
9275	1	451
110	3	1239
7997	1	7990
7246	0	7258
6759	1	6719
2538	2	2633
1176	3	4480
12104	0	2216
7058	1	7050
2525	2	2621
6942	0	85
1290	1	1267
11486	0	3878
9136	2	9135
8169	0	3877
3075	1	3047
5425	1	5416
4009	2	4008
8095	0	1246
12078	0	681
6057	1	5655
7781	0	57
7860	1	7846
9022	2	9074
7859	1	7815
8674	1	8663
3783	2	3782
8487	2	8486
9912	0	86
12199	1	12169
6845	3	3879
7559	0	7581
8587	4	8537
6889	1	6843
7964	1	7815
5666	2	5684
12077	0	276
3945	0	2439
9912	0	4408
5486	2	5594
7955	0	7984
10654	1	10960
7138	1	7071
11597	0	931
4998	4	4848
7092	2	7160
3993	1	3972
10610	2	10609
4621	1	4616
3571	4	3116
10455	1	10428
11621	0	55
4171	1	4128
4981	4	4848
3875	0	681
94	3	91
5361	0	76
6774	0	658
7634	1	7626
7732	1	7718
7506	0	4844
4692	1	4640
4427	0	4443
7599	1	7589
10438	1	10428
5086	4	4848
3875	0	1031
9832	0	135
6434	2	6675
8730	0	44
4964	4	4848
3861	2	3869
5709	4	5655
8890	1	8874
4359	2	4358
4259	1	4128
5333	2	5332
11698	1	11681
9745	2	9781
9931	2	9954
9918	2	9942
2758	1	2741
893	1	876
244	3	5400
10675	2	10711
9434	4	9366
11745	0	278
4467	1	4451
5655	0	4485
11592	4	11496
5520	1	3944
6915	1	6912
11089	1	11064
458	1	451
9495	1	9452
7507	0	107
6768	2	6767
6981	1	6941
389	0	438
10656	1	10956
3426	4	3116
965	1	947
9834	2	9842
11801	4	11486
7663	1	7660
4225	1	4128
4484	3	4473
11295	2	11355
11320	1	11264
2741	0	1176
7560	0	4844
10498	1	10487
78	3	9849
5410	0	8318
2458	1	2513
2372	2	2391
5516	1	5413
6208	0	680
174	1	162
9559	1	9547
8054	1	7990
6149	3	6139
11405	4	11268
8151	0	4443
9884	1	9875
11303	1	11264
5763	4	5655
11825	0	4846
3115	2	3117
9996	2	10029
9272	0	55
1300	1	1276
2563	1	2513
8687	1	8667
2729	1	2362
10315	0	55
10222	1	10188
8335	0	135
49	3	6111
10625	4	10582
2402	3	2352
529	1	451
9831	0	2816
9832	0	6230
7815	0	943
1283	1	1276
2546	1	2513
10205	1	10188
5377	1	5362
7888	2	7938
512	1	451
7123	2	7190
9828	0	933
3950	0	3967
2529	1	2513
9630	1	9547
5470	1	5411
8919	1	8874
2297	3	2307
10624	1	10582
989	1	949
10998	1	10963
3875	0	3877
4431	0	4426
12346	1	4
8839	1	8762
1094	1	949
938	0	943
8364	1	2114
10981	1	10963
3142	4	3116
7764	0	943
3383	1	3116
2949	3	7542
399	2	416
10616	1	10582
82	3	3871
10986	1	10958
3716	4	3116
1129	1	1111
1077	1	949
6470	2	6711
1302	1	1272
8245	2	8268
3465	2	3464
4316	1	4128
5859	3	9849
5126	4	4848
10817	2	10818
10599	1	10582
987	2	1018
6754	1	6724
10969	1	10958
2447	1	2443
6078	2	6077
7226	2	7243
8762	0	54
6162	0	55
12005	2	12016
389	0	251
7516	1	7507
6761	4	6724
9839	1	9829
6845	0	629
5187	4	5026
285	4	0
3116	0	3875
4404	1	4128
2	0	54
9006	0	239
938	3	944
8094	3	4896
8893	1	8762
6744	4	6724
8667	0	8715
6342	2	6583
464	2	548
11088	1	8731
3058	1	3047
11486	0	4443
5408	1	5416
4387	1	4128
9297	1	9272
1407	1	1406
3940	0	3928
11826	0	4484
12348	1	0
9622	2	9646
1420	2	1437
4714	4	4640
2143	4	2118
3854	2	3863
7658	0	5
373	4	0
8905	1	8874
11071	1	8731
5499	1	5411
4370	1	4128
7848	3	7944
9280	1	9272
9985	0	53
8321	3	944
11214	0	931
7059	2	7066
9984	0	931
4697	4	4640
9458	1	9455
2159	1	2118
0	0	96
997	1	947
2603	1	2513
1817	1	1790
2414	1	2402
980	1	947
11816	4	11486
428	3	614
5518	2	5623
839	1	828
3049	0	1245
7225	2	7244
1800	1	1790
5410	0	105
3077	1	3043
8372	1	8333
1085	1	947
5195	4	5048
3300	2	3301
5900	4	5655
11799	4	11486
7216	2	7234
4661	2	4660
8896	1	8762
6762	1	6722
10977	1	10956
8077	0	8094
7666	1	7655
3060	1	3043
7766	1	7660
1293	1	1270
5383	1	5365
10719	1	10718
8504	4	8426
12075	0	658
8153	0	55
1792	1	1790
7644	2	7649
10007	1	9984
10673	1	10582
9454	0	657
10444	1	640
3634	4	3116
10452	1	10429
1176	3	8107
98	3	7544
11823	1	11826
8677	1	8666
244	3	3871
1251	3	8705
11744	1	11745
9990	1	9984
949	3	1260
6964	1	6941
9461	1	9455
4501	0	44
9572	2	9605
5161	2	5160
10656	1	10582
7506	0	2510
10435	1	10429
330	1	0
931	3	2922
11486	0	11827
5192	4	5040
3066	1	3045
12109	1	12105
1615	1	1408
375	3	8230
134	3	1172
10725	1	10720
5185	4	5111
10761	1	10582
5909	2	5908
6941	0	627
8290	0	1622
6947	1	6941
2305	3	2923
11486	0	873
3051	0	3110
2872	1	2744
1598	1	1408
2114	0	2807
1212	1	878
12105	0	6230
10515	1	640
9688	1	9667
11748	0	7502
4430	0	4446
10330	1	10327
2814	3	6113
4464	1	4452
642	0	246
646	1	641
5465	1	5416
11859	1	11597
12075	3	2352
9055	1	8762
2284	1	2276
10727	1	10582
4372	4	4125
8670	2	8692
1825	1	1788
2400	0	110
6098	1	6093
9547	0	83
1918	2	2070
1905	2	2058
8478	1	8426
11317	1	11265
11842	1	11597
3836	4	3116
5655	0	57
7351	2	7484
9038	1	8762
397	1	389
7497	0	7501
10676	1	10959
5246	4	4848
2405	1	2400
1552	1	1406
4470	1	4454
5463	1	3944
8461	1	8426
8564	1	640
6793	1	6776
11300	1	11265
7262	0	135
2485	2	2491
10376	2	10418
63	1	0
3261	1	3116
6743	1	640
9837	2	9845
6725	4	6162
11298	2	11358
3044	0	632
9989	1	9985
4453	1	4454
7559	3	6112
11283	1	11265
6094	3	6103
6093	0	6154
9667	0	5407
11486	3	4637
10060	0	10188
3944	0	8717
5374	1	5363
6726	1	640
5519	1	5416
10497	2	10542
5245	1	4848
9826	0	56
1518	1	1406
2362	0	448
2190	1	8120
6162	0	1775
8427	1	8426
6902	4	6843
4996	2	4997
6941	0	1245
5664	1	5654
2940	3	916
10443	1	10427
3349	1	3116
4841	3	7542
7562	0	278
6062	4	5655
7466	3	4477
8174	1	8153
4006	4	3972
6747	4	6719
1849	1	1790
7893	1	7848
1468	2	1507
6885	4	6843
4680	1	4639
8895	1	8873
4747	2	4745
935	0	5
9478	1	9450
1606	1	1406
11583	2	11582
824	3	913
7876	1	7848
6868	4	6843
3617	2	3616
822	3	821
8332	0	1176
10532	1	10488
2951	0	2945
9225	2	9253
5494	1	5416
4094	4	3972
10015	1	640
10060	0	873
7815	0	7953
1937	1	1790
6028	4	5655
3116	0	3851
10934	2	10933
11491	1	11486
7589	0	49
6418	2	6659
10454	2	10481
12077	0	1622
5654	0	5690
4417	3	7575
6942	0	7042
505	2	587
4455	1	4450
11264	0	277
1920	1	1790
5456	1	5414
10966	1	10959
638	0	239
4117	2	4116
7364	2	7477
5521	1	5412
7560	0	4417
10963	0	8148
2728	1	2484
6801	1	6774
3178	2	3176
640	0	681
4142	4	4128
1406	0	931
8151	0	44
9831	0	4483
4663	4	4640
4961	1	4848
6979	1	6941
6784	1	6774
7563	0	2815
1262	2	1305
4621	2	4628
963	1	947
878	3	913
15	2	16
10428	3	3114
10972	1	10961
3055	1	3048
6158	3	1181
1288	1	1275
391	0	429
929	3	3871
11839	1	7658
387	4	351
10077	1	10058
8124	1	8112
2305	3	7542
4646	4	4640
10872	1	10582
5436	1	5409
8004	2	8014
120	1	0
8667	0	1254
9277	1	9273
7658	0	7470
8182	1	8151
5049	1	4848
621	3	2923
10977	1	10582
10530	1	640
9825	1	9832
9441	2	9440
6423	1	6162
4213	4	4128
6865	1	6845
5419	1	5409
11685	1	11681
5410	3	5640
8630	1	8537
8179	2	8213
5427	1	1406
2741	3	2820
7560	0	2807
1840	1	1788
5953	2	5952
12076	0	1048
1248	3	1244
6406	1	6162
6883	2	6882
7872	2	7922
1945	1	1788
7107	2	7174
5412	3	1180
10991	1	10957
9874	3	9907
451	0	2932
5363	0	254
3511	1	3116
191	1	0
1530	2	1529
7894	1	7847
6759	1	6723
9453	2	9498
296	1	0
10974	1	10957
1674	2	1736
3057	1	3044
1290	1	1271
8168	0	3877
392	2	410
7049	2	7060
1408	0	1405
2849	0	931
7521	1	7506
7563	0	50
10004	1	9985
9671	1	9667
7877	1	7847
1295	1	1266
10214	1	9450
6942	0	439
4904	1	4848
11860	1	11829
8674	1	8667
390	0	441
3477	1	3116
9912	0	90
4794	4	4699
7559	0	7585
11268	0	54
980	2	1012
4431	0	4483
9987	1	9985
7334	1	7262
7246	0	41
1278	1	1266
10197	1	9450
5346	1	5336
1304	1	1263
528	2	611
262	1	0
11843	1	11829
7669	1	7658
3063	1	3046
9747	1	9743
5412	3	5636
10654	1	10964
11093	2	11174
9667	3	659
8363	1	8331
7507	0	7548
2191	2	2212
3469	1	3116
10455	1	10432
1072	4	878
9491	1	4830
0	0	824
9187	1	9179
386	4	339
10582	0	80
9356	2	9362
8616	1	8537
5814	2	5840
6944	0	1240
6967	1	6944
8346	1	8331
3299	2	3298
7126	1	7070
10438	1	10432
7581	3	9908
6215	1	6208
11266	1	11265
11628	1	11486
3930	0	780
7964	1	7953
4862	1	4848
9483	1	4830
1107	1	946
2550	2	2644
6950	1	6944
7815	0	1618
11486	3	1230
7729	1	7559
9743	0	3039
8606	4	8537
9743	0	6
7783	0	57
5263	2	5262
9006	3	944
10157	1	10060
9466	1	4830
3955	1	3950
5708	2	5707
994	1	1111
640	3	10324
8663	3	8705
5476	1	5409
2972	1	2966
8589	4	8537
2330	3	2352
5695	1	5655
9437	1	9366
8335	0	5
4424	0	4439
6924	0	90
5191	4	5037
9634	2	9657
389	0	442
1275	0	1335
9055	1	9006
5459	1	5409
12082	2	12099
4484	3	4477
12101	0	1177
11699	1	11486
11320	1	11268
10012	1	9983
8251	1	3944
6986	1	6940
10245	1	10060
1303	1	1264
370	1	0
4358	4	4128
10824	0	82
9038	1	9006
9667	0	40
8321	0	7469
2147	4	2118
11303	1	11268
8298	0	4413
6969	1	6940
10228	1	10060
1267	0	1335
5661	1	5655
1286	1	1264
10379	2	10421
9403	1	9366
11621	0	677
10147	2	10169
12077	0	4631
5994	4	5655
9840	2	9848
11408	1	11268
6450	2	6691
6162	0	6207
458	1	0
10961	0	135
6952	1	6940
2506	3	6139
336	1	0
12114	1	12101
6767	4	6722
246	3	5400
5377	1	5366
9009	2	9061
7057	1	6940
640	0	1246
5224	4	5241
8675	1	8666
3543	1	3116
11918	1	11486
10650	1	10957
440	3	7576
11091	1	11064
4765	1	4640
12023	1	11486
5473	2	5581
2278	0	57
9748	1	9742
4167	1	4125
1212	2	1211
7821	1	7812
6322	2	6563
8924	1	8873
4431	0	4430
10582	0	10631
11114	1	11066
7562	0	4844
3631	1	3116
4748	1	4640
7126	1	1406
12006	1	11486
935	0	249
5096	4	5097
6175	2	6193
10058	0	100
9228	2	9256
828	0	871
10513	1	640
8907	1	8873
884	1	878
844	2	865
11097	1	11066
2609	1	2500
6940	0	78
3614	1	3116
1911	2	2064
1302	1	1276
4255	1	4125
3516	4	3116
6421	2	6662
10749	4	10582
8927	2	8991
4133	1	4125
75	3	913
1791	0	5
1565	2	1566
1823	1	1788
10627	4	10582
3719	1	3116
3051	0	134
2362	0	1176
3830	2	3828
3946	0	1252
11080	1	11066
10191	2	10256
3597	1	3116
11972	1	11486
6209	0	6230
10961	0	6230
8577	4	640
9839	1	9833
11863	1	11824
9491	1	9449
239	3	7800
2403	1	2400
1618	3	91
2571	1	2515
242	3	8292
947	0	1246
6090	0	108
3471	2	3470
1628	1	1405
1606	2	1605
2488	1	2486
3685	1	3116
3058	1	3051
2554	1	2515
6039	1	5655
12105	0	5
9483	1	9449
9880	1	9872
2567	1	2500
1877	1	1791
8937	1	8762
8358	1	8336
8289	0	2496
7507	3	6937
1358	2	1357
8305	1	8298
12078	0	4633
3043	0	110
8552	4	640
10803	4	10582
45	3	6108
4980	2	4981
9466	1	9449
11603	1	11598
646	2	653
9871	3	9908
2550	1	2500
5823	1	5655
1860	1	1791
8341	1	8336
5504	1	5410
0	0	100
3249	4	3116
6731	4	640
9983	0	6156
1523	4	1406
5422	1	5412
1380	1	1339
8929	1	8762
12258	1	12249
3354	4	3116
5487	1	5410
2500	0	629
5331	1	4848
766	3	7542
4549	1	4501
7875	2	7925
8168	3	8230
8912	1	8762
6162	0	6154
1948	1	1791
7110	2	7177
985	1	946
3077	1	3047
8338	2	8377
6932	0	6927
10918	2	10917
4668	4	4639
640	0	10053
7130	1	6845
9678	2	9715
968	1	946
10977	1	10960
3320	4	3116
3060	1	3047
1594	4	1406
1293	1	1274
9299	1	9272
2568	2	2660
12102	0	5405
8423	0	86
11825	3	1230
4557	2	4614
4831	0	823
1073	1	946
473	1	0
7969	2	7981
3793	1	3116
7504	0	7549
1298	1	1269
12168	1	11486
6408	2	6648
4312	1	4125
5304	4	4848
4091	1	3972
9282	1	9272
10806	4	10582
2340	2	2353
11577	1	11486
10222	2	10286
4756	4	4639
7787	1	7783
983	2	1015
11418	2	11417
1270	0	6
6307	1	6162
6252	2	6493
658	3	4480
1281	1	1269
8336	0	1176
6212	1	6209
3066	1	3049
9117	4	8762
0	3	77
5408	1	3944
9995	1	9983
8555	4	8537
9457	1	2116
6065	2	6064
7813	0	933
8094	0	278
11095	2	11146
6759	1	6162
1039	1	946
1036	3	5400
11837	1	7658
3071	2	3101
9912	0	1623
11286	1	11268
2407	1	2362
8473	2	8472
4057	1	3972
7336	2	7435
3952	0	3905
5336	0	5
5167	2	5166
8547	4	8537
12117	1	11486
3944	3	1180
10877	4	10582
11550	4	11486
1389	2	1387
11269	1	11268
11941	1	11919
3945	0	943
4270	1	4125
80	3	71
5479	1	3944
8426	0	278
10060	0	10058
11924	1	11919
7882	1	7846
7247	0	447
11812	2	11811
2240	1	2233
640	0	11610
5462	1	3944
12250	0	5
12077	3	10324
1654	2	1718
6160	0	48
6966	1	6941
7506	3	2306
5362	0	5407
12104	0	49
9770	1	9743
7674	1	7657
10429	0	5
8191	2	8224
3068	1	3045
2741	0	135
12204	1	12169
8369	2	8407
6398	2	6639
12171	0	7501
3944	3	5636
8195	1	8169
10434	2	10461
6949	1	6941
9831	0	2930
8073	4	8039
7580	3	7575
4452	3	4473
9274	1	451
7519	1	7506
973	2	1006
11288	1	11264
7071	0	829
5374	1	5367
5363	0	1250
408	1	390
9486	1	9454
8178	1	8169
9853	0	2326
1289	1	1267
10647	1	10958
5379	1	5362
7563	3	7575
10150	2	10172
514	1	451
3149	1	3116
11271	1	11264
6747	4	6723
9057	1	8762
9830	0	933
8094	0	1246
276	3	7544
4423	1	4425
11191	1	11179
9126	2	9125
10240	2	10304
7818	1	7813
12117	1	12104
2780	1	2741
9162	1	8762
9478	1	9454
2747	2	2842
497	1	451
5	3	91
6913	3	89
6249	2	6490
6090	0	6150
3773	2	3772
3944	0	2439
4703	2	4702
2763	1	2741
8153	0	6
5465	1	3944
8340	1	8335
1408	0	657
480	1	451
6871	1	6843
11968	0	86
5476	2	5584
2537	1	2515
3448	4	3116
9186	0	3877
10063	1	5365
10966	1	10963
10520	1	10487
2602	1	2513
11621	0	4438
2520	1	2515
4123	1	3972
4153	1	4128
11448	1	11268
5521	1	5416
6907	2	6906
1843	1	1791
10997	1	10955
4501	3	2306
1279	2	1309
6169	2	6186
5021	2	5020
8930	2	8994
5444	1	5413
1405	0	93
3419	2	3418
78	3	916
1554	2	1553
1826	1	1791
10980	1	10955
8152	0	2738
11826	0	276
949	0	135
4349	2	4348
9273	0	1177
391	0	433
10430	0	7985
5519	1	3944
2118	0	80
1809	1	1791
11866	1	11827
8680	1	8665
5436	1	5413
10140	2	10163
5501	2	5606
11582	4	11486
4449	1	4451
7626	0	56
7510	1	7504
44	3	916
4849	1	4848
6758	2	6757
11849	1	11827
7270	1	7262
5419	1	5413
11406	1	11268
10238	1	10188
11285	2	11345
8098	1	8095
9558	1	9547
924	1	878
6160	0	2439
11119	1	11065
3944	3	1261
12101	0	79
1632	2	1640
11066	0	438
8428	2	8445
10221	1	10188
106	3	4481
11824	0	1032
341	4	0
5466	2	5575
3046	0	86
642	0	681
982	1	947
11102	1	11065
10959	0	1245
2545	1	2513
3044	0	933
8027	2	8026
10432	0	10428
10204	1	10188
6090	0	2930
9374	4	9366
10974	1	10961
10110	1	10060
7878	2	7928
10187	1	10188
995	1	878
4501	3	830
4505	2	4562
1295	1	1270
7113	2	7180
2296	3	2307
307	4	0
988	1	949
8732	1	8731
2594	1	2515
9289	1	451
12083	2	12091
2373	1	2362
2115	2	2140
8082	2	8081
8838	1	8762
10962	1	10956
978	1	878
1278	1	1270
7890	1	7815
971	1	949
9276	2	9305
1252	3	9257
1416	1	640
9992	1	9984
7593	1	7562
2571	2	2663
4736	4	4640
5039	2	5038
175	2	215
9885	1	9871
6013	2	6012
2743	3	2820
5174	4	5126
4461	2	4494
8363	1	8335
7055	1	7050
5969	2	5968
4831	0	128
1301	1	1272
8289	0	7546
8808	2	8807
8688	1	8663
7873	1	7815
6924	3	2352
2303	1	2297
5029	4	4848
9187	1	9183
386	4	343
391	0	246
7585	3	6113
3602	4	3116
8804	1	8762
3875	0	100
246	3	3847
1059	1	949
8346	1	8335
10641	1	10959
3455	2	3454
2851	2	2913
1284	1	1272
9290	1	9270
3941	3	1181
7856	1	7815
10821	1	10824
5427	1	5411
5012	4	4848
7262	0	7470
7896	1	7847
1364	2	1363
4226	4	4125
11486	0	12075
7961	1	7815
658	3	8107
5492	1	5409
0	0	23
9832	0	3876
6944	0	439
8921	1	8874
8303	1	8298
4290	1	4128
9033	2	9085
1393	4	1339
5173	4	5004
3305	2	3304
9040	1	8762
11066	0	251
8095	0	933
4231	2	4229
1402	4	1339
2930	3	6110
8904	1	8874
4192	4	4125
11672	1	11668
9203	1	9205
7080	1	7072
389	0	446
780	3	916
10060	3	10250
3115	1	3116
12106	0	826
7624	0	90
9984	0	53
9023	1	8762
1410	2	1427
4484	3	4481
8112	0	128
894	2	910
11668	0	134
11922	2	11946
6986	1	6944
1385	4	1339
4031	2	4030
1303	1	1268
996	1	947
7694	1	7660
8740	1	8729
11453	4	11268
405	1	391
6940	0	6230
9667	0	44
10449	1	640
6969	1	6944
1286	1	1268
12171	0	40
6217	1	6208
11815	4	11486
10783	1	10582
12164	1	11825
388	1	391
5666	1	5654
1291	1	1263
6401	2	6642
3601	2	3600
6952	1	6944
9695	1	9547
7563	0	7572
12114	1	12105
10215	2	10280
11397	2	11395
976	2	1009
9573	1	9547
3882	1	3881
11839	1	11826
8256	1	8241
7665	1	7655
3059	1	3043
10650	1	10961
7134	1	7072
9678	1	9547
10957	0	11057
5382	1	5365
640	0	4633
1245	3	6108
3677	2	3676
1526	1	1408
5882	4	5655
9556	1	9547
10451	1	10429
3042	1	3043
9057	1	9006
1821	2	1976
9886	1	9870
2783	1	2744
8332	0	135
2997	1	2968
2185	1	2229
4300	4	4125
10434	1	10429
1696	1	1406
9918	1	9912
8457	2	8456
2849	3	2819
1574	1	1406
7990	0	160
11707	2	11734
9869	1	9870
2766	1	2744
3764	4	3116
5151	2	5150
2980	1	2968
4283	4	4125
4831	0	75
4	0	6
4062	4	3972
8423	0	277
9775	1	9742
7990	0	4482
11548	4	11486
4925	2	4924
6747	4	6162
5899	2	5898
8878	2	8942
12077	0	931
460	1	0
10523	1	10490
8485	2	8483
7845	0	83
4463	1	4452
645	1	641
12076	0	1028
11858	1	11597
11564	1	11486
11232	2	11256
11085	1	11065
9182	0	6200
3730	4	3116
8303	2	8312
4371	4	4125
1503	3	7574
1091	1	949
7814	2	7842
7855	2	7905
10329	0	108
5367	0	54
5468	2	5643
10506	1	10490
7507	0	278
4249	4	4125
6172	1	6162
5529	1	5414
7752	2	7758
642	0	657
947	0	1250
2245	4	2233
1408	0	96
11841	1	11597
11547	1	11486
11068	1	11065
396	1	389
2461	1	2443
4354	4	4125
6159	0	448
2362	0	375
5512	1	5414
1618	3	7800
11299	1	11265
3818	4	3116
531	1	0
8733	0	57
2444	1	2443
10143	2	10166
11486	3	2820
10962	1	10582
6742	1	640
9836	1	9829
10366	2	10408
8741	2	8753
5504	1	5414
11442	2	11441
4380	2	4378
3147	1	3116
6437	2	6678
5422	1	5416
10188	3	10250
6763	4	6719
8150	1	8151
2874	1	2744
3243	1	3116
1865	1	1790
9005	2	9058
5655	0	6079
8671	1	8663
2298	1	2278
2815	3	6109
5487	1	5414
9743	0	441
28	1	0
9468	2	9510
1406	3	1180
10928	1	10582
6233	2	6474
1848	1	1790
5469	2	5578
2173	1	2118
4679	1	4639
11486	0	8318
3531	2	3530
1913	1	1788
1831	1	1790
5475	1	5409
11597	0	110
10977	1	10964
6309	2	6550
11749	0	277
8778	2	8777
7631	1	7626
5483	1	1406
9547	0	762
4773	4	4643
1936	1	1790
11573	2	11572
2362	0	54
1814	1	1790
4508	2	4565
9968	1	3944
9215	2	9243
8923	2	8988
2411	1	2402
8735	1	8734
6160	0	6200
5466	1	1406
1919	1	1790
10965	1	10959
836	1	828
4158	4	4128
11854	1	11826
3403	2	3402
7660	0	134
10658	2	10695
482	2	565
3051	0	1240
828	0	822
2879	1	2849
111	1	112
4977	1	4848
8663	0	658
9835	1	9830
11668	0	110
6351	1	6162
4107	2	4106
2242	2	2241
11969	3	1181
7764	0	4631
2862	1	2849
1926	2	2078
53	3	6110
2118	0	2231
6091	1	3944
10441	1	640
136	1	0
3054	1	3048
6334	1	6162
4124	4	4128
11419	4	11268
1287	1	1275
9293	1	9273
5777	4	5655
2400	0	1623
4943	1	4848
7268	1	7262
10996	1	10957
8325	0	6114
9458	2	9501
7664	2	7681
4651	2	4650
119	1	0
7517	2	7536
57	3	7569
2854	1	2849
9276	1	9273
9150	2	9149
5760	4	5655
7373	1	7262
6912	0	7046
10236	1	9450
11306	2	11366
4212	4	4128
5418	1	5409
4817	4	4730
9036	2	9088
4093	1	3972
4935	1	4848
7887	1	7845
11579	1	11486
9476	1	2116
5743	4	5655
3753	2	3752
7356	1	7262
6752	1	6721
1813	1	1791
3944	0	81
4469	1	4431
6309	1	6162
10004	1	9912
9040	1	9006
3309	1	3116
11684	1	11486
4906	2	4913
9853	0	102
8331	0	83
7870	1	7845
10846	1	10582
9459	1	2116
5367	0	135
7813	3	3947
7339	1	7262
1796	1	1791
3944	3	5640
10108	1	10060
2931	0	246
3073	1	3044
190	1	0
9987	1	9912
9023	1	9006
4452	3	4477
11667	1	11486
11288	1	11268
7545	3	7542
9826	0	2508
7853	1	7845
2402	0	105
6758	1	6723
9674	2	9712
6978	1	6845
10648	2	10686
7662	1	7656
3397	1	3116
3056	1	3044
9983	0	41
1289	1	1271
4385	1	4125
7131	1	7073
9295	1	9269
5379	1	5366
1303	2	1333
12175	1	12171
8645	4	8537
278	3	6112
11271	1	11268
8665	3	4637
10196	1	10060
6777	2	6810
10448	1	10430
12105	0	440
6961	1	6845
11755	1	11486
7114	1	7073
9278	1	9269
7631	2	7640
9625	2	9649
841	2	861
5734	1	5655
5523	1	1406
11926	1	11919
85	3	2809
6960	1	6942
10431	1	10430
11597	0	57
7668	1	7658
3363	1	3116
8566	2	8565
9173	4	8762
4138	2	4136
6128	1	6094
6943	1	6942
2111	0	1176
12207	2	12246
949	0	5
10343	2	10385
1824	2	1979
11309	2	11369
3451	1	3116
10437	1	10432
8734	0	447
5050	4	5051
10783	2	10781
11826	0	5407
11082	1	11066
709	2	748
8298	0	2112
965	1	878
11085	1	8731
1788	0	135
2743	0	81
8112	0	51
3289	2	3288
6924	3	4637
11486	0	12132
2997	2	3033
11668	0	57
10010	2	10043
5653	2	5673
11486	0	239
8096	0	1246
393	1	390
7246	0	3969
11068	1	8731
6092	0	108
4269	4	4128
7055	2	7062
391	0	437
8153	0	3877
3946	0	3944
3687	1	3116
2156	1	2118
2971	1	2966
2297	3	2104
3120	4	3116
11832	2	11871
2556	1	2515
3789	2	3788
713	1	642
5097	1	4848
8155	2	8158
4622	1	4616
9575	2	9608
8250	1	3944
6130	1	6090
114	2	123
2539	1	2515
4189	1	4125
6385	2	6626
3046	0	1245
3775	1	3116
4982	4	4848
95	3	91
9300	2	9329
7507	0	4844
6454	1	6162
7560	0	2815
2522	1	2515
5993	2	5992
946	0	278
5063	1	4848
1845	1	1791
4831	3	1259
10327	0	44
11837	1	11826
4676	1	4640
6437	1	6162
9181	0	101
6096	1	6090
8259	2	8282
949	3	1244
11812	1	11486
11107	1	11064
10490	0	134
5791	1	5655
1828	1	1791
8304	1	8290
9273	0	2954
10824	0	277
4659	1	4640
5655	0	2940
6420	1	6162
11825	0	134
4243	1	4128
6940	0	5
4468	1	4451
4183	2	4182
5151	1	4848
5896	1	5655
1933	1	1791
9457	1	9451
7132	1	6845
6236	2	6477
11090	1	11064
7051	0	82
5774	1	5655
1811	1	1791
1295	1	1274
12250	0	440
955	2	1054
3944	0	6928
10666	1	10963
9702	1	9667
5879	1	5655
1916	1	1791
7115	1	6845
3979	2	3978
132	3	11607
8527	2	8530
10962	1	10960
10245	1	9450
11073	1	11064
10429	0	440
310	1	0
7125	1	1406
5478	1	5412
1278	1	1274
9685	1	9667
1899	1	1791
7098	1	6845
2443	0	824
10228	1	9450
3613	1	3116
9273	0	55
1301	1	1276
5461	1	5412
5655	0	41
4055	2	4054
5967	1	5655
8336	0	135
2281	1	2276
3944	3	944
11826	0	1032
7559	0	2816
7081	1	6845
1901	2	2054
10641	1	10963
1284	1	1276
8917	2	8981
162	0	80
11598	3	1777
11862	1	11824
7630	2	7639
5432	1	5410
1119	1	878
11297	1	11265
1405	0	44
10961	0	7580
11845	1	11824
11907	2	11908
5414	3	5631
7506	0	79
5415	1	5410
3160	4	3116
7572	3	7576
12078	0	2816
6940	0	7039
1102	1	878
1067	2	1066
8840	1	8762
3832	1	3116
3734	4	3116
980	1	878
2566	1	2500
4432	1	4426
4351	1	4125
11828	1	11824
1396	1	1339
5242	1	4848
11518	4	11486
7595	1	7562
9984	0	57
8424	1	8426
1085	1	878
6772	1	6724
2515	0	2703
3815	1	3116
9870	3	9908
2549	1	2500
1130	1	1111
6924	0	448
2585	1	2362
3248	4	3116
8740	1	8733
2123	2	2142
7890	1	7848
6755	1	6724
8892	1	8873
8806	1	8762
4619	2	4625
7659	1	7657
1113	1	1111
4214	2	4212
2532	1	2500
2568	1	2362
12078	0	2950
10933	4	10582
11687	2	11714
2446	1	2362
8180	1	8169
3231	2	3228
7873	1	7848
4949	2	4948
1291	1	1267
8875	1	8873
984	1	946
8332	0	5
2551	1	2362
8297	0	7548
10060	0	6118
7865	2	7915
3214	4	3116
5313	1	4848
8495	1	8426
10490	0	81
9191	1	9180
7660	0	57
7856	1	7848
9966	1	3944
967	1	946
10651	2	10689
3059	1	3047
3365	2	3364
1245	3	6112
6041	1	5655
11827	0	4484
171	2	212
8177	2	8210
8359	1	8332
6780	2	6813
7139	1	7071
4470	2	4476
5518	1	5412
12045	1	11486
3042	1	3047
9826	0	658
5438	2	5552
322	2	321
9281	1	9272
1252	3	914
3161	2	3160
1932	2	2084
9886	1	9874
7786	1	7783
9468	1	9449
8342	1	8332
4848	0	79
7122	1	7071
11853	1	7658
6211	1	6209
3977	1	3972
3944	0	8164
2281	2	2290
4860	4	4848
2400	0	41
9869	1	9874
6758	1	6162
1406	0	110
9833	0	135
7585	3	7569
7105	1	7071
9860	1	9853
5489	1	5410
4181	1	4125
11836	1	7658
78	3	91
8685	1	3944
10346	2	10388
8334	1	8332
11422	2	11421
1628	1	1629
11312	2	11372
9871	0	86
7226	1	6845
7568	3	7569
7088	1	7071
5472	1	5410
8625	4	640
4948	4	4848
8463	2	8462
5205	4	5066
3944	0	943
7073	0	134
10060	0	5797
2256	1	2233
11682	1	11681
7667	1	7655
12003	1	11486
1171	3	8230
12102	0	823
3737	2	3736
5455	1	5410
11521	2	11520
12075	0	2496
947	0	1254
9496	1	9452
106	3	5400
640	0	933
3927	0	943
1299	1	1265
11971	3	10324
10725	2	10740
10874	1	10963
10377	1	10329
8845	2	8771
4252	1	4125
1633	1	1408
6757	4	6721
8591	4	640
4914	4	4848
8297	0	3039
9479	1	9452
6895	4	6845
3949	0	1503
1263	0	1336
6312	2	6553
1282	1	1265
4209	1	4128
4789	4	4688
11826	0	4846
6878	4	6845
9578	2	9611
5365	0	100
9836	1	9833
6948	1	6941
9547	0	2726
5428	2	5543
6962	2	7003
12110	1	12102
2608	1	2362
7518	1	7506
9471	1	9452
1878	2	2031
2873	1	2744
6763	4	6723
1599	1	1408
11287	1	11264
6388	2	6629
11104	1	11065
9833	0	6230
10961	0	1245
5655	0	6083
3383	2	3382
11857	1	11829
10352	1	10329
8671	1	8667
2944	0	2947
3376	4	3116
49	3	7575
1704	1	1408
4175	1	4128
6092	0	2930
11270	1	11264
9056	1	8762
11087	1	11065
511	2	595
466	2	547
11840	1	11829
2530	1	2513
5409	3	5636
6099	1	6093
8729	0	375
10189	1	10188
7817	1	7813
11448	2	11447
1687	1	1408
5987	2	5985
8262	2	8285
172	2	211
11974	1	11968
1266	0	239
10995	2	11042
44	3	2803
11070	1	11065
5475	1	5413
5761	2	5759
4356	4	4125
2484	0	2738
4857	2	4856
10188	0	6118
8903	1	8874
1704	2	1767
6794	1	6776
3116	0	3916
10992	2	11058
1339	0	930
7765	0	943
3351	4	3116
12075	0	81
12076	0	3878
5705	4	5655
963	1	878
6160	0	6204
8886	1	8874
3079	2	3109
6777	1	6776
8690	1	8663
12199	1	11486
956	1	949
10965	1	10963
11486	0	4484
10519	1	10487
1849	2	2002
3334	4	3116
6765	4	6719
3245	1	3116
11859	1	11825
1087	1	946
1406	0	57
4298	2	4299
4698	1	4639
8673	1	8663
10502	1	10487
6168	1	6159
10243	1	10188
7050	0	49
8340	1	2114
7809	3	2358
4770	4	4639
12074	1	12077
101	3	91
11842	1	11825
9204	0	6927
6886	4	6843
8731	0	2815
7314	2	7418
1300	1	1264
10454	1	10428
10996	1	10961
11865	1	11827
5367	0	5
9689	2	9726
8679	1	8665
823	3	821
8333	0	1176
8050	1	7990
385	4	335
55	3	1244
57	3	7573
878	0	1030
4785	4	4681
8794	2	8793
9462	1	9450
1283	1	1264
9870	3	7574
11969	0	82
10490	0	57
6129	2	6143
5418	1	5413
7806	3	7800
135	3	2803
8590	2	8589
5483	1	5411
4692	2	4693
5068	4	4848
106	3	7575
12315	1	0
7558	1	3944
4681	4	4640
3116	0	2440
981	1	947
2816	3	6112
3073	1	3048
5466	1	5411
4337	1	4128
2366	1	2360
7815	3	7944
2740	2	2787
4452	3	4481
4664	4	4640
8373	1	8333
7248	1	7247
323	4	0
964	1	947
7662	1	7660
6305	2	6547
3056	1	3048
9983	0	45
4483	3	4473
7330	2	7430
11421	4	11268
1289	1	1275
6270	2	6510
5779	4	5655
3530	4	3116
8356	1	8333
1069	1	947
2861	2	2911
1294	1	1270
4329	1	4128
6093	3	2441
11745	0	79
5437	1	5409
23	0	54
12076	0	658
12169	0	8110
5884	4	5655
173	1	162
11783	4	11486
9278	1	9273
7304	2	7409
8030	4	8026
1277	1	1270
7119	1	7072
970	1	949
5420	1	5409
11766	4	11486
1415	1	640
9991	1	9984
7889	1	7845
528	1	451
3813	2	3812
8517	2	8516
11285	1	11264
5745	4	5655
3618	4	3116
3943	0	1252
6159	0	78
2362	0	5
7660	0	7656
1780	2	1781
8362	1	8335
3496	4	3116
8926	1	8874
871	3	5400
9225	1	9205
11486	0	109
7733	1	7660
8841	2	8813
3950	0	251
5376	1	5362
7872	1	7845
511	1	451
9827	0	933
9875	3	9907
10076	2	10100
8333	0	50
192	1	0
3940	3	1181
11475	4	11268
12106	0	6230
947	0	75
6160	0	85
5229	4	5114
2965	1	2968
7895	1	7847
494	1	451
7070	0	135
12104	0	86
3584	4	3116
2743	0	85
5655	0	2326
12344	1	0
5938	4	5655
7700	2	7710
9877	1	9872
10728	1	10582
8185	1	8168
8934	1	8762
0	0	84
7878	1	7847
6464	2	6705
8363	1	2114
10639	4	10600
6125	2	6136
7095	1	1406
8094	0	933
9775	2	9811
8917	1	8762
7220	2	7237
81	3	6109
6962	1	6942
2114	0	83
8346	1	2114
6260	2	6501
11671	1	11668
7790	2	7802
1090	4	878
7670	1	7658
11301	1	11265
10718	0	86
8900	1	8762
6090	3	6108
8364	1	8331
6945	1	6942
3069	2	3098
11627	1	11621
5523	1	5411
7515	1	7507
8548	1	640
6760	4	6724
5108	4	4848
11284	1	11265
8811	4	8762
3872	3	9849
12112	2	12125
10677	1	10582
9482	1	9455
4322	4	4125
1367	4	1339
6315	2	6556
9411	2	9410
7127	1	7070
5375	1	5363
7559	3	7576
1056	4	878
2191	1	8120
11267	1	11265
8666	0	8715
6786	2	6819
10444	1	10427
9465	1	9455
7563	0	278
5318	4	4848
1290	2	1320
8500	4	8426
5431	2	5546
7070	0	6230
1881	2	2034
2174	1	8120
11749	0	41
2990	1	2966
936	0	5
4369	1	4128
8483	4	8426
6731	4	6719
6941	0	7031
9457	1	9455
10060	0	1048
2973	1	2966
6118	3	6111
8336	0	5
5284	4	4848
5512	2	5617
9056	1	9006
6934	0	108
8602	1	640
1816	1	1790
9181	0	239
1033	3	5400
10962	1	10964
4647	1	4639
10327	3	830
5478	1	5416
1406	3	1778
4456	1	4450
640	0	2950
6012	4	5655
11825	0	12165
7955	0	56
105	3	8705
6763	4	6162
2515	0	2439
838	1	828
10993	1	10956
7780	2	7793
10326	1	10327
10499	1	10488
11486	0	56
9451	0	57
354	1	0
3250	2	3248
5461	1	5416
8746	1	8731
10964	0	8148
1372	2	1371
5655	0	45
1904	1	1790
2400	0	448
5787	2	5794
10976	1	10956
2984	2	3020
9202	0	3926
10522	1	10490
1404	2	1424
1887	1	1790
5978	4	5655
162	0	84
3495	2	3494
9181	0	6200
6247	2	6487
8676	1	8666
5432	1	5414
4823	4	4745
10607	2	10606
946	0	1250
10426	1	640
9204	0	9265
8187	2	8220
283	2	281
5414	3	5635
7506	0	83
5415	1	5414
10531	1	640
8605	1	640
6940	0	627
6946	1	6941
1252	3	1239
7127	1	1406
9692	2	9729
4271	2	4269
9189	1	9178
9287	2	9316
1841	1	1788
12102	0	75
8290	0	134
10514	1	640
8908	1	8873
5750	4	5707
4197	4	4128
1604	4	1408
5756	4	5733
3141	2	3140
7560	3	7575
8255	2	8279
165	2	205
10848	1	10582
3622	2	3620
1218	4	878
2283	1	2276
10013	1	9985
1824	1	1788
10497	1	640
8891	1	8873
6728	2	6727
11432	2	11431
4180	4	4128
1587	4	1408
3129	1	3116
1929	1	1788
11659	0	246
1807	1	1788
8131	1	8120
3957	1	3949
1291	1	1271
11864	1	11824
175	1	0
3703	1	3116
8423	3	2358
878	3	767
10011	1	640
2404	1	2400
193	2	232
1570	4	1408
11292	2	11352
10814	1	10582
1912	1	1788
6743	1	6723
11189	2	11205
9191	1	9184
12191	2	12230
11847	1	11824
6924	0	3969
3059	1	3051
9988	1	9985
7889	1	7955
1895	1	1788
402	1	391
6726	1	6723
7624	0	932
8359	1	8336
3950	3	659
11830	1	11824
9175	4	8762
47	3	10482
12078	0	55
5518	1	5416
3042	1	3051
6934	0	55
9485	1	9450
2598	2	2686
11604	1	11598
10188	0	1048
4835	2	4840
1288	1	1263
7307	2	7412
8342	1	8336
638	3	659
10579	1	10490
11782	2	11781
7892	1	7848
10439	1	10432
4110	4	3972
5506	1	5411
7249	0	106
7585	3	7573
9192	2	9200
8063	4	7990
3116	0	135
4863	1	4848
11507	1	11486
12037	2	12065
7960	1	7955
2362	0	249
328	2	327
3167	2	3166
7284	1	7262
7875	1	7848
10079	2	10103
255	0	128
9932	1	9912
10662	2	10699
8777	4	8762
8437	1	8423
10963	0	110
78	3	7800
9467	1	4830
7858	1	7848
7267	1	7262
969	1	946
7548	3	9908
7076	1	7073
1693	1	1406
5671	1	640
9915	1	9912
12197	1	12171
7703	2	7713
7372	1	7262
6768	1	6721
4425	0	4439
6728	1	6719
10060	0	10123
1299	1	1269
8525	1	8423
8736	1	8730
1676	1	1406
10428	0	440
2583	2	2673
6800	1	6774
7355	1	7262
9778	2	9814
44	3	7800
4468	1	4431
7323	2	7424
1282	1	1269
698	1	642
7124	1	7071
12168	1	12169
8654	1	8537
4075	1	3972
9996	1	9983
9458	1	2116
6783	1	6774
11561	1	11486
5662	1	5655
5451	1	1406
7338	1	7262
10107	1	10060
9476	2	9518
5365	0	104
6291	1	6162
7107	1	7071
10993	1	10582
12110	1	12106
2773	1	2743
4451	3	4477
9182	0	276
7764	0	49
11287	1	11268
1176	3	6111
10432	0	158
5189	4	5029
6881	1	6845
5434	1	1406
12115	1	12101
7661	1	7656
8666	0	1254
6274	1	6162
7130	1	7073
2278	0	2326
10976	1	10582
2756	1	2743
11270	1	11268
4661	1	4640
10195	1	10060
6864	1	6845
2258	1	2233
5070	2	5071
4308	4	4128
769	1	642
5409	3	5640
1293	2	1323
5514	1	5409
1627	3	8107
6751	4	6722
5434	2	5549
875	2	898
8426	0	8532
9882	1	9871
827	0	79
2440	3	2811
11009	2	11062
4430	0	2100
6847	1	6845
5859	3	7800
6924	3	1181
9911	1	3944
5497	1	5409
10888	2	10887
7563	0	4844
10942	1	10582
5411	3	1180
5716	1	5655
4412	0	3938
924	2	927
7507	3	2306
12075	0	85
3949	0	247
1784	1	1406
9771	1	9743
4548	2	4605
11268	0	11264
915	3	10176
5515	2	5620
4732	1	4640
2250	2	2249
7110	1	1406
7815	3	3947
3493	1	3116
364	2	363
7273	2	7383
11081	1	11066
4715	1	4640
7093	1	1406
8526	3	2358
11859	1	11829
5363	0	55
6941	0	54
10611	4	10582
3930	0	1252
3048	3	2137
10196	1	9450
11669	1	11668
3581	1	3116
2987	2	3023
11842	1	11829
3483	4	3116
6382	1	6162
663	2	670
8561	4	640
2781	1	2741
10594	4	10582
946	3	1257
7506	0	7548
2115	1	2116
1300	1	1268
12319	2	12343
9490	1	4830
1553	4	1408
6365	1	6162
879	1	1111
12106	0	5
11233	1	11212
57	3	7577
947	3	914
9395	2	9394
1283	1	1268
51	3	5400
12078	0	1775
3547	1	3116
780	3	7800
9467	1	9449
5257	2	5256
110	3	7944
6949	2	6990
11680	2	11741
6453	1	6162
9444	1	9366
9351	3	1442
0	0	625
2521	1	2515
643	1	638
4274	2	4272
2534	1	2500
1844	1	1791
462	2	544
3944	0	439
4830	3	1259
2362	0	1030
6436	1	6162
1364	1	1339
3861	1	3853
2818	3	2811
5837	2	5868
2744	0	50
5983	2	5982
10718	0	277
168	2	208
949	0	1034
6740	1	6724
7969	1	7955
2815	3	7569
2517	1	2500
1827	1	1791
7560	0	7548
5471	1	5410
11827	0	276
3216	4	3116
8596	2	8595
4483	3	4477
1560	2	1559
1302	1	1264
9419	1	9366
1595	4	1406
10373	2	10415
1294	1	1274
5454	1	5410
4173	2	4172
1788	0	2103
4652	4	4639
2513	3	2352
1915	1	1791
3075	2	3106
952	1	946
1277	1	1274
11850	1	11827
5281	1	4848
1124	1	878
2968	0	278
12002	2	12013
7097	1	6845
10430	0	158
6213	1	6209
1561	4	1406
7506	0	3039
8291	2	8294
5655	0	102
5376	1	5366
5166	4	4848
11390	1	11268
7056	1	6940
6159	0	432
2601	2	2689
9172	2	9171
3047	0	86
9392	4	9366
7310	2	7415
7086	2	7153
6169	1	6162
12136	2	12149
1206	2	1205
10591	2	10590
1544	4	1406
7350	2	7447
5818	2	5843
6743	1	6162
2173	2	2193
3819	2	3818
3743	1	3116
325	4	0
8321	0	6115
7215	1	7210
7820	1	7812
5364	1	5361
7548	3	7574
12344	1	4
528	1	0
6726	1	6162
996	1	878
6877	2	6876
11581	2	11580
144	1	137
5413	3	5631
2374	1	2362
7883	1	7846
4398	2	4399
6748	1	6722
511	1	0
4511	2	4568
81	3	6113
11822	0	3851
4033	1	3972
4319	2	4318
1408	0	1503
9913	2	9939
5655	0	3969
5293	2	5292
7560	0	3039
5738	2	5737
2578	1	2515
7866	1	7846
12102	0	132
494	1	0
7675	1	7657
8364	1	8335
9202	0	5406
6924	0	6925
5463	1	5412
10728	1	10720
1453	1	1408
9490	1	9449
7849	1	7846
3701	1	3116
9754	1	9743
5528	1	5410
1112	1	1111
4220	1	4125
5375	1	5367
3942	3	1181
8559	4	640
4325	1	4125
4462	1	4424
10819	4	10582
5511	1	5410
699	2	738
9274	1	9270
8936	1	8762
4939	2	4938
7506	3	6937
8424	2	8442
8304	1	8298
9983	0	2440
2176	2	2196
8647	4	640
1629	0	103
6731	4	6723
7562	3	5400
9041	1	8762
9826	0	6196
10530	2	10575
7730	1	7718
2764	1	2741
10674	1	10961
9146	1	8762
11486	0	276
1296	2	1326
7247	0	1240
5927	1	5655
9024	1	8762
255	0	51
7104	2	7171
6213	2	6223
9998	1	640
823	3	10250
4456	1	4454
312	2	311
7563	0	766
464	1	451
9007	1	8762
9213	1	9202
10063	2	10087
2362	0	2400
6855	1	6843
2296	0	277
9859	1	9853
9112	1	8762
10019	1	9983
4551	2	4608
9481	1	2116
0	0	251
6802	2	6835
5	3	8105
3952	0	55
394	2	413
8325	0	8326
839	2	858
11412	2	11411
6451	2	6692
3424	4	3116
9464	1	2116
12104	0	2481
828	0	135
10958	0	11057
10208	2	10274
9762	2	9798
640	0	55
6059	2	6058
5981	1	5655
11064	0	8106
946	0	1254
8335	0	1176
516	2	598
6887	1	6845
3065	2	3095
3727	2	3726
7511	1	7504
4073	1	3972
6756	4	6721
5503	1	3944
45	3	916
1254	3	914
657	3	1241
11321	2	11382
3501	2	3500
8664	1	8665
12133	1	11486
10637	4	10617
6724	0	1254
8659	4	8537
11566	4	11486
1575	1	1406
6739	4	6721
5486	1	3944
11979	1	11968
11004	1	10963
11833	1	11827
11598	0	1032
2547	2	2641
10997	2	11061
9912	0	135
5756	4	5737
7563	0	4417
8336	0	8332
4227	2	4226
11821	4	11770
7764	0	106
10960	0	1245
10329	0	657
9568	2	9601
10987	1	10963
3944	3	6108
6860	4	6845
6952	2	6993
8544	2	8543
4365	1	4125
4267	4	4125
7656	0	7466
5478	1	3944
9983	0	159
7250	1	7247
11532	4	11486
9453	1	9452
891	1	878
9183	0	6200
2783	2	2847
12204	1	11486
1291	1	1275
11486	0	1028
5461	1	3944
8197	1	8153
4121	2	4120
11069	1	11065
947	0	55
5474	1	5413
9290	1	451
2582	1	2362
6734	2	6733
10947	4	10582
5499	2	5604
8662	1	3944
291	4	0
2951	0	2482
972	1	949
5457	1	5413
7995	1	7990
11748	0	86
407	1	390
9743	0	51
2744	3	2820
10885	1	10960
11747	0	55
7563	0	2807
9485	1	9454
7056	1	7050
2980	2	3017
8689	1	8663
1288	1	1267
955	1	949
5440	1	5413
12105	0	103
10946	1	10582
4616	3	2352
8335	0	50
7783	0	7807
8347	1	8335
4424	0	4484
11858	1	11825
7857	1	7815
8672	1	8663
7585	3	7577
11681	0	160
12259	1	12250
12075	0	276
10070	1	5365
2604	2	2692
11841	1	11825
9334	1	9273
7562	0	83
102	3	916
11010	2	11054
8503	2	8502
7815	0	53
3674	4	3116
7863	1	7847
455	2	538
4425	0	4443
7597	1	7589
5015	2	5014
8736	1	8734
8784	2	8783
7212	1	6941
4962	4	4848
882	1	876
11629	1	11621
8423	3	1236
2951	0	656
5178	4	5150
8298	0	7036
4135	1	4128
3640	4	3116
9432	4	9366
2607	1	2515
6218	1	6208
4240	1	4128
4465	1	4451
638	0	44
5050	4	4848
4451	3	4481
10357	2	10399
456	1	451
9493	1	9452
12187	2	12227
3183	2	3182
7112	1	7070
59	0	7548
12115	1	12105
7661	1	7660
2400	0	78
4223	1	4128
11318	1	11264
55	3	6111
8355	1	8333
1142	2	1191
9398	4	9366
7135	1	7072
10830	1	10822
640	0	1775
8097	1	8095
5514	1	5413
9557	1	9547
6318	1	6162
11403	4	11268
51	3	3847
7374	1	7262
643	2	650
11065	0	438
800	1	638
8338	1	8333
2561	1	2513
2299	1	2297
3851	3	6113
7118	1	7072
4462	2	4489
8527	1	8423
5497	1	5413
2179	2	2199
6095	2	6102
11000	2	11045
7888	1	7845
527	1	451
655	3	6841
9829	0	2816
7357	1	7262
3849	1	3881
110	3	914
2362	0	2510
2544	1	2513
783	1	638
10533	2	10578
1783	1	1406
11769	2	11768
7101	1	7072
9041	1	9006
11822	0	41
3803	2	3802
7991	2	7989
8330	1	8333
7871	1	7845
9776	1	9742
2817	3	6108
384	4	373
3577	2	3576
1558	1	1406
9628	1	9547
9024	1	9006
12024	2	12052
6861	2	6860
11619	2	11639
8201	1	8168
11968	0	1444
10524	1	10490
10214	1	10060
7854	1	7845
10066	2	10090
11757	2	11763
9759	1	9742
7663	1	7656
6845	3	6937
1099	1	878
6731	4	6162
2931	0	929
5451	1	5411
9007	1	9006
11264	0	7466
7625	0	1623
3116	0	86
8184	1	8168
4303	2	4302
2278	3	2307
10197	1	10060
8362	1	2114
10507	1	10490
10605	1	10582
4250	4	4125
10533	1	10487
6090	0	6114
10648	1	10959
5516	1	5409
6753	4	6722
8620	2	8619
5051	2	5050
5434	1	5411
3714	4	3116
9969	2	9978
6454	2	6695
1075	1	949
11096	2	11169
8167	1	8168
946	3	1261
1300	1	1272
10449	1	10427
7319	2	7421
3449	2	3448
6068	4	5655
8737	1	8733
10976	2	11025
1451	1	1408
6736	4	6722
104	3	7542
10597	1	10582
9765	2	9801
3936	0	3938
8734	0	57
10967	1	10958
2445	1	2443
12261	2	12284
7563	0	7560
2565	1	2362
1283	1	1272
519	2	601
7514	1	7507
3802	4	3116
11100	1	11066
9120	2	9119
7112	1	1406
135	3	2811
3680	4	3116
5	3	7544
11324	2	11385
393	1	0
3881	0	5
0	0	629
6034	4	5655
59	3	88
4431	0	100
1830	2	1985
11083	1	11066
4501	0	4631
2114	0	278
4208	4	4125
9401	2	9400
1203	4	878
11065	0	251
11824	0	4484
12346	1	0
7656	0	5
2815	3	7573
2118	0	44
1243	3	1241
5471	1	5414
11069	1	8731
6955	2	6996
10016	2	10049
8931	2	8995
1832	1	1790
5189	4	5330
10988	2	11059
7050	0	86
5454	1	5414
8739	1	8729
6163	2	6180
1815	1	1790
12312	1	0
3952	0	3950
7053	1	7051
5906	4	5655
10315	3	8107
8526	3	1236
3671	1	3116
11179	0	42
2412	1	2402
10515	1	10488
9857	1	9853
7895	2	7946
7269	2	7380
5467	1	1406
5502	2	5607
6934	0	6935
7846	3	7950
837	1	828
2278	3	1181
1798	1	1790
1081	2	1080
11855	1	11826
1083	1	947
2123	1	2118
9547	0	132
3185	1	3116
6164	1	6160
9755	2	9792
8188	1	8151
2968	0	632
5450	1	1406
5655	0	106
1863	1	1788
6092	3	6111
3759	1	3116
2460	1	2400
7664	1	7655
11838	1	11826
3058	1	3043
4552	1	4501
5408	1	5412
12177	2	12216
8526	0	133
8171	1	8151
5169	1	4848
5433	1	1406
11224	1	11214
1296	1	1265
2974	2	3010
10450	1	10429
8656	2	8655
10374	1	10329
8305	1	8290
4535	1	4501
5364	1	5365
5200	4	5111
5377	2	5396
12306	2	12330
9458	1	9451
9178	0	86
10060	0	438
9547	3	3947
1279	1	1265
10433	1	10429
2968	0	766
8031	4	7990
2929	3	6139
1613	1	1408
1394	2	1393
5413	3	5635
9872	0	5
5893	2	5892
0	0	442
2269	4	2233
1262	1	1265
4623	1	4501
5479	1	5412
1861	2	2015
2870	1	2744
1596	1	1408
458	2	541
2114	0	441
1701	1	1408
823	3	7542
6924	0	6929
5462	1	5412
644	1	641
9277	2	9306
8731	0	4409
5463	1	5416
11857	1	11597
2853	1	2744
7340	1	7262
10725	1	10582
2282	1	2276
10496	1	640
8077	0	8090
8570	1	640
292	2	291
9988	1	9912
3131	2	3130
6845	0	7070
1889	2	2042
10660	1	10964
5528	1	5414
641	0	657
1684	1	1408
6944	0	53
9870	0	7581
4902	1	4848
7623	1	7624
11840	1	11597
2362	0	42
10830	1	10582
7323	1	7262
11971	0	829
5744	2	5743
7822	2	7828
6276	1	6162
7132	1	7073
9971	1	9912
5511	1	5414
1667	1	1408
1550	1	1406
8562	1	640
6791	1	6776
11529	1	11486
2331	1	2278
6728	1	6162
7306	1	7262
4310	4	4128
10360	2	10402
12106	0	440
61	1	0
4336	4	4125
44	3	9337
6259	1	6162
1273	1	1271
11846	1	11824
11486	0	5407
7115	1	7073
8414	0	8318
278	3	7576
8300	1	8297
7507	0	79
3259	1	3116
11634	1	11486
7552	2	7555
5524	1	1406
1406	0	41
7885	1	7846
6845	0	7204
2116	0	57
3949	3	659
9826	0	6200
7098	1	7073
10944	1	10582
7562	0	3039
5372	1	5363
2875	1	2849
3144	4	3116
5507	1	1406
50	3	5400
7868	1	7846
6900	4	6843
4695	1	4639
6347	1	6162
11491	2	11490
1287	1	1263
10441	1	10427
3347	1	3116
2748	2	2822
7560	0	278
12207	1	12169
3525	2	3524
7081	1	7073
9157	4	8762
6745	4	6719
2499	0	44
828	0	5
12102	0	6231
3225	1	3116
11600	1	11486
8198	1	8169
2182	2	2202
5490	1	1406
7851	1	7846
10146	1	10060
1048	3	7544
8414	3	2307
6330	1	6162
12190	1	12169
6282	2	6523
10018	1	9983
8513	1	8426
8181	1	8169
7874	1	7848
4251	2	4250
0	0	255
8876	1	8873
3313	1	3116
1935	1	1790
9877	2	9894
440	3	7544
11309	1	11268
42	3	11607
4999	2	4998
93	3	7574
1892	2	2045
5667	1	5655
4766	1	4639
9967	1	3944
8908	2	8972
9985	0	2440
12075	0	1622
1692	1	1406
5200	4	5058
12196	1	12171
7815	0	110
1918	1	1790
9912	0	5
7070	0	440
795	2	815
7625	0	928
714	1	642
3944	0	8713
494	2	577
5519	1	5412
880	2	901
0	0	389
1901	1	1790
2849	0	41
4140	4	4128
10457	2	10485
697	1	642
7123	1	7071
10430	0	943
7246	0	1245
11968	3	1181
9829	0	4483
9185	1	9181
4959	1	4848
6857	1	6843
12264	2	12287
10066	1	10058
5654	0	75
938	0	110
2772	1	2743
9006	0	2305
9840	1	9832
3637	1	3116
7764	0	110
6097	1	6090
4228	4	4128
6090	3	2441
9872	0	86
3944	3	6112
101	3	9337
4139	1	4128
640	0	3926
4749	4	4640
5047	1	4848
2755	1	2743
7955	0	1032
890	1	878
11486	0	93
12106	0	2481
6114	3	6112
6421	1	6162
5655	0	82
4211	4	4128
11826	0	134
5417	1	5409
10670	1	10958
3421	1	3116
11486	0	1032
11796	1	11486
6942	0	7038
5030	1	4848
1812	1	1791
4932	4	4848
8288	1	8290
6404	1	6162
4194	4	4128
10597	2	10596
8734	0	435
10019	2	10052
11527	2	11526
1943	1	1788
8426	0	83
11074	1	11064
10059	2	10084
1795	1	1791
5410	3	1180
9480	1	9452
8060	2	8059
2577	1	2515
11484	0	11483
189	1	0
6387	1	6162
8730	0	447
4210	1	4128
1900	1	1791
9743	0	55
3941	0	2217
1926	1	1788
10885	1	10964
6166	2	6183
10959	0	6230
294	1	0
10972	1	10957
6977	1	6845
11835	1	11827
9826	0	81
8689	1	8667
9219	2	9246
172	1	0
2560	1	2515
4538	2	4595
387	4	347
4427	0	658
835	2	855
9669	1	9667
1883	1	1791
7082	1	6845
878	3	1259
278	3	1241
1285	1	1276
11858	1	11829
10969	2	11019
11631	2	11650
8672	1	8667
11754	1	11486
10060	3	3879
8560	2	8559
7626	0	48
5362	0	85
8666	0	55
6093	0	2930
5829	1	5655
1866	1	1791
4662	2	4663
9825	1	9828
10195	1	9450
4617	3	87
260	1	0
1529	4	1406
11841	1	11829
658	3	2809
5410	3	5636
3207	2	3206
41	3	913
7506	0	254
5812	1	5655
2336	1	2330
2866	2	2909
9541	3	2819
3052	2	3082
11282	2	11342
9489	1	4830
1070	4	878
11463	1	11268
8832	2	8819
2514	1	2513
106	3	4473
6845	0	2508
981	1	878
6942	0	1240
5380	2	5399
12309	2	12333
9962	3	1259
7563	0	7617
8077	0	3878
7596	1	7562
2359	1	2362
964	1	878
7136	1	6845
2534	2	2628
8741	1	8733
2501	2	2504
9351	3	3947
1864	2	2018
11927	2	11952
1069	1	878
7619	2	7621
4390	4	4128
11660	2	11663
3953	1	3950
11860	1	11825
3944	0	6916
8194	2	8227
2447	1	2362
938	0	57
5668	1	640
2970	1	2966
8290	0	439
4464	1	4424
8790	1	8762
4373	4	4128
12261	1	12250
2552	1	2362
11843	1	11825
8199	2	8233
5495	2	5601
712	1	642
975	1	1111
2400	0	82
3592	2	3590
9547	0	55
11318	1	11268
8249	1	3944
11486	0	40
10513	1	10488
1301	1	1264
4	0	51
2535	1	2362
4327	2	4326
661	2	682
2413	1	2362
8479	1	8426
1140	1	878
2944	0	276
8878	1	8762
9481	1	9451
82	3	1241
6967	1	6940
1284	1	1264
9401	1	9366
5363	0	5406
800	1	642
2518	1	2362
10883	4	10582
12075	0	4631
9853	0	655
8093	2	8100
456	1	0
9464	1	9451
6950	1	6940
5502	1	5412
12112	1	12101
783	1	642
2501	1	2362
11748	0	2481
4381	1	4125
3642	4	3116
8303	1	8290
5485	1	5412
2751	2	2825
12105	0	54
2367	1	2360
946	0	79
11187	2	11202
4763	1	4640
2591	2	2679
11486	0	4846
3074	1	3045
7819	1	7812
679	3	674
9425	2	9424
5878	1	5655
11072	1	11064
7367	2	7457
12004	1	11486
7137	1	7072
12076	0	2496
4148	1	4125
10060	0	3878
6090	0	6118
10648	1	10963
4848	3	5358
6867	2	6866
11486	0	658
1895	2	2048
8169	0	657
7751	1	7660
8911	2	8975
7504	0	1048
7120	1	7072
10962	2	11013
5439	1	5410
2786	1	2744
6970	2	7010
11621	0	84
6984	2	7026
6162	0	6203
4456	2	4499
8888	1	8873
2741	0	2815
624	3	2924
3944	0	1252
2590	1	2500
10361	1	10329
4236	1	4125
11970	1	11486
7103	1	7072
2769	1	2744
8575	4	640
11862	2	11901
5949	1	5655
11630	2	11649
9489	1	9449
3927	0	1252
12111	1	12102
2609	1	2362
10344	1	10329
1567	4	1408
6170	1	6158
5527	1	5410
4219	1	4125
2240	2	2239
8423	0	135
2752	1	2744
8558	4	640
9188	1	9184
11844	1	11824
1138	2	1188
9230	1	640
3944	0	447
11597	0	1444
8731	0	278
5510	1	5410
2857	1	2744
6037	1	5655
1583	1	1408
10582	0	239
9878	1	9872
2565	1	2500
8935	1	8762
2815	3	7577
2998	2	3034
5493	1	5410
3838	4	3116
2581	2	2670
8636	2	8635
5461	2	5572
9985	0	135
6729	4	640
1521	4	1406
1671	1	1408
8739	1	8733
7729	1	7718
8099	1	8094
3283	2	3282
946	3	944
12076	0	81
3048	3	3113
10678	1	10956
2567	1	2362
3944	3	1229
59	0	278
1654	1	1408
4501	3	4636
8005	2	8023
3804	4	3116
983	1	946
3944	0	8286
5442	1	5413
1609	4	1406
2550	1	2362
5468	1	5410
8070	4	8037
8518	4	8426
8332	3	1259
2192	1	8120
4285	2	4283
4666	4	4639
9190	1	9180
966	1	946
3318	4	3116
6749	4	6719
2330	3	767
4541	2	4598
7591	0	4443
2175	1	8120
5963	2	5961
1071	1	946
8358	1	8332
1296	1	1269
3301	4	3116
2928	3	2924
4089	1	3972
6158	0	6196
11402	2	11401
6023	1	5655
4754	4	4639
8620	1	640
7785	1	7783
9623	2	9647
128	3	821
11108	1	11065
6870	4	6843
4465	1	4431
8341	1	8332
1279	1	1269
8321	0	57
5110	2	5111
5413	3	5639
9463	1	9450
6845	0	6940
6049	2	6048
2297	3	1181
2268	4	2233
9227	1	9204
1262	1	1269
8034	1	7990
3055	2	3085
5479	1	5416
6940	0	103
9742	0	9818
3853	0	1036
956	2	1055
1812	2	1966
1413	1	1405
109	3	914
11084	2	11136
12312	2	12336
1097	2	1096
8120	3	2138
5462	1	5416
8641	4	8537
3943	0	943
7896	1	7815
5467	1	5411
9547	0	9614
265	1	23
8000	1	7990
8173	1	8151
7249	0	7258
3701	2	3699
1888	1	1790
2816	3	7576
11796	2	11795
1298	1	1265
10376	1	10329
5450	1	5411
621	3	614
8544	1	8537
4648	4	4640
6158	0	48
5177	4	5142
9212	2	9240
1281	1	1265
948	1	947
11268	0	2738
10359	1	10329
1273	1	1275
878	3	1182
5433	1	5411
7139	2	7207
3137	2	3136
5018	4	4848
7507	0	83
246	3	916
2778	2	2832
7562	0	7581
3595	2	3593
3043	0	135
8344	1	2114
7967	1	7815
9829	0	2930
3392	4	3116
7578	3	7575
4450	3	4473
12134	0	4841
11286	1	11264
5372	1	5367
406	1	390
8927	1	8874
7734	1	7660
4433	1	4427
8322	2	8329
1287	1	1267
1703	1	1408
5106	4	4848
946	3	1241
6745	4	6723
11269	1	11264
5729	4	5655
7342	1	7262
8910	1	8874
3480	4	3116
7602	1	7589
7717	1	7660
1949	2	2102
7086	1	7072
4279	1	4128
3932	3	821
2931	0	104
7816	1	7813
5360	1	5362
1686	1	1408
5410	0	134
2778	1	2741
11697	2	11725
495	1	451
7325	1	7262
7661	2	7678
2512	1	2513
7813	0	7829
12345	1	0
7700	1	7660
1405	0	276
7069	1	7072
176	1	0
7952	0	7984
11459	4	11268
10012	1	640
9333	1	9273
1669	1	1408
7879	1	7847
478	1	451
4802	4	4803
3073	2	3103
3568	4	3116
6092	0	6114
2594	2	2682
3446	4	3116
7846	3	91
2402	0	1252
9184	0	3877
7862	1	7847
3046	0	135
8347	1	2114
461	1	451
10518	1	10487
2600	1	2513
8493	2	8492
9701	1	9547
12311	1	0
194	1	162
5227	4	5106
2877	1	2849
10428	0	6921
9486	1	9450
2166	2	2165
4406	0	1029
3853	0	44
11551	2	11550
5005	2	5004
10501	1	10487
2583	1	2513
82	3	3847
1289	1	1263
6167	1	6159
5524	1	5411
5	3	1242
3950	0	105
7094	2	7161
8914	2	8978
177	1	162
6093	0	438
11824	0	276
9469	1	9450
23	0	42
7128	1	7070
1057	4	878
5507	1	5411
8795	4	8762
640	3	660
10852	1	10956
6097	1	6094
1351	4	1339
7111	1	7070
5490	1	5411
6727	4	6724
8340	1	8331
3770	4	3116
2986	1	2968
12140	1	12132
10236	1	10060
7094	1	7070
5417	1	5413
7726	1	7719
5184	4	5018
12198	1	12171
8761	4	8762
2221	2	2226
4353	1	4128
7077	1	7070
3895	2	3902
11486	0	2325
11006	1	10958
7967	2	7987
339	4	0
11478	2	11477
3048	0	3110
9828	0	2816
1255	3	6139
5268	4	4848
2513	0	78
7553	1	7507
9547	0	246
5444	1	5409
5146	4	4848
9331	0	1048
10015	1	9984
640	0	1031
2125	1	2118
10989	1	10958
44	3	7544
11597	3	1181
697	2	735
5996	4	5655
4768	4	4640
3946	0	3936
3277	2	3275
9183	0	276
5445	1	5416
4326	4	4128
11486	0	8286
8511	2	8510
2362	0	2705
11108	1	8731
5428	1	5416
640	0	7581
1414	1	640
5515	1	5409
112	0	135
4734	4	4640
9667	0	93
59	0	11610
5669	2	5687
8175	2	8208
11825	0	931
4136	4	4125
5137	1	4848
1408	0	1621
106	3	4477
1253	3	1239
7128	1	1406
2179	1	2118
11000	1	10964
8332	0	50
5954	4	5655
5762	2	5760
3116	0	2725
5120	1	4848
2968	0	75
3213	2	3212
1348	2	1347
9830	3	9849
9350	1	9351
7111	1	1406
8762	0	7548
10983	1	10964
947	0	1031
770	2	776
10498	1	640
4430	0	100
1145	2	1174
2951	0	75
7771	1	7765
3599	1	3116
7094	1	1406
2229	0	57
10666	1	10955
11852	1	11486
9962	0	160
4834	1	4831
1808	1	1788
8737	2	8749
8818	4	8762
135	3	7544
4687	2	4686
3049	3	2137
11670	1	11668
7077	1	1406
12104	0	826
8660	1	640
9021	1	8762
2400	0	86
5196	4	5320
11848	1	11824
11486	0	44
1301	1	1268
5453	1	5414
10822	0	86
8738	1	8729
10798	1	10582
1896	1	1788
403	1	391
11234	1	11212
9205	0	640
6984	1	6941
9481	1	9455
7052	1	7051
10447	1	640
11831	1	11824
10641	1	10955
7728	2	7744
9217	1	640
1284	1	1268
6891	2	6890
5425	2	5540
1537	4	1408
1879	1	1788
8626	1	640
11217	1	11212
2216	3	5355
2552	1	2500
8343	1	8336
9464	1	9455
10582	0	780
5502	1	5416
12112	1	12105
4333	2	4332
10764	1	10582
6924	0	1245
1862	1	1788
2114	0	2112
7671	2	7691
2535	1	2500
2443	3	2352
10426	1	10427
2459	1	2400
8254	1	8241
4551	1	4501
8515	1	8426
5380	1	5365
8618	1	640
5485	1	5416
2452	2	2471
2518	1	2500
5059	2	5058
3315	1	3116
8047	4	7990
2442	1	2400
10333	1	10327
3074	1	3049
1589	1	1406
4534	1	4501
8498	1	8426
8336	3	1259
10964	0	110
10852	1	10582
7859	1	7848
7970	1	7952
2995	1	2968
8523	4	8454
11269	2	11329
1694	1	1406
2501	1	2500
18	1	2
7624	0	436
5299	1	4848
1503	3	8107
1572	1	1406
8481	1	8426
4751	1	4639
11660	1	11659
2606	1	2500
8298	0	441
2978	2	3014
3403	1	3116
8168	0	657
5365	0	5406
1677	1	1406
4452	0	2214
4060	4	3972
9773	1	9742
12181	1	12171
5439	1	5414
6745	4	6162
10112	2	10132
7579	3	6112
12075	0	931
3855	1	3116
9935	1	3944
10582	0	109
10521	1	10490
1660	1	1406
12031	1	11486
4461	1	4452
9756	1	9742
7507	0	3039
7558	1	7559
11780	2	11779
4406	3	4419
11681	0	2693
5265	1	4848
7660	0	49
6735	1	6721
7771	2	7779
8932	1	8873
6292	1	6162
7108	1	7071
10504	1	10490
12111	1	12106
5382	1	5361
6170	1	6162
5527	1	5414
640	0	657
10582	0	1398
11545	1	11486
2400	0	249
2362	0	103
10829	2	10837
394	1	389
2160	2	2158
8915	1	8873
6275	1	6162
11942	2	11966
3121	2	3120
10077	2	10101
7091	1	7071
9970	1	9912
8093	1	8096
5510	1	5414
7343	2	7441
132	3	7574
6345	2	6586
11483	0	448
529	1	0
10074	1	10060
4051	1	3972
6258	1	6162
7074	1	7071
5988	2	5989
2740	1	2743
3936	3	3947
4787	4	4684
5493	1	5414
2335	1	2330
7073	0	931
8792	2	8791
11511	1	11486
512	1	0
11426	2	11425
10057	1	10060
7990	0	6922
6241	1	6162
7097	1	7073
5944	2	5942
108	3	6110
10987	2	11036
7867	1	7846
12076	0	85
109	3	1239
4369	2	4368
10678	1	10960
6029	2	6028
12206	1	12169
4017	1	3972
1928	1	1788
10926	1	10582
11183	2	11199
2587	2	2676
11009	1	10961
5367	0	50
7809	3	659
6172	1	6158
5529	1	5410
5468	1	5414
3515	2	3514
12189	1	12169
11300	2	11359
1911	1	1788
10315	0	438
947	0	657
9190	1	9184
10874	1	10955
5473	1	5409
10992	1	10961
0	3	614
10644	1	10960
5512	1	5410
6749	4	6723
6942	0	2509
7580	3	5400
1894	1	1788
105	3	614
4309	1	4125
6093	3	2352
9485	2	9527
4015	2	4014
6158	0	6200
7563	3	5400
1882	2	2035
102	3	7800
4870	1	4848
8898	2	8962
11705	1	11681
4763	2	4762
2496	3	7544
2765	1	2741
9463	1	9454
935	0	278
4975	1	4848
12031	2	12059
6845	0	6944
9474	1	4830
11849	2	11888
140	2	150
11968	0	5
2748	1	2741
11681	0	762
9828	0	4483
8297	0	132
5362	0	1622
11011	1	10957
5213	4	5080
6219	2	6229
8840	2	8821
3433	4	3116
6332	1	6162
10065	1	10058
8045	4	7990
7812	3	659
9667	0	1626
6159	0	2217
4941	1	4848
10994	1	10957
9482	1	2116
5670	1	640
6315	1	6162
5192	4	5260
7288	2	7485
9691	1	9667
10234	1	9450
10003	1	9983
9465	1	2116
6905	1	6845
1348	1	1339
8735	1	8730
7563	0	2738
5653	1	640
10432	0	7985
881	2	918
6750	1	6721
10965	1	10955
4467	1	4431
10217	1	9450
3408	4	3116
5177	4	5146
6403	1	6162
11682	1	11486
5135	2	5134
8733	0	82
7562	0	7585
9835	1	9826
9003	0	1048
4341	4	4128
1794	1	1791
12109	2	12122
11851	1	11827
9985	0	86
6290	1	6162
5883	2	5882
432	3	6139
9021	1	9006
6386	1	6162
3116	0	70
4450	3	4477
8708	3	8705
4281	2	4280
451	0	627
5655	0	277
6094	0	441
5740	1	5655
6976	1	6845
11834	1	11827
3054	1	3044
4433	1	4431
7731	2	7747
11599	0	1032
1287	1	1271
9293	1	9269
3325	2	3324
8643	4	8537
8131	2	8144
1292	1	1266
2413	2	2431
10446	1	10430
9369	1	9366
6959	1	6845
2553	2	2647
10959	0	7580
5360	1	5366
8734	0	41
4528	2	4585
9276	1	9269
10882	2	10881
5732	1	5655
11631	1	11486
7967	1	7953
4406	0	3932
7590	1	7591
9547	0	437
6958	2	6999
7813	0	7833
12345	1	4
8550	2	8549
6733	4	6722
5334	4	5068
931	3	10176
9205	0	79
2761	2	2791
145	1	137
407	1	0
10640	4	10604
309	4	0
4395	4	4128
6126	2	6140
875	1	878
3232	2	3233
6092	0	6118
8333	0	2807
8088	1	8077
1808	2	1963
8152	0	242
11120	2	11165
11272	2	11332
11749	0	86
7846	3	7800
2167	4	2118
11824	0	5407
6732	1	6722
6758	1	6719
7057	1	7050
10582	0	10957
3697	2	3696
11063	1	11066
8336	0	50
9469	1	9454
23	0	46
251	3	7575
10823	1	10824
11486	3	2308
3051	0	110
7561	1	7562
9474	1	9449
4463	1	4424
5655	0	1245
7072	0	277
10852	1	10960
10071	1	5365
3983	1	3972
11557	2	11556
239	3	7776
711	1	642
1420	1	1408
3570	4	3116
1629	0	278
2278	3	2104
6128	1	6090
12043	1	11486
9215	1	640
5495	1	5410
10080	2	10104
784	2	804
12145	2	12158
2933	2	2934
9833	0	1176
8920	1	8762
4617	0	4632
7864	1	7847
3553	4	3116
4429	1	4424
3343	2	3342
10437	1	10428
799	1	642
8631	4	640
196	1	162
9025	1	8762
9289	2	9319
2458	2	2477
3658	4	3116
4091	2	4090
4426	0	4440
4674	1	4640
11630	1	11621
10769	4	10582
2513	0	82
9008	1	8762
10488	0	134
3739	1	3116
5789	1	5655
7121	1	6845
4657	1	4640
4167	2	4166
1931	1	1791
11982	2	11993
3946	0	3940
1269	0	1336
5772	1	5655
1353	4	1339
9416	4	9366
8152	0	55
8297	0	108
2591	1	2515
5877	1	5655
1914	1	1791
7113	1	6845
9020	2	9072
2176	1	2229
4620	1	4501
1577	4	1406
8486	4	8426
11486	0	2813
10506	2	10551
5515	1	5413
4667	2	4666
1897	1	1791
7096	1	6845
7764	0	7502
22	1	23
6122	1	6093
7815	0	7986
5965	1	5655
11008	1	10958
50	3	2806
8151	0	8237
5270	4	4848
4722	4	4639
11980	1	11968
11006	2	11051
5751	4	5711
8050	2	8049
7660	0	106
7214	1	7210
10060	0	101
5416	0	1406
6749	4	6162
7765	0	106
143	2	153
9629	1	9547
12102	0	2482
12100	1	11486
5287	2	5286
3158	4	3116
10666	1	10959
3051	0	57
7282	2	7491
12205	1	11486
2930	3	2809
6093	3	6113
8834	2	8814
4349	1	4125
451	0	2481
8198	1	8153
4030	4	3972
10843	4	10582
2808	3	2809
1469	1	1408
7360	2	7474
11516	4	11486
47	3	5400
7865	1	7846
1083	1	878
12188	1	11486
198	2	238
9183	0	4631
3246	4	3116
5445	1	3944
2461	1	2362
8738	1	8733
8181	1	8153
1452	1	1408
6776	3	5355
8626	2	8625
6913	0	438
3698	4	3116
2566	1	2362
10931	4	10582
3229	4	3116
5428	1	3944
2444	1	2362
3942	0	3933
1179	3	914
3273	2	3272
12105	0	278
4324	1	4125
8331	0	55
7562	0	4446
11182	1	11179
8111	2	8115
2549	1	2362
5366	0	76
4617	3	2352
7299	2	7406
8891	2	8956
6879	1	6843
10524	2	10569
3988	4	3972
8731	0	2112
2532	1	2362
4415	0	4413
3941	3	2820
10897	4	10582
9874	0	7548
12076	0	276
8357	1	8332
10014	1	640
9220	1	9202
2416	2	2434
12100	1	12104
7563	0	83
5499	1	3944
8236	3	8230
5656	2	5674
2305	3	3871
6369	2	6610
9997	1	640
9128	1	8762
4616	0	1774
4858	4	4848
2275	1	2278
2296	3	1181
10979	1	10961
6093	3	4637
9858	1	9853
361	2	360
7695	2	7707
8683	1	3944
8151	0	829
3536	4	3116
8131	1	8112
8243	2	8266
6424	2	6665
179	1	162
4946	4	4848
8189	1	8151
7558	1	7563
8665	0	658
8114	1	8112
7071	0	134
5693	2	5698
1087	2	1086
8414	3	2104
7895	1	7815
7583	3	7575
264	1	23
11486	0	12104
7504	0	251
11088	2	11140
9494	1	9452
3502	4	3116
0	0	52
11822	0	82
10375	1	10329
9366	0	105
5034	4	4848
5502	1	3944
5819	2	5844
9477	1	9452
9179	0	86
6296	2	6537
2574	1	2515
1280	1	1265
7625	0	375
4207	1	4128
1614	1	1408
6738	4	6721
5485	1	3944
8360	1	8335
11824	0	4846
162	0	239
9460	1	9452
6876	4	6845
2300	1	2297
7894	2	7945
12041	2	12069
7079	1	7070
2557	1	2515
9828	0	2930
6162	0	629
1679	1	1406
5498	1	5413
4969	2	4968
12108	1	12102
4190	1	4128
2871	1	2744
7057	2	7064
1880	1	1791
9830	0	2816
2253	4	2233
10678	1	10964
1662	1	1406
5481	1	5413
11609	3	11607
4173	1	4128
70	3	10482
12101	0	55
7341	1	7262
12131	1	12134
11822	0	1505
2528	1	2513
6842	4	6845
9989	1	9912
9025	1	9006
3070	1	3046
11073	2	11127
1685	1	1408
5464	1	5413
8002	1	7990
4903	1	4848
7855	1	7845
5711	4	5655
7324	1	7262
10874	1	10959
5473	1	5413
5236	4	4848
6277	1	6162
7812	0	7829
9008	1	9006
10644	1	10964
134	3	7544
7355	2	7479
477	1	451
3944	0	134
7307	1	7262
10076	1	10060
5517	1	5409
6260	1	6162
11486	0	829
7116	1	7073
11264	0	70
11635	1	11486
1702	2	1764
6158	0	6204
8884	1	8874
6775	1	6776
954	1	949
8076	4	8077
10517	1	10487
3044	0	104
10059	1	10060
5500	1	5409
3945	0	3928
6243	1	6162
7099	1	7073
11977	1	11969
10955	0	6231
4501	0	134
5508	1	1406
10427	0	6921
11857	1	11825
6348	1	6162
10500	1	10487
2582	1	2513
3853	0	105
6166	1	6159
10241	1	10188
2156	2	2155
11011	1	10961
11541	2	11540
53	3	2809
9202	0	6927
11840	1	11825
5175	4	5130
11938	2	11963
10147	1	10060
1418	1	1408
9855	2	9862
10224	1	10188
7219	1	6941
3349	2	3348
10994	1	10961
135	3	1242
6944	0	2509
10999	1	10956
2114	3	1259
11067	1	11066
2966	0	3039
6865	2	6863
4552	2	4609
12139	1	12132
7079	1	1406
9205	0	9264
10235	1	10060
3971	4	3972
1274	0	1335
9831	0	438
3875	0	2304
7725	1	7719
3656	4	3116
6982	2	7023
8574	2	8573
10982	1	10956
2300	2	2311
3044	3	3114
5812	2	5862
10151	2	10185
12194	2	12233
9772	1	9742
979	1	947
8682	1	8666
4151	2	4150
8731	0	933
10657	1	10957
7847	3	7950
277	3	916
4450	3	4481
12296	1	0
0	0	133
6764	2	6763
8371	1	8333
9414	4	9366
10490	3	2819
4412	0	1031
9755	1	9742
3071	1	3045
962	1	947
1304	1	1272
3533	1	3116
5421	1	5414
4412	0	4414
5065	1	4848
8663	0	8713
11121	1	11066
1067	1	947
4246	4	4125
8354	1	8333
3721	2	3720
7133	1	1406
1292	1	1270
9627	2	9665
7589	0	5
3169	1	3116
945	1	947
4415	3	4420
11225	1	11214
8151	0	8160
10520	1	640
4750	4	4640
11969	3	2820
8300	1	5410
7563	0	7548
8337	1	8333
6160	0	618
10582	0	1028
7117	1	7072
6422	1	6162
6912	0	41
11827	0	134
10527	2	10572
10854	1	10582
6273	2	6514
2129	2	2146
5031	1	4848
4519	1	4501
9223	1	9205
7100	1	7072
6405	1	6162
136	2	147
11483	0	78
12018	2	12046
9562	2	9595
1409	1	1406
11819	4	11766
3039	3	5400
6372	2	6613
12105	0	656
9206	1	9205
4502	1	4501
9627	1	9547
9743	3	4635
11473	4	11268
12104	0	6230
1129	2	1162
1475	1	1408
8200	1	8168
4297	2	4296
3942	0	2217
10582	0	10961
485	2	568
2854	1	2744
3065	1	3051
5936	4	5655
2573	2	2664
5045	2	5044
6845	0	829
8183	1	8168
1884	1	1791
7083	1	6845
1294	1	1266
6800	2	6833
4028	4	3972
5446	1	5412
8667	0	55
5830	1	5655
7044	2	7045
10587	1	10582
1277	1	1266
10852	1	10964
6932	3	6937
3079	1	3043
3413	2	3411
5429	1	5412
1546	1	1408
7507	0	254
12265	1	12249
6845	3	1261
4116	4	3972
8362	1	8331
5495	1	5414
8546	1	640
3043	0	1245
11513	1	11486
11282	1	11265
514	1	0
10840	1	10959
6090	0	438
10675	1	10582
12248	1	12249
4320	4	4125
6299	2	6540
4429	1	4428
6942	0	45
1250	3	1241
7125	1	7070
7563	0	3039
5373	1	5363
1054	4	878
2189	1	8120
6160	0	81
6741	4	6724
10780	1	10582
11669	2	11674
497	1	0
3000	1	2968
10582	0	3874
7308	2	7473
2365	2	2384
7082	1	7073
9921	1	9912
5491	1	1406
7210	0	135
2500	0	2703
4743	2	4828
480	1	0
3954	1	3950
4286	4	4125
9141	4	8762
11907	1	7764
6729	4	6719
3209	1	3116
8413	2	8417
7051	0	6230
1276	0	1269
9343	2	9347
4662	1	4639
10531	1	10488
4391	4	4125
6116	3	6111
3783	1	3116
4617	3	4637
4466	1	4452
10002	1	9983
8497	1	8426
11861	1	11597
3607	2	3606
3888	1	3116
11064	0	930
6850	4	6843
4645	1	4639
10514	1	10488
7955	0	6200
12076	0	1622
10999	1	10582
969	2	1003
6010	4	5655
5410	0	439
8663	0	6916
7953	0	56
1797	1	1790
9914	2	9938
9482	1	9451
10497	1	10488
9449	0	57
6163	1	6160
8187	1	8151
3946	0	106
10982	1	10582
9263	3	9257
5449	1	1406
6762	1	640
12075	0	53
62	1	59
1902	1	1790
11829	0	873
1408	0	1629
55	3	10181
2264	1	2233
9465	1	9451
1246	3	8105
9934	1	3944
10960	0	135
3047	0	107
9830	0	4483
642	0	96
5503	1	5412
7050	0	1176
9888	1	9871
7521	2	7551
1885	1	1790
10427	3	3114
11268	0	278
10067	1	10058
9917	1	3944
10796	2	10795
5486	1	5412
11700	2	11728
3039	3	7575
1868	1	1790
9202	0	9265
7090	1	7071
9871	0	5
8670	1	3944
7504	0	658
12169	0	1048
10529	1	640
8091	2	8092
11319	2	11378
11265	0	7470
3944	3	7576
930	3	8103
7211	1	6845
11225	2	11250
9431	2	9430
1839	1	1788
10512	1	640
11002	1	10959
9827	3	9849
10060	0	239
10428	0	5
11486	0	2496
9881	2	9897
7251	2	7254
5832	2	5865
4454	0	2214
12077	0	49
7591	0	52
2916	1	2849
11829	3	4637
2849	0	2928
1822	1	1788
10949	2	10951
10985	1	10959
6159	0	6198
8889	1	8873
8849	2	8860
6388	1	6162
10900	2	10898
639	1	642
4178	4	4128
1585	4	1408
8153	0	657
3944	0	57
3942	0	3937
1240	3	914
10960	0	6230
9994	1	9985
4800	4	4706
1805	1	1788
8129	1	8120
10968	1	10959
173	1	0
6371	1	6162
12074	1	640
9330	1	9273
6171	1	6158
4412	3	4421
11597	0	2932
946	0	1246
1910	1	1788
9838	1	9830
9912	0	932
8000	2	8012
6354	1	6162
9231	1	640
9759	2	9795
8663	0	1252
2402	0	81
4415	0	4417
9986	1	9985
1867	1	1791
9007	2	9059
1893	1	1788
3279	2	3278
12207	1	11486
5416	0	5411
8357	1	8336
2862	2	2914
1628	2	1637
9985	0	1623
139	1	0
9205	0	7548
3951	2	3959
8611	4	8537
4619	1	4616
13	1	4
1692	2	1753
5506	1	1406
49	3	5400
1850	1	1791
7049	1	6845
11004	1	10955
1392	2	1391
11602	1	11598
7589	0	249
8335	0	2807
12190	1	11486
12131	2	12146
75	3	11607
7345	2	7444
8345	1	8331
10987	1	10955
9473	1	4830
3049	3	3113
8061	4	7990
1456	2	1486
11486	0	81
12021	2	12049
9565	2	9598
7958	1	7955
5655	0	70
8112	0	1771
4514	2	4571
11010	1	10957
2360	0	824
3434	1	3116
3336	4	3116
9456	1	4830
11430	1	11268
8775	4	8762
5788	1	5655
948	1	878
6743	1	6719
8290	0	7030
11856	1	11827
3417	1	3116
3076	1	3044
7723	1	7719
6924	3	1230
5669	1	640
12195	1	12171
2743	0	57
103	3	91
6726	1	6719
9448	1	4830
3651	2	3650
12169	0	56
0	0	56
7694	1	7559
9298	1	9269
5652	1	640
12178	1	12171
8774	1	8762
86	3	91
6980	1	6942
10082	1	10058
1280	1	1269
696	1	642
8356	2	8394
2414	1	2362
5774	2	5773
3045	0	107
2114	0	55
11486	0	1504
1285	1	1264
878	0	949
10439	1	10428
4186	2	4187
4340	4	4128
6963	1	6942
7595	1	7591
9984	0	86
4449	1	4431
12076	0	4631
9228	1	9204
1682	2	1744
12077	0	2440
5125	2	5124
12108	1	12106
2771	1	2743
9180	0	276
1827	2	1982
2278	3	2352
9385	1	9366
12113	1	12101
3952	0	2438
4323	4	4128
784	1	642
11322	2	11383
9968	1	9962
2754	1	2743
7657	0	7548
11105	1	8731
7897	1	7815
12106	0	54
5053	4	4848
8121	2	8134
4975	2	4974
2332	1	2330
825	0	79
7966	1	7953
2403	2	2421
5830	2	5854
4642	1	4640
2593	1	2515
7783	3	7800
7880	1	7815
1122	2	1156
7812	0	7833
11778	1	11486
27	2	34
10872	2	10871
5212	4	5118
4747	1	4640
5409	3	1180
10997	1	10964
4771	2	4770
9676	2	9713
7249	0	3969
3140	4	3116
2576	1	2515
10649	1	10963
5517	1	5413
5361	0	5407
9769	1	9743
11919	0	765
10980	1	10964
348	2	347
11866	1	11486
5500	1	5413
11768	4	11486
4451	3	4473
1882	1	1791
10428	3	10482
5195	4	5276
6411	2	6652
4713	1	4640
9917	2	9941
45	3	9849
8928	1	8874
10663	1	10955
7104	1	7072
4297	1	4128
11849	1	11486
10609	4	10582
5410	0	1622
5828	1	5655
6019	2	6018
640	3	2819
3046	3	2137
4696	1	4640
8911	1	8874
5175	4	5134
10646	1	10955
7087	1	7072
5933	1	5655
2779	1	2741
7658	0	2945
10592	4	10582
12103	2	12119
949	0	278
9473	1	9449
496	1	451
12303	2	12327
432	3	8107
1551	4	1408
1596	2	1595
3464	4	3116
11937	1	11486
12104	0	5
7701	1	7660
11231	1	11212
11703	2	11731
10999	1	10960
4872	2	4889
11110	1	11064
9379	2	9378
6283	2	6524
479	1	451
6845	0	81
5788	2	5803
10733	2	10748
6093	0	6114
7520	2	7539
11920	1	11486
1858	2	2012
5899	1	5655
10982	1	10960
2601	1	2513
2519	1	2515
9448	1	9449
11228	2	11253
8888	2	8952
3368	2	3369
8902	1	8762
8290	0	106
2584	1	2513
9884	2	9900
2816	3	2811
10657	1	10961
2363	1	2360
2448	2	2467
878	0	1246
4081	2	4080
8885	1	8762
5469	1	5410
8852	2	8863
10903	2	10901
3071	1	3049
1304	1	1276
9182	0	1240
7962	2	7976
7100	2	7167
5508	1	5411
4412	0	4418
10751	4	10582
8894	1	8762
3788	4	3116
1516	1	1408
8663	0	8717
11681	0	7804
4405	1	4125
2278	0	2351
10662	1	10582
2498	1	2500
2534	1	2362
1292	1	1274
5452	1	5410
1139	1	878
822	0	109
4650	4	4639
8877	1	8762
3944	0	1240
1171	3	1172
950	1	946
3302	4	3116
1576	4	1406
2517	1	2362
5435	1	5410
3180	4	3116
7095	1	7070
947	3	1260
1122	1	878
9182	0	435
9010	2	9062
3754	4	3116
79	3	7544
2586	1	2500
7548	3	8107
6767	4	640
12028	1	11486
1559	4	1406
10199	2	10264
7719	0	133
4501	0	1240
8468	4	8426
5164	4	4848
4657	2	4656
12075	0	110
7054	1	6940
11007	1	10958
3237	2	3236
3944	0	435
2569	1	2500
2957	2	2962
2605	1	2362
3268	4	3116
3044	0	55
1542	4	1406
7554	1	7507
3842	4	3116
3936	0	1031
11486	3	88
10990	1	10958
8498	2	8499
9211	1	9204
9296	1	451
8666	0	6085
12116	1	11486
7213	1	7210
2588	1	2362
8668	1	3944
946	0	1035
1459	2	1489
3949	0	56
12132	0	276
1406	0	86
2500	0	2439
6845	0	7249
4704	4	4639
7209	1	6845
2339	1	2278
10013	2	10046
9279	1	451
8001	1	7990
5446	1	5416
7982	3	7800
6078	1	5655
2744	3	2922
7881	1	7846
6746	1	6722
792	2	812
12082	1	11486
3079	1	3047
11602	2	11612
6934	0	6927
5429	1	5416
6061	1	5655
7863	1	7815
10360	1	10329
1408	0	76
7563	0	7581
11594	4	11500
10060	3	944
6092	3	6103
1411	1	1406
10948	2	10947
9830	0	2930
10840	1	10963
7591	0	1048
10658	1	10960
9752	1	9743
10343	1	10329
5526	1	5410
6169	1	6158
5655	0	448
6053	1	5655
5002	4	4848
8359	2	8397
5373	1	5367
1073	2	1072
5427	1	3944
8616	2	8615
2815	3	2922
9463	2	9505
5509	1	5410
2856	1	2744
1685	2	1747
10913	4	10582
5365	0	76
3263	2	3262
1196	1	878
4431	0	4443
12116	1	12104
11	1	4
4457	2	4486
6845	0	6928
1565	1	1408
6729	4	6723
3940	3	2820
7560	3	5400
9039	1	8762
6866	4	6843
10230	2	10294
10060	3	5400
9219	1	9202
11702	1	11681
1449	2	1480
1670	1	1408
7728	1	7718
2762	1	2741
897	1	876
2931	0	2507
9558	2	9592
8582	1	8537
11486	0	943
1548	1	1408
9022	1	8762
12102	0	128
4118	4	3972
9996	1	640
4471	1	4451
11486	0	11681
8095	0	8110
9549	2	9582
1653	1	1408
2745	1	2741
1125	2	1159
8332	0	278
9912	0	9983
8508	4	8426
462	1	451
8644	1	640
9005	1	8762
7292	1	7262
6985	1	6941
6359	2	6600
10660	1	10956
3430	4	3116
9300	1	9273
9002	1	9003
1636	1	1408
11324	1	11264
11597	0	440
9487	1	9450
2484	0	620
4788	4	4686
8130	1	8112
5967	2	5966
7764	0	1444
1275	0	6
6897	2	6896
8058	1	7990
2861	1	2849
5503	1	5416
9283	1	9273
59	0	79
11307	1	11264
9888	1	9875
9630	2	9653
7589	0	440
9470	1	9450
961	1	947
640	0	2816
6932	0	40
2567	1	2513
1273	1	1263
1579	2	1580
3333	1	3116
3409	2	3408
4753	4	4639
3950	0	2508
440	3	6113
5486	1	5416
7363	1	7262
1267	0	6
3116	0	54
2550	1	2513
11401	4	11268
5491	1	5411
0	0	113
1590	1	1406
5501	1	3944
11078	2	11130
43	3	916
4769	1	4639
658	3	6103
6852	4	6843
10115	1	10060
8662	1	8665
8077	0	56
3299	1	3116
5484	1	3944
4752	1	4639
11002	1	10963
9966	1	9962
7812	3	1261
85	3	77
8152	0	1031
1678	1	1406
12182	1	12171
6764	1	640
12077	0	53
7591	0	56
6941	0	160
719	2	758
260	2	270
120	1	391
4029	2	4028
8368	1	2114
677	3	3871
9273	0	9269
10985	1	10963
6115	3	6103
6858	4	6845
3985	2	3984
4959	2	4958
9449	0	9539
3387	1	3116
3049	0	107
1661	1	1406
10620	1	10582
11486	3	11607
10186	1	10060
4718	1	4639
10069	1	10058
5449	1	5411
10968	1	10963
9887	2	9903
5130	4	4848
6171	1	6162
8195	1	8153
8360	1	2114
10603	1	10582
11863	2	11902
7889	2	7939
10630	2	10629
7264	2	7377
965	2	1000
7965	2	7979
8178	1	8153
8622	1	8537
289	4	0
8092	4	8077
10654	2	10692
3881	0	107
11745	0	55
11826	0	931
11004	1	10959
7054	1	7050
2781	2	2802
11092	1	8731
953	1	949
9742	0	1243
10188	3	5400
5438	1	5413
8614	1	8537
2918	1	2849
11976	1	11969
11597	0	2481
2180	1	2118
8344	1	8331
7781	0	7807
8345	1	8335
1575	2	1573
10987	1	10959
11075	1	8731
8325	3	944
5482	1	5409
8597	1	8537
9929	2	9952
8095	0	2930
11486	0	85
4999	1	4848
5149	2	5148
5105	2	5104
11010	1	10961
2930	3	8107
7699	1	7660
9332	1	9273
11315	2	11375
4684	4	4640
280	1	0
2931	0	2938
4268	4	4128
5474	1	5409
3478	1	3116
3076	1	3048
4835	1	4831
8426	0	75
5087	1	4848
8819	4	8762
10514	2	10559
7861	1	7847
3339	2	3338
9023	2	9075
1089	1	947
4191	4	4125
263	1	0
7078	1	1406
9853	0	7466
2129	1	2118
8762	0	3885
5457	1	5409
1375	4	1339
8124	2	8137
5904	4	5655
8096	3	8105
9298	1	9273
12101	0	5406
10885	1	10956
7809	0	7810
7844	1	7847
65	2	74
3064	1	3043
4174	4	4125
5487	2	5595
1297	1	1270
6444	1	6162
5440	1	5409
1226	2	1225
10011	1	9984
10448	1	640
3638	4	3116
10456	1	10429
8347	1	8331
162	0	247
1285	1	1268
3839	2	3838
3944	0	7579
86	3	7800
6216	1	6208
9475	1	4830
3549	1	3116
5992	4	5655
4157	4	4125
372	2	371
8414	0	2325
1647	2	1711
10660	1	10582
7886	2	7936
2278	3	2356
334	1	0
11628	2	11647
5755	4	5731
7110	1	7070
12113	1	12105
6435	2	6676
10729	1	10720
8362	2	8400
6391	2	6632
135	3	6109
8255	1	8241
10205	2	10270
9746	2	9782
4325	2	4322
7093	1	7070
7562	0	429
2327	2	2328
9692	1	9667
8734	0	106
5458	2	5569
11472	2	11471
3711	2	3710
10235	1	9450
2818	3	6113
11863	1	11597
7812	0	7837
3485	2	3484
10731	1	10582
7886	1	7845
9827	0	2816
12145	1	12134
2502	1	2500
6982	1	6942
10233	2	10297
4255	2	4257
3507	1	3116
3950	0	40
6922	3	8705
7332	2	7431
4518	1	4501
1452	2	1483
9039	1	9006
3476	2	3474
6263	2	6504
11321	1	11265
7954	1	7952
7869	1	7845
6965	1	6942
3561	2	3560
50	3	2924
5250	4	4848
2817	3	2803
11064	0	239
7756	1	7660
5283	1	4848
7342	2	7478
1556	1	1406
9022	1	9006
9552	2	9585
7580	3	6112
11304	1	11265
12076	0	931
9997	2	10030
798	2	818
7852	1	7845
9387	1	9366
4044	4	3972
6362	2	6603
10663	1	10959
9757	1	9742
8414	0	8420
3357	2	3356
7579	3	7576
6729	4	6162
1804	1	1788
9005	1	9006
7563	3	6112
4287	2	4286
8182	1	8168
2573	1	2500
265	1	255
10505	1	10490
9673	2	9709
7050	0	135
2116	3	2150
2362	0	278
10058	0	3874
10646	1	10959
1650	2	1714
5378	1	5363
5035	2	5034
5249	1	4848
1522	1	1406
8431	1	8426
4701	1	4639
7124	2	7191
8916	1	8873
7989	4	7990
10447	1	10427
93	3	7542
7822	1	7812
8352	2	8391
8298	0	4483
6066	4	5655
4010	4	3972
2993	1	2966
2178	1	2118
10999	1	10964
936	0	249
408	1	0
934	1	938
6845	0	85
6093	0	6118
5337	1	4848
1408	0	133
8519	1	8426
3137	1	3116
9829	3	9849
8339	1	8336
10982	1	10964
6032	4	5655
5477	1	5414
1814	2	1969
10236	2	10300
496	1	0
4631	3	9908
4206	4	4125
11973	1	11486
4302	4	4125
1201	4	878
12102	0	51
374	1	0
949	3	1037
4459	1	4450
3742	2	3740
7601	2	7614
5460	1	5414
10970	1	10959
2362	3	659
10888	1	10961
479	1	0
5469	1	5414
10648	1	10955
4001	1	3972
5525	1	5412
132	3	6139
10910	1	10582
7050	0	6230
9475	1	9449
2499	0	2508
2296	3	2104
7722	2	7738
2278	0	2355
10645	1	10960
11860	1	7658
5452	1	5414
10955	0	8146
4205	1	4125
8737	1	8729
11939	1	11486
8642	1	640
10893	1	10582
3936	0	3934
2741	0	2807
11212	0	79
11866	2	11905
3669	1	3116
6090	3	4637
9216	1	640
12044	1	11486
6162	3	1181
5496	1	5410
11843	1	7658
5435	1	5414
4826	4	4745
1878	1	1788
9351	3	9363
8128	1	8112
3855	2	3864
3597	2	3596
9742	0	8708
943	3	4477
949	0	1250
5185	4	5022
4234	4	4128
6407	2	6649
11853	1	11826
11706	1	11681
7657	0	278
4293	1	4125
10487	3	2819
12027	1	11486
42	3	1239
10496	1	10488
10885	1	10582
7764	3	3112
8553	4	8537
10787	4	10582
8186	1	8151
5448	1	1406
9985	0	932
1861	1	1788
2400	0	1176
937	2	941
2458	1	2400
11836	1	11826
4550	1	4501
4428	0	4444
11689	1	11681
9743	0	9822
8336	0	278
8536	4	8537
8615	4	640
6006	2	6005
5431	1	1406
11222	1	11214
1614	2	1617
10448	2	10475
8640	2	8639
4533	1	4501
8335	3	1259
1949	1	1788
11598	0	1622
10995	1	10957
11829	3	1181
7042	3	8705
5784	2	5800
1270	0	1336
78	3	71
3243	2	3242
4516	1	4501
11690	2	11718
1932	1	1788
10978	1	10957
2605	1	2500
7562	0	55
9140	2	9139
6299	1	6162
3079	1	3051
9994	1	9912
6934	0	6931
9332	2	9338
11486	0	1618
7504	3	2306
8321	0	2948
9026	2	9078
2588	1	2500
9768	1	9743
642	0	641
8678	1	8667
6769	4	640
3787	2	3786
11215	2	11240
7563	0	7585
4740	4	4639
7508	1	7506
12077	0	110
6734	1	6721
6094	0	6093
8931	1	8873
1040	1	946
5670	2	5688
12135	1	11486
9986	1	9912
3067	1	3046
658	3	5355
7517	1	7506
9751	1	9743
10658	1	10964
3270	4	3116
5526	1	5414
5416	3	5636
10490	0	1029
1416	1	1405
8539	4	8537
7121	1	7073
6339	2	6580
4723	4	4639
11981	1	11968
6975	2	7016
9484	1	9454
1171	3	9849
133	3	1239
9969	1	9912
3050	1	3046
5509	1	5414
4041	1	3972
9912	0	54
11527	1	11486
4706	4	4639
11065	0	276
12104	0	440
6960	1	6845
10442	1	10432
3358	4	3116
6257	1	6162
10960	0	7580
7113	1	7073
8627	4	8537
6845	0	6932
11632	1	11486
7968	1	7953
5522	1	1406
9983	0	78
10430	0	53
3831	1	3116
1524	2	1523
12206	1	11486
4291	4	4128
4363	2	4362
6943	1	6845
110	3	8107
7733	1	7559
6240	1	6162
2277	2	2287
7096	1	7073
12084	1	11486
9984	0	1623
9935	2	9958
8610	4	8537
7951	1	7953
5505	1	1406
4396	4	4128
11003	1	10955
10582	0	44
12189	1	11486
5480	1	5409
12205	1	12169
827	0	55
8762	0	75
4333	1	4125
9155	4	8762
5446	1	3944
8593	4	8537
8196	1	8169
84	3	916
5488	1	1406
12197	2	12236
4379	4	4128
10660	1	10960
9838	2	9846
8667	0	4414
2515	0	81
7335	2	7434
12188	1	12169
11703	1	11486
6266	2	6507
5429	1	3944
11324	1	11268
10016	1	9983
9487	1	9454
8179	1	8169
11183	1	11179
9479	2	9521
2376	2	2395
10915	4	10582
2151	4	2118
11686	1	11486
392	1	390
59	0	83
11307	1	11268
4454	3	4480
8333	0	83
6742	1	6719
6973	1	6940
9470	1	9454
10000	2	10033
1271	0	1335
5665	1	5655
6901	1	6845
9965	1	3944
1273	1	1267
3075	1	3044
4757	2	4756
390	0	84
5425	1	5413
878	0	876
11412	1	11268
9044	2	9096
3942	3	2820
7955	0	276
9875	0	7548
11486	0	12169
6956	1	6940
10072	1	5365
7588	1	7589
8077	3	4896
9221	1	9202
11843	2	11882
5225	4	5102
9876	1	9874
1653	2	1717
11599	0	81
7892	2	7942
7127	2	7194
6939	1	6940
2302	1	2296
1246	3	1242
695	1	642
2747	1	2741
4617	0	1774
1550	2	1549
9827	0	4483
3554	4	3116
3432	4	3116
6375	2	6616
5764	2	5763
8426	3	3947
7548	3	10181
2770	1	2743
3635	1	3116
780	3	7776
6095	1	6090
6121	2	6133
1672	2	1734
180	1	162
10991	2	11039
7361	2	7493
661	1	642
277	3	7800
11309	1	11264
7953	0	1032
2362	0	656
2753	1	2743
888	1	878
86	3	6113
3520	4	3116
8249	2	8272
11824	0	134
3469	2	3468
10753	4	10582
10668	1	10958
11794	1	11486
163	1	162
9998	1	9984
1810	1	1791
4930	4	4848
11231	2	11257
305	4	0
4641	1	4640
2592	1	2515
389	0	85
5120	2	5118
11511	2	11510
518	1	451
3545	2	3544
1793	1	1791
3608	4	3116
2134	3	821
7725	2	7741
2575	1	2515
1632	1	1405
3319	2	3318
1898	1	1791
6975	1	6845
8573	4	640
2301	1	2297
2558	1	2515
11865	1	11486
9884	1	9872
4425	0	658
9626	2	9650
1881	1	1791
7080	1	6845
9840	1	9828
3858	2	3867
44	3	6113
8344	1	8335
4045	2	4044
6958	1	6845
785	1	638
8153	0	2438
5482	1	5413
7246	0	436
3927	0	3932
8077	0	4411
5827	1	5655
1864	1	1791
6114	3	6108
5655	0	78
5254	4	4848
1527	4	1406
5341	2	5351
8933	1	8762
202	2	243
7591	0	1028
12262	1	12249
11452	1	11268
10975	1	10958
5655	0	428
6415	2	6656
5810	1	5655
10451	2	10478
1391	4	1339
8332	0	2807
1137	2	1168
979	1	878
2216	3	5400
10998	1	10960
989	1	946
2218	2	2223
8675	2	8695
3116	0	5
7594	1	7562
11444	1	11268
3691	2	3690
5749	4	5703
4665	2	4664
962	1	878
7134	1	6845
10981	1	10960
10723	2	10738
5222	4	5290
3064	1	3047
7510	2	7529
1297	1	1274
7815	0	7840
4393	1	4128
3125	4	3116
3946	0	3928
1408	3	1777
7648	2	7653
1067	1	878
10158	2	10179
945	1	878
1060	1	949
1285	1	1272
3944	0	7583
5308	4	4848
2445	1	2362
9286	1	9272
2968	0	2966
8663	0	134
11218	2	11243
6737	1	6724
8297	0	4418
7563	0	4446
9834	1	9831
8788	1	8762
5165	2	5164
9576	2	9609
11912	2	11916
7764	0	135
12139	2	12152
3980	4	3972
9181	0	1240
1419	1	1408
9833	0	3876
135	3	6113
6720	1	6724
1627	3	3871
2533	1	2362
10898	4	10582
4615	1	4617
2411	1	2362
11621	0	133
1138	1	878
11000	1	10956
465	2	549
7559	0	438
3943	0	106
2516	1	2362
10881	4	10582
9177	1	9182
9181	0	435
6934	0	1243
10983	1	10956
1629	0	79
4176	4	4125
10912	2	10911
8741	1	8729
6094	0	55
10864	4	10582
7050	0	5
4830	0	79
11683	2	11712
2365	1	2360
10847	4	10582
8874	0	5405
6970	1	6941
2251	4	2233
4264	4	4125
1838	2	1993
3072	1	3045
10060	3	6937
10663	1	10963
10731	1	10720
7070	0	278
9547	0	51
6953	1	6941
4830	0	5690
4252	2	4253
2362	0	2726
10646	1	10963
9482	2	9524
2379	2	2398
9294	1	9270
5378	1	5367
5367	0	1250
5655	0	375
10003	2	10036
2718	1	2362
2370	2	2388
2784	1	2744
3153	1	3116
4814	4	4725
3045	0	278
9178	0	5
9344	2	9349
6323	2	6564
9224	1	9205
9166	1	8762
451	0	2953
11846	2	11885
2767	1	2744
4501	0	41
7956	1	7952
11587	2	11586
9984	0	10056
6094	0	6150
12109	1	12102
7130	2	7197
10342	1	10329
9186	0	9184
6799	1	6776
10938	2	10937
11825	0	7502
4046	4	3972
8869	2	8871
7561	2	7586
9698	2	9735
6378	2	6619
2590	1	2362
1063	2	1062
2855	1	2744
1541	1	1406
7559	0	251
4459	1	4454
3373	2	3372
8665	0	6928
1195	1	878
10970	1	10963
878	0	1254
2237	4	2233
1646	1	1406
5525	1	5416
1564	1	1408
11001	1	10955
1940	2	2092
11597	3	4637
5337	1	5336
9182	0	4631
10645	1	10964
8180	1	8153
4012	4	3972
11621	0	80
2337	2	2347
82	3	916
9205	0	1250
7308	1	7262
10220	2	10284
4338	4	4125
3046	3	3113
10676	1	10956
6250	2	6491
4424	0	943
5496	1	5414
8094	0	8110
3941	0	3933
1652	1	1408
5523	1	3944
7660	0	41
943	3	4481
949	0	1254
7291	1	7262
4100	4	3972
9050	2	9102
11586	4	11486
4848	3	4899
3045	0	1246
9188	1	9180
4853	1	4848
3767	2	3766
8484	2	8482
11497	1	11486
8471	2	8470
7347	2	7445
4248	2	4246
7274	1	7262
2410	2	2428
5423	1	5413
29	1	0
10242	1	10188
4304	4	4125
7083	1	7073
9922	1	9912
2860	1	2849
3227	1	3116
8427	1	8423
7990	0	8069
9887	1	9875
6089	1	3944
2173	1	8120
10148	1	10060
12105	0	79
9450	3	1181
878	3	1231
6887	2	6886
10225	1	10188
8605	2	8606
6210	1	6162
7658	0	83
2926	3	2924
8153	0	8159
7220	1	6941
8040	1	7990
345	4	0
6807	1	6774
10995	1	10961
11106	1	11065
10963	0	1245
8339	2	8378
5362	0	57
5655	0	5799
1534	2	1533
8729	0	1246
5193	4	5264
10208	1	10188
6790	1	6774
10978	1	10961
10114	1	10060
8833	2	8822
8332	0	2112
11000	1	10582
10191	1	10188
11486	0	1622
1094	2	1092
992	1	949
5442	1	5409
8070	4	8033
8734	0	86
11621	0	1048
10983	1	10582
7563	0	7589
1903	1	1790
7223	2	7241
6160	0	4631
3116	0	249
7894	1	7815
10984	1	10963
5220	4	5092
8325	0	1028
10432	0	943
5416	3	5640
7998	1	7990
9889	1	9871
1886	1	1790
8367	1	8335
4142	4	4125
8734	0	8730
7877	1	7815
5448	1	5411
9547	0	1771
8542	1	8537
441	3	6109
12075	0	7502
5365	0	84
2486	0	2495
2878	1	2744
4431	0	4451
5513	1	5409
2744	0	83
11212	0	246
11861	1	11825
5431	1	5411
10013	1	9912
1390	2	1388
244	3	916
6845	0	6936
12142	2	12155
7560	0	7581
7572	3	6113
7504	0	2496
8895	2	8959
4927	1	4848
2400	0	54
9541	3	1181
9983	0	82
10430	0	57
7965	1	7815
9827	0	2930
7660	0	7559
29	2	38
2455	2	2474
824	3	7944
8925	1	8874
11003	1	10959
4294	1	4128
5177	4	5004
5480	1	5413
8201	2	8235
5336	0	79
5727	4	5655
5015	1	4848
8663	0	6928
6216	2	6226
12106	0	656
9207	1	9205
7084	1	7072
4277	1	4128
6389	1	6162
3069	1	3046
8106	3	8103
8711	3	8705
2362	0	2486
10435	2	10462
7848	3	2358
8094	0	2930
4700	4	4640
12251	2	12274
2122	1	2116
10186	1	9450
8855	2	8866
8130	1	8120
3956	1	3949
7698	1	7660
174	1	0
6372	1	6162
3052	1	3046
11457	4	11268
11686	2	11715
7246	0	7259
8289	3	8292
5211	4	5114
4165	2	4164
5103	1	4848
7660	0	1627
7990	0	8016
8120	0	277
1696	2	1758
1176	3	4481
2256	2	2255
6742	1	6723
6973	1	6944
12250	0	79
3230	2	3229
6962	1	6845
1290	1	1268
10383	2	10425
1841	2	1996
5920	4	5655
3075	1	3048
6355	1	6162
7860	1	7847
8345	1	2114
10516	1	10487
6956	1	6944
6945	1	6845
9699	1	9547
6460	1	6162
390	0	438
12309	1	0
140	1	0
5781	4	5655
658	3	6111
8336	0	2807
9826	0	134
7955	0	7985
6939	1	6944
10654	1	10961
1339	0	1398
9682	1	9547
10961	0	11057
5522	1	5411
6165	1	6159
1630	2	1638
10722	1	10718
3953	2	3960
5886	4	5655
10676	1	10582
11003	2	11048
10842	2	10841
1055	4	878
5505	1	5411
9890	1	9870
6326	2	6567
11705	1	11486
11982	1	11971
3001	1	2968
7732	1	7719
4427	0	4444
10659	1	10582
7891	1	7845
7959	1	7955
6095	1	6094
7109	1	7070
3435	1	3116
947	3	1244
75	3	9257
5488	1	5411
11221	1	11214
6725	4	6724
3768	4	3116
2984	1	2968
12138	1	12132
10234	1	10060
10642	1	10582
11486	0	764
10487	0	57
10582	0	2305
6845	0	1622
7092	1	7070
7724	1	7719
464	1	0
773	2	779
2967	1	2968
8538	2	8536
132	3	7542
10217	1	10060
3043	3	3114
195	2	235
4467	1	4452
7075	1	7070
12078	3	2352
6915	1	6913
9915	2	9959
10427	0	440
5410	0	7030
3767	1	3116
6981	1	6942
10656	1	10957
1406	0	70
4406	0	4408
12296	2	12320
1610	2	1609
11320	1	11265
400	1	389
10498	1	10488
8320	0	1033
5371	1	5361
11827	3	9363
8464	1	8426
11303	1	11265
2969	2	3004
11120	1	11066
7296	2	7403
11486	0	4631
2448	1	2443
9466	2	9508
2363	2	2382
6472	2	6713
5443	1	5416
785	1	642
3930	0	106
7815	0	5
9053	2	9105
390	0	251
49	3	6112
11968	3	2820
9987	2	10020
3742	1	3116
938	3	916
11103	1	11066
518	1	0
264	1	255
11106	1	8731
5426	1	5416
10822	0	135
8154	1	8151
768	1	642
1869	1	1790
5960	4	5655
4844	3	7575
3725	1	3116
9204	0	658
11086	1	11066
9222	1	9205
11830	2	11869
440	3	7573
302	1	0
5470	1	5412
5135	1	4848
1852	1	1790
4831	0	4845
1	3	9257
7114	2	7181
2297	3	2308
2177	1	2118
10998	1	10964
11598	0	931
8342	2	8381
3046	0	160
10665	2	10703
9742	3	4635
3379	2	3378
6048	4	5655
9828	3	9849
1835	1	1790
251	3	2924
4731	1	4640
6845	0	6912
2160	1	2118
10981	1	10964
6794	2	6827
7109	1	1406
3051	3	3112
3064	1	3051
3124	4	3116
1039	2	1056
9872	3	5355
4426	0	244
1946	2	2098
3049	0	278
3796	1	3116
9971	2	9979
1406	0	1627
1818	1	1790
7092	1	1406
5445	1	5412
9137	4	8762
5205	4	5294
2415	1	2402
9273	3	9337
4381	2	4379
11850	1	11486
5951	1	5655
10213	2	10278
1806	1	1788
11486	0	11665
4162	4	4128
3047	3	2137
2362	0	2112
7075	1	1406
5428	1	5412
5196	4	5048
115	1	112
8658	1	640
8320	0	2940
10582	3	830
12264	1	12249
1789	1	1788
9831	0	9851
3116	0	3876
3563	1	3116
10796	1	10582
2857	2	2888
11232	1	11212
5917	1	5655
11000	1	10960
10445	1	640
10429	0	2738
10327	0	5859
12102	0	246
5171	2	5170
8169	0	4443
1535	4	1408
1877	1	1788
9177	1	9186
11215	1	11212
6932	3	1261
7507	0	55
10983	1	10960
4780	4	4670
7656	0	278
5499	1	5412
2858	1	2849
9985	0	54
1411	2	1428
9984	0	932
1860	1	1788
3799	1	3116
10533	1	640
0	0	97
2533	1	2500
2457	1	2400
5655	0	245
4097	1	3972
11064	0	247
8319	1	8320
10971	1	10955
9547	0	2149
2516	1	2500
11681	0	11736
7073	0	41
8296	1	5410
11688	1	11486
8195	2	8228
9123	4	8762
3072	1	3049
9890	2	9906
4532	1	4501
1133	2	1165
8335	0	83
8151	3	8230
9183	0	1240
3049	0	1246
8373	2	8411
10060	3	10324
6402	2	6643
7857	1	7848
11746	2	11750
10954	1	10955
10438	2	10465
3077	1	3044
12140	1	11486
2805	3	2806
5453	1	5410
8028	4	7990
3198	4	3116
5297	1	4848
4515	1	4501
925	0	930
11658	1	11659
2929	3	10250
7666	1	7656
3401	1	3116
3060	1	3044
951	1	946
1293	1	1271
9299	1	9269
4450	0	2214
6845	0	4631
11397	1	11268
5383	1	5366
3945	0	106
12179	1	12171
8649	4	8537
11462	2	11461
7050	0	3876
1792	1	1791
10007	1	9985
1171	3	916
9183	0	435
10452	1	10430
8343	1	8332
9933	1	3944
7815	0	86
9130	2	9129
132	3	8107
10244	2	10308
3286	4	3116
3046	0	107
59	0	681
9282	1	9269
5738	1	5655
5263	1	4848
8731	0	7581
3045	0	632
9990	1	9985
11930	1	11919
70	3	5400
7596	1	7591
10435	1	10430
6253	2	6494
8930	1	8873
9229	1	9204
6094	0	6154
8663	0	1240
3777	2	3776
7106	1	7071
9916	1	3944
2606	1	2362
12109	1	12106
3367	1	3116
5380	1	5361
8686	1	3944
8336	0	2112
9983	0	5
1415	1	1405
11659	0	96
6742	1	6162
8913	1	8873
3374	4	3116
8667	0	6085
1254	3	1244
9212	1	9204
5480	2	5588
663	1	642
7089	1	7071
1626	3	7949
8669	1	3944
5206	4	5066
9857	2	9865
6329	2	6570
527	1	0
938	0	86
11268	0	79
646	1	642
4277	2	4276
12078	0	4443
9003	0	829
2333	1	2330
8776	2	8775
11001	1	10959
6764	1	6719
11089	1	8731
1283	2	1313
4776	4	4663
9178	0	3876
1629	0	246
7591	0	658
8934	2	8998
8667	0	8663
397	1	390
4353	2	4352
3047	0	42
7864	1	7815
10676	1	10960
4830	0	246
5020	4	4848
961	1	878
4015	1	3972
3941	0	3937
8128	1	8120
6894	1	6843
10060	0	40
10144	2	10167
4193	1	4128
5505	2	5610
5101	1	4848
9547	0	9667
12187	1	12169
2744	0	624
7559	3	6113
6093	0	6155
0	0	44
2149	3	8107
2543	1	2515
7249	0	1245
4986	4	4848
99	3	91
12170	1	12169
6458	1	6162
10443	1	10428
4281	1	4128
9469	2	9511
2366	2	2385
11833	1	11486
878	3	1235
4618	1	4616
4159	1	4128
134	3	6113
3999	2	3998
1849	1	1791
9990	2	10023
4680	1	4640
8895	1	8874
6319	2	6561
11703	1	11681
5074	4	4848
9034	2	9086
11111	1	11064
10060	0	10323
9472	1	4830
4247	1	4128
11833	2	11872
7804	3	7800
11686	1	11681
8096	0	8110
1937	1	1791
7053	2	7068
7882	2	7932
2746	1	2741
5525	1	3944
8333	0	278
7756	2	7762
881	1	876
11094	1	11064
8887	1	8874
2402	0	1171
463	1	451
11009	1	10957
9455	0	4830
2929	3	8103
7117	2	7184
7589	0	50
8345	2	8384
12077	0	1623
10668	2	10706
5247	2	5246
4455	1	4451
8086	2	8085
5883	1	5655
1920	1	1791
11325	1	11264
7119	1	6845
8300	2	8309
10966	1	10960
11077	1	11064
314	1	0
10503	1	10487
2585	1	2513
9912	0	278
9685	2	9722
10060	0	658
9280	2	9309
10244	1	10188
10644	1	10956
5521	1	5413
9492	1	9452
9889	1	9875
1936	2	2089
10232	1	9450
5973	2	5972
10486	1	10487
2568	1	2513
7693	1	7559
10227	1	10188
2333	2	2344
8042	1	7990
3853	0	1252
2485	1	2484
441	3	6113
10216	2	10281
6979	1	6942
878	3	914
9962	0	132
3055	1	3049
5513	1	5413
6246	2	6488
1288	1	1276
11861	1	11829
2551	1	2513
8731	0	1246
10210	1	10188
7594	2	7607
7560	0	7585
10363	2	10405
10613	4	10582
1368	2	1367
2109	3	916
8150	2	8156
9459	2	9502
11825	3	9363
1123	1	878
12205	2	12244
781	2	802
2860	2	2891
10582	0	2496
994	1	949
11003	1	10963
11832	1	11827
3164	4	3116
9967	1	9962
3309	2	3308
6944	0	7039
7560	3	6112
8844	1	8762
3738	4	3116
11179	0	75
8452	4	8426
5148	4	4848
1089	1	878
1414	2	1431
11926	2	11950
12171	0	1029
8827	1	8762
10991	1	10958
7965	1	7953
1134	1	1111
8892	2	8955
6118	3	5400
4035	2	4034
4321	1	4128
110	3	1244
1458	1	1408
2402	0	45
12077	0	7502
6759	1	6724
8810	1	8762
10974	1	10958
143	1	137
7592	0	5
1117	1	1111
1065	1	949
3057	1	3045
1661	2	1725
1290	1	1272
9296	1	9270
342	2	341
946	0	55
8086	1	8077
1408	0	1406
9560	2	9591
7521	1	7507
9964	2	9973
6405	2	6646
10441	2	10468
9279	1	9270
390	0	442
2165	4	2118
7219	2	7238
1408	0	251
6730	1	6722
11827	0	931
112	0	54
1304	1	1264
1265	0	276
3063	1	3047
5412	3	5637
4392	1	4128
6209	0	673
1412	1	1406
3681	2	3680
9667	3	660
4719	4	4640
2148	4	2118
3045	3	2137
878	0	79
9187	1	9180
9285	1	9272
9890	1	9874
135	3	913
9472	1	9449
8096	0	2930
4702	4	4640
4461	1	4424
12267	2	12290
11857	1	7658
2929	3	2923
3981	1	3972
2608	1	2513
1386	2	1385
9455	0	9449
8541	4	640
710	2	749
4181	2	4180
1107	1	947
11840	1	7658
2362	0	75
10188	0	658
4929	2	4928
433	3	614
10775	4	10582
8918	1	8762
6332	2	6573
844	1	828
949	0	79
4290	1	4125
12024	1	11486
8731	0	10053
9179	0	54
5476	1	5410
5206	4	5310
8629	4	640
2214	3	4473
11236	2	11260
8762	0	246
4075	2	4074
8901	1	8762
10582	0	10953
7859	2	7909
2116	0	9539
7671	1	7655
3065	1	3043
11628	1	11621
10656	1	10961
9684	1	9547
10767	4	10582
5459	1	5410
10724	1	10718
1532	1	1408
5888	4	5655
11971	0	57
10431	2	10459
10012	1	9984
10822	0	5
10678	1	10582
6986	1	6941
115	2	124
2	0	246
10645	2	10683
10457	1	10429
103	3	7544
7654	1	7655
5371	1	5365
4423	2	4434
8595	4	640
8298	0	4414
10661	1	10582
6969	1	6941
4306	4	4125
1267	0	1336
10440	1	10429
12105	0	7548
10730	1	10720
3116	0	2323
10766	1	10582
5323	2	5322
6882	4	6845
10644	1	10582
2174	1	2229
6952	1	6941
11910	1	7764
926	0	109
7522	1	7506
2877	1	2744
1603	1	1408
5377	1	5367
6120	1	6093
8239	1	8241
799	1	638
440	3	7577
4469	1	4452
9472	2	9514
5470	1	5416
11864	1	11597
1586	1	1408
11091	1	11065
8289	0	8295
931	3	8107
2607	2	2696
4377	4	4125
9748	1	9743
20	1	2
2108	0	2109
8586	1	640
11978	1	11968
7630	1	7624
11847	1	11597
2966	0	79
3372	4	3116
4360	4	4125
6845	0	6916
3	1	2
3283	1	3116
8782	2	8781
7815	0	7848
1791	0	2100
6213	1	10060
11305	1	11265
11830	1	11597
11577	2	11576
6798	1	6776
10986	1	10963
5180	4	5332
11486	0	931
6748	1	640
10671	2	10709
1540	1	1406
3049	0	632
5451	1	3944
6781	1	6776
10969	1	10963
1036	3	916
4155	2	4157
11970	2	11984
8196	1	8153
1645	1	1406
6769	4	6719
3363	2	3362
1871	1	1790
9831	0	56
6845	0	7050
5434	1	3944
11863	1	11825
1091	1	946
10489	1	10490
4111	2	4110
5443	1	3944
7328	2	7489
8179	1	8153
1628	1	1406
6759	2	6760
1854	1	1790
1930	2	2082
6890	4	6843
4685	1	4639
8331	0	2816
8168	0	4443
5426	1	3944
9483	1	9450
6050	4	5655
3940	0	3933
1176	3	5400
1837	1	1790
11180	1	11179
827	3	821
12104	0	103
7591	0	2943
5499	1	5416
7848	3	7949
9154	2	9153
9466	1	9450
1942	1	1790
5504	1	5411
9874	3	7574
9040	2	9092
10003	1	640
380	4	293
9134	1	8762
1925	1	1790
3757	2	3756
12258	1	12250
11825	0	826
917	3	913
10971	1	10959
10784	2	10782
4164	4	4128
9218	1	9202
5487	1	5411
6093	3	6109
878	0	55
8844	1	9006
2931	0	80
7558	2	7567
6806	1	6774
985	1	947
10954	1	10959
3077	1	3048
3944	3	2441
9995	1	640
6932	0	6928
9201	1	9202
978	2	1045
9667	0	2216
9126	1	8762
10429	0	7548
7590	1	7563
5655	0	5860
8564	1	8537
4668	4	4640
10894	1	10582
6934	3	4635
11968	3	88
5458	1	5409
10977	1	10961
968	1	947
7666	1	7660
142	1	0
3060	1	3048
9188	2	9196
11425	4	11268
1406	0	1444
1293	1	1275
3944	0	49
9299	1	9273
11323	1	11264
7592	0	249
3534	4	3116
8129	1	8112
7771	1	7660
2278	0	5
5441	1	5409
2849	0	1176
6973	2	7013
9282	1	9273
7754	1	7660
658	3	4481
4218	4	4128
6845	0	447
5424	1	5409
6093	0	2508
4415	0	4409
7581	3	7575
532	1	451
2760	2	2836
5529	2	5634
2264	2	2263
10490	0	1444
6742	2	6741
8318	3	11607
93	3	10482
11599	0	1622
318	1	0
0	3	2306
1584	2	1582
12270	2	12293
196	1	0
135	3	7573
8663	0	439
9693	1	9667
7809	0	3931
713	2	752
7628	1	7624
11001	1	10963
6764	1	6723
2530	2	2625
8524	4	8455
10979	1	10957
3001	2	3037
3499	1	3116
7764	0	440
6845	3	1229
1407	2	1425
8662	2	8718
6845	0	931
9676	1	9667
10009	1	9985
4738	2	4825
8885	2	8949
45	3	7800
8367	1	2114
7882	1	7847
10726	2	10741
10219	1	9450
782	1	638
284	1	0
9547	0	4410
10850	2	10849
10676	1	10964
7718	0	109
2445	2	2464
6966	1	6942
10624	2	10623
3491	1	3116
10202	1	9450
7862	2	7912
7674	1	7658
3068	1	3046
5491	2	5598
8710	3	8705
7959	2	7973
7097	2	7164
8638	1	8537
7655	3	3879
1613	2	1616
3944	3	5637
2513	0	54
7322	1	7262
8368	1	8331
6949	1	6942
6094	3	6108
0	0	48
7853	2	7902
5234	4	4848
8066	2	8065
1256	3	1244
7580	3	7576
11265	0	54
7519	1	7507
11288	1	11265
9192	1	9179
8815	4	8762
4616	0	160
9452	0	44
9371	1	9366
11066	0	276
7305	1	7262
5176	4	5138
10647	1	10959
7131	1	7070
10443	1	10432
3457	1	3116
7563	3	7576
878	3	1239
5997	2	5996
8432	1	8426
6747	4	6724
11271	1	11265
11179	3	3947
8360	1	8331
11633	1	11486
4423	1	4426
11091	1	8731
9488	1	4830
6955	1	6944
4292	4	4128
7114	1	7070
5498	1	5409
3943	0	3928
5233	1	4848
5375	2	5394
9478	1	9455
640	3	4637
11975	1	11969
2994	1	2966
10996	2	11043
11616	1	11486
6090	0	6151
5494	2	5646
2951	0	2950
5481	1	5409
12101	0	2495
6718	4	6722
2977	1	2966
2162	1	2118
6240	2	6481
392	1	0
32	3	5400
10145	1	10060
12208	2	12247
5464	1	5409
2111	0	2112
3329	1	3116
11325	1	11268
3333	2	3332
8256	1	3944
7217	1	6941
10966	1	10964
10520	1	10488
9425	1	9366
4460	1	4450
11268	0	246
6016	4	5655
6316	2	6557
9231	2	9260
3045	0	933
8730	0	106
10997	1	10956
12137	1	12132
6974	1	6940
1272	0	1335
10233	1	10060
10649	1	10955
7504	0	276
358	1	0
9829	0	438
133	3	6139
8095	3	8105
11835	1	11486
1220	2	1219
9222	2	9250
4059	2	4058
5999	4	5655
10980	1	10956
838	2	859
463	1	0
391	0	434
11603	2	11611
11818	1	11486
5982	4	5655
251	3	5400
11113	1	11064
350	1	0
7634	2	7643
8680	1	8666
2362	0	2360
5436	1	5414
5196	4	5296
11923	1	11486
4786	4	4682
9834	1	7050
7845	3	7950
7626	0	57
11096	1	11064
3653	1	3116
2116	3	2138
10488	3	2819
9753	1	9742
3531	1	3116
5419	1	5414
5307	2	5306
1071	2	1070
8929	1	8873
5361	3	5400
11119	1	11066
11079	1	11064
640	0	2109
7131	1	1406
11823	2	11867
2743	0	2440
2741	0	83
4155	1	4125
9875	0	9870
1845	1	1788
10518	1	640
11223	1	11214
8912	1	8873
59	0	4633
11102	1	11066
3619	1	3116
7114	1	1406
6462	2	6703
1	3	674
11614	2	11617
9043	2	9095
4138	1	4125
8599	4	640
10432	0	10429
1828	1	1788
10501	1	640
3057	1	3049
4517	1	4501
1591	4	1408
3949	0	3968
4243	1	4125
1290	1	1276
3133	1	3116
7563	0	55
1811	1	1788
4953	2	4952
1295	1	1271
3707	1	3116
12102	0	39
2408	1	2400
8006	2	8015
2816	3	2803
10587	2	10586
4500	1	4501
390	0	446
3048	0	134
2589	1	2500
3940	0	2217
1278	1	1271
9681	2	9719
1304	1	1268
5421	1	5410
10655	2	10693
3063	1	3051
9992	1	9985
7562	3	6112
9488	1	9449
9885	1	9872
8181	2	8214
2572	1	2500
8363	1	8336
7055	1	7051
2400	0	1030
6753	4	640
6784	2	6817
7321	2	7483
2329	2	2341
9187	1	9184
326	2	325
391	0	247
4394	2	4395
4426	0	655
60	2	67
5361	0	85
2555	1	2500
1136	1	1111
8346	1	8336
8297	0	4483
6736	4	640
642	3	659
5427	1	5412
7262	0	7471
7896	1	7848
7504	3	6937
6723	0	105
12132	0	134
132	3	8705
12263	1	12249
11486	0	12076
2538	1	2500
5492	1	5410
8152	0	8163
7815	0	1623
1511	4	1406
408	2	427
1405	0	41
10350	2	10392
4867	1	4848
4690	4	4639
5523	2	5627
7288	1	7262
6465	2	6706
990	1	946
6093	0	658
12085	1	11486
1102	2	1100
11668	0	11678
5476	1	5414
6940	0	7036
5319	1	4848
6158	0	81
8467	2	8466
2214	3	4477
9471	1	4830
9496	2	9538
495	1	0
716	2	755
2930	3	6111
10882	1	10955
4424	0	4444
973	1	946
878	0	917
7080	1	7073
3065	1	3047
389	0	447
9919	1	9912
4113	1	3972
1406	0	78
8074	4	8053
5459	1	5414
1383	2	1381
5489	1	1406
7850	1	7846
478	1	0
12173	1	11486
1303	1	1269
10729	2	10744
0	0	158
9139	4	8762
22	2	31
10017	1	9983
4096	1	3972
9287	1	9272
10811	4	10582
8577	4	8537
7764	0	1623
6804	1	6774
4766	2	4767
5472	1	1406
7792	1	7783
10529	1	10488
6312	1	6162
3781	1	3116
461	1	0
1286	1	1269
11859	1	7658
2499	0	81
12172	1	12169
12171	0	41
6217	1	6209
11308	1	11268
41	3	11607
10000	1	9983
4079	1	3972
10329	0	80
9462	1	2116
5666	1	5655
11565	1	11486
5455	1	1406
6764	1	6162
10512	1	10488
7953	0	6200
6295	1	6162
6966	2	7007
12139	1	11486
11842	1	7658
11597	0	6230
10997	1	10582
12114	1	12106
10761	2	10762
11291	1	11268
6392	2	6633
10840	1	10955
3387	2	3386
640	0	1251
4071	1	3972
8552	4	8537
7134	1	7073
12078	0	6114
2849	3	1181
6161	1	6160
3944	0	106
10980	1	10582
5447	1	1406
60	1	59
6000	2	5999
11274	1	11268
8762	0	5406
2262	1	2233
1247	3	1242
9932	1	3944
11688	1	11681
4275	1	4125
8335	0	278
6748	2	6747
11452	2	11451
5501	1	5412
5513	2	5618
9886	1	9871
5430	1	1406
11929	1	11919
9915	1	3944
5497	2	5649
5484	1	5412
1276	0	1265
9869	1	9871
7507	3	2136
12254	2	12277
3936	0	2930
3416	4	3116
10381	2	10422
9775	1	9743
8153	0	251
2565	2	2710
11598	0	134
7617	3	5400
889	1	878
7592	0	440
10719	2	10735
7625	0	160
3875	0	48
949	0	246
7524	1	7506
5410	0	435
6769	4	6723
9415	2	9414
10516	2	10562
11863	1	11829
9491	1	9454
9767	1	9743
10615	4	10582
5927	2	5926
12075	0	49
3944	0	2818
396	1	390
284	2	282
9179	0	5
2785	1	2741
9483	1	9454
3940	0	3937
6160	0	106
7072	0	440
2559	1	2515
3470	4	3116
6177	2	6194
11744	1	11486
8798	2	8797
5470	1	3944
9466	1	9454
485	1	451
9836	1	9830
55	3	5400
0	0	105
10202	2	10267
2542	1	2515
1406	0	375
7767	1	7764
5522	2	5647
8150	1	8152
11981	2	11994
1865	1	1791
2400	0	656
380	4	297
7626	0	1240
10068	1	5365
10971	1	10963
2815	3	6110
9748	2	9785
4696	2	4697
2525	1	2515
647	1	638
1406	3	1181
502	2	585
1848	1	1791
11002	1	10955
6162	0	6159
5194	4	5232
10954	1	10963
9984	0	135
7329	2	7428
4111	1	3972
11436	1	11268
5231	4	5122
1831	1	1791
10985	1	10955
639	1	638
5458	1	5413
9330	2	9336
9205	0	55
3047	3	3113
8666	0	4414
11702	1	11486
3944	0	53
5365	0	2109
11323	1	11268
4773	4	4644
10487	0	41
8320	3	1181
1814	1	1791
10968	1	10955
1298	1	1274
8665	3	1442
8685	1	8665
5441	1	5413
12106	0	103
11428	1	11268
3950	0	1240
8332	0	83
2743	0	2818
3973	2	3971
6972	1	6940
12249	0	75
9170	2	9169
9838	1	9826
1406	3	5637
1281	1	1274
11596	2	11605
11854	1	11827
10315	0	3878
5424	1	5413
7660	0	135
9563	1	9547
111	1	113
3817	2	3816
8521	2	8520
363	4	0
12260	1	12250
8184	2	8217
6787	2	6820
11598	0	81
10226	1	10188
11394	1	11268
5170	4	4848
2114	0	2816
53	3	6111
11829	0	1032
9396	4	9366
3051	0	86
10449	2	10476
694	1	642
2412	1	2362
2500	0	1252
135	3	7577
3049	0	933
10209	1	10188
329	4	0
895	1	878
7593	1	7591
2270	2	2269
9226	1	9204
12075	0	2440
6924	3	1442
7704	2	7714
8333	0	2112
6912	0	7047
10315	3	3879
5526	2	5630
782	1	642
993	1	949
960	2	1050
2599	1	2515
10014	1	9984
9209	1	9204
9294	1	451
2378	1	2362
2752	2	2789
6752	1	6722
10780	2	10779
8526	0	1032
12104	0	54
86	3	1242
9997	1	9984
7598	1	7562
2361	1	2362
3624	4	3116
822	0	829
12105	0	1246
8826	1	8762
3048	0	57
1081	1	949
3073	1	3045
8368	1	8335
6094	3	6112
10732	1	10720
7878	1	7815
9192	1	9183
8665	0	8713
7662	1	7657
3056	1	3045
10647	1	10963
1289	1	1272
9295	1	9270
5379	1	5367
3946	3	1181
1631	1	1405
7813	0	2495
4728	1	4640
11596	1	11597
3590	4	3116
4466	1	4424
4423	1	4430
12102	0	96
7966	1	7815
5435	2	5550
9278	1	9270
4387	2	4389
9883	1	9872
11212	0	929
12102	0	1035
3046	0	278
1885	2	2038
5000	4	4848
6395	2	6636
7884	1	7847
8901	2	8965
784	1	638
6090	0	6155
7102	1	7072
2951	0	2954
822	3	830
6845	0	7030
9045	1	8762
6003	2	6002
2461	2	2480
8909	1	8874
11117	2	11171
7085	1	7072
9742	0	1048
5931	1	5655
5516	2	5621
9028	1	8762
6160	0	6148
9273	0	1048
11826	0	7502
5655	0	1034
11113	2	11159
7764	0	2351
4460	1	4454
1460	1	1408
8298	0	2113
8290	3	8292
10997	1	10960
2526	2	2622
7658	0	929
6974	1	6944
1373	4	1339
10649	1	10959
7133	1	7070
10152	2	10173
432	3	614
12077	0	826
393	1	391
5671	1	5654
10980	1	10960
2988	2	3024
96	3	7542
2298	2	2315
10428	0	7548
1110	2	1147
5324	4	4848
9700	1	9547
9853	0	2949
193	1	162
9578	1	9547
7670	1	7655
3996	4	3972
7764	3	2352
9683	1	9547
10723	1	10718
1406	0	135
4622	1	4617
1145	1	878
7849	2	7899
7515	1	7504
7084	2	7151
7694	1	7718
6760	4	6721
9180	0	1240
9666	1	9547
5370	1	5365
3786	4	3116
1514	1	1408
3002	1	2968
8668	1	8665
472	2	555
7560	0	2816
10060	0	2439
4084	4	3972
6913	0	764
11570	4	11486
4275	2	4273
6018	4	5655
7809	0	44
9291	2	9320
1137	1	878
1579	1	1406
9875	0	9874
6769	4	6162
12106	0	79
4467	2	4472
2985	1	2968
2173	1	2229
4288	4	4125
448	3	6103
3145	2	3144
1903	2	2056
5365	0	930
4848	3	1236
1120	1	878
10429	0	1246
5313	2	5312
11107	1	11065
3752	4	3116
658	3	5400
10528	1	10490
4369	1	4125
2498	1	2362
8466	4	8426
4468	1	4452
9983	0	928
11090	1	11065
12077	0	1444
11005	1	10958
11598	0	57
1295	1	1275
9835	2	9843
6177	1	6162
379	4	285
8665	0	6916
7552	1	7507
6856	4	6845
11846	1	11597
3840	4	3116
10962	1	10961
11073	1	11065
8679	2	8698
10988	1	10958
12195	2	12234
1278	1	1275
11597	0	5
2586	1	2362
6845	0	3944
2849	0	135
11486	0	53
9277	1	451
7999	1	7990
5933	2	5932
8430	2	8446
9218	2	9247
2569	1	2362
8172	1	8151
3265	1	3116
50	3	6112
2602	2	2690
10641	1	10964
9269	0	1175
5427	1	5416
640	0	6114
8155	1	8151
11786	2	11785
2879	1	2744
10950	1	10582
57	3	914
7070	0	79
1870	1	1790
10073	1	10060
8676	1	8663
10358	1	10329
5432	1	5411
7861	1	7815
11668	0	5
5492	1	5414
3135	1	3116
2862	1	2744
1853	1	1790
8290	3	3112
7844	1	7815
5415	1	5411
10452	2	10479
11599	0	931
7572	3	7577
6940	0	7040
2214	3	4481
7764	3	7776
2295	1	2278
4432	1	4427
1836	1	1790
9741	2	9779
10882	1	10959
946	0	1031
7595	1	7563
6776	0	658
4831	0	2495
5363	0	76
1941	1	1790
6213	1	9450
2515	0	2704
1934	2	2086
6471	2	6712
8246	2	8269
0	0	162
4156	1	4128
2416	1	2402
8740	1	8734
7216	1	6941
4966	4	4848
640	3	3112
13	2	14
7659	1	7658
4261	1	4128
3053	1	3046
1668	1	1408
7658	3	9363
12171	0	45
3747	2	3746
2947	3	8292
3045	3	3113
9180	0	5859
4244	1	4128
8113	2	8116
6356	1	6162
11621	0	1036
11441	4	11268
4146	4	4128
8665	0	1252
4900	2	4907
1651	1	1408
7261	2	7375
3076	2	3105
3063	2	3093
4869	1	4848
891	2	907
7815	3	2358
8478	2	8476
7290	1	7262
6957	1	6944
4965	1	4848
6983	1	6941
5336	3	5358
6096	1	3944
10658	1	10956
8730	0	86
141	1	0
4227	1	4128
11825	0	82
6339	1	6162
3048	0	1240
3059	1	3048
2876	1	2849
1634	1	1408
11322	1	11264
1245	3	6113
7273	1	7262
878	0	250
2558	2	2651
1297	2	1327
9561	1	9547
3042	1	3048
5209	4	5106
2859	1	2849
11407	4	11268
5501	1	5416
11601	1	11486
9281	1	9273
8153	0	4443
9886	1	9875
5765	4	5655
4431	0	4439
9468	1	9450
658	3	7575
12249	0	132
3860	2	3870
6331	1	6162
2565	1	2513
8904	2	8968
11817	2	11815
3331	1	3116
11706	1	11486
7657	0	83
6845	0	6924
4449	2	4492
5484	1	5416
7892	1	7845
5410	0	655
9869	1	9875
5748	4	5655
11105	1	11065
7361	1	7262
4141	2	4140
3949	0	81
6314	1	6162
7507	0	7504
11399	4	11268
2297	0	278
10009	1	9912
5489	1	5411
9045	1	9006
11689	1	11486
7050	0	103
8336	0	83
8334	1	8333
5655	0	928
5519	2	5624
11567	1	11486
7875	1	7845
2254	2	2253
1664	2	1728
11116	2	11162
10113	1	10060
3419	1	3116
3078	1	3044
6297	1	6162
395	2	414
5472	1	5411
9028	1	9006
10676	2	10712
3297	1	3116
11672	1	11486
11486	0	2228
10218	1	10060
9831	0	2508
7858	1	7845
4676	2	4677
1852	2	2107
8290	3	1181
526	2	609
7667	1	7656
7076	1	7070
3061	1	3044
7136	1	7073
9300	1	9269
5455	1	5411
12180	1	12171
11486	0	134
3944	3	87
10201	1	10060
8366	1	2114
10453	1	10430
2991	2	3027
1249	3	1242
5520	1	5409
3385	1	3116
6757	4	6722
6912	0	1627
9283	1	9269
1659	1	1406
1079	1	949
11931	1	11919
7717	2	7735
10436	1	10430
5447	1	5411
11214	0	5
9984	0	5
10601	1	10582
11709	2	11735
640	3	1181
10614	2	10613
5190	4	5282
6948	1	6942
2278	0	1034
5430	1	5411
0	0	109
664	1	642
7518	1	7507
11104	1	11066
7468	3	4477
11101	2	11149
5261	2	5260
5655	0	6084
11107	1	8731
6953	2	6994
2944	0	2948
49	3	7576
8501	2	8500
2278	0	2323
9699	2	9736
647	1	642
9294	2	9323
11087	1	11066
1475	2	1502
11824	0	931
3604	1	3116
11090	1	8731
11065	0	81
8320	0	8108
1207	4	878
5409	3	5637
6099	1	6094
9179	0	3876
12350	1	0
2513	0	2693
11974	1	11969
246	3	7800
11070	1	11066
5475	1	5414
11073	1	8731
8600	2	8599
7246	0	160
7657	0	246
4699	4	4640
2976	1	2966
7581	3	5355
10377	2	10419
4177	2	4176
11746	1	11486
6448	2	6689
12316	1	0
6160	0	6205
4682	4	4640
4980	1	4848
6972	1	6944
3675	1	3116
10965	1	10964
946	0	657
11851	1	11486
11439	4	11268
4833	1	4831
5375	1	10060
11472	1	11268
10498	2	10543
3051	0	1245
5085	1	4848
828	0	827
12006	2	12017
7366	2	7456
10060	0	134
11859	1	11826
1087	1	947
261	1	0
4698	1	4640
2127	1	2118
7076	1	1406
6459	1	6162
7955	3	7950
9828	0	438
438	3	7574
5902	4	5655
3459	1	3116
2527	1	2515
8094	3	8105
11834	1	11486
4770	4	4640
5813	1	5655
5366	3	5400
3763	1	3116
9176	2	9175
11842	1	11826
3062	1	3043
8762	0	8874
4556	1	4501
9547	0	1251
11066	0	9815
6442	1	6162
1210	2	1209
5438	1	5409
11817	1	11486
10446	1	640
11112	1	11064
10454	1	10429
11011	2	11055
8783	4	8762
1833	1	1791
3823	2	3822
7955	0	81
8679	1	8666
11922	1	11486
57	3	7574
9547	0	96
6090	0	2508
11216	1	11212
7731	1	7719
5901	1	5655
9462	1	9451
1938	1	1791
7137	1	6845
10658	1	10582
11095	1	11064
6881	2	6880
11585	2	11584
5361	0	1622
1909	2	2062
1519	4	1408
946	3	1038
11265	0	278
1921	1	1791
7120	1	6845
3944	0	86
10189	2	10254
8253	1	8241
7130	1	1406
5483	1	5412
5956	4	5655
106	3	7576
498	2	582
9690	1	9667
3944	0	4408
7103	1	6845
640	0	76
10233	1	9450
2816	3	6113
3073	1	3049
3504	2	3505
9912	3	1259
5466	1	5412
6914	1	6913
4426	0	2326
7969	1	7952
10729	1	10582
8665	0	8717
10058	0	85
1795	2	1950
1297	1	1266
7815	0	7832
4622	2	4629
3056	1	3049
1108	4	878
1289	1	1276
9874	0	7581
8583	1	640
11319	1	11265
11844	1	11597
59	0	2950
1356	2	1355
4451	0	2214
5437	1	5410
3182	4	3116
703	2	742
11826	3	9363
8463	1	8426
8566	1	640
11302	1	11265
3066	2	3096
8297	0	4410
3854	1	3116
4943	2	4942
1176	3	2806
11850	1	11824
12107	1	11486
7119	1	7073
4752	2	4753
2502	1	2362
3263	1	3116
5420	1	5410
7889	1	7846
1107	1	878
11285	1	11265
3837	1	3116
10840	2	10839
8845	1	8762
2571	1	2500
10313	3	10250
7660	0	7657
11486	0	110
2485	1	2362
5376	1	5363
3148	4	3116
5247	1	4848
11486	0	7465
8171	2	8204
8429	1	8426
7872	1	7846
6904	4	6843
7108	2	7175
8914	1	8873
8296	1	8297
9853	0	375
9875	3	9908
2818	3	6109
2554	1	2500
10445	1	10427
1135	1	1111
3253	4	3116
9161	4	8762
2939	3	7573
7895	1	7848
11932	2	11956
10060	0	81
2991	1	2966
1406	0	5
8897	1	8873
3803	1	3116
406	1	0
9912	0	640
1118	1	1111
2573	1	2362
3236	4	3116
771	2	777
9833	0	9829
5335	1	4848
5175	4	5000
8517	1	8426
8151	0	57
8185	1	8169
4555	2	4612
0	0	85
7878	1	7848
4331	1	4125
8239	2	8263
8880	1	8873
10921	4	10582
10582	0	2724
9871	3	5355
1939	1	1790
7280	2	7390
6748	1	6719
81	3	6110
9971	1	3944
529	2	612
6210	1	6207
7658	0	128
655	3	6110
4457	1	4450
377	4	293
6063	2	6062
8872	1	8873
190	2	228
6090	3	6109
8364	1	8332
477	1	0
10490	0	5
12107	1	12104
3999	1	3972
5523	1	5412
9831	0	658
12188	2	12226
5815	2	5841
6029	1	5655
4144	4	4128
10328	1	10329
11858	1	7658
10963	0	135
7127	1	7071
4203	1	4125
7559	3	7577
12171	0	102
8666	0	8716
451	3	614
6861	1	6843
7248	1	6845
9456	1	9449
9214	1	640
2551	2	2645
57	3	1239
7814	1	7815
451	0	2945
11841	1	7658
4186	1	4125
6021	1	5655
4970	4	4848
83	3	91
1876	1	1788
8339	1	8332
8883	2	8946
4417	3	6112
4232	4	4128
11810	2	11809
6844	1	6843
11704	1	11681
6956	2	6997
12025	1	11486
8548	2	8547
4143	1	4128
7660	0	7470
5477	1	5410
6941	0	7032
4169	1	4125
9702	2	9739
1859	1	1788
9297	2	9326
6425	1	6162
430	3	8705
10674	1	10958
11687	1	11681
7672	1	7655
4274	1	4125
8426	0	8423
3944	0	6933
4126	1	4128
11069	2	11124
3151	2	3150
379	4	289
5460	1	5410
8613	4	640
5987	1	5655
4936	4	4848
10970	1	10955
1816	1	1791
7655	0	6114
12078	0	1048
10888	1	10957
9208	1	9204
1605	4	1408
4456	1	4451
8333	3	1259
1947	1	1788
7251	1	7246
2508	3	2809
10993	1	10957
1268	0	1336
10645	1	10956
11486	0	57
4214	1	4128
11572	4	11486
10148	2	10170
696	2	736
180	2	219
1930	1	1788
10963	0	6230
10976	1	10957
4388	1	4125
2175	1	2229
3875	0	109
6138	3	6139
4431	0	658
9476	1	9452
7523	1	7506
5655	0	1335
11292	1	11264
7086	1	6845
83	3	2803
949	0	1246
10216	1	9450
828	0	132
6920	3	10482
9331	0	658
11862	1	11829
2552	1	2513
10357	1	10329
8676	1	8667
6121	1	6093
10211	1	10188
9459	1	9452
7069	1	6845
6238	2	6478
11092	1	11065
8290	0	8295
3390	4	3116
10199	1	9450
5218	4	5088
11845	1	11829
2535	1	2513
5414	3	5636
8335	0	2112
10194	1	10188
1414	1	1405
7809	0	2305
6946	1	6942
2340	1	2330
11075	1	11065
4432	1	4431
2304	3	2924
8507	2	8506
9493	1	4830
10882	1	10963
11828	1	11829
2518	1	2513
7848	3	659
9189	1	9179
8153	0	8151
985	1	878
4039	1	3972
8908	1	8874
1277	2	1307
5418	2	5533
5019	2	5018
6167	2	6184
3356	4	3116
3116	0	107
1912	2	2065
7600	1	7562
8625	4	8537
8928	2	8992
935	0	933
8828	1	8762
968	1	878
7245	1	7249
8891	1	8874
1109	1	946
850	2	872
105	3	3847
6090	0	658
1291	1	1272
11864	1	11825
8678	1	8663
10828	1	10824
12187	1	11486
825	0	55
2974	1	2966
8591	4	8537
278	3	8105
8794	1	8762
10490	0	86
7968	1	7815
10984	1	10955
3187	2	3186
11847	1	11825
1406	3	87
1798	2	1953
12170	1	11486
10766	2	10765
11283	2	11343
7845	3	7800
7553	2	7556
5098	4	4848
11322	1	11268
9743	0	6114
9484	1	9450
9547	0	824
37	3	3871
7951	1	7815
3051	0	3046
11830	1	11825
6934	0	56
57	3	10180
2971	2	3007
11604	1	11599
647	2	654
6971	1	6940
9468	1	9454
9837	1	9826
10428	3	659
7603	1	7589
1288	1	1264
10442	1	10428
12134	0	239
9875	3	7574
5090	4	4848
6090	3	2352
638	3	660
4820	4	4821
11410	1	11268
7953	0	276
7955	0	943
6954	1	6940
3949	0	85
4263	1	4128
9451	0	5
2609	1	2513
4359	1	4128
7876	2	7926
8845	1	9006
4686	4	4640
8174	2	8207
986	1	947
7847	3	91
3078	1	3048
3581	2	3580
11443	4	11268
2371	1	2360
