11908	1	11912
20840	1	20862
15674	2	11589
11394	3	15697
11370	2	11389
14138	1	14137
16977	1	16976
20058	2	11674
20859	0	20903
20913	2	11979
21269	2	11585
20711	2	17724
12523	0	12504
21317	0	21303
12033	0	11984
18343	2	11355
16751	1	16750
11255	0	11251
23028	1	23121
19848	1	19857
11256	2	11328
22225	0	22227
20964	0	20903
20035	1	20034
19385	1	19384
18468	0	18393
20778	1	20787
17438	2	11330
18197	4	18289
20115	0	20079
13827	0	13801
20240	0	20218
12506	0	12504
23650	1	23699
18714	4	18631
12016	0	11984
11985	2	12388
14032	1	14031
21624	0	21600
12429	0	11983
12504	2	12822
18451	0	18393
20961	0	20919
20948	0	20907
12611	0	12504
15724	0	15719
11900	3	21551
18325	4	17786
21936	2	11409
14936	0	14918
12836	0	12827
23689	0	23654
13810	0	13801
19983	2	11183
23605	2	11367
11261	0	11253
22230	2	11517
20944	0	20919
18020	1	18019
12190	1	12377
18389	3	18616
19679	2	11365
24267	0	18347
12880	2	11187
16623	1	16622
19689	2	19922
20851	1	20868
13331	0	13332
21522	2	11336
20741	2	11403
18346	0	18348
20916	2	17483
21620	0	21564
11889	0	11887
16411	2	11409
21167	3	13877
17473	2	17486
19642	4	19603
18967	1	19248
14555	0	14517
21212	0	21167
21722	1	21832
13368	2	11584
17123	1	17122
12829	1	12853
18470	0	18389
22583	0	22564
21599	2	11237
21125	2	12935
20367	2	20605
18278	0	17786
13238	0	13211
16015	2	13793
20970	0	20844
19389	0	18631
19649	0	19547
19490	4	18631
14538	0	14517
11602	3	23599
21195	0	21167
15342	0	15266
12744	1	12743
22289	2	11515
13933	1	13972
20963	0	20915
18453	0	18389
17369	0	17366
21555	2	11190
11179	3	13006
23803	1	23804
13341	1	13355
12141	0	11981
18798	0	18631
13221	0	13211
23203	0	23178
15286	0	15265
21067	0	21063
16141	0	16145
15826	4	15812
16461	0	16451
14521	0	14517
17548	2	11240
15325	0	15266
18213	4	18277
16426	0	16414
13918	0	13801
16015	2	16021
14019	4	13801
20741	2	16209
13428	0	13281
18949	0	18746
19477	0	18631
15269	0	15265
21283	0	21167
19888	1	19908
20951	0	20910
11315	3	11308
19355	0	18631
16142	3	13040
12068	1	12409
18459	0	18391
23697	0	23652
20596	0	20597
14944	0	14916
13901	0	13801
11161	2	11188
14002	4	13801
11324	3	14506
20783	0	20774
19644	4	19599
11576	0	11572
14949	0	14911
12474	1	12479
15652	1	15651
23382	0	23371
14006	0	13801
15384	1	15537
13107	0	13099
23680	0	23652
13884	0	13801
20806	0	20776
19687	2	11363
15952	2	13791
20712	3	13046
15185	1	15184
23462	0	23416
12795	4	12504
11532	0	11525
12491	3	12501
14452	2	11903
14932	0	14911
13989	0	13801
14287	1	14307
11474	2	11511
11732	1	11733
22479	1	22478
13499	0	13281
14068	1	14067
14539	0	14452
18121	4	17786
23445	0	23416
21521	2	11677
12778	4	12504
17559	1	17616
16213	3	13040
11187	3	13028
12619	3	12739
14522	0	14452
15956	1	15964
11635	0	11621
12660	0	12504
11203	0	11161
15270	1	15425
22564	2	22561
21936	2	14739
21693	0	21685
20914	2	15110
20041	0	19983
14546	0	14515
21203	0	21165
22554	2	11175
12732	2	11517
18128	1	18126
17425	2	17432
23358	0	23351
24261	0	24223
15850	0	15812
21075	0	21061
20008	4	19981
12626	0	12504
12997	3	13003
16474	0	16444
22203	2	11190
11250	0	11256
13055	3	11558
11276	0	11253
20959	0	20908
20215	2	11516
24244	0	24223
13701	0	13281
24224	2	11523
11944	0	11929
20841	2	11678
16417	0	16412
17473	2	11367
14517	2	11173
17520	0	17473
21357	0	21167
17499	2	11364
16457	0	16444
21103	1	21115
20633	2	11331
20942	0	20908
21688	3	16214
14918	2	14984
14214	1	14213
22230	3	17835
23662	0	23653
17053	1	17052
11681	3	13047
12879	2	11237
21521	2	11356
16704	4	16507
11985	2	11664
18633	0	11256
16582	4	16507
20223	0	20218
16181	0	16145
11999	0	11984
11344	2	11358
15970	2	11188
12092	1	12285
21061	2	11551
23899	1	23936
18925	1	19205
14812	0	14452
20912	2	11678
11982	0	11984
22695	1	22799
16569	0	16507
16670	4	16507
18449	0	17361
21274	0	21272
19983	2	15131
16269	0	16145
20909	2	11919
14086	1	14085
11665	2	11671
11816	0	11761
15715	2	11613
12903	0	12893
16507	2	12937
19509	0	18631
21479	1	21502
17021	0	16507
20715	2	11588
21332	0	21311
14350	1	14390
16699	1	16698
22160	0	22144
16252	0	16145
23652	3	11340
11799	0	11761
20883	2	11323
22006	1	22097
20633	3	13329
16690	1	16688
11275	0	11254
14533	1	14568
22398	4	22392
18406	0	15072
24269	0	24221
16535	0	16507
20958	0	20920
23807	4	23743
12023	1	12227
14134	0	13801
21320	0	21306
20355	2	12727
17843	2	11607
11258	0	11254
20446	0	20367
11519	3	13047
11544	3	24125
11159	2	11177
11981	2	11173
20781	1	20790
21385	0	21304
18844	0	18746
12101	0	11985
11952	0	11927
12822	2	11237
14126	0	13801
17473	2	13274
14227	4	13801
20842	2	11394
14475	2	14484
20217	2	11613
17847	2	11403
12610	2	12619
23692	0	23657
14777	4	14452
21368	0	21304
18230	4	18253
11577	0	11654
11394	3	21552
18827	0	18746
17362	3	19963
15308	0	15266
20776	2	11900
19686	2	11177
23452	0	23415
20250	0	15053
12504	2	13066
20685	0	20682
13551	2	11543
23585	2	11903
16330	2	11582
12953	0	12881
23416	2	14739
18932	0	18746
23675	0	23657
18631	2	12542
21134	1	21145
18810	0	18746
13168	0	13133
23435	0	23415
14927	0	14916
14092	0	13801
18059	1	18060
23217	0	23179
20214	0	20216
21822	1	21920
18915	0	18746
22499	0	22392
11430	4	11412
20846	2	20911
14901	4	14843
14452	2	11179
19983	2	20071
21282	0	21270
22644	0	22630
14910	0	14916
21135	0	21125
23200	0	23179
12528	0	12503
17517	0	17503
12911	0	12891
18898	0	18746
20885	2	12608
16356	1	16382
20906	2	11240
23657	2	23651
18100	1	18099
12504	3	13021
23219	1	23266
11781	0	11762
13241	0	13214
12736	2	11179
23183	0	23179
21306	2	11401
20714	0	20716
21470	2	12482
18497	0	15072
19777	0	19689
11761	2	11669
23694	0	23653
17447	0	17438
13344	1	13358
13224	0	13214
24257	1	24305
16832	4	16507
20971	0	20913
18480	0	15072
19760	0	19689
16735	1	16734
23012	1	23105
18447	1	18556
19369	1	19368
24119	2	11550
20954	0	20913
14929	0	14912
18463	0	15072
20238	0	20218
20682	2	20675
24227	2	11518
17880	1	17905
23847	1	23846
20711	2	11365
23999	0	23986
21709	2	11867
13078	0	12504
19685	2	19675
16702	4	16507
16452	0	16449
12609	0	12504
16697	0	16507
18492	0	18388
21936	2	12621
20937	0	20913
11886	1	11896
17351	2	11394
19678	2	13330
14494	0	14487
20776	2	11363
16629	1	16628
15387	1	15540
11811	1	11857
13796	2	11243
22630	2	12540
21469	4	21470
23346	2	11556
11458	1	11457
18475	0	18388
18210	4	18125
12504	2	12879
11936	0	11929
13166	0	12504
21099	0	21100
16790	4	16507
20712	2	13065
22593	0	22558
18246	1	18245
20602	2	11679
23416	2	11519
21770	0	21720
17263	0	16507
18458	0	18388
14166	0	13801
14267	4	13801
19697	0	19687
23897	2	12382
11256	2	11519
17129	1	17128
13149	0	12504
22576	0	22558
24258	0	24224
15717	2	11547
13551	2	13584
21753	0	21720
22230	2	15896
22225	1	22239
17246	0	16507
15273	1	15428
11518	3	19914
20928	1	21026
11356	3	21545
21045	0	13050
16655	0	16507
20956	0	20909
24241	0	24224
18631	2	11550
20280	0	20216
13052	2	11334
14254	0	13801
11677	3	14506
21736	0	21720
20604	2	11541
20913	2	11365
15684	0	15672
21060	2	11331
19515	1	19514
12810	2	11179
13553	0	13549
20734	3	13045
21211	0	21163
12822	2	12823
22142	0	22143
16120	1	16123
24264	0	24226
21983	1	22074
14323	0	14322
22907	4	22630
20263	0	20216
19851	0	19689
21709	2	11546
23584	0	23585
21981	0	21936
21719	0	21720
20857	0	20911
19923	3	19914
24377	1	24441
20113	1	20154
13532	0	13379
14739	3	13038
17001	1	17000
19881	1	19902
15717	2	11681
20811	0	20775
18349	2	18344
22587	0	11251
20962	0	20911
16775	1	16774
24247	0	24226
19614	1	19613
20846	2	11409
16204	3	16205
15651	4	15266
21964	0	21936
21380	0	21309
19570	1	19569
20091	0	20081
23424	0	23418
20794	0	20775
17728	1	17757
15072	2	11555
16460	0	16447
16447	2	11237
22570	0	11251
23043	1	23135
20916	2	11608
19939	0	19689
17842	2	11408
12584	1	12603
20362	2	15109
18390	3	18608
20909	2	11679
21947	0	21936
12881	2	11179
24227	2	11331
15191	1	15190
11574	0	11572
15411	0	15266
22360	0	22288
15876	2	11355
11886	0	11888
17500	2	17496
11440	0	11412
22643	1	22747
18469	1	18576
23773	4	23743
16504	2	11245
18396	0	18393
16443	0	16447
12733	2	11367
14293	1	14313
13689	1	13772
17425	2	11394
20059	0	15070
22445	0	11256
12504	2	11403
12084	0	11985
24374	0	23652
19638	4	19573
15617	4	15266
11161	2	11245
15237	0	15053
20915	2	11331
11981	3	11559
21720	2	11552
21803	1	21909
12067	0	11985
24357	0	23652
16864	4	16507
11528	0	11412
23351	2	11364
22698	1	22802
15423	1	15576
21129	3	14406
20747	0	20742
11370	2	11393
19934	2	11364
14673	0	14669
11819	0	11764
12050	0	11985
20679	2	17480
16969	4	16507
13239	0	13214
12878	2	11554
16847	4	16507
22991	0	22630
11256	2	11332
13823	1	13860
18467	0	18393
24348	0	24345
20964	0	20907
16257	1	16286
22163	0	22147
20917	2	20992
11552	3	21545
20115	0	20083
16952	4	16507
12806	2	12563
24073	2	11516
22403	0	11256
20245	0	20217
12511	0	12503
17847	2	11513
20948	0	20911
12021	0	11983
20716	2	20732
11341	0	11342
23079	0	22630
20046	4	19983
23449	0	23416
20006	4	19981
20605	2	11179
23446	1	23499
11261	0	11257
13619	2	11589
23347	2	11678
20228	0	20217
13156	0	12733
12086	0	11981
16186	0	16144
18176	1	18175
11680	3	19914
11747	0	11412
17040	4	16507
12004	0	11983
11527	2	11336
24072	2	24071
23379	1	23399
11351	3	17322
23062	0	22630
20935	0	20902
23432	0	23416
18421	0	18391
15070	2	15104
12109	0	11983
13139	0	12733
12069	0	11981
11987	0	11983
19993	0	19981
18184	4	18011
23045	0	22630
16242	1	16276
16473	1	16497
21785	0	21720
11323	3	22122
11331	3	13016
17362	2	17353
24128	0	17361
19983	2	11321
12092	0	11983
11369	2	11247
21167	2	11185
12908	0	12892
12085	1	12279
21471	0	21470
21137	1	21148
22201	3	11340
18918	1	19199
23840	4	23841
18470	0	18393
21310	2	11331
15209	1	15208
12157	0	11981
22165	0	22143
21272	2	11185
12075	0	11983
20080	2	13786
18716	4	18631
11472	1	11492
11720	4	11412
11280	0	11253
16145	2	16210
18235	4	18118
16155	1	16232
18453	0	18393
20846	2	11356
12661	2	12542
13335	0	13051
12140	0	11981
11179	3	13010
22148	0	22143
12141	0	11985
14488	3	14510
17729	2	11365
21720	2	11365
21325	0	21305
15970	2	11245
16447	2	11184
11263	0	11253
11245	3	21118
19689	2	11900
17242	4	16507
16425	0	16414
15077	0	15070
12622	3	12742
11931	1	11956
23222	1	23269
16683	1	16682
21955	1	22047
24162	0	24210
15330	0	15265
20047	0	19981
21344	0	21167
20951	0	20914
12878	2	11367
21470	3	18613
19962	3	19966
23697	0	23656
21373	0	21303
19677	3	11366
20106	0	20081
23920	0	23887
20633	2	11872
15955	0	15952
15717	2	11173
24145	0	24210
15313	0	15265
15952	2	15889
21327	0	21167
20748	0	20741
12661	2	12676
23805	4	23743
17229	0	16507
14949	0	14915
23800	0	23743
22477	0	11256
17107	0	16507
23680	0	23656
23015	1	23108
15418	0	15265
12012	0	11981
18631	2	11176
16533	1	16532
23686	1	23728
20090	1	20131
21125	2	21128
21810	0	21718
11532	0	11529
20957	0	20916
23685	0	23651
14932	0	14915
22460	0	11256
23222	0	23178
12893	2	11184
15340	1	15494
20201	0	19983
15026	4	14986
17811	0	17786
20079	2	11185
15401	0	15265
19933	0	19869
23413	2	11520
22324	0	22301
21793	0	21718
20940	0	20916
17371	0	17366
23668	0	23651
17195	0	16507
17500	2	11511
23205	0	23178
11187	3	13032
20184	0	19983
22314	0	22230
21936	3	22135
20885	2	11242
21775	1	21882
17033	1	17032
15168	1	15167
22307	0	22301
18905	0	18631
18478	0	18391
21776	0	21718
20734	3	20726
12166	0	11983
21131	2	21160
17469	2	17483
22485	1	22484
19010	0	18631
15076	0	15071
18888	0	18631
18461	0	18391
14844	1	14846
23075	1	23167
23538	0	23415
13549	2	11872
12149	0	11983
14551	0	14514
21208	0	21164
20602	2	11923
18253	4	17786
19887	0	19867
20861	0	20841
18405	0	18390
11367	3	15700
22579	0	22561
12107	1	12299
18993	0	18631
11251	2	11179
24261	0	24227
14355	0	14327
17755	0	17713
11919	3	13046
24076	2	14739
12997	3	13007
11159	3	11189
13221	1	13253
20808	0	20776
20966	0	20841
24366	0	24227
14534	0	14514
21191	0	21164
17275	0	17261
16450	2	11331
11534	0	11525
20959	0	20912
24244	0	24227
18976	0	18631
17738	0	17713
23199	0	22630
15715	3	13048
17368	2	17383
11281	0	11252
19602	0	19547
11757	1	11756
24349	0	24227
17481	3	15699
21174	0	21164
20942	0	20912
16422	0	16411
18959	0	18631
23662	0	23657
22559	2	17724
18631	2	16116
11264	0	11252
19884	1	19905
18797	0	18746
15170	4	15051
22234	0	22228
20973	0	20904
13155	0	13133
16147	1	16189
19594	0	19547
12504	2	11513
21383	0	21312
17592	0	17548
14629	0	14452
18780	0	18746
12470	1	12476
11252	2	15107
13138	0	13133
23046	1	23138
22287	2	11179
11804	1	11851
21687	1	21695
22593	0	15715
11358	3	19910
21366	0	21312
21319	1	21397
15157	0	15051
12570	2	13056
23458	0	23413
15952	2	11514
19870	2	11358
24082	0	24072
13125	1	13127
15371	1	15524
13549	2	11551
21127	0	21131
18881	1	19162
13692	1	13775
17269	0	16507
22576	0	15715
18831	0	18631
18252	1	18251
21936	2	22127
11763	2	11588
17466	2	12482
21349	0	21312
23441	0	23413
23621	4	23622
12878	2	11664
15053	2	11515
21604	0	21599
20927	0	20902
18341	4	18075
11367	3	16318
17567	0	17548
18355	0	18349
14669	3	14506
19890	0	19870
15987	0	15952
19567	4	19547
16445	2	11173
11346	1	11349
23465	1	23522
24269	0	24225
19689	2	11392
13619	2	13793
17473	2	17466
17550	0	17548
20682	2	17483
17956	0	17786
21320	0	21310
18057	4	17786
11390	3	12742
13051	2	12889
23927	0	23897
13826	1	13863
18345	2	11331
20225	0	20218
20719	0	20710
21385	0	21308
12001	0	11984
18124	1	18123
20636	2	11517
18080	1	18079
23354	0	23348
20972	0	20905
17841	2	11324
20636	3	11338
12106	0	11984
23350	2	11331
23658	1	23701
12959	1	12978
18682	4	18631
21368	0	21308
11515	3	13036
19685	2	11356
19677	2	19681
11507	3	13046
13393	3	13044
17922	0	17786
15036	0	14986
20955	0	20905
11526	2	11394
11273	1	11300
12800	4	12776
20215	2	11683
20908	2	20990
12089	0	11984
11412	3	11558
16759	1	16758
20606	2	14484
13281	2	13368
22303	2	11520
11190	3	13037
20938	0	20905
24406	0	24227
22992	1	23085
14927	0	14920
13493	1	13511
20089	0	20081
21339	0	21306
21519	4	21515
12072	0	11984
21374	0	21310
15879	1	15888
18462	1	18570
20846	2	20915
16145	2	16320
22400	4	22392
24389	0	24227
16177	0	16142
23663	0	23656
20279	0	20218
14910	0	14920
21135	0	21129
14669	2	11516
24135	1	24175
21322	0	21306
12055	0	11984
12911	0	12895
17361	2	11356
23414	2	11402
22555	2	16209
21287	0	21269
13788	3	16317
11668	3	24125
21061	3	11189
12504	3	13025
17504	3	15699
13473	0	13470
12160	0	11984
20841	2	11979
22168	0	22146
13214	2	11554
24409	3	18382
24477	0	24227
17465	0	17470
23188	0	23178
14224	0	13801
11182	3	24125
12995	3	12996
21208	0	16118
22164	0	15715
20971	0	20917
21759	0	21718
15071	2	11365
11187	3	13008
13549	2	13592
20233	0	20216
20616	0	20604
16171	1	16199
18433	1	18544
17518	0	17466
20961	0	20846
22263	1	22279
21191	0	16118
15297	1	15452
12895	2	11611
17500	2	13365
24119	2	11554
18444	0	18391
21742	0	21718
23682	0	23652
20954	0	20917
14929	0	14916
21128	2	21155
20912	2	11979
22558	2	11914
24077	2	11588
14327	2	11672
17501	0	17466
16446	3	16500
20944	0	20846
21174	0	16118
17871	0	17842
15846	1	15847
15250	0	15071
11747	1	11745
12010	1	12214
20937	0	20917
15715	2	11914
24151	0	17361
20114	0	20079
20844	2	17483
23287	1	23286
18900	0	18746
24401	1	24465
13796	2	11247
14876	1	14875
15381	0	15266
20025	1	20024
17854	0	17842
20093	1	20134
16177	1	16231
19647	1	19658
23985	2	11549
22630	2	15927
23688	0	23654
12163	0	11984
19005	0	18746
14524	0	14452
20097	0	20079
18419	0	18391
22593	0	22562
22433	1	22432
12949	0	12878
15788	0	15717
22630	2	11389
13679	0	13619
12763	1	12762
23671	0	23654
20635	2	11403
11806	0	11764
18388	3	18616
19869	2	11183
12146	0	11984
17503	2	11514
14608	4	14452
24266	0	18347
21205	0	21165
17846	0	17842
15053	3	18614
16834	4	16507
22576	0	22562
19418	4	18631
19702	0	19686
15171	1	15170
16183	1	16233
18010	1	18009
13490	1	13508
20915	2	17483
20963	0	20842
14490	0	14452
15852	0	15812
23824	4	23825
24249	0	18347
14531	0	14515
21188	0	21165
21063	3	21118
21598	0	21600
13634	1	13715
11873	3	12475
19401	4	18631
18631	3	19326
13555	0	13281
18076	0	17786
15279	0	15263
15835	0	15812
16352	1	16379
21211	0	21167
24150	0	24209
13550	2	11238
11626	0	11623
22142	0	22147
11597	2	11365
14479	0	14478
21136	0	21128
19384	4	18631
12471	2	11553
22722	1	22826
20857	0	20915
17505	1	17540
18059	0	17786
13211	2	11608
15262	0	15263
24095	2	12617
13224	1	13256
18349	2	18348
16451	3	14511
23552	0	23526
16966	1	16967
20970	0	20905
18452	0	18389
20962	0	20915
24209	2	11523
15719	2	15735
20712	2	11459
18265	4	17786
23985	2	24060
22579	0	20711
19376	4	18631
24252	0	24225
20079	2	13791
12699	0	12504
23535	0	23526
13416	2	11586
16787	0	16507
22144	2	11873
21066	0	21063
19371	0	18631
23418	2	11519
16460	0	16451
12504	2	12562
13100	0	13097
24119	2	11367
23008	1	23102
20906	2	20990
12424	1	12450
18390	3	18612
24118	1	24122
20799	0	20774
23455	0	23414
11373	1	11383
21210	0	21270
21740	1	21849
19936	0	19934
18433	0	15072
24235	0	24225
19354	0	18631
20234	0	20215
16504	2	11249
16443	0	16451
24223	2	11515
23696	0	23652
22564	2	11400
18130	0	17786
13654	1	13739
23426	1	23479
23670	1	23712
20684	0	20682
20782	0	20774
20775	2	11873
23438	0	23414
21047	0	13050
18427	0	18389
11336	3	16211
18156	1	18155
20633	3	13093
20710	2	20725
15019	0	14986
20124	1	20164
13883	0	13801
19866	0	19869
21768	1	21876
21213	0	21163
22531	1	22543
20693	0	20679
23190	1	23239
18410	0	18389
15642	1	15641
12490	3	12501
11370	2	11397
12571	0	12504
20608	2	11394
23586	0	23585
14548	1	14580
13695	1	13778
21759	1	21866
21317	0	21311
16453	1	16477
13052	2	11367
21281	0	21270
22560	2	11364
16638	4	16507
21196	0	21163
11772	1	11826
14365	0	14321
20710	2	19920
15717	2	11364
15249	0	15115
24254	0	24221
18028	1	18027
24477	1	24479
17549	1	17606
14348	0	14321
19941	0	19689
12760	4	12504
11162	0	11159
11807	0	11763
13214	2	13274
11394	3	20727
17847	2	11517
11984	3	12392
13139	1	13178
22554	2	13330
18391	3	13276
13796	2	11544
22303	3	13976
19983	2	20051
17425	2	16204
11188	3	19916
19937	0	19869
15675	0	15674
11269	0	11251
24237	0	24221
16503	0	16507
14875	4	14452
23349	2	11185
11790	0	11763
16311	1	16314
12182	0	11985
21388	0	21311
21521	2	20732
11719	1	11718
15336	0	15263
11245	3	16316
20935	0	20906
24220	0	24221
12120	1	12311
21074	0	21061
21638	0	21600
24373	1	24438
18672	2	11406
18339	4	17786
24002	0	23985
23775	4	23868
13380	0	13379
24209	2	11336
13595	0	13281
19877	1	19899
23415	2	12728
21371	0	21311
18762	1	19042
15319	0	15263
18462	0	15072
23762	0	23743
17866	0	17847
11365	3	12996
24243	0	24223
22267	0	22254
11331	3	13020
17548	3	11339
13700	0	13281
15606	0	15266
15424	0	15263
23604	3	20365
20692	0	20680
17466	2	17532
15302	0	15263
18445	0	15072
15857	2	12824
11378	0	11370
18326	0	17786
12157	0	11985
13683	0	13281
12878	2	11237
15407	0	15263
22559	2	11365
18645	1	18663
20648	0	20633
18465	1	18573
18365	0	18343
24075	2	11516
14833	4	14452
22984	1	22986
14204	1	14203
16180	0	16145
13641	1	13725
18309	0	17786
12896	0	12891
12140	0	11985
23674	0	15717
14649	1	14648
11515	3	12475
19878	0	19869
21325	0	21309
15390	0	15263
21808	1	21927
20367	2	11514
19420	0	18631
18416	0	15070
23833	0	23743
12844	0	12504
13051	2	11523
19687	2	11237
13226	0	13214
14067	4	13801
16451	2	11358
17366	2	11245
20613	0	20605
16163	0	16145
14298	0	14280
18292	0	17786
23186	0	22630
19525	0	18631
17739	0	17729
11520	3	21545
11529	2	11336
12949	0	12504
11412	2	11526
21308	2	11556
22963	1	22974
19403	0	18631
18399	0	15070
19504	4	18631
13662	0	13619
22509	1	22508
14698	0	14452
22581	1	22614
11815	0	11761
21936	2	12385
21313	0	21304
13235	0	13211
22630	2	11365
22685	1	22789
22700	0	22630
20960	0	20904
13645	0	13619
14155	4	13801
14949	0	14919
20111	0	20080
13932	0	13801
14033	4	13801
17664	0	17666
12012	0	11985
13810	1	13847
19491	0	18631
12662	1	12681
18448	0	15072
22683	0	22630
13628	0	13619
20957	0	20920
14932	0	14919
12504	2	12993
20094	0	20080
13281	2	12941
16463	0	16446
22556	0	22557
22392	2	13090
24474	3	14406
20860	1	20875
22666	0	22630
12943	1	12962
12013	1	12217
11750	1	11748
11737	1	11736
14020	0	13801
20940	0	20920
14121	4	13801
15717	2	17727
13337	0	13051
21274	1	21288
20230	1	20297
24404	1	24468
23428	0	23413
16326	3	13038
20266	0	15053
21577	0	21564
15881	0	15876
12484	2	12480
19650	1	19661
15721	1	15746
20844	2	11311
14003	0	13801
13054	2	13064
19689	3	19914
18640	0	18630
15974	0	15952
14452	2	14489
15051	2	12385
19686	2	11238
12952	0	12881
21688	2	11514
15719	2	11173
14920	2	11553
15957	0	15952
22393	0	22392
12032	1	12234
18502	0	15072
18466	0	18390
24227	2	11311
17231	0	16507
16269	1	16295
18437	0	15053
13385	0	13527
12997	3	13011
12914	1	12936
13281	2	11331
22166	1	22192
20959	0	20916
23687	0	23651
11272	0	11256
18449	0	18390
19688	0	19689
18420	0	15053
20846	2	11523
20731	3	20722
11929	2	11331
16848	1	16846
12895	2	11184
22486	4	22392
11526	2	11585
15669	4	15585
11281	0	11256
17876	0	17841
12424	0	11985
14222	0	13801
20942	0	20916
23670	0	23651
17197	0	16507
24366	1	24432
20796	0	20775
18403	0	15053
12878	2	11184
21179	0	21163
16069	0	16015
13227	1	13259
11264	0	11256
11597	2	11609
20947	0	20911
16630	4	16507
24232	0	24226
20973	0	20908
17859	0	17841
17385	3	11522
23873	0	23743
19689	2	16389
15719	3	14511
23209	1	23256
23693	0	23653
12504	2	11517
11513	3	24408
20779	0	20775
21162	0	21163
24325	2	11516
16471	0	16444
20930	0	20911
11764	2	11869
19982	1	19980
12504	3	11338
18439	0	15070
11251	3	16214
14860	0	14452
23676	0	23653
17360	3	11340
23540	0	23415
23606	2	11607
23331	0	22630
20274	0	19983
11412	2	11473
23543	0	23524
11425	0	11412
12570	2	13060
12504	2	12806
16718	4	16507
20961	0	20903
16145	3	13329
14293	0	13801
11528	0	11526
20604	2	11334
11253	2	11179
24082	0	24076
20421	1	20524
22315	0	22303
11514	3	18382
20605	2	15131
17325	2	11664
23673	1	23715
20257	0	19983
12728	3	21055
13077	0	12504
21685	3	12389
20944	0	20903
24209	3	14597
14362	0	14322
18234	4	18115
21603	0	21599
22020	0	21936
17673	1	17680
21936	2	12682
22723	0	22630
19690	0	19685
23887	2	17344
14486	3	14503
20725	3	20728
23297	0	22630
24474	2	11873
18413	1	18617
16684	4	16507
20606	2	13065
22929	4	22630
17504	3	17529
17486	2	11245
22003	0	21936
11804	0	11764
16508	1	16514
20841	2	11365
17473	2	17470
15717	2	15796
15740	4	15719
12504	2	12940
14551	1	14583
21470	2	20732
16450	3	16500
21688	2	11327
12797	1	12795
13055	2	13063
21617	0	21564
18729	0	18672
14908	4	14871
21385	0	21312
17594	0	17548
18199	4	18269
20972	0	20909
24257	0	24224
20676	3	22122
11541	3	11542
15972	3	11558
19875	1	19931
18494	0	15053
23359	0	23347
16920	4	16507
17119	1	17118
21368	0	21312
11515	3	13040
21335	1	21413
20846	2	11336
23640	4	23622
11908	0	11888
20397	1	20504
18190	4	18023
20955	0	20909
13141	0	12733
24240	0	24224
20844	2	11608
20912	2	11365
22228	2	16023
18477	0	15053
11984	2	12384
16453	0	16445
20281	0	15053
22226	2	11599
11190	3	13041
20938	0	20909
20681	2	13393
17847	3	13275
18991	1	19271
24237	1	24286
14927	0	14924
24111	1	24116
19505	1	19504
12675	3	12739
21382	0	21304
18460	0	15053
16785	0	16507
12735	3	12742
23440	0	23418
12570	2	11584
12504	2	11330
22132	0	22133
20716	3	13045
23466	0	23415
21973	1	22064
20774	2	11190
19737	0	19689
17470	2	13274
24325	2	11329
19870	3	19910
23432	1	23485
14152	1	14151
14910	0	14924
16890	0	16507
11995	0	11985
17361	3	13275
11311	3	20726
13303	1	13327
18443	0	15053
23423	0	23418
19980	4	19983
20841	2	17460
23311	1	23310
22466	4	11256
12504	2	12619
12060	0	11983
17522	0	17506
14472	2	11245
11595	0	11597
20908	2	11679
16873	0	16507
20005	1	20004
18140	1	18139
12736	2	11187
12881	2	11240
23379	0	23371
18395	0	18393
14541	1	14574
11623	3	11189
20718	0	20715
20937	1	21012
11812	0	11762
12043	0	11983
12995	3	13000
17505	0	17506
24373	0	23652
12787	1	12786
11509	3	14736
21309	2	11323
20971	0	20921
20250	0	20217
22231	1	22241
22432	4	11256
11187	3	13012
20910	2	20990
21527	0	21470
15857	2	11324
16961	0	16507
20616	0	20608
20032	0	19981
15719	3	15747
24356	0	23652
20687	1	20699
16247	0	16243
22966	1	22977
21101	1	21112
21128	3	14406
15085	0	15072
20954	0	20921
23682	0	23656
12014	0	11981
18671	0	18631
19924	3	19910
17502	2	11356
12900	1	12920
21510	0	21470
14951	0	14912
13619	2	11516
13281	2	13051
11632	0	11621
22990	0	22630
21169	1	21219
11182	3	13875
20221	0	20215
17362	2	12608
20937	0	20921
22301	3	13976
21381	0	21305
11997	0	11981
20114	0	20083
15876	2	11900
11173	3	18382
20741	2	11334
13813	1	13850
12385	3	21552
12102	0	11981
23985	3	14407
11256	2	12682
21364	0	21305
18755	1	19036
11980	0	11981
18637	0	18631
22146	3	12501
22228	2	22252
24013	0	23986
20097	0	20083
17329	1	17335
20925	0	20916
20905	2	11249
23190	0	23178
12085	0	11981
16185	0	16144
14918	2	11585
21347	0	21305
15070	3	18615
15037	1	15035
22965	0	22630
11260	1	11287
11624	0	11412
21801	0	21720
21761	0	21718
19988	4	19981
18202	4	18325
17786	2	11324
12068	0	11981
20712	2	11329
18647	0	11256
11986	0	11983
18422	0	15070
15313	1	15468
21784	0	21720
11344	2	11342
16204	3	13046
17712	2	11666
21550	0	21555
17170	4	16507
24131	1	24172
20914	2	11979
21318	0	21303
17513	0	17504
22590	0	22558
16463	1	16487
23347	2	11873
18347	2	13363
23986	2	22250
16444	2	11352
21767	0	21720
21269	2	11329
16272	1	16298
20606	2	11402
11777	0	11763
22370	0	22230
20951	0	20841
11324	3	19914
20362	2	12889
20909	2	11903
18733	1	18744
15354	1	15507
11551	3	16208
23623	1	23621
21797	1	21906
22169	1	22195
21750	0	21720
23690	0	23654
18452	0	18393
20962	0	20919
11238	3	24125
12735	2	11683
22506	4	11256
17136	4	16507
23418	2	23416
22236	0	22228
21034	0	20846
17714	1	17719
18346	1	18368
20852	0	20843
23606	2	11367
20967	0	20914
24210	2	11555
16209	3	16208
12504	2	12566
23673	0	23654
21389	0	21303
23551	0	13619
12881	2	11187
20958	0	20904
23418	2	11873
23551	0	23418
18204	4	18321
13068	3	18382
20950	0	20914
14925	0	14913
12486	0	12489
21989	1	22081
17123	0	16507
23212	1	23259
12188	0	11983
23696	0	23656
15717	2	11234
12664	1	12672
16448	0	16450
22516	4	22391
11743	1	11742
17362	3	16214
20933	0	20914
23543	0	13619
17665	2	11609
12171	0	11983
24405	0	24227
23543	0	23418
18174	0	17786
18631	2	11237
17814	1	17831
11540	1	11569
18471	0	18389
11872	3	13036
11342	2	11350
18816	0	18631
24388	1	24452
24388	0	24227
18415	0	18388
17842	2	11900
23676	1	23718
15144	4	15053
18209	4	18067
14365	0	14325
18921	0	18631
18454	0	18389
19973	0	19962
13427	0	13416
21556	2	11190
22630	2	11556
22560	3	11189
12142	0	11981
18799	0	18631
16249	1	16304
18398	0	18388
24254	0	24225
22572	0	22559
16262	1	16289
22167	0	22146
22146	2	11873
19373	0	18631
21598	1	21642
11343	2	11330
14348	0	14325
18904	0	18631
16427	0	16414
16528	2	11615
18782	0	18631
14228	1	14227
17067	1	17066
15232	4	15053
23912	0	23897
15270	0	15265
17023	1	17022
24162	1	24202
13124	2	12381
24237	0	24225
22150	0	22146
16060	0	15952
23348	2	11185
18887	0	18631
23698	0	23652
16410	0	16414
13902	0	13801
11325	3	14506
13876	3	13877
24082	1	24090
23464	1	23514
12504	3	13005
15952	2	11307
19461	0	18631
11311	3	18608
22920	1	22919
20935	0	20910
23883	4	23856
24220	0	24225
20861	0	20902
11795	0	11762
16330	2	16022
12525	0	12503
13097	2	11179
12623	1	12641
21532	0	21522
18870	0	18631
13108	0	13099
23316	4	22630
15179	0	15051
23658	0	17712
21190	0	21164
20966	0	20902
21711	0	21709
17865	0	17847
11365	3	13000
16323	2	13060
24243	0	24227
18975	0	18631
17712	2	11613
11778	0	11762
20242	0	20217
12508	0	12503
21376	0	21310
11331	3	13024
20440	1	20539
16067	0	16015
24119	2	11184
21062	0	21060
20804	1	20838
21626	0	21599
19938	0	13619
17444	0	17438
24240	1	24289
14804	1	14803
21359	0	21310
11509	3	17529
19589	4	19547
13281	2	13616
23179	3	20365
18365	0	18347
21976	1	22067
17417	1	17416
20081	2	11367
11204	0	11161
20884	2	11510
20715	2	11519
12896	0	12895
21342	0	21310
11514	3	16211
15152	4	15051
19866	0	19686
22153	0	22146
22522	0	22518
20254	1	20321
20842	2	20990
17213	1	17212
23351	2	11185
15117	1	15126
22592	0	15715
17985	4	17786
11412	2	11530
16323	2	14483
24069	3	24066
14544	1	14577
11525	2	11520
12734	2	11518
23413	2	11394
21755	1	21863
21313	0	21308
22575	0	15715
14655	1	14654
13236	1	13265
15717	2	11181
17867	0	17786
11551	3	15700
18472	0	18388
11768	1	11823
16142	2	16210
20960	0	20908
24245	0	24223
20601	0	20604
22234	1	22244
18242	1	18241
12876	3	21267
14945	1	14975
18687	1	18686
17521	0	17473
17850	0	17786
18455	0	18388
12667	0	12661
23055	1	23148
12507	0	12504
12582	1	12600
18961	0	18631
21361	0	21306
15234	1	15235
20362	3	17463
12504	2	12997
12430	0	11983
15970	3	11558
18438	0	18388
21172	1	21222
11613	3	13034
16182	0	16145
20607	0	20606
19959	3	19966
23848	4	23868
21384	0	21308
12000	0	11984
17943	4	17786
20635	2	11517
23633	0	23622
12703	1	12724
20945	0	20919
19511	1	19510
12570	2	11507
20846	2	20842
16015	2	11390
17367	1	17375
13304	0	13281
21367	0	21308
17361	2	20732
21966	1	22058
17937	1	17940
11179	3	13047
20909	2	20173
20928	0	20919
11867	3	21551
16270	0	16145
20910	2	11919
19643	4	19603
12904	0	12893
13287	0	13281
11678	3	18613
17808	0	17786
17475	0	17468
11188	3	23600
20716	2	11588
21689	1	21698
22321	1	22347
18365	1	18385
11185	3	22121
13054	2	11324
11654	2	11508
22161	0	22144
20011	1	20010
24234	0	18347
12071	0	11984
18226	4	18097
22584	0	22564
11588	3	16211
20060	3	24067
15316	1	15471
11161	2	11229
12954	1	12972
21306	2	12621
20971	0	20844
20731	3	20726
11929	2	11335
19650	0	19547
20635	2	12940
23418	2	23526
11249	3	19964
13475	1	13484
22567	0	22564
16412	2	11543
20609	0	20602
15073	0	15071
21386	0	21304
20954	0	20844
12734	2	11331
21179	0	21167
17249	1	17248
11597	2	11613
20947	0	20915
16599	1	16598
22227	2	11615
22630	2	11182
18990	0	18631
15118	1	15125
23693	0	23657
21369	0	21304
18724	4	18690
22564	2	11514
11578	0	11654
20937	0	20844
21556	2	21554
20890	0	20883
18828	0	18746
19616	0	19547
21162	0	21167
17717	1	17722
15309	0	15266
20744	0	20742
20930	0	20915
11764	2	11873
22287	2	11187
12504	2	11871
23676	0	23657
21639	1	21681
17361	2	11551
15970	2	11550
13290	0	13281
18811	0	18746
20961	0	20907
12504	2	12810
17499	2	13365
21190	0	16118
19339	0	18631
15292	0	15266
13169	0	13133
17548	2	11549
11528	0	11530
20953	0	20917
17099	1	17098
23681	0	23652
24119	2	11615
18215	4	18078
15716	0	15717
13885	0	13801
13553	1	13571
20608	2	11508
15070	2	13799
18916	0	18746
18212	4	18319
18477	1	18582
21343	1	21468
20944	0	20907
20775	2	11182
14362	0	14326
14474	1	14480
23882	4	23815
20936	0	20917
23664	0	23652
19690	0	19689
16895	1	16894
12570	2	11320
14486	3	14507
13378	0	13281
21522	2	11324
11243	3	17322
17422	0	11252
22483	0	22392
11677	3	19914
11390	3	20671
21141	0	21131
20741	3	18382
19642	4	19591
18105	4	17786
14624	4	14452
24391	1	24455
22590	0	15715
21181	0	21163
23429	0	23416
21105	0	21063
17808	1	17824
22592	0	22562
21688	2	11331
11177	3	16515
11256	2	13089
19778	0	19689
15677	0	15674
13055	2	13067
17987	0	17786
12661	2	11237
19584	1	19583
11481	1	11497
21204	0	21165
23412	0	23416
13344	0	13281
12745	4	12504
20857	0	20842
20972	0	20913
22575	0	22562
18401	0	18391
15847	4	15812
12738	2	11365
16265	1	16292
12522	0	12504
17711	0	17712
16523	2	11864
20889	0	20884
23359	0	23351
12128	0	11984
20962	0	20842
19687	2	19727
18071	4	17786
13794	2	11350
18870	1	19151
23545	0	23524
20963	0	20903
22301	2	11663
21187	0	21165
12627	0	12504
20955	0	20913
11268	0	11253
17409	0	17386
11344	2	11399
12505	0	12504
15606	1	15605
12879	2	12567
12662	0	12891
13432	0	13281
11369	2	11365
21564	2	13416
23528	0	23524
16142	2	11514
21059	0	21061
11984	2	12388
21170	0	21165
16453	0	16449
14513	0	14515
14992	1	14993
15252	0	15071
11190	3	13045
20938	0	20913
12835	0	12827
24112	2	11365
20921	2	19670
17392	0	17386
21356	0	21311
18058	0	17786
15674	2	15712
16504	2	11176
15952	2	11551
22952	0	22630
11260	0	11253
24228	0	24223
12504	2	11334
12610	2	11237
21341	1	21419
22931	4	22630
13596	1	13606
23205	1	23253
21387	0	21303
16017	1	16020
20443	1	20542
18634	0	11256
13167	0	12504
17361	2	11364
12698	0	12504
13668	0	13281
15071	2	11589
14472	2	11249
22201	2	11182
17807	1	17825
21324	0	21167
23454	0	23414
11404	3	23600
16566	4	16507
22918	0	22630
19358	4	18631
19983	2	11923
12574	0	12570
17713	2	17724
15415	0	15265
22559	2	11613
21717	1	21827
18973	0	18746
21307	0	21167
23437	0	23414
16064	1	16115
16528	2	11188
11817	0	11761
20695	0	20636
15952	2	16007
13237	0	13211
23317	1	23316
11187	3	13016
11256	2	11613
15685	0	15672
15023	4	14986
23762	1	23761
15398	0	15265
23006	0	22630
18433	0	17361
18146	1	18145
17467	2	13064
20283	1	20351
23420	0	23414
11516	3	24067
20362	2	11336
11800	0	11761
15006	4	14986
14951	0	14916
23605	3	11904
13619	2	11520
13100	1	13113
18825	1	19105
20687	0	20636
19339	1	19338
12793	1	12792
16981	1	16979
11923	3	11911
11783	0	11761
21381	0	21309
22630	2	11613
18267	4	17786
14948	1	14978
11764	2	11365
19983	3	20364
20917	2	11608
16781	1	16780
23058	1	23151
16997	0	16507
14952	0	14923
12102	0	11985
13900	0	13801
20363	2	15109
18901	1	19181
24392	0	23652
11766	0	11761
15635	4	15266
21364	0	21309
19459	0	18631
11575	0	11572
22567	1	22600
11364	3	15700
18504	0	17361
24236	0	24221
20653	0	20636
23381	0	23371
20925	0	20920
22518	2	22547
19729	1	19789
24018	0	23985
16980	0	16507
14935	0	14923
12085	0	11985
16145	3	16208
14656	4	14452
24375	0	23652
16470	0	16444
21347	0	21309
11474	2	11178
14211	4	13801
18487	0	17361
15952	2	11364
20636	2	20682
24001	0	23985
16963	0	16507
20775	2	11613
12068	0	11985
21046	0	21044
24358	0	23652
21470	3	12933
20604	2	13058
16249	0	16243
12772	0	12504
16653	1	16652
24366	0	24345
14788	1	14787
21130	3	14406
13161	1	13200
23659	0	23657
14643	0	14452
11394	3	14506
12735	2	11903
23984	0	23985
14674	0	14669
18321	4	17786
18794	0	18746
21033	1	21038
20057	0	19983
17744	0	17729
11246	3	19965
13152	0	13133
16179	1	16226
19432	4	18631
14076	0	13801
21270	2	11364
14177	4	13801
12755	0	12504
23419	1	23472
24349	0	24345
12912	0	12891
22595	0	22557
20913	2	15110
11613	3	13412
18777	0	18746
18462	0	17361
13135	0	13133
11257	2	11329
24074	2	11516
20104	1	20145
23184	0	23179
12957	1	12975
16068	1	16098
21718	2	19623
18445	0	17361
23080	0	22630
20058	2	20066
19867	2	11358
19520	4	18631
24164	0	24209
12843	0	12504
20467	0	20367
13478	1	13487
12504	2	12570
14042	0	13801
14639	1	14638
22392	2	15111
20612	0	20605
22288	2	11903
13552	0	13281
23286	4	22630
21548	2	11680
20958	0	20908
11412	2	11587
23063	0	22630
20450	0	20367
12826	0	12504
23678	0	23653
12486	0	12493
17047	1	17046
14049	4	13801
13501	1	13519
16323	2	11507
14690	1	14748
20459	0	20367
11731	0	11412
17867	0	17843
11473	2	11190
22499	1	22498
13977	1	13983
23661	0	23653
11985	2	11331
20367	2	20569
19686	2	19675
20442	0	20367
18447	0	15072
17850	0	17843
21165	3	13897
19689	2	11510
11403	3	13040
15321	0	15266
20093	0	20080
12504	2	13054
12100	1	12292
16686	4	16507
23347	2	11556
11446	1	11445
24353	1	24419
19747	1	19807
21207	0	21270
16451	2	11903
19933	0	19934
18480	1	18585
11412	3	11542
18430	0	15072
15952	2	11177
20911	2	11678
22207	0	22203
20456	1	20584
13336	0	13051
21165	2	11551
11190	3	13021
15033	1	15032
11470	4	11453
14357	1	14396
18495	0	15070
11282	0	11254
16360	1	16385
11740	1	11738
11727	1	11726
17243	4	16507
16128	1	16133
13150	0	12504
22000	1	22091
11905	1	11909
16774	4	16507
24255	1	24303
15051	2	11507
22414	4	22392
24394	1	24458
22392	2	11407
16551	0	16507
15266	2	11173
14353	0	14324
14150	0	13801
14251	4	13801
17729	2	11459
17125	0	16507
23986	2	11679
17226	4	16507
23175	3	18608
14801	4	14452
11530	2	11682
11158	1	11168
12825	3	21118
13927	1	13966
15300	1	15455
19678	3	11366
23921	0	23887
18630	2	18666
12504	3	13009
24146	0	24210
20636	2	13274
14336	0	14324
20749	0	20741
20276	0	20218
23883	4	23860
21132	0	21129
11979	3	22123
12071	1	12266
18956	0	18746
20219	0	19983
22387	3	22294
16639	0	16507
16740	4	16507
18729	1	18741
20966	0	20906
13471	2	11903
14238	0	13801
21524	1	21536
20858	0	20911
23686	0	23651
17213	0	16507
23180	1	23229
11951	0	11927
12880	2	11903
23611	0	23612
20633	3	13130
20202	0	19983
12731	0	12738
13662	1	13745
20080	2	11920
14697	0	14669
23692	1	23734
23414	2	11520
12504	2	12733
23669	0	23651
11247	3	13877
11934	0	11927
15076	1	15091
23451	0	23415
20185	0	19983
22315	0	22230
22468	4	22392
17843	2	11408
16605	0	16507
20843	3	13366
24231	0	24226
13054	2	11515
20230	0	20216
14204	0	13801
21948	0	21936
18018	1	18017
16465	0	16449
17786	3	17838
23434	0	23415
11420	4	11412
17467	2	12824
22264	0	22254
18914	0	18746
20957	1	21019
15238	0	15053
15395	0	15266
23539	0	23415
20273	0	19983
14669	2	11179
17361	2	11608
20204	0	20195
23353	2	23345
21209	0	21164
15217	4	15053
23417	0	23415
18406	0	18390
14477	0	14475
21134	0	21125
20469	1	20577
12612	0	12610
11797	0	11762
23199	0	23179
12910	0	12891
24077	2	14739
15221	0	15053
21313	0	21312
15378	0	15266
22481	0	22392
17801	1	17818
18920	1	19198
24074	3	24065
11518	3	18613
21192	0	21164
21165	2	11364
17276	0	17261
14361	0	14322
12940	3	20673
11679	3	12933
11780	0	11762
20601	0	20608
13240	0	13214
12735	2	11179
13338	1	13352
21305	2	11401
23663	1	23705
12021	1	12225
17348	2	12481
16143	1	16215
20226	0	15053
19676	0	11369
11252	2	11334
14344	0	14322
24015	1	24053
21633	0	21564
11249	3	16317
20284	0	20216
16729	1	16728
11803	0	11764
23006	1	23099
19568	1	19567
13223	0	13214
18672	2	12382
21361	0	21310
17744	1	17765
17473	2	17531
20842	2	11679
16330	2	11517
13103	1	13116
22293	0	22288
17483	3	15700
11367	3	21055
22564	2	20349
22133	2	15243
20083	2	11367
11613	3	13038
21616	0	21564
17358	2	11394
11786	0	11764
16936	4	16507
21384	0	21312
11176	3	12933
22554	2	11407
22142	0	15715
16814	4	16507
14951	1	14981
22288	2	11179
12570	2	11511
23061	1	23154
23998	0	23986
21522	2	11515
16919	4	16507
20841	2	13065
11356	3	20728
21367	0	21312
24147	0	24209
23459	0	23413
22570	1	22603
15972	2	11367
23198	1	23247
16181	0	16243
11988	0	11983
17270	0	16507
11675	2	11682
16593	1	16591
16801	0	16507
16902	4	16507
24130	0	24209
11794	1	11877
17475	0	17472
23442	0	23413
24129	0	17361
13128	3	22122
24084	0	24073
21306	2	11336
11684	3	13038
21688	2	11872
18459	0	15053
22288	2	20173
19547	2	16319
19996	4	19983
17492	2	17494
12504	2	11391
15953	1	15961
18361	0	18344
11161	2	11233
12036	0	11981
15878	0	15876
24325	2	11390
17114	1	17112
19874	0	19870
17957	0	17786
21036	1	21041
11910	3	12812
13055	2	11514
17710	3	24125
21752	0	21720
22149	0	22143
23422	1	23475
21188	1	21238
12504	2	12680
16361	0	13619
20609	0	20606
13053	2	11607
18700	4	18631
22201	2	11239
11704	4	11412
20044	4	19981
11370	2	11381
23301	1	23300
20241	1	20308
19686	2	15113
20947	0	20919
15078	0	15070
21735	0	21720
20969	0	20911
20107	1	20148
16504	2	11367
20048	0	19981
15861	0	15855
18130	1	18129
21369	0	21308
18724	4	18694
14471	2	11235
22581	0	22560
12570	2	11190
23583	0	23585
20930	0	20919
12107	0	11981
20216	2	11683
21526	0	21470
20107	0	20081
20769	0	20712
20031	0	19981
11680	3	18613
15970	2	11554
20710	2	11394
21823	0	21720
20961	0	20911
18631	2	11351
12578	1	12597
20953	0	20921
23681	0	23656
19983	2	11175
11329	3	20722
21509	0	21470
20090	0	20081
15835	1	15834
13504	1	13522
15297	0	15265
15674	3	15700
20921	2	16023
15684	0	16412
16459	0	16447
11533	0	11529
20918	0	20914
21806	0	21720
20635	2	11334
20944	0	20911
17091	0	16507
16178	0	16142
21946	0	21936
20936	0	20921
23664	0	23656
13099	2	11240
12880	2	11179
11697	1	11696
15628	0	15266
21340	0	21303
12570	2	11324
14486	3	14511
20949	0	20906
17372	0	17366
18491	0	18393
12997	3	13048
19686	2	19919
17523	0	17502
11320	3	18382
21507	2	11409
16361	0	16331
22203	2	11235
18636	0	18631
20602	2	19669
12103	1	12295
20932	0	20906
19983	2	20169
11331	3	13004
15072	2	11356
15417	1	15570
24356	1	24422
21777	0	21718
19750	1	19810
14475	2	11683
16611	1	16609
22427	0	11256
23189	0	23178
17499	2	11409
21953	1	22045
15594	0	15266
23860	4	23743
11474	2	11235
20857	0	20846
22165	0	15715
20972	0	20917
21760	0	21718
24225	2	11979
14514	2	11459
13471	2	11663
15754	4	15719
17064	4	16507
24258	1	24306
20962	0	20846
19883	0	19869
22515	0	11256
17159	1	17158
18872	0	18631
22148	0	15715
20955	0	20917
21743	0	21718
11268	0	11257
20217	2	11979
11344	2	11403
20967	0	20841
11391	3	18382
20914	2	14484
12662	0	12895
18448	1	18557
13930	1	13969
20845	0	20841
15674	2	11394
23440	1	23493
15303	1	15458
17786	3	13276
17739	0	17713
18855	0	18631
21129	2	21152
20938	0	20917
18170	1	18169
18428	0	18391
24152	0	17361
12116	0	11983
20950	0	20841
23373	1	23393
18631	2	19324
21175	0	21164
20951	0	20902
23652	2	20074
20361	2	12889
19940	0	13619
22211	1	22222
20228	1	20294
11260	0	11257
20943	0	20912
11334	3	15700
24228	0	24227
17855	0	17842
20610	0	20605
20051	2	11325
11392	3	20671
11371	1	11380
14495	0	14488
23284	4	22630
24135	0	17361
15326	0	15265
15612	1	15611
18392	1	18508
14424	1	14443
20933	0	20841
20098	0	20079
16041	1	16108
23887	2	11554
20740	0	20739
16467	0	16445
23543	1	23570
20926	0	20912
18943	0	18631
12950	0	12878
22906	1	22905
16805	1	16804
15079	1	15094
20957	0	20904
23454	0	23418
15070	2	13616
23796	0	23743
15978	0	15972
11524	0	11527
18926	0	18631
12091	0	11983
21626	1	21668
11736	4	11412
11176	3	19914
18473	1	18579
20940	0	20904
23437	0	23418
24114	2	11356
21309	2	11331
17368	2	12565
13077	1	13085
12074	0	11983
13556	0	13281
12879	2	11900
21936	3	22123
17841	2	11365
15280	0	15263
23697	0	17712
11164	1	11171
11249	3	13044
20887	1	20896
23420	0	23418
20652	1	20670
20281	0	20217
21137	0	21128
16528	2	12481
15071	2	15110
23425	0	23413
23680	0	17712
11702	4	11412
18693	0	18631
13790	3	16316
17804	1	17821
17810	0	17847
22290	0	22289
19495	1	19494
15819	0	15812
17551	0	17548
14364	0	14325
13051	2	13064
21167	2	11336
19972	0	19962
15971	0	15952
13211	2	11352
19551	4	19547
23220	0	22630
11511	3	21551
23928	0	23897
15208	4	15051
21036	0	20846
22630	3	18608
12145	0	11983
23919	0	23887
15954	0	15952
13372	1	13377
23911	0	23897
19380	1	19381
22305	1	22331
19937	0	19934
13106	1	13119
16425	1	16440
23612	2	11190
24236	0	24225
19345	1	19344
14413	0	14327
24224	2	11515
19686	2	11356
20618	0	20603
16059	0	15952
15334	1	15488
15417	0	15265
17923	0	17786
20805	1	20826
16541	1	16539
22438	1	22439
15874	2	11190
15073	0	15051
11474	2	11182
23178	2	23275
16142	2	11681
13416	2	12619
17437	0	17436
16031	1	16078
21352	0	21308
16042	0	15952
21531	0	21522
11808	1	11854
21378	0	21305
15400	0	15265
17348	2	11920
20641	0	20635
16418	0	16411
18358	0	18345
14451	3	11522
12995	3	13037
19017	0	18631
22287	3	17835
20752	0	20712
12073	0	11984
12099	0	11981
21335	0	21308
20921	2	11327
16025	0	15952
16066	0	16015
19605	4	19547
15383	0	15265
15003	0	14986
13053	2	11367
14452	2	14741
21328	1	21406
22143	3	12501
15071	2	11406
22630	2	22839
12894	1	12915
11358	3	16515
11509	3	13268
21625	0	21599
12056	0	11984
20711	2	19920
12912	0	12895
17362	2	11356
11519	3	18382
20642	1	20661
22595	0	22561
15366	0	15265
11257	2	11333
21510	0	21507
20079	2	11925
12191	1	12376
11808	0	11763
12039	0	11984
18504	1	18609
17522	1	17528
24223	3	14597
12895	2	12941
12144	0	11984
20246	0	20218
15053	3	13044
20892	0	20883
14893	4	14813
23350	2	11185
12022	0	11984
14452	3	14511
16518	2	11873
21389	0	21311
16449	2	11331
11271	1	11298
14942	0	14918
16507	2	11185
20244	1	20311
23678	0	23657
17203	1	17202
17737	0	17713
16446	3	15736
20840	0	20846
20906	2	11903
17867	0	17847
15737	4	15719
23661	0	23657
12805	2	12384
22559	2	11914
21377	0	21306
22464	1	22465
13068	3	22123
12737	2	11903
21175	0	16118
23605	3	20365
13337	0	13332
15251	0	15071
13154	0	13133
11329	3	22121
16451	2	16445
17850	0	17847
20856	0	20919
17591	0	17548
18901	0	18746
21360	0	21306
14935	1	14965
22563	1	22597
15408	0	15263
20389	1	20498
20649	0	20633
11530	2	11552
18366	0	18343
14290	1	14310
23186	0	23179
21312	2	11336
20716	2	11515
21764	1	21873
17574	0	17548
22129	3	22121
11251	3	11339
18884	0	18746
21165	2	11555
11190	3	13025
15252	0	15051
12661	2	11351
20952	0	20909
19869	2	11358
19962	2	11249
18989	0	18746
15053	2	11182
12879	2	11392
20846	2	20903
18867	0	18746
15051	2	11511
12950	0	12504
24402	0	24227
15717	2	15109
11551	3	23600
12181	1	12367
19309	2	13059
20908	2	20173
21482	1	21497
18935	0	18631
18972	0	18746
14491	0	14452
13428	1	13450
24250	0	18347
23223	1	23270
20880	2	11235
11326	3	13047
21956	1	22048
15039	1	15038
21936	2	11190
18631	2	15112
17503	3	17525
12504	3	13013
22586	0	22559
22701	0	22630
15952	2	11315
13646	0	13619
21044	2	11356
13434	0	13281
11508	3	16208
18955	0	18746
14474	0	14452
13395	3	20727
20947	0	20842
24233	0	18347
19983	2	11903
21283	0	21269
11514	3	21562
11321	3	11308
12111	1	12302
15053	2	11316
11873	3	17322
22684	0	22630
20858	0	20915
14950	0	14916
13531	0	13527
13629	0	13619
14907	4	14867
18161	4	17786
14139	4	13801
20775	2	11914
13417	0	13281
20930	0	20842
20971	0	20905
22522	0	22392
11187	3	12996
20848	0	20844
20080	2	11924
21209	1	21259
15306	1	15461
12882	0	12878
14739	3	14506
11412	2	11404
18043	0	17786
13050	2	11555
12504	2	12737
21936	2	11324
23536	0	23526
23376	1	23396
20954	0	20905
11525	2	11394
21178	0	21167
12881	2	11358
20946	0	20915
20907	2	20990
21578	0	21564
22630	2	11243
15882	0	15876
23585	2	15896
12184	0	11984
18026	0	17786
19360	4	18631
20937	0	20905
20776	2	13799
20929	0	20915
11763	2	11873
24143	1	24185
20710	2	14484
18347	2	15896
12666	0	12504
23353	2	23349
16176	0	16142
11530	2	11365
17548	3	17662
18114	0	17786
21629	1	21671
23076	1	23168
13051	2	12824
23422	0	23414
14552	0	14515
18411	0	18389
11517	3	21562
21795	1	21903
23635	1	23634
14361	0	14326
18885	1	19165
12159	0	11984
18421	0	15053
21197	0	21163
11334	3	13045
18394	0	18389
24250	0	24226
22893	4	22630
14081	1	14082
18282	1	18281
12082	0	11981
14344	0	14326
14046	1	14045
16885	1	16884
21140	0	21131
21380	0	21167
11365	3	13037
16729	0	16507
21180	0	21163
19414	4	18631
16659	1	16658
11163	0	11159
14794	1	14793
24233	0	24226
11985	3	12392
15857	2	15898
20615	0	20604
15676	0	15674
11613	3	13042
18441	1	18551
24381	1	24445
24163	0	24209
11270	0	11251
20121	0	20079
11237	3	12933
14122	1	14121
14924	2	14984
20857	0	20903
11791	0	11763
20911	2	11979
12521	0	12504
17425	2	11252
24076	2	11588
23281	1	23280
14870	1	14869
20221	1	20288
19012	0	18746
21522	2	11519
23544	0	23524
22557	2	11325
18989	1	19268
21639	0	21600
20962	0	20903
17436	2	11330
11774	0	11763
12733	3	12739
13825	0	13801
21372	0	21311
20844	2	11673
15598	0	15266
15263	2	11365
12433	1	12459
20808	1	20829
13658	1	13742
23527	0	23524
22133	2	11409
21622	0	21600
22152	1	22179
21577	0	13416
11758	3	12475
19891	0	19689
18323	4	17786
15596	1	15595
24084	0	24077
20096	0	20079
13808	0	13801
23416	2	11190
11864	3	16515
21355	0	21311
17500	2	17488
16504	2	11237
17502	3	15700
11256	2	11190
21605	0	21600
18361	0	18348
12036	0	11985
24265	0	18347
12153	1	12340
21338	0	21311
15053	2	11613
19549	1	19546
18830	1	19108
23797	4	23798
17404	1	17407
22149	0	22147
20906	2	20173
18289	4	17786
15391	0	15263
24248	0	18347
21165	3	13877
21321	0	21311
19400	4	18631
14817	4	14452
19684	0	19686
11790	1	11842
20969	0	20915
15374	0	15263
17803	0	17841
12828	0	12504
11625	0	11623
18468	0	18389
22581	0	22564
14699	0	14452
15717	2	11352
20081	2	11672
13236	0	13211
18276	0	17786
12107	0	11985
17026	4	16507
22595	0	20711
19309	3	19326
15022	4	14986
18154	0	17786
24209	2	11190
15357	0	15263
23048	0	22630
19387	0	18631
19488	4	18631
12811	0	12504
11985	2	12384
24405	0	24345
18451	0	18389
11274	1	11301
14682	0	14452
11675	2	11365
20247	1	20314
13219	0	13211
15987	1	16005
15340	0	15263
22143	2	11873
19998	4	19983
15824	4	15812
24388	0	24345
15115	2	12542
20238	1	20304
22993	1	23086
18434	0	18389
20079	2	11364
13916	0	13801
14665	0	14452
14017	4	13801
22558	2	11394
21709	2	11351
11782	0	11761
18242	0	17786
14696	0	14669
16891	0	16507
16992	4	16507
19475	0	18631
18211	4	18071
14625	1	14624
20949	0	20910
15715	2	11394
19454	4	18631
20941	0	20920
13338	0	13051
18346	0	18344
20078	0	20080
13899	0	13801
12061	0	11983
17523	0	17506
20781	0	20774
20774	2	11873
21363	0	21309
11706	4	11412
19458	0	18631
22525	1	22537
15841	1	15840
20354	0	20355
12798	4	12745
20932	0	20910
19983	2	20173
11331	3	13008
19336	0	18631
23380	0	23371
14004	0	13801
20924	0	20920
14105	4	13801
22450	4	11256
21529	0	21522
15051	2	12560
19689	2	11758
18641	0	18630
12044	0	11983
11529	2	11190
20841	2	15110
22370	1	22386
19441	0	18631
24128	0	24119
17471	0	17469
19983	2	11663
21310	2	11323
12489	3	12501
11474	2	11239
11369	2	11589
14556	1	14587
22463	1	22462
16349	0	16330
11887	2	11238
11257	2	11256
23771	4	23820
11251	2	11358
14638	4	14452
14004	1	14002
18503	0	15072
20960	1	20983
16331	2	15965
20712	2	11394
11173	3	24408
12184	1	12370
11247	3	21562
13055	2	11331
15086	0	15072
20693	1	20705
15712	2	11544
18486	0	15072
19870	2	19913
11633	0	11621
11273	0	11256
11201	0	11161
24114	3	19961
22676	1	22780
21936	2	14467
17093	0	16507
17361	2	11588
15069	0	15072
12906	1	12926
15630	0	15266
19936	0	19869
17365	2	11758
20710	3	20727
22594	0	22557
20912	2	15110
20951	0	20906
20387	0	20367
20039	0	19983
11364	3	23600
18469	0	15072
20943	0	20916
18433	0	18390
13382	1	13390
18404	0	15053
18961	1	19241
24076	2	17496
22317	0	22230
22470	4	22392
21304	2	11556
13561	1	13577
20370	0	20367
22577	0	22557
17436	3	17463
23912	1	23946
20926	0	20916
14857	4	14452
18387	0	15053
22300	0	22230
22453	4	22392
16961	1	16960
21509	1	21512
11548	3	15700
17468	2	14483
18440	0	15070
20957	0	20908
23857	0	23743
11524	0	11531
12504	2	12981
13619	2	11394
23677	0	23653
13699	0	13281
20275	0	19983
11942	0	11929
16695	0	16507
20604	2	11509
20691	0	20680
15857	2	15874
22436	4	22392
16455	0	16444
20608	2	11679
16036	0	16015
16157	1	16220
11254	2	11179
20605	2	11334
24274	1	24322
14702	1	14733
18423	0	15070
20940	0	20908
11888	2	11331
14844	0	14452
14198	1	14197
22200	0	22201
16504	2	11668
23660	0	23653
13682	0	13281
13491	1	13509
20258	0	19983
13619	2	12683
23849	0	23743
11463	4	11451
22266	0	22230
16580	4	16507
15921	1	15923
14341	0	14327
14487	3	14503
21768	0	21720
22564	2	22557
13379	2	11307
12686	1	12708
17154	4	16507
20241	0	19983
11325	3	19914
16450	3	15736
14520	0	14514
21177	0	21164
23079	1	23171
20910	2	11903
22707	0	22630
19547	2	12566
16162	0	16145
14810	0	14452
11369	2	11402
13051	2	13068
21763	1	21869
20224	0	19983
23281	0	22630
22406	0	22392
20935	0	20841
20454	1	20553
19737	1	19797
12818	3	12812
20853	0	20843
20269	0	20216
16267	0	16145
20907	2	11919
19883	0	19686
22289	2	11324
12997	3	12999
12901	0	12893
11761	2	11584
23887	2	11237
22593	0	11251
18462	0	18390
20959	0	20904
23798	0	23743
16252	1	16283
13051	2	11324
16250	0	16145
14250	4	13801
11771	0	11764
21470	2	11242
21720	2	11520
13169	1	13208
22576	0	11251
13281	2	12608
18445	0	18390
20942	0	20904
14137	4	13801
14233	4	13801
20747	0	20710
21352	0	21312
13917	1	13956
20282	0	15053
23444	0	23413
23624	4	23622
20971	1	21029
11892	0	11888
15162	4	15053
20939	0	20909
18358	0	18349
12995	3	13041
14906	4	14863
21383	0	21304
12529	1	12559
12959	0	12881
21377	1	21452
16458	0	16447
12736	3	12742
20774	2	11365
11950	0	11927
21335	0	21312
20921	2	11331
23610	0	23612
23427	0	23413
20265	0	15053
20811	1	20832
23539	1	23567
18416	0	18388
11613	3	11542
11453	4	11412
14225	4	13801
20922	0	20909
14475	2	11179
23745	4	23746
18792	1	19072
23975	0	23972
11173	3	12812
21366	0	21304
18444	0	15053
16870	4	16507
11933	0	11927
16454	1	16478
22510	4	22392
15306	0	15266
20248	0	15053
18399	0	18388
12951	0	12881
11436	4	11412
18671	0	18672
15874	2	11678
23069	1	23162
16446	2	12937
21349	0	21304
23588	1	23596
14919	2	11553
21488	1	21505
14986	2	11249
23433	0	23415
20231	0	15053
18878	1	19159
23648	4	23634
17841	2	11182
18043	1	18044
19405	1	19404
11813	0	11762
12431	0	11985
18008	1	18007
22230	2	22227
16015	2	11187
16857	0	16507
15197	0	15051
15394	0	15266
15359	1	15511
14234	1	14233
16735	0	16507
16144	2	11681
14942	0	14922
23418	3	23599
21133	0	21125
12611	0	12610
11796	0	11762
18419	0	15053
17515	0	17503
12909	0	12891
20883	2	12608
15377	0	15266
12423	0	11985
16420	0	16411
13162	0	12733
22416	4	11256
14912	2	14983
11926	1	11953
11678	3	12933
22585	1	22617
11779	0	11762
24374	1	24439
21377	0	21310
18501	1	18605
18498	0	15053
16823	0	16507
17275	1	17291
19607	4	19547
21627	0	21599
19775	0	19689
17786	2	11365
16451	2	16449
13145	0	12733
14514	2	12378
11277	1	11304
14948	0	14924
11685	2	11680
17445	0	17438
17348	2	15925
17363	2	17358
19999	0	19981
20846	2	11324
14106	1	14105
21360	0	21310
11571	0	11573
23986	2	11553
11530	2	11556
23986	3	14407
18746	2	11317
20204	1	20211
19758	0	19689
16719	1	16718
18366	0	18347
18638	0	18631
21477	0	21470
14931	0	14924
20716	2	11519
20801	1	20823
13281	2	13360
11190	3	13029
18818	1	19098
20952	0	20913
20079	2	11608
20603	2	11334
22013	1	22105
14927	0	14912
18502	0	18390
19741	0	19689
13642	1	13726
21521	2	11515
13076	0	12504
18232	4	18111
20774	2	11178
22390	1	22389
14683	1	14722
14910	0	14912
18344	2	11551
17219	1	17218
23188	1	23237
18410	1	18525
17503	3	17529
21810	1	21911
15739	4	15719
18709	0	18631
13549	2	11356
12052	0	11981
16152	0	16144
14559	1	14590
23348	2	11547
23415	3	23519
20714	0	20712
13164	0	12504
20947	0	20846
20710	2	13065
22591	0	22558
11253	2	11330
21728	0	21718
15053	2	11320
11360	2	11237
21609	1	21651
21323	0	21305
18728	0	18672
20858	0	20919
12187	1	12373
14950	0	14920
19695	0	19687
21685	3	13129
14274	1	14273
12035	0	11981
23178	2	11683
20363	3	17463
12675	3	23599
13147	0	12504
20930	0	20846
20971	0	20909
22574	0	22558
15053	2	11670
11187	3	13000
21751	0	21720
14350	0	14324
11238	3	21267
21600	2	11663
18491	1	18596
22679	1	22783
16360	0	13619
23986	2	24064
17474	1	17478
12018	0	11981
12909	1	12929
21816	0	21718
22898	0	22630
20954	0	20909
16865	1	16864
20946	0	20919
21734	0	21720
20911	2	11365
23674	0	23654
15682	0	15672
22630	2	11247
17506	2	11514
20918	0	20841
21936	2	11678
20745	0	20710
15860	0	15855
16452	0	16445
23291	1	23290
20231	1	20298
21799	0	21718
20937	0	20909
20910	2	20173
20929	0	20919
21717	0	21720
19921	3	19914
23211	0	23178
20858	1	20874
13297	1	13321
12735	2	11403
18764	1	19045
11369	2	19672
15672	2	11334
18413	0	17361
22585	0	11251
22230	3	15579
23786	1	23784
24208	0	17361
12510	1	12548
18402	0	18393
12570	2	12540
19983	2	11236
20916	2	11336
11513	3	16317
20905	2	11237
23422	0	23418
20925	0	20904
15683	0	16412
18411	0	18393
11516	3	14736
22568	0	11251
17690	0	17689
20775	2	11247
18388	3	18608
20907	2	11679
23682	0	17712
18158	0	17786
20608	2	11923
20972	0	20844
24223	2	11239
21725	1	21833
18501	0	17361
21197	0	21167
24267	0	24227
23771	4	23743
11665	2	11509
18394	0	18393
22448	4	11256
20717	0	20715
22443	0	11256
12082	0	11985
15615	4	15266
20814	0	20776
11508	3	14736
22288	2	11403
16360	0	16331
11888	2	11925
11365	3	13041
19876	0	19867
20955	0	20844
18484	0	17361
21180	0	21167
11344	2	11330
14349	0	14325
12892	2	11365
12570	2	12674
17365	2	11331
18783	0	18631
16165	1	16194
22578	1	22611
11526	2	11683
15271	0	15265
20797	0	20776
20121	0	20083
20846	2	12560
20938	0	20844
23349	2	11364
16046	1	16111
15811	4	15812
24095	2	11670
13619	2	11183
14332	0	14325
20606	2	11390
11527	2	11519
24224	2	11979
11320	3	20671
18766	0	18631
21268	0	21167
11631	0	11621
11484	0	11476
19699	1	19716
20962	0	20907
16331	2	16022
14946	0	14913
18871	0	18631
21380	0	21305
11657	0	11412
21522	2	11873
18749	0	18631
20967	0	20902
15072	2	11551
20951	1	21030
17689	2	11176
14554	0	14515
12495	0	12487
22401	0	11256
18945	1	19225
12509	0	12503
21808	0	21720
16027	0	15952
18854	0	18631
23665	0	23652
18732	0	18631
13920	1	13959
20950	0	20902
23447	0	23416
21196	1	21246
17423	0	11252
15115	3	15132
23345	2	11678
20226	0	20217
13281	2	13791
12084	0	11981
20050	2	11325
11678	3	19914
11685	3	11558
11391	3	20671
18837	0	18631
12180	0	11981
23182	0	22630
20742	3	18382
18347	3	18382
21610	0	21599
20933	0	20902
23430	0	23416
21106	0	21063
17841	2	17708
12067	0	11981
18795	1	19075
16167	0	16144
13440	1	13459
16034	0	16015
19573	4	19547
20725	3	18382
14182	1	14181
20200	0	20196
17472	2	11327
20274	0	20215
11793	0	11763
12050	0	11981
17512	0	17504
12906	0	12892
20969	0	20919
16795	1	16794
14472	2	11664
21273	0	21272
18467	0	18389
20974	0	20914
12155	0	11981
20257	0	20215
22163	0	22143
18191	4	18027
11776	0	11763
11350	3	19961
19560	0	19547
13801	3	13877
11442	1	11441
12878	2	11900
11256	2	11678
12890	1	12942
23696	0	17712
20846	2	20883
17847	2	11509
21522	2	11552
12138	0	11981
17393	0	17386
23418	2	11190
21061	2	11336
20194	0	20079
11981	3	12389
17240	4	16507
16423	0	16414
18434	0	18393
21388	0	21303
23550	0	13619
13124	3	13129
21340	0	21311
15328	0	15265
22630	2	11678
13281	2	13470
23550	0	23418
20949	0	20914
19646	0	11360
13054	2	11365
11475	0	11474
20775	2	11544
13789	3	19914
19960	3	19966
11394	3	19914
21371	0	21303
15393	0	15263
22200	1	22213
23918	0	23887
20634	0	20633
24143	0	24210
15311	0	15265
16507	3	16515
21325	0	21167
16118	3	11904
18422	0	18388
20932	0	20914
19983	2	20177
11331	3	13012
21553	2	11903
16166	0	16145
17362	2	17349
23832	4	23868
13652	0	13281
15376	0	15263
23901	0	23887
17361	3	20728
24126	0	24210
15294	0	15265
17471	0	17473
21361	1	21436
23683	0	23651
11474	2	11243
16550	4	16507
22303	3	17835
19680	2	11516
17809	0	17786
22588	0	22559
15399	0	15265
15359	0	15263
20640	0	20635
22322	0	22301
18357	0	18345
23649	4	23645
13050	2	12824
16034	1	16080
20363	2	11336
11801	0	11761
20263	1	20330
14488	3	14506
21214	0	16118
20079	3	13366
22571	0	22559
15382	0	15265
20195	2	20060
20842	2	11179
15197	1	15199
13051	2	11515
22166	0	22146
13631	0	13619
18493	0	18388
22305	0	22301
22967	1	22978
18903	0	18631
15905	1	15915
16510	1	16517
20732	3	20726
24114	3	19965
18999	0	18631
11784	0	11761
11412	2	11518
22594	0	22561
22914	1	22913
11256	3	11558
11412	3	11339
17683	4	17684
20943	0	20920
15074	0	15071
11369	2	15110
18886	0	18631
20965	0	20912
20715	3	20726
18982	0	18631
17981	4	17786
17687	0	17684
22577	0	22561
11365	3	15700
12609	0	12610
18991	0	18631
20926	0	20920
14107	4	13801
18938	1	19219
20842	2	20173
18869	0	18631
18494	1	18599
20434	1	20533
11321	3	22294
22682	1	22786
20891	0	20883
20739	2	11519
17273	0	17261
11577	0	11573
20957	0	20912
18974	0	18631
21212	1	21263
15003	1	15002
11511	3	23519
23677	0	23657
20604	2	11513
22201	2	11544
18812	0	18746
19600	0	19547
21047	0	21044
13170	0	13133
24347	0	24227
11613	3	13022
13685	0	13619
14094	0	13801
20234	1	20301
14195	4	13801
20940	0	20912
11249	3	21562
18957	0	18631
17394	0	17385
23660	0	23657
21336	0	21304
17492	2	11517
12736	2	11903
20373	1	20486
18795	0	18746
20945	0	20907
13300	1	13324
12738	2	11406
13153	0	13133
20080	2	11367
16528	2	11550
20734	3	20722
14487	3	14507
24325	2	11240
18722	4	18682
14537	0	14515
11179	3	13035
18778	0	18746
20928	0	20907
19566	0	19547
20198	0	20196
21560	0	21556
13136	0	13133
20079	2	20175
17854	1	17899
14060	0	13801
13211	3	13275
22591	0	15715
11369	2	11406
15268	0	15266
18883	0	18746
24119	2	11335
21211	0	21269
18403	1	18519
11552	3	24066
22579	0	22557
11249	3	11308
12895	3	12933
21529	1	21540
22147	2	22143
18089	4	17786
20742	2	11367
22574	0	15715
13345	0	13281
18347	2	11367
17866	0	17786
17967	4	17786
20858	0	20842
19879	0	19870
12437	0	11983
17467	2	12621
20846	2	11515
12570	2	11979
11924	3	12812
18445	1	18619
11412	2	11331
16466	0	16451
17842	2	11514
21564	2	13591
18177	4	17786
20426	1	20583
20946	0	20842
17954	0	17786
13080	0	12504
18055	4	17786
18450	0	18389
21171	0	21165
20947	0	20903
16871	1	16870
12740	2	11402
20939	0	20913
17873	1	17895
16504	2	11351
18343	2	11331
12995	3	13045
13530	0	13527
12504	2	11509
11518	3	12933
21383	0	21308
16458	0	16451
22425	0	22392
20929	0	20842
17937	0	17786
11518	3	16316
20930	0	20903
17815	1	17832
20922	0	20913
23922	1	23959
20905	2	19670
12104	0	11984
18948	1	19228
15394	1	15546
20917	2	11515
13215	1	13246
18042	0	17786
13303	0	13281
18143	4	17786
21366	0	21308
16054	1	16085
16144	2	11551
16121	0	16118
19633	4	19603
20953	0	20905
21199	1	21249
12577	0	12504
14269	4	13801
12087	0	11984
20633	2	20675
22858	1	22859
21349	0	21308
13151	0	12504
11677	3	18613
17474	0	17468
21202	0	21163
23998	1	24035
20936	0	20905
24255	0	24226
23648	4	23638
18355	0	18345
21354	0	21303
12070	0	11984
11600	3	13005
13567	0	13551
18008	0	17786
12441	1	12467
13134	0	12504
16758	4	16507
19342	4	18631
12997	3	13032
16175	0	16142
14337	0	14324
21484	1	21494
20277	0	20218
21133	0	21129
21337	0	21303
21305	2	12621
15681	0	15674
12053	0	11984
20362	2	11511
12909	0	12895
15277	0	15265
23421	0	23414
16340	1	16370
19851	1	19860
21936	3	11340
11919	3	11916
11196	1	11216
17520	0	17502
16158	0	16142
14320	0	14324
12988	3	13782
11670	3	21262
12881	2	11903
15882	1	15892
21274	0	21167
22562	2	11678
23625	1	23624
15717	2	11600
11455	4	11412
18244	0	17786
22469	1	22468
14990	4	14986
11685	2	11684
21303	2	11903
17363	2	17362
11776	1	11828
16150	0	16142
16248	1	16280
13064	3	15700
11767	0	11761
15717	2	12889
21365	0	21309
20614	0	20604
15413	0	15266
17516	0	17466
20635	3	20671
12893	2	11611
13281	2	13364
11190	3	13033
11243	3	15700
16523	2	16524
20952	0	20917
15229	1	15228
20911	2	14484
15619	4	15266
21348	0	21309
16859	0	16507
19544	4	18631
21202	1	21252
21374	0	21306
15396	0	15266
21521	2	11519
20637	0	20636
15248	0	15071
20478	1	20567
19680	2	12565
23663	0	23652
14640	4	14452
24359	0	23652
12732	3	12739
11795	1	11845
12504	2	11672
19983	2	13066
21331	0	21309
17361	2	11352
23178	2	11903
15379	0	15266
11331	3	15700
20880	2	11243
18471	0	17361
18490	0	18389
21621	0	21600
14073	4	13801
12178	0	11981
21364	1	21439
14492	0	14488
19685	2	11247
11680	3	12933
16518	2	11910
20946	1	21014
16947	0	16507
12052	0	11985
19531	0	18631
15585	4	15266
21314	0	21309
16645	1	16642
19409	0	18631
22591	0	22562
17499	2	17488
13237	1	13266
20923	0	20912
21936	2	11548
20081	2	11249
18454	0	17361
17465	0	17466
18779	1	19059
20969	0	20842
12947	0	12878
17713	2	17712
11253	2	11334
22876	1	22877
21506	0	21508
21323	0	21309
23850	1	23851
14479	1	14482
14950	0	14924
20712	3	20727
16330	2	16388
23584	1	23593
18986	0	18746
19867	2	11183
12035	0	11985
24264	0	18347
16528	2	11176
15285	0	15263
22574	0	22562
19416	4	18631
13054	2	12682
22405	0	11256
11187	3	13004
19700	0	19686
20888	0	20884
16913	0	16507
21271	0	21272
20961	0	20842
12018	0	11985
18446	0	17361
24247	0	18347
21186	0	21165
16553	1	16552
17738	1	17776
14938	0	14919
19689	2	11551
17305	0	16504
13553	0	13281
17018	0	16507
12123	0	11985
18175	4	17786
11160	1	11167
13431	0	13281
18429	0	17361
20944	0	20842
20007	0	19983
15833	0	15812
23353	2	11680
24148	0	24209
19382	4	18631
19848	0	19689
18421	1	18535
14921	0	14919
17391	0	17386
12625	1	12644
11473	2	11365
13536	0	13281
12148	1	12334
20112	0	19983
22594	0	20711
20636	2	11676
23985	3	13460
16411	3	11557
18412	0	17361
19420	1	19418
23047	0	22630
24131	0	24209
11920	3	11915
14952	0	14911
20710	2	11459
14681	0	14452
11247	3	22294
20635	3	13129
20095	0	19983
22577	0	20711
20925	0	20908
12697	0	12504
23533	0	23526
23030	0	22630
19470	4	18631
11526	2	11553
16270	0	16243
14935	0	14911
24387	0	24345
18362	0	18344
13098	0	13097
18388	3	18612
14917	2	11546
22125	3	22122
23986	2	12659
21208	0	21270
13561	0	13549
13281	2	13527
11665	2	11513
22208	0	22203
13999	4	13801
20855	0	20843
18496	0	15070
11365	3	13045
16548	4	16507
22301	3	17835
18414	0	15072
20694	0	20636
20931	0	20910
16027	1	16074
11681	3	20728
15079	0	15070
11903	3	21262
15787	0	15786
15659	4	15266
23005	0	22630
18479	0	15070
20392	0	20367
17361	2	11515
18631	2	11900
12488	3	12501
18397	0	15072
16348	0	16330
23604	3	11904
24399	0	23652
24154	1	24196
17809	0	17843
23070	1	23173
12737	2	11403
16636	4	16507
22988	0	22630
15715	2	11589
14363	0	14321
20711	2	11394
21824	0	21720
14946	0	14917
17109	0	16507
20636	2	11355
14785	4	14452
20967	0	20906
24252	0	24221
12628	1	12647
12174	1	12360
14346	0	14321
12495	0	12491
22392	2	15099
11160	0	11159
15672	2	11367
23346	2	11585
14667	0	14452
11401	3	13038
23665	0	23656
19689	2	11364
18852	1	19132
16623	0	16507
18503	0	17361
20950	0	20906
24235	0	24221
11413	1	11411
22321	0	22303
22666	1	22770
13430	0	13416
14329	0	14321
11360	2	11188
14873	4	14452
21303	2	11179
16144	3	16208
11935	0	11927
17075	0	16507
22392	2	16388
12180	0	11985
11251	3	11189
11703	1	11702
15612	0	15266
23878	4	23743
20608	2	12545
18486	0	17361
11185	3	13038
20933	0	20906
11510	3	24125
18391	3	18615
15717	3	17463
13155	1	13194
20774	2	11613
12848	1	12873
20366	1	20480
13378	0	13379
11519	3	20728
18631	2	11229
16589	0	16507
18469	0	17361
23200	1	23246
20459	1	20556
22265	0	22254
22291	1	22297
12839	1	12863
14517	3	14597
17163	0	16507
23609	0	23604
14515	2	11459
14839	4	14452
13284	1	13308
14112	1	14111
15218	4	15053
20079	2	11238
20913	2	11394
19685	2	11678
24227	2	20675
11482	1	11498
23844	4	23743
18353	1	18372
12155	0	11985
21936	2	11979
11190	3	13009
18349	2	11607
13801	3	13881
20966	1	20985
22201	2	19306
18363	0	18343
11179	3	12742
13281	2	11246
14340	0	14327
18500	0	15053
14633	1	14632
23986	2	11317
13133	2	11249
22126	3	22121
12894	0	12891
12138	0	11985
18881	0	18746
23672	0	15717
23302	4	22630
15362	0	15266
24153	0	17361
20843	2	11329
20240	0	19983
17260	0	17261
15184	4	15053
11278	0	11254
20466	0	20367
12842	0	12504
19941	0	13619
11981	3	12393
20611	0	20605
22287	2	11903
14296	0	14280
18483	0	15053
12182	0	11981
23184	0	22630
23655	0	15717
15188	0	15053
15345	0	15266
24159	0	24210
12947	0	12504
21167	2	11401
20117	0	20080
15155	1	15154
17994	1	17993
22203	2	22201
17800	0	17841
23814	0	23743
22554	2	11582
14933	0	14924
23415	3	21055
20775	2	11548
18855	1	19135
18969	0	18746
12740	2	11325
11787	0	11764
15662	1	15661
13050	3	21055
15171	0	15053
11480	0	11473
20100	0	20080
17866	0	17843
19689	2	19687
19743	0	19689
19677	2	12566
11984	2	11331
24402	0	24345
16118	2	11683
24209	2	11682
11770	0	11764
18952	0	18746
20109	0	20080
13055	2	11555
16243	2	12940
16798	4	16507
12913	0	12504
15138	4	15051
15972	2	12481
14947	0	14916
13528	0	13527
20092	0	20080
21351	0	21312
22289	3	22294
22519	0	22392
22255	1	22272
11529	2	11548
23698	0	17712
20741	2	13396
18357	0	18349
21564	2	11554
11818	0	11762
23220	0	23179
13907	1	13946
21334	0	21312
21063	2	11336
20264	0	15053
23426	0	23413
17173	1	17172
13550	2	12820
17445	1	17456
13051	2	11519
15879	0	15876
17552	0	17548
13281	2	11864
21367	1	21442
14410	1	14430
23529	1	23557
20247	0	15053
18782	1	19062
17847	2	12481
17486	2	11510
20965	0	20916
15717	2	13617
18231	4	18247
18426	0	15053
16751	0	16507
14918	2	11553
22591	1	22627
16345	0	13619
12570	2	11365
11517	3	13036
22230	2	22288
13796	2	13797
22582	0	22560
11330	3	15697
11674	3	22294
23903	0	23887
12735	2	11517
11981	2	12385
19395	1	19394
14358	0	14326
21718	2	11182
18447	0	18390
20774	2	11910
14941	0	14922
20770	0	20712
11531	2	11514
12504	2	12989
17308	0	16507
24019	0	23986
16055	1	16101
22565	0	22560
20945	1	20978
20642	0	20635
11613	3	13026
16419	0	16411
18430	0	18390
14924	2	11585
19018	0	18631
20753	0	20712
24226	3	11522
18401	0	15053
12151	1	12337
21336	0	21308
23546	0	23415
20842	3	13366
20945	0	20911
11336	3	15699
22226	2	11864
18495	0	18388
12504	2	11245
11369	2	12565
15717	3	14511
13097	2	11334
21824	1	21921
17497	2	11516
11588	3	13036
19689	3	19910
14487	3	14511
19983	2	16022
11256	2	11979
20777	0	20775
11572	2	11583
20905	2	16023
11547	3	18608
21034	1	21039
11179	3	13039
20471	1	20561
20928	0	20911
11762	2	11869
15765	0	15719
24119	3	14597
18183	4	18143
19643	4	19595
21476	0	21470
21718	2	11666
20272	0	19983
12040	0	11984
18180	4	18001
21312	2	11401
20203	0	20195
11423	0	11412
11360	2	19674
24224	3	14597
20648	1	20667
18928	1	19208
13619	3	23600
20602	2	11334
15876	2	11331
22562	3	11340
19777	1	19837
16345	0	16331
12387	3	23519
21522	3	20722
20255	0	19983
17865	0	17786
20858	0	20846
14360	0	14322
24080	0	24073
19888	0	19689
22018	0	21936
11272	0	11252
20968	0	20919
19688	0	19685
23295	0	22630
14452	2	11586
16447	3	15736
22162	0	22143
22149	0	15715
21744	0	21718
16507	2	17345
14343	0	14322
20218	2	11979
20883	2	11409
15901	1	15912
22001	0	21936
19871	0	19689
20195	2	11367
13133	2	12619
16451	2	11517
21125	2	21157
11367	3	20722
15070	2	20073
11678	3	22122
11621	2	11325
20946	0	20846
11412	2	11685
24157	1	24199
18450	0	18393
20947	0	20907
12740	2	11406
22145	0	22143
19676	0	19680
20939	0	20917
21727	0	21718
16504	2	11355
23585	3	23599
21984	0	21936
19854	1	19863
15717	2	11336
20929	0	20846
11477	0	11412
22573	0	22558
20930	0	20907
22590	0	11251
20695	0	20681
20922	0	20917
24136	0	17361
14264	1	14263
15115	2	11237
18899	1	19179
11760	1	11820
14562	0	14517
20844	2	11336
12504	2	12802
20953	0	20909
17351	3	16214
11392	3	22135
15689	1	15708
18822	0	18631
16323	2	11389
14296	1	14316
22669	1	22773
11245	3	18382
15310	0	15265
20687	0	20681
20918	0	20902
17474	0	17472
14545	0	14517
18404	0	18391
18206	4	18060
21202	0	21167
11239	3	16205
20936	0	20909
14710	0	14669
16451	2	12940
13158	1	13197
17862	1	17901
16323	2	12678
15293	0	15265
14764	1	14763
17497	2	11329
22287	2	20173
18048	1	18047
12610	2	11900
18387	0	18391
11984	3	11559
18360	0	18344
17504	3	17525
12997	3	13036
16411	2	11389
16664	1	16662
13287	1	13311
15276	0	15265
16209	3	19961
15908	0	15857
21173	0	21165
23421	0	23418
14526	1	14610
20282	0	20217
21138	0	21128
16507	2	11547
18356	1	18375
12058	0	11983
17520	0	17506
13052	2	11607
15264	0	15263
23681	0	17712
18196	4	18291
21533	0	21470
17355	2	11923
24077	2	11186
13418	0	13281
11394	3	22122
22291	0	22289
14924	2	14915
18727	4	18706
20265	0	20217
21167	2	21310
21525	1	21537
16403	1	16408
12041	0	11983
18145	4	17786
17516	1	17537
23664	0	17712
11686	4	11412
18677	0	18631
22233	0	22226
13401	0	13281
23469	0	23416
15898	3	11340
20248	0	20217
14452	2	11399
23418	2	13882
21525	0	21470
14451	2	11311
12024	0	11983
20614	0	20608
13053	2	11408
15717	3	15747
22147	2	11356
24010	1	24046
14488	3	12392
24078	0	20195
14478	2	11190
20952	0	20921
12129	0	11983
20231	0	20217
21356	0	21303
19922	3	19910
23811	4	23812
18858	1	19138
18132	0	17786
20013	0	19981
20385	1	20495
23440	0	23414
15937	1	15948
11354	3	17322
12802	2	11243
19867	2	19913
19344	4	18631
13054	2	11613
11483	0	11476
11994	1	12202
20219	0	20215
22557	2	11390
21379	0	21305
12112	0	11983
11995	0	11981
12504	2	11676
23886	0	23887
11656	0	11412
21521	2	11873
18748	0	18631
23423	0	23414
24099	1	24107
22288	3	17835
18490	0	18393
22556	1	22596
17522	0	17502
12178	0	11985
19868	1	19893
21550	1	21559
21362	0	21305
15384	0	15265
18635	0	18631
17466	2	11356
22144	3	12501
17473	2	17495
20678	0	20679
20923	0	20916
13368	2	11243
20195	2	11664
11237	3	16515
18395	0	18389
20969	0	20846
20901	0	20910
23353	2	11550
12083	0	11981
11360	2	11245
16183	0	16144
17505	0	17502
16050	0	16015
21345	0	21305
15367	0	15265
21381	0	21167
20974	0	20841
21186	1	21236
11685	2	11367
21564	2	21597
12066	0	11981
21370	1	21445
11727	0	11412
20710	2	11329
22518	2	11667
16033	0	16015
14413	1	14433
15350	0	15265
21364	0	21167
11325	3	16515
20273	0	20215
14938	0	14923
18785	1	19065
11354	3	13268
12023	0	11984
11390	3	18382
20913	2	14484
12049	0	11981
12504	2	13099
16446	2	11364
13915	1	13953
14703	1	14754
12905	0	12892
17511	0	17504
20681	2	13068
16016	0	16015
17510	0	17473
15333	0	15265
21347	0	21167
17689	2	15104
23345	2	11873
22558	2	11325
21640	0	21600
14338	0	14327
16416	0	16412
14921	0	14923
20238	0	19983
12006	0	11984
20949	0	20841
13826	0	13801
22368	0	22230
11775	0	11763
15672	3	15701
15715	2	11325
20907	2	11903
21570	1	21583
21781	1	21890
14952	0	14915
21623	0	21600
21578	0	13416
23987	0	23985
23606	3	20365
20932	0	20841
11356	3	18382
15304	0	15263
12385	3	13038
11540	0	11527
16244	1	16277
14426	0	14327
15785	1	15789
20925	0	20912
11919	3	20727
22203	2	11520
14935	0	14915
19685	3	11340
18362	0	18348
21620	1	21662
18307	4	17786
21060	2	11551
15874	2	11178
20650	0	20633
15977	0	15972
15952	2	11356
15287	0	15263
23416	2	11873
19645	0	11360
18498	0	18391
21521	2	11336
18214	4	18245
20636	2	20674
17575	0	17548
11576	1	11590
18763	0	18746
15972	2	11249
22646	1	22750
12995	3	13025
21037	1	21042
20474	1	20564
18350	0	18343
20931	0	20914
17847	3	11340
23985	3	20364
18233	4	18107
18868	0	18746
19881	0	19870
13651	0	13281
24403	0	24227
18172	0	17786
17472	2	17483
15375	0	15263
19506	4	18631
19489	1	19488
17393	1	17402
12829	0	12504
17361	2	11519
22564	3	16214
16170	1	16197
14700	0	14452
17590	1	17647
21936	2	11365
18814	0	18631
13395	3	19963
17361	3	11340
19780	1	19840
18851	0	18746
15224	4	15051
16507	2	11978
15412	1	15563
24386	0	24227
13550	2	11588
22587	0	22559
17809	0	17847
13233	1	13263
14363	0	14325
16931	1	16930
19971	0	19962
21554	2	11190
14683	0	14452
21564	2	11611
20606	2	15131
13220	0	13211
18834	0	18746
17791	0	17786
24369	0	24227
20967	0	20910
22570	0	22559
24210	2	11551
14840	1	14839
24209	2	11873
20002	1	20000
12063	1	12260
20284	1	20352
14346	0	14325
18902	0	18631
21302	0	21306
18632	1	18650
18939	0	18746
20880	2	11544
23910	0	23897
18817	0	18746
16507	2	11173
12900	0	12504
20950	0	20910
22668	0	22630
20775	2	17350
14329	0	14325
16058	0	15952
18885	0	18631
11476	2	11516
18922	0	18746
22562	2	17724
16448	0	16446
16449	2	12608
11331	3	21262
16015	3	11557
20933	0	20910
22651	0	22630
13801	2	14280
16041	0	15952
21530	0	21522
13106	0	13099
20970	1	21025
17503	2	12482
15177	0	15051
21641	0	21599
11530	2	11190
15985	0	15970
20856	0	20907
22568	1	22601
14905	4	14859
21718	2	11239
22634	0	22630
21685	3	11340
12168	0	11984
18010	0	17786
14669	2	14741
18504	0	15072
11318	3	22135
24085	0	24072
16129	0	15952
11669	3	21551
21357	0	21310
11190	3	13013
16333	0	16330
19587	4	19547
20752	1	20765
12482	3	15699
19962	2	11237
11527	2	11556
20262	0	20218
14692	1	14727
18487	0	15072
18363	0	18347
19547	2	13786
11202	0	11161
18348	2	11355
12894	0	12895
11330	3	11916
16447	3	11337
15248	0	15051
22488	4	22392
16625	0	16507
13290	1	13314
12633	0	12504
17664	1	17674
19636	4	19565
14345	0	14326
12143	0	11984
16414	2	11550
22151	0	22146
17847	2	11867
22520	0	22518
18182	4	18139
20716	3	20722
15978	1	15996
24077	2	17496
11929	2	11600
12504	3	13001
17983	4	17786
22288	2	15896
22959	1	22886
24227	2	11364
14328	0	14326
11979	3	15699
22554	2	11586
16444	2	11511
12126	0	11984
23553	1	23581
12806	2	11173
16713	0	16507
22573	0	15715
22454	4	22392
17865	0	17843
20858	0	20903
14190	0	13801
24210	2	11364
21376	0	21306
20598	1	20600
23611	0	23604
19013	0	18746
11514	3	13040
14929	1	14959
11943	0	11929
21106	0	21100
14295	0	13801
14947	0	14920
22952	1	22933
21359	0	21306
13506	1	13525
19375	1	19374
11926	0	11929
21723	1	21830
16679	0	16507
20946	0	20903
17351	2	13468
11529	2	11552
23416	2	11365
14278	0	13801
14248	1	14247
20715	2	11515
14828	0	14452
16896	1	16897
11256	2	11365
21342	0	21306
15364	0	15266
14022	1	14021
16861	1	16860
21076	1	21094
20214	1	20285
12570	2	11235
21606	0	21600
20929	0	20903
17937	0	17847
15876	2	11872
24102	1	24110
18988	0	18746
22708	0	22630
11343	2	11355
13560	0	13549
22555	2	12481
13478	0	13551
18631	2	11396
24271	0	24226
13142	1	13181
20907	2	20173
20270	0	20216
16268	0	16145
16613	1	16612
20908	2	11919
12835	1	12860
11789	0	11764
18971	0	18746
11621	2	11516
13280	1	13305
12902	0	12893
20965	0	20920
13125	0	13124
11543	3	11542
19995	1	19994
21602	0	21564
11979	3	16317
18273	4	17786
11772	0	11764
15759	1	15758
24232	0	18347
23356	0	23349
22582	0	22564
11252	2	11326
24209	2	11365
11526	3	11542
11365	3	13025
11531	2	11518
16330	2	11509
22367	0	22288
22565	0	22564
11893	0	11888
22208	1	22219
13124	2	12540
11613	3	13030
14561	0	14452
20607	0	20602
21270	2	11332
21384	0	21304
18138	0	17786
20952	0	20844
16888	4	16507
20775	2	11365
21470	3	21545
24077	2	24075
19472	4	18631
20274	1	20341
21336	0	21312
24016	1	24052
17233	1	17232
18198	4	18261
18435	0	18389
20945	0	20915
19556	1	19554
22559	2	11394
12504	2	11249
12183	0	11984
11588	3	13040
21367	0	21304
11179	3	13043
24372	0	24345
16469	1	16494
18418	0	18389
11762	2	11873
20928	0	20915
14649	0	14452
14001	4	13801
18183	4	18147
13050	2	11356
16976	4	16507
21623	1	21665
20195	2	24069
12090	1	12283
18180	4	18005
18428	0	15053
16753	0	16507
16854	4	16507
19337	0	18631
19686	2	11588
19438	4	18631
15290	0	15266
24355	0	24345
17083	1	17082
14485	0	14486
23679	0	23652
20194	1	20205
22170	0	22147
21322	1	21400
22584	0	22560
15374	1	15527
22649	1	22753
18506	0	18389
12737	2	11517
14360	0	14326
17743	1	17779
20774	2	11243
24080	0	24077
16879	1	16878
13051	2	11336
24021	0	23986
16841	0	16507
22567	0	22560
11277	0	11251
22162	0	22147
18489	0	18389
20712	2	11919
14343	0	14326
20739	3	18382
17593	1	17650
12470	0	12471
14622	4	14452
19783	1	19843
23525	1	23554
23069	0	22630
21103	0	21063
20036	4	19983
21477	1	21490
23551	0	23524
22145	0	22147
21130	2	21156
20939	0	20921
17842	2	11872
20969	0	20903
19776	0	19689
11665	3	11558
22400	4	11256
17420	4	17386
21692	0	21685
11887	2	11547
16929	0	16507
14331	0	14321
20679	2	11394
14923	2	14984
12743	4	12504
22573	0	22562
22866	1	22867
18359	1	18378
20922	0	20921
16118	2	11179
15614	0	15266
21478	0	21470
11404	3	13045
19547	2	11318
21774	1	21884
20883	2	11547
15053	3	13276
12625	0	12504
20953	0	20913
15828	4	15812
22201	2	11365
11773	0	11763
13824	0	13801
20083	2	13616
11324	3	12933
13281	3	13329
17732	1	17760
20802	0	20774
15263	3	15579
20918	0	20906
11626	0	11412
19970	1	19975
11238	3	16205
20775	2	11178
19983	2	11517
14841	4	14452
20936	0	20913
20919	2	19670
17390	0	17386
18345	2	11551
21354	0	21311
19886	0	19869
11394	3	16515
11514	3	15699
11204	1	11224
20635	2	11676
20731	3	13046
20941	0	20908
11489	0	11474
22289	2	11365
18360	0	18348
12997	3	13040
16444	3	11338
20902	2	19670
21337	0	21311
17366	3	11339
22267	0	22230
22420	4	22392
18632	0	11256
13165	0	12504
11331	3	12996
12570	2	12605
20467	1	20558
22592	0	22558
11997	1	12205
20924	0	20908
13334	0	13051
23585	2	11188
18407	0	15070
22501	0	11256
18703	1	18702
11784	1	11836
13666	0	13281
13050	2	11519
14924	2	14919
24274	0	24221
20644	1	20664
16164	1	16222
16564	4	16507
22916	0	22630
22575	0	22558
18727	4	18710
18054	1	18053
15958	1	15967
14351	0	14324
12572	0	12570
13649	0	13281
20859	0	20916
23933	1	23970
13091	3	13877
17114	0	16507
20225	0	19983
22355	0	22230
15405	1	15557
18915	1	19195
22233	0	22230
20408	0	20367
15206	1	15204
12504	2	11546
19884	0	19686
16015	2	11683
14794	0	14452
15683	0	15672
11329	3	13038
15981	1	15999
14076	1	14075
16915	1	16914
20253	0	20216
20391	0	20367
18478	0	15070
12056	1	12254
14886	4	14795
11798	0	11761
16144	2	11588
13218	0	13211
20948	0	20920
24120	1	24123
20173	3	22122
23457	0	23415
17104	4	16507
17503	2	17532
22321	0	22230
18809	1	19089
18446	0	18390
20943	0	20904
12736	2	11403
23782	0	23743
18414	0	17361
24152	0	24119
11921	3	11911
20236	0	20216
18461	0	15070
21996	1	22087
20635	2	11355
15628	0	15876
12173	0	11983
21379	0	21309
14760	0	14452
17873	0	17841
12898	0	12504
23526	2	14739
20917	2	11336
11514	3	16317
18429	0	18390
20926	0	20904
17860	1	17886
18630	2	11331
11762	2	11365
18397	0	17361
24135	0	24119
20915	2	11608
24474	3	13093
11800	1	11848
17096	4	16507
16583	1	16582
15633	4	15266
12156	0	11983
21362	0	21309
14558	0	14514
17856	0	17841
24144	0	24119
23870	0	23743
20841	2	11394
17473	2	17499
18412	0	18390
20611	1	20623
17499	2	17496
20923	0	20920
12165	0	11983
11679	3	21545
20901	0	20914
12083	0	11985
23694	0	15717
23223	0	22630
21319	0	21312
20905	2	11331
11613	3	13006
20249	0	15053
21345	0	21309
22562	2	11365
23666	0	17712
18436	0	15070
13699	0	13619
14541	0	14514
21198	0	21164
14209	4	13801
18485	0	17361
22230	2	11664
11979	3	13044
20880	2	19306
11325	3	18613
14087	4	13801
12148	0	11983
14759	4	14452
23755	4	23743
21311	2	11401
21350	0	21304
12880	2	11334
17062	4	16507
21936	3	15699
12066	0	11985
19545	0	18631
19686	2	19724
23206	0	22630
20232	0	15053
24076	2	11552
13281	2	11173
13682	0	13619
17532	3	15697
23350	2	11364
13145	1	13184
23311	0	22630
14894	4	14817
14452	2	14465
12131	0	11983
21333	0	21304
12049	0	11985
16507	2	11364
18767	0	18631
17742	0	17729
15076	0	15051
15273	0	15266
11271	0	11252
20912	2	11394
19869	2	19913
14074	0	13801
14175	4	13801
17310	0	16507
24347	0	24345
17516	0	17503
16045	0	15952
21316	0	21304
22554	2	11509
20911	2	15110
12661	2	11396
15059	0	15051
15200	4	15053
14913	2	14983
13836	1	13873
19677	2	11554
24072	2	11516
14952	0	14919
23182	0	23179
24004	0	23986
16028	0	15952
22464	0	22392
23465	0	23413
20712	2	11545
20738	0	20739
12434	1	12460
20021	0	19983
21628	0	21599
20809	1	20830
20465	0	20367
11540	0	11531
19686	2	13792
12884	0	12881
14935	0	14919
11746	0	11412
16052	0	16015
21286	1	21298
13049	0	13052
15147	0	15051
22447	0	22392
23337	1	23336
20277	1	20344
24006	1	24043
14940	0	14914
23782	1	23781
21611	0	21599
23061	0	22630
20448	0	20367
11887	2	11173
23414	3	21055
20718	0	17361
19683	3	18382
21344	0	21310
20381	1	20492
15145	1	15144
11729	0	11412
14739	3	22122
16035	0	16015
17984	1	17983
15875	1	15885
24474	2	11365
18503	0	18390
12995	3	13029
17268	0	16507
11990	1	12199
12610	2	11396
18350	0	18347
23659	0	23653
11983	2	11331
21327	0	21310
11187	3	13041
16032	1	16077
18486	0	18390
17361	2	11523
18344	2	15109
14826	0	14452
13124	3	12389
18457	0	15053
21325	1	21403
16449	3	15736
12482	3	17529
11392	3	15699
23345	2	11556
17361	2	11873
11257	2	11325
12881	2	11403
20423	0	20367
16619	1	16618
15377	1	15530
18469	0	18390
12806	2	11364
17258	4	16507
22205	0	22203
11631	1	11646
13050	2	12889
18493	0	15070
21986	0	21936
13549	2	12820
24076	2	11365
16015	2	11175
20058	2	13057
15765	1	15764
21302	0	21310
14452	3	14503
20816	0	20775
13148	0	12504
17596	1	17653
13059	3	18382
11541	3	22122
18476	0	15070
18440	0	18388
12427	0	11985
14934	0	14920
17224	4	16507
13911	1	13950
17945	4	17786
13131	0	12504
13368	2	11544
14334	0	14324
18772	1	19052
18423	0	18388
20355	2	13061
20746	0	20710
16344	0	13619
19309	2	12567
22365	0	22288
23178	2	11403
15053	2	11979
24127	0	24210
14948	0	14912
20856	0	20911
22149	1	22176
23684	0	23651
11949	0	11927
17363	3	11340
23609	0	23612
16507	2	11311
17810	0	17786
14556	0	14514
16991	1	16990
14931	0	14912
23974	0	23972
24085	0	24076
15952	2	11173
23667	0	23651
17473	2	11514
11932	0	11927
11190	3	13017
11179	3	20671
19604	1	19603
17793	0	17786
20841	3	13366
13551	2	12816
21766	0	21718
21607	1	21649
12878	2	11323
18002	1	18001
15760	4	15719
15070	2	11356
12141	1	12327
12481	3	19964
20603	2	11672
20968	0	20846
20851	0	20844
21198	0	16118
11190	3	20722
16331	2	13619
23324	4	22630
20927	0	20911
11418	4	11412
17304	1	17313
16518	2	11544
11787	1	11839
17361	2	11336
16841	1	16840
11577	1	11593
11530	2	11678
22633	1	22737
20716	3	20726
24474	3	13069
17468	2	17480
20202	0	20195
16165	0	16144
21718	2	15110
21132	0	21125
16323	2	11182
18732	0	18672
22561	3	11340
20635	3	11340
16344	0	16331
15219	0	15053
16637	1	16636
15408	1	15560
20939	0	20844
21521	3	20722
24072	3	24065
11266	0	11257
19445	1	19443
21547	0	21555
13161	0	12733
24260	0	24224
20858	0	20907
11578	0	11573
14359	0	14322
11677	3	12933
20409	1	20514
19767	1	19827
11159	2	11190
15582	4	15266
20104	0	20079
20105	0	20083
12731	0	12734
12740	2	12622
20922	0	20844
11256	2	11585
15202	0	15053
15984	1	16002
16473	0	16445
22872	1	22873
17841	2	11333
12114	0	11983
12059	1	12257
14342	0	14322
14947	0	14924
12504	2	12729
16927	0	16507
12032	0	11985
18750	0	18631
16330	2	11245
15972	2	11900
15072	2	15109
17853	0	17842
23460	0	23418
21736	1	21846
15185	0	15053
13051	2	12682
20946	0	20907
16456	0	16445
11529	2	11556
11365	3	21055
24345	2	11329
18733	0	18631
20712	2	19681
16465	0	16445
17786	3	17834
15250	0	15051
11520	3	15699
23443	0	23418
12570	2	11239
18432	0	18393
20929	0	20907
22486	4	11256
11477	0	11473
11676	3	13036
23996	1	24032
19022	1	19301
22527	1	22540
17921	1	17928
11526	2	11187
12881	2	12989
22367	1	22383
16168	0	16144
20614	1	20626
11415	1	11414
21330	0	21305
20916	2	11324
24119	2	17495
16529	3	19662
17473	2	11327
22358	1	22373
20275	0	20215
17468	2	11682
11654	2	11240
20775	2	11235
12051	0	11981
16151	0	16144
12438	0	11983
12907	0	12892
23073	1	23165
15977	0	15952
11712	0	11412
11584	3	21055
18073	4	17786
23356	0	23353
11252	2	11330
17497	2	11390
11187	3	15700
20258	0	20215
19983	2	15896
15832	4	15812
18359	0	18344
13148	1	13187
12034	0	11981
12421	0	11983
22230	3	15701
12890	0	12892
23874	4	23875
20363	2	11243
18908	1	19189
17669	0	17665
11365	3	13029
11695	0	11412
13566	1	13585
11406	3	12739
19983	2	20218
23418	2	11365
12139	0	11981
20241	0	20215
18342	0	18344
11760	0	11763
14328	1	14368
16359	0	13619
12057	0	11983
12017	0	11981
21270	2	11336
18698	4	18631
20950	1	20981
20042	4	19981
20225	1	20292
16424	0	16414
18435	0	18393
17573	1	17630
21733	0	21720
20264	0	20217
12122	0	11981
20224	0	20215
16342	0	13619
15859	0	15855
19873	1	19896
22254	2	11391
19647	0	11360
11545	3	15697
23468	0	23416
18500	0	18391
18189	4	18019
23540	1	23568
12504	2	11603
18418	0	18393
12578	0	12504
15284	1	15439
21372	0	21303
12105	0	11981
16412	2	11409
11675	2	11678
12504	2	12542
20029	0	19981
13796	2	11256
11983	2	12380
21821	0	21720
18483	0	18391
24271	1	24319
14943	0	14917
23679	0	23656
21355	0	21303
15819	1	15818
20088	0	20081
23977	1	23983
20919	2	16023
23026	1	23119
11525	2	11549
20617	1	20629
11240	3	13000
18506	0	18393
21804	0	21720
16567	1	16566
14926	0	14917
17190	4	16507
11814	0	11763
18848	1	19128
13646	1	13729
21338	0	21303
15360	0	15263
15278	0	15265
17469	2	13064
20902	2	16023
22318	0	22303
18489	0	18393
19547	2	11188
18262	0	17786
13222	0	13211
11573	2	11517
12504	3	11558
16159	0	16142
17521	0	17502
14489	3	14506
15008	4	14986
11318	3	18382
20841	2	14484
22287	2	11403
16359	0	16331
21321	0	21303
15343	0	15263
18414	1	18528
21275	0	21167
21775	0	21718
12891	2	11365
20081	2	20174
23650	0	23651
21936	2	11613
20969	0	20907
13362	3	17458
23588	0	13619
20195	2	15108
16342	0	16331
23588	0	23418
20974	0	20902
14331	0	14325
22163	0	15715
21758	0	21718
21522	2	11190
11768	0	11761
18765	0	18631
11887	2	11901
20860	0	20841
17599	1	17656
22578	0	22561
15349	0	15265
21363	0	21167
19440	4	18631
17143	1	17142
20970	0	20914
14945	0	14913
14354	0	14327
23654	2	11600
14937	0	14923
20912	2	14484
15414	0	15263
19444	0	18631
11533	0	11525
22709	1	22813
16468	0	16450
20918	0	20910
20638	0	20636
14928	0	14913
18853	0	18631
18426	0	18391
18316	0	17786
11257	3	11339
20949	0	20902
11245	3	22123
19427	0	18631
16713	1	16712
20941	0	20912
14486	3	12391
19552	1	19551
17548	3	13413
18958	0	18631
18491	0	18389
12997	3	13044
12179	0	11981
18836	0	18631
14493	0	14488
21125	2	16522
13281	2	11364
19584	0	19547
22020	1	22111
11952	1	11976
20773	0	20776
20931	0	20841
15051	2	11613
20932	0	20902
20924	0	20912
20846	2	11556
16176	1	16228
21555	2	11394
18941	0	18631
16449	3	11337
15787	0	15717
14057	4	13801
12162	0	11981
21694	0	21685
19515	0	18631
20199	0	20196
13137	0	13133
14924	2	14923
24274	0	24225
15976	0	15972
13652	0	13619
18924	0	18631
21610	1	21652
13281	2	13592
20635	2	20674
20859	0	20920
24095	2	15927
20711	2	11325
18222	4	18090
22580	0	22557
15135	4	15051
18762	0	18746
11331	3	21055
18866	1	19146
18879	1	19158
20635	3	12389
12504	2	11550
14044	0	13801
20964	0	20920
17307	1	17316
20447	1	20578
18907	0	18631
22636	1	22740
22563	0	22557
21555	3	21552
18745	0	18746
13682	1	13765
11550	3	19961
20690	1	20702
13537	0	13281
15223	4	15051
18850	0	18746
17951	4	17786
13552	0	13550
12172	1	12357
17272	1	17288
13549	2	11588
19479	1	19478
20943	0	20908
17843	2	11514
15817	0	15812
20913	2	20990
24225	2	11520
22417	0	22392
21046	1	21052
18765	1	19046
23415	2	12387
20926	0	20908
20774	2	11544
23347	2	23368
18039	4	17786
23917	0	23887
13816	1	13853
14830	1	14829
23909	0	23897
15189	4	15051
17473	2	17503
21065	0	21060
18114	1	18113
20417	1	20521
11575	0	11654
16145	2	11551
19983	2	11334
22409	0	22392
17921	0	17786
22561	2	17724
20683	0	20682
11613	3	13010
19886	0	19686
14470	1	14473
14796	0	14452
21350	0	21308
13379	2	13393
19679	2	11516
12738	2	11394
15289	0	15266
19025	1	19304
18005	4	17786
20639	0	20635
16654	4	16507
16253	0	16145
18356	0	18345
15984	0	15970
18407	1	18522
19015	0	18631
12134	1	12321
17964	1	17963
14452	2	14469
11179	3	13023
21333	0	21308
20919	2	11327
15272	0	15266
14186	1	14184
17810	0	17843
11271	0	11256
20278	0	20218
14364	0	14321
14884	0	14452
11369	2	11394
18998	0	18631
21167	2	11332
12054	0	11984
19945	1	19957
23861	1	23860
21316	0	21308
20902	2	11327
11179	3	20728
11390	3	22123
21378	0	21167
17870	0	17786
22558	2	11683
16620	4	16507
21272	2	11332
20261	0	20218
22147	2	15715
12037	0	11984
18347	2	11355
21167	2	12621
11259	0	11251
18911	1	19192
22229	0	22227
12893	2	12941
13052	2	13067
11536	0	11530
20244	0	20218
17473	2	13799
20842	2	11919
12020	0	11984
20636	2	12388
11367	3	17323
23418	2	11609
16447	2	11331
13701	0	13619
16607	0	16507
12065	1	12263
20739	2	13064
17548	2	11391
14940	0	14918
16323	2	11239
12125	0	11984
21352	0	21304
22392	2	22548
18201	4	18241
11520	3	16211
15053	2	11365
11616	3	24125
11422	4	11412
12995	3	13033
17469	2	12824
18393	3	18616
12108	0	11984
18336	1	18335
21335	0	21304
23610	0	23604
15249	0	15071
11187	3	13045
13335	0	13332
20914	2	11394
16209	3	13045
11513	3	22294
11599	3	24125
18229	4	18295
23788	1	23787
11377	0	11370
21624	0	21564
17518	0	17503
18899	0	18746
17687	1	17686
20197	1	20212
21358	0	21306
15380	0	15266
20362	2	11365
21581	1	21594
18364	0	18343
13619	2	11549
17501	0	17503
18882	0	18746
14559	0	14517
19365	1	19364
21341	0	21306
15363	0	15266
11254	2	11334
18474	0	18389
14265	4	13801
17751	1	17781
16331	2	16388
16015	2	11179
14607	4	14452
20741	2	11367
14452	3	14507
21553	2	11517
14012	1	14011
16809	0	16507
18865	0	18746
19393	0	18631
14542	0	14517
12997	3	13020
22449	0	22392
15346	0	15266
23985	2	11586
12165	1	12351
18221	4	18265
21709	2	12608
14942	0	14914
17847	2	11607
19761	0	19689
14934	0	14924
17360	2	11394
12019	0	11985
18970	0	18746
15935	1	15945
18848	0	18746
20840	0	20842
11256	2	13065
18000	1	17999
15329	0	15266
24324	1	24331
22230	2	11615
19744	0	19689
12002	0	11985
20945	0	20842
18953	0	18746
24156	1	24195
24231	0	18347
12504	2	11176
11319	3	11308
11251	2	11326
19849	0	19689
23542	0	23526
14948	0	14916
13529	0	13527
20856	0	20915
18159	4	17786
14490	0	14489
20216	2	11334
23986	3	13460
13415	0	13281
16880	0	16507
16412	3	11557
20928	0	20842
19991	0	19983
14455	0	14452
22520	0	22392
11530	2	11548
22630	2	13065
22712	1	22816
19366	4	18631
16166	0	16243
23525	0	23526
20916	2	11515
22665	0	22630
17368	3	11339
14931	0	14916
20742	2	13396
14560	0	14452
22578	0	20711
13398	0	13281
14517	2	11324
19689	2	15243
18396	0	17361
23534	0	23526
21508	2	12482
17361	3	18382
20952	0	20905
17433	0	17425
12576	0	12504
15053	2	11178
19685	2	12979
13503	0	13281
24227	2	11588
14543	0	14452
13801	2	11389
20377	1	20489
21312	2	12621
19547	2	19621
23880	4	23742
14425	1	14446
12782	4	12504
18224	4	18113
13065	3	13045
20927	0	20915
17355	2	13330
24127	1	24169
14451	2	14462
13214	3	13268
13566	0	13551
14526	0	14452
13051	2	11613
12664	0	12504
22997	0	22630
16449	2	11356
15075	0	15072
22894	1	22893
11412	2	11616
20905	2	11900
14550	0	14515
21207	0	21165
17750	1	17769
12736	2	11517
14359	0	14326
14950	0	14912
22989	0	22630
20104	0	20083
11514	3	13048
15632	1	15631
24265	0	24223
22639	1	22743
11183	3	16205
21079	0	21061
22566	0	22560
23654	2	11173
20012	4	19981
18266	1	18265
16473	0	16449
19883	1	19930
14030	1	14029
14342	0	14326
19547	2	11245
16330	2	11249
22972	0	22630
21178	0	21163
11906	3	11911
24248	0	24223
16323	2	11320
14778	1	14777
15788	1	15792
20946	0	20911
16456	0	16449
17385	2	11173
14930	0	14917
11983	3	12392
23347	2	11585
16421	0	16412
17583	1	17640
21507	2	12483
20849	1	20866
22955	0	22630
14922	2	14984
21791	0	21720
20929	0	20911
11763	2	11869
13360	2	11547
16901	1	16900
19913	3	19916
17486	2	13616
20885	2	11336
20934	0	20906
18637	0	11256
19982	0	19981
23613	1	23615
21637	0	21600
23757	4	23743
16413	0	16412
12881	2	12993
14292	0	13801
24095	2	11178
17059	0	16507
15601	4	15266
13416	3	11904
21370	0	21311
17160	4	16507
21330	0	21309
18978	1	19258
18470	0	17361
22287	3	15579
21549	0	21555
19889	0	19689
22019	0	21936
22412	0	11256
12051	0	11985
17842	2	17894
12504	3	13038
24339	1	24341
12147	0	11985
21353	0	21311
11371	0	11344
22562	2	11613
19885	0	19869
24227	2	11401
18453	0	17361
20859	0	20843
12661	2	11510
18359	0	18348
15719	2	11613
20884	2	11409
19872	0	19689
22002	0	21936
12034	0	11985
12137	1	12324
12879	2	11551
23029	1	23122
11365	3	13033
17025	0	16507
19019	1	19297
18427	0	15072
21555	2	14484
19868	0	19869
23828	4	23743
15164	1	15165
15051	2	15053
12139	0	11985
18342	0	18348
21508	3	21514
13665	0	13281
18635	1	18653
14705	0	14452
12017	0	11985
22629	1	22734
18455	1	18563
16145	3	16318
15932	0	15857
18410	0	15072
24273	0	24221
13332	2	11178
20680	2	11390
23811	4	23743
18693	1	18692
17304	0	16504
22483	0	11256
17017	0	16507
12122	0	11985
12571	0	12570
13648	0	13281
12480	2	12483
14688	0	14452
23629	1	23627
11256	2	11402
12504	2	11607
21940	1	22032
12105	0	11985
15395	1	15547
20111	0	19983
18229	4	18055
23607	0	23605
22227	2	16023
24395	0	23652
14493	1	14500
23046	0	22630
17332	1	17339
14130	0	13801
11324	3	22122
12809	0	12504
24403	0	24345
22630	2	16529
14680	0	14452
14781	4	14452
14711	0	14669
17007	4	16507
20094	0	19983
15155	0	15053
12914	0	12504
20901	0	20841
20689	0	20682
23029	0	22630
11525	2	11553
16269	0	16243
13416	3	13461
24386	0	24345
12881	2	11517
16714	1	16715
13054	2	11678
12076	0	11983
14694	0	14669
15290	1	15445
16990	4	16507
12897	0	12504
23012	0	22630
11343	2	11176
16252	0	16243
22441	0	11256
23221	0	23179
24369	0	24345
11473	2	11516
11237	3	21118
12059	0	11983
23340	4	22630
17521	0	17506
19018	1	19298
14489	3	14510
13556	0	13550
18413	0	15072
21286	0	21270
22648	0	22630
16422	1	16436
11173	3	13048
20776	2	11864
11531	2	11555
20266	0	20217
19687	2	11758
18639	0	18630
23222	0	22630
23693	0	15717
12042	0	11983
12619	3	17322
11527	2	11190
23665	0	17712
15897	1	15909
20974	0	20906
17948	1	17947
22631	0	22630
15263	2	15578
16347	0	16330
13419	1	13463
16118	2	11187
17351	3	11904
23676	0	15717
21278	0	21270
23205	0	22630
23352	0	23350
15193	4	15051
18501	0	15072
13281	2	11234
12109	1	12412
13133	2	11237
14945	0	14917
22630	2	12825
12130	0	11983
23904	0	23887
17073	1	17072
17366	2	17377
15176	4	15051
22133	2	14467
18484	0	15072
15385	1	15538
12877	0	12879
14928	0	14917
14337	1	14377
11978	3	16211
13214	2	11514
13065	3	20726
14933	0	14912
19997	0	19981
15058	0	15051
20941	0	20916
22320	0	22303
17870	0	17843
23881	4	23755
17799	1	17798
13050	2	12682
12179	0	11985
20113	0	20080
21363	0	21305
19689	2	19675
13360	2	11978
21522	2	11678
21063	2	11190
18496	0	18388
20368	0	20367
18427	1	18627
17560	1	17617
20218	2	11670
22715	1	22819
18414	0	18390
20924	0	20916
17179	0	16507
14855	4	14452
16945	1	16944
12162	0	11985
23975	0	23887
11390	3	24408
23530	0	23415
15368	0	15265
17874	0	17786
18479	0	18388
24119	2	11514
14854	1	14853
18397	0	18390
20720	0	20712
11257	2	11252
11940	0	11929
23973	1	23980
16693	0	16507
18668	1	18670
18094	1	18093
22580	0	22561
20606	2	11679
18631	2	19540
15351	0	15265
23772	1	23771
12733	2	11518
14845	1	14843
17267	0	16507
14170	0	13801
14356	0	14327
19701	0	19687
18844	1	19125
23658	0	23653
17145	0	16507
20256	0	19983
11329	3	13046
22264	0	22230
20682	2	13068
22563	0	22561
11273	0	11252
18485	0	18390
14339	0	14327
23985	2	11509
11550	3	19965
20239	0	19983
22369	0	22230
17849	0	17786
13551	2	11320
19635	4	19561
16049	1	16114
22964	1	22975
20908	2	11903
14258	0	13801
12420	0	11983
18181	4	18135
13281	3	13366
20965	0	20904
17233	0	16507
16160	1	16191
12805	2	11364
17423	1	17428
14452	3	13275
15187	0	15053
15928	1	15939
24158	0	24210
17500	2	11365
19586	0	19547
23279	0	22630
20222	0	19983
16444	3	16502
23623	0	23622
24268	0	24226
20267	0	20216
11389	3	13877
14427	0	14327
21985	0	21936
20861	0	20911
20712	2	20734
13536	0	13379
13801	2	11178
20815	0	20775
11478	0	11412
22591	0	11251
11350	3	21055
24251	0	24226
14410	0	14327
21968	0	21936
20844	2	11511
11769	0	11764
18631	2	11514
21556	2	12622
11331	3	13033
11334	3	20722
21688	2	11364
20362	2	11556
12093	1	12286
11635	1	11650
12187	0	11983
17586	1	17643
20083	2	13787
20798	0	20775
11907	0	11888
15153	0	15053
11461	0	11412
19753	1	19813
18417	0	18393
11613	3	13014
22574	0	11251
24345	2	24409
24078	0	24074
20913	2	11679
21951	0	21936
18347	2	20674
21350	0	21312
17559	0	17548
22364	0	22288
20280	0	15053
19882	0	19870
11890	0	11888
20361	3	20364
11444	0	11412
18400	0	18393
14898	4	14837
13281	2	11181
11316	3	21055
18356	0	18349
19014	0	18631
11764	2	11585
12734	3	12742
11948	1	11973
11179	3	13027
21333	0	21312
20919	2	11331
23608	0	23612
14529	0	14517
20263	0	15053
13554	0	13550
18981	1	19261
24387	0	24227
20710	3	13047
20879	0	20846
20079	2	20167
13416	2	11546
18776	1	19056
15072	2	11519
11681	3	18382
15682	1	15705
23973	0	23972
23604	2	11242
17385	2	11551
16868	4	16507
23812	1	23811
21316	0	21312
20902	2	11331
21169	0	21167
14142	1	14141
20751	0	20742
21272	2	11336
18631	2	12937
12733	2	11331
16973	4	16507
12504	2	11367
18041	4	17786
16755	1	16754
23032	1	23125
16851	4	16507
21268	0	21269
19547	2	19678
20968	0	20907
19389	1	19388
11867	3	20726
20739	2	11190
17324	0	16507
24474	2	11589
15723	0	15717
20921	2	20992
16956	4	16507
23355	0	23345
21720	2	11516
15195	0	15051
20743	0	20742
22162	0	15715
13664	1	13746
24474	3	13130
16450	2	12608
20249	0	20217
22133	2	11515
14036	1	14035
11238	3	22121
14940	0	14922
13992	1	13991
11794	0	11762
12025	0	11983
17307	0	16507
16831	1	16830
16323	2	11243
17843	2	11331
18028	0	17786
12740	2	11394
23453	0	23416
22145	0	15715
18007	4	17786
18442	0	18391
24079	0	20195
20939	0	20905
14489	3	12392
11390	3	12812
21346	1	21423
13160	0	12733
20232	0	20217
22414	4	11256
14923	2	11585
18024	1	18023
12008	0	11983
24076	2	24071
16627	1	16626
20855	1	20872
20739	2	11324
12618	3	22121
23436	0	23416
18761	1	19043
12740	2	12683
20922	0	20905
18425	0	18391
16507	2	16528
13980	1	13986
24149	0	17361
11526	3	11339
11456	1	11455
13143	0	12733
12822	2	11311
11991	0	11983
20844	2	11324
24227	2	13068
12983	1	12986
21358	0	21310
17994	0	17786
17852	0	17842
23419	0	23416
18408	0	18391
16161	0	16142
11476	2	11394
21470	2	21521
24132	0	17361
18364	0	18347
18212	4	18299
21475	0	21470
13803	1	13840
18349	2	11355
18971	1	19252
20079	2	11336
21341	0	21310
11321	3	17322
21194	0	21165
12833	1	12857
18474	0	18393
13619	2	11903
22169	0	22143
12512	0	12504
21346	0	21305
15051	2	11243
18082	0	17786
11985	2	11551
17689	3	13461
12997	3	13024
22017	0	21936
12127	0	11984
15134	4	15051
21329	0	21305
12882	1	12886
21365	0	21167
18821	1	19102
17021	1	17020
16451	2	11184
11267	0	11253
14472	2	11900
23413	3	23519
23765	4	23766
15334	0	15265
20945	0	20846
21348	0	21167
22589	0	22558
22559	2	11325
11251	2	11330
21726	0	21718
20973	0	20921
17386	2	11903
14948	0	14920
11685	2	11676
12033	0	11981
17351	2	11923
17668	0	17665
15317	0	15265
20928	0	20846
21331	0	21167
23461	0	23414
20694	0	20681
16412	2	11336
22481	0	11256
15656	1	15655
20240	0	20215
22663	1	22767
15388	1	15541
15051	2	15110
20429	1	20530
14931	0	14920
12016	0	11981
14561	0	14517
13665	1	13748
21314	0	21167
21814	0	21718
16507	2	15052
14936	0	14915
19686	3	11340
23672	0	23654
23226	0	23178
12878	2	11331
17504	2	11514
21323	0	21167
20743	1	20756
19547	2	19625
18499	0	18391
21797	0	21718
17563	1	17620
22946	1	22934
11256	2	11459
20927	0	20919
23655	0	23654
12504	2	11664
23209	0	23178
18291	4	17786
19689	2	19919
15898	2	11237
18748	1	19029
22311	0	22301
23986	3	20364
18225	4	18118
18482	0	18391
21780	0	21718
15274	1	15429
13397	1	13404
15017	0	14986
11381	3	20673
12170	0	11983
23192	0	23178
17473	2	17483
17365	2	11864
20923	0	20904
16415	1	16430
11253	2	11326
16523	2	13617
17688	0	17689
18465	0	18391
12802	2	11365
20929	1	21006
12153	0	11983
18156	0	17786
20606	2	11923
18257	4	17786
24076	2	11186
11665	2	11237
23651	2	11613
17788	4	17786
24265	0	24227
11985	2	11364
18997	0	18631
22566	0	22564
20367	2	20602
16322	3	16211
12097	1	12411
22232	1	22242
13636	1	13719
11873	3	21055
20710	2	11317
23175	2	11331
14562	0	14452
22580	0	20711
20812	0	20776
23663	0	17712
24370	0	24227
20953	0	20844
15342	0	15263
20843	2	11240
18457	0	18391
19962	3	11904
20963	0	20912
12796	0	12504
24248	0	24227
14938	0	14911
11906	3	11915
14347	0	14325
22630	2	22547
19547	2	11599
16446	2	11352
17742	0	17713
18781	0	18631
17426	1	17431
24008	0	23985
13505	0	13281
13052	2	11408
15188	1	15189
14545	0	14452
22563	0	20711
20795	0	20776
11320	3	13044
15931	1	15942
24353	0	24227
21067	0	21060
15325	0	15263
20936	0	20844
19456	4	18631
12779	0	12504
14330	0	14325
14921	0	14911
14218	1	14217
21521	2	11190
18764	0	18631
18717	1	18716
24152	1	24192
18801	0	18746
20712	2	11179
20778	0	20776
13159	0	13133
20934	0	20910
11482	0	11476
14944	0	14913
11161	2	11185
18402	0	18389
17504	2	12482
14633	0	14452
18747	0	18631
12096	1	12289
15056	0	15051
15071	2	11248
18784	0	18746
15986	0	15970
24349	1	24416
18929	1	19209
18631	2	11758
15679	1	15706
21269	2	11179
13210	1	13243
16243	2	13790
18852	0	18631
11511	3	20722
15161	0	15051
12504	3	13042
15300	0	15263
24223	2	11235
19870	2	11188
22699	1	22803
24267	0	24223
15969	0	15970
21521	2	11324
17588	0	17548
14090	1	14089
20886	1	20894
11389	3	20671
18835	0	18631
15972	2	11237
12995	3	13013
16703	1	16702
21608	0	21599
14838	1	14837
20931	0	20902
14349	0	14321
21104	0	21063
21167	2	16118
13379	2	11547
11526	2	11679
22010	1	22101
19571	4	19547
17486	2	17487
16144	2	11519
17470	2	11327
17874	0	17843
24273	0	24225
22521	0	22518
18471	0	15072
14332	0	14321
15786	2	15793
20718	1	20737
20272	0	20215
20841	2	20990
11518	3	21545
21306	2	11556
19554	4	19547
23931	0	23897
17746	1	17766
18349	2	11331
12810	2	11871
20229	0	20218
18454	0	15072
20255	0	20215
14859	4	14452
12504	2	11611
12005	0	11984
13394	3	18382
11325	3	12933
23358	0	23348
16592	0	16507
19983	2	16388
17786	3	12394
16469	0	16446
21554	3	21552
23914	0	23897
14488	3	11522
23684	1	23726
12110	0	11984
18446	0	15072
17849	0	17843
16575	0	16507
20688	0	20682
11490	0	11474
14174	0	13801
12093	0	11984
13684	0	13281
19678	2	11607
17497	2	17493
20720	1	20724
17713	2	11585
18429	0	15072
16518	2	16521
11173	3	21562
21343	0	21306
13667	0	13281
22518	2	11602
11473	2	11520
20632	0	20633
22404	4	22392
18412	0	15072
16541	0	16507
20283	0	20218
20465	1	20574
21139	0	21129
23897	2	11248
16414	2	11404
14299	0	14280
21311	2	12621
11344	2	11355
21326	0	21306
12573	0	12570
13650	0	13281
23418	2	11402
15857	2	15927
16646	0	16507
20271	0	20216
14245	0	13801
18104	1	18103
20974	0	20910
19885	0	19686
22172	0	22146
11190	3	13001
16147	0	16145
16444	2	11365
14282	0	14280
11681	3	16211
19983	2	15717
13633	0	13281
11173	3	11308
14132	0	13801
18350	1	18369
20254	0	20216
17466	2	13064
14228	0	13801
11190	3	17323
11665	2	11668
18631	2	13799
13281	2	11238
16531	4	16507
19868	0	19686
22155	0	22146
18224	4	18093
13051	2	11243
21212	0	16118
24261	1	24309
21332	0	21308
14825	1	14823
22569	0	22559
22311	1	22337
22028	1	22119
24153	0	24119
15263	2	11394
20237	0	20216
13416	2	11603
17954	1	17953
18938	0	18746
14475	2	11903
17522	0	17466
14707	1	14757
21195	0	16118
23687	1	23729
24376	1	24407
17733	1	17773
12899	0	12504
22667	0	22630
20958	0	20917
14933	0	14916
17870	0	17847
23223	0	23179
11763	2	11365
23881	4	23759
20220	0	20216
11527	2	11678
11326	3	20728
22562	2	11914
22505	0	22392
17505	0	17466
15072	3	13275
12882	0	12504
24210	2	11352
22650	0	22630
19026	0	18746
23206	0	23179
20710	2	20742
15391	1	15544
17438	3	17458
23695	0	15717
15385	0	15266
21776	1	21883
13700	0	13619
12610	2	12616
13599	1	13610
22633	0	22630
20681	2	12682
14939	0	14918
12167	0	11984
19009	0	18746
14528	0	14452
21351	0	21304
20720	0	20716
12881	2	11334
20195	3	24065
11596	2	11236
20746	1	20759
14321	3	14407
21045	0	21044
20685	0	20679
12055	1	12253
20233	0	15053
24077	2	11552
22230	2	11408
11519	3	16211
13683	0	13619
14193	4	13801
17566	1	17623
21640	0	21564
11810	0	11764
23658	0	23657
13230	0	13214
21334	0	21304
17133	1	17132
13564	1	13582
16737	0	16507
16838	4	16507
18793	0	18746
19529	0	18631
17743	0	17729
11252	2	11180
24081	0	24077
22721	0	22630
16021	3	22122
20732	3	20722
20919	2	17483
21180	1	21230
16446	3	11337
18326	1	18325
21623	0	21564
15277	1	15432
14535	0	14515
21685	2	11670
17261	2	11179
20237	1	20305
22519	0	22518
19678	2	11554
14058	0	13801
20965	0	20908
19519	1	19518
20715	3	20722
16830	4	16507
22589	0	15715
20902	2	17483
16926	4	16507
14518	0	14515
19683	3	24408
11523	3	16515
17843	2	11872
21987	1	22078
13053	2	13063
15586	1	15585
13054	2	11979
18202	4	18285
20861	0	20915
16015	2	11240
11378	0	19547
20856	0	20842
18864	0	18746
13379	2	11173
23610	1	23620
20966	0	20915
16779	1	16778
14941	0	14914
21598	0	21564
11365	3	13013
11243	3	24125
20844	2	11515
19574	1	19573
11331	3	13037
11334	3	20726
11527	3	11558
21105	0	21100
17261	2	11313
11551	3	17323
14483	3	21551
16791	0	16507
14294	0	13801
21070	0	21063
21356	1	21466
21470	2	11324
11613	3	13018
16464	0	16451
22431	0	22392
18504	0	18390
21581	0	21564
15337	1	15491
19703	0	19687
21164	3	21262
11253	3	11340
20633	2	11409
21720	2	12541
21167	2	11556
19940	0	19934
16855	1	16854
20945	0	20903
12738	2	11402
13531	1	13541
24083	0	24073
22647	1	22751
20238	0	20215
12504	2	11237
24227	2	11515
13801	2	11316
20920	2	19670
18487	0	18390
18345	2	15109
12889	3	21562
13211	2	11922
11179	3	13031
20927	0	20842
14454	0	14452
18431	0	18389
18423	1	18624
20928	0	20903
22930	4	22630
14260	0	13801
22004	0	21936
23906	1	23943
18932	1	19212
16607	1	16606
16445	3	11338
20903	2	19670
20915	2	11515
17548	2	17681
15115	2	11900
13559	0	13549
22702	1	22806
24270	0	24226
22913	4	22630
12575	0	12504
21987	0	21936
20460	1	20579
24077	2	11365
22842	1	22843
11480	0	11412
21200	0	21163
16151	1	16217
13827	1	13864
20968	0	20911
24253	0	24226
14352	0	14324
16210	3	16205
18195	4	18035
21970	0	21936
20960	0	20921
11256	2	11516
15253	0	15115
23355	0	23349
24258	0	24221
20800	0	20775
13132	0	12504
16756	4	16507
22900	0	22630
16466	0	16447
16507	2	17337
12663	0	12504
19945	0	19689
14335	0	14324
23659	1	23702
22412	1	22413
21953	0	21936
15679	0	15674
11678	3	15698
22366	0	22288
13548	0	13551
24241	0	24221
23450	1	23503
13052	2	11331
23779	4	23743
22883	0	22630
22230	2	11355
11182	3	13782
17504	2	17532
18345	2	11405
12729	3	24117
22560	2	11678
21783	1	21893
21078	0	21061
16472	0	16449
16174	1	16225
15857	2	11365
22155	1	22182
24145	1	24186
13599	0	13281
12484	2	12497
21375	0	21311
16015	2	11403
18631	2	11331
21100	3	11339
23766	0	23743
11534	0	11412
18188	4	18015
11765	0	11761
15610	0	15266
11256	2	12939
24345	2	11394
23415	2	11403
20652	0	20636
18922	1	19203
23749	0	23743
15368	1	15521
21709	2	11327
23844	4	23845
18330	0	17786
13474	0	13471
17080	4	16507
22169	0	22147
21638	0	21564
21346	0	21309
16958	4	16507
18437	0	15070
20884	2	11336
15877	0	15857
22203	3	13130
18505	0	18389
12997	3	13028
13680	1	13762
18636	0	11256
20892	1	20900
20710	2	11508
14052	1	14051
23678	0	15717
12027	0	11983
11161	2	11242
20776	2	11173
15600	4	15266
11334	3	20673
21329	0	21309
18420	0	15070
15889	3	22121
11267	0	11257
18488	0	18389
13550	2	13593
16446	2	11543
14071	4	13801
12132	0	11983
20617	0	20605
18296	0	17786
11903	3	15700
16945	0	16507
17046	4	16507
23190	0	22630
23226	1	23273
23661	0	15717
12010	0	11983
20355	2	11545
21959	1	22051
15583	4	15266
11394	3	15698
21312	2	11556
22561	2	11613
11980	1	12193
19407	0	18631
18403	0	15070
22589	0	22562
20080	2	20170
18452	0	17361
23550	0	23524
11251	2	11334
20859	0	20904
21163	2	11683
12115	0	11983
13239	0	13211
17029	4	16507
12033	0	11985
23461	0	13619
11255	0	11252
11367	3	16205
22225	0	22228
21554	2	14484
23461	0	23418
16015	2	11671
13124	2	11670
20018	4	19983
20964	0	20904
22504	4	11256
20774	2	11394
15874	2	15895
20115	0	20080
21365	0	21305
12098	0	11983
20886	0	20884
17357	2	11394
16911	0	16507
12016	0	11985
19495	0	18631
20022	0	19983
14670	1	14758
16537	1	16536
20094	1	20135
15931	0	15857
16523	2	16520
22957	0	22630
18210	4	18069
20948	0	20908
14936	0	14919
19687	2	11551
19938	1	19950
23549	0	13619
21348	0	21305
12081	0	11983
11625	0	11412
16334	1	16363
11726	4	11412
18427	0	17361
23549	0	23418
20005	0	19983
20050	2	11244
18717	0	18631
11920	3	24125
19547	2	19629
22630	2	11329
14024	0	13801
12186	0	11983
13341	0	13051
20636	2	11404
16999	0	16507
21331	0	21305
20917	2	11324
13214	3	13276
15115	3	13896
18410	0	17361
20432	0	20367
22630	2	12618
17514	0	17504
16449	2	11364
17365	3	11339
15978	0	15952
11713	0	11412
21314	0	21305
15906	0	15857
20093	0	19983
22489	1	22488
20923	0	20908
21043	0	20846
23028	0	22630
20901	0	20902
16268	0	16243
20415	0	20367
11394	3	12933
24114	2	11336
20424	0	20367
11394	3	16316
16118	3	11339
23840	4	23838
18470	0	18390
21708	2	11237
17235	0	16507
13050	2	13064
23011	0	22630
22206	0	22203
18441	0	15053
20367	2	20606
21183	1	21233
18494	0	15070
20407	0	20367
14453	1	14457
20963	0	20916
18453	0	18390
14938	0	14915
16411	2	11544
11179	3	13007
23758	1	23757
12123	0	11981
12504	2	13091
19008	1	19288
16446	2	11356
17120	4	16507
11328	3	13038
11530	2	11585
15657	4	15266
18477	0	15070
17880	0	17841
19648	0	11360
14412	0	14327
20390	0	20367
20948	1	20997
14921	0	14915
12189	0	11983
18444	1	18554
18347	3	14597
23449	1	23502
16346	0	16330
22320	0	22230
16634	4	16507
24151	0	24119
20373	0	20367
17863	0	17841
23877	0	23743
22313	0	22301
17306	0	16507
18460	0	15070
20934	0	20914
21822	0	21720
23697	0	23653
14944	0	14917
16022	3	24066
17208	4	16507
12172	0	11983
20783	0	20775
17872	0	17841
16329	0	16330
21555	2	11325
15674	2	11187
14326	3	14406
16518	2	11585
11526	2	11549
20842	2	11903
18443	0	15070
18407	0	18388
14864	0	14452
20425	1	20527
23680	0	23653
23335	0	22630
21769	1	21877
20195	2	11335
12504	3	13046
14557	0	14514
21214	0	21164
13393	3	19965
16722	4	16507
23869	0	23743
13494	1	13512
20712	3	13047
17790	4	17786
13534	1	13544
11257	2	11179
24227	2	11409
13428	0	13416
22319	0	22303
14549	1	14581
11518	3	18382
16142	3	16208
11474	2	11512
11995	1	12203
11177	3	21118
20904	2	11331
17073	0	16507
11364	3	17323
24372	0	24227
14540	0	14514
12995	3	13017
18344	3	18382
23876	4	23743
21607	0	21599
21521	2	11678
20931	0	20906
19694	0	19685
17744	0	17713
11187	3	13029
23301	0	22630
14897	4	14829
17486	2	17491
24355	0	24227
14523	0	14514
20847	0	20846
17550	1	17607
18478	0	18388
17874	0	17847
18332	1	18331
17161	0	16507
11582	3	20726
20911	2	11394
11368	0	11344
12562	2	11900
18474	1	18625
24338	0	24227
23842	4	23743
13830	1	13867
20745	0	20739
12732	2	11518
18461	0	18388
11914	3	11917
17506	2	12482
18347	2	11607
19689	2	19870
19623	3	19662
18084	1	18083
15199	4	15053
24261	0	24224
16469	0	16450
12804	2	12384
21520	1	21534
23300	4	22630
15163	0	15051
20463	1	20588
20841	2	11329
23464	0	23413
20271	1	20338
17849	0	17847
15182	4	15053
20215	2	11517
20464	0	20367
24244	0	24224
19939	0	13619
11276	0	11254
20636	2	16023
11365	3	13875
17590	0	17548
20841	2	11679
12011	1	12215
18481	0	15053
17499	2	11365
18436	0	18388
22996	1	23089
20447	0	20367
21311	2	11336
23413	3	21055
12738	2	11325
22230	3	17836
18942	0	18631
16450	3	11337
20717	0	17361
15251	0	15051
21343	0	21310
24148	1	24189
18464	0	15053
23875	1	23874
15169	0	15053
11478	0	11473
21162	1	21216
23831	1	23830
19309	2	19321
20430	0	20367
18718	1	18719
17361	2	11190
15234	0	15051
14452	2	11367
21326	0	21310
20361	2	11556
11675	2	11585
23933	0	23897
11369	2	11325
22470	4	11256
11190	3	13005
23653	2	13089
12740	2	11187
24209	2	20054
19743	1	19803
11527	2	11548
15674	2	15672
14345	1	14385
15952	2	11511
11555	3	21118
21556	3	21552
17469	2	12621
11665	2	11672
11816	0	11762
13133	2	11245
22557	2	11358
23357	0	23353
21332	0	21312
24474	2	11516
23887	2	11510
20914	2	20990
11799	0	11762
18437	1	18548
21470	2	11515
11240	3	21551
11476	2	11187
11819	1	11880
20958	0	20921
14933	0	14920
18675	0	18631
11527	2	11682
12732	2	11331
21688	2	21708
18721	4	18680
13214	2	11872
15850	1	15851
20225	0	20215
11159	2	11178
16343	0	13619
12001	0	11981
20118	0	20083
20636	2	11514
11576	0	11654
23603	0	23606
13055	2	11551
17438	3	17462
24405	1	24469
20026	4	19981
18023	4	17786
20097	1	20138
14947	0	14912
12811	1	12813
13479	0	13470
14939	0	14922
21498	1	21499
20101	0	20083
13288	0	13281
21351	0	21308
19598	1	19597
12504	2	13067
22437	1	22436
20081	2	13799
23194	0	23178
14922	2	11585
20920	2	16023
22969	0	22630
21334	0	21308
11206	1	11227
24214	0	24210
11408	3	22123
21805	0	21720
19992	4	19981
11773	1	11875
15175	1	15174
18014	1	18013
13075	1	13083
21339	0	21303
23653	2	11613
11166	1	11174
20903	2	16023
12621	3	22123
21788	0	21720
15763	0	15719
11687	1	11686
18476	0	18388
21509	0	21507
16849	1	16847
12528	0	12504
21322	0	21303
16343	1	16398
21270	2	11190
12038	0	11984
22301	3	15579
20201	0	20195
23351	2	11873
12504	3	13022
21771	0	21720
18473	0	18393
12802	2	11613
13053	2	13067
19761	1	19821
22726	1	22830
20120	0	20079
20861	0	20919
22560	3	11340
16014	2	11183
11888	2	11551
21688	3	13129
16343	0	16331
13124	2	11243
18719	4	18631
20856	0	20846
14358	0	14322
17295	1	17299
22510	4	11256
21754	0	21720
23694	0	23654
14941	0	14918
15729	0	15719
11365	3	13017
16414	2	13799
18456	0	18393
20966	0	20919
12841	0	12827
23612	3	20365
20103	0	20079
19011	1	19291
11331	3	13041
19525	1	19524
18439	0	18393
12428	1	12454
17465	1	17476
14172	1	14171
12995	2	11613
21387	1	21462
13336	0	13332
14929	0	14913
24083	0	24077
21128	2	21152
21725	0	21718
23331	1	23330
20921	2	17483
23179	3	11522
23430	1	23483
24255	0	18347
18431	1	18618
20079	2	12820
20927	0	20846
20363	2	11365
18492	0	18389
18431	0	18393
18160	1	18159
14494	0	14488
23547	0	13619
20776	2	11364
18300	0	17786
23585	2	11367
23547	0	23418
21547	1	21557
21772	1	21880
11360	2	19670
14560	0	14517
23194	1	23243
23181	1	23231
11178	3	16515
15673	1	15692
15646	1	15645
18475	0	18389
19678	2	11237
13537	1	13547
12504	2	12880
12163	0	11981
18820	0	18631
15860	1	15869
14552	1	14584
16457	1	16481
20883	2	12560
17467	2	11682
14543	0	14517
21200	0	21167
20058	2	11866
15848	4	15812
18925	0	18631
21796	0	21718
20968	0	20915
18458	0	18389
12146	0	11981
18803	0	18631
23208	0	23178
11256	2	11520
15291	0	15265
23355	0	23353
24258	0	24225
19377	0	18631
21072	0	21063
14526	0	14517
19547	2	11176
17553	1	17610
13051	2	11678
18908	0	18631
13923	0	13801
20805	0	20774
23824	4	23822
13433	0	13281
15274	0	15265
11412	2	11681
20956	0	20910
24241	0	24225
11514	3	24067
20280	0	20217
15814	4	15812
13833	1	13870
19001	1	19282
13906	0	13801
23679	0	17712
20734	3	13046
11888	2	11364
22142	0	22144
11922	3	11915
24264	0	24227
21708	2	17710
12124	1	12315
16523	2	11584
18672	2	11240
20263	0	20217
12529	0	12503
20857	0	20912
20811	0	20776
16400	0	16331
22231	0	22226
20970	0	20902
23467	0	23416
13399	0	13281
22392	2	11367
24247	0	24227
14937	0	14911
13898	0	13801
20739	2	12621
21063	2	11979
13994	0	13801
16507	2	11409
13504	0	13281
20794	0	20776
23450	0	23416
20606	2	11179
22999	1	23092
11888	3	11915
18200	4	18323
18842	1	19122
11336	3	12475
11481	0	11476
18505	0	18393
12665	0	12504
12766	4	12504
11208	0	11161
14208	1	14207
13635	0	13281
13281	2	11352
16450	2	11356
11252	2	11615
11161	2	11246
24083	1	24091
22630	2	16326
23902	1	23940
18488	0	18393
24075	2	16022
20688	1	20700
23606	3	11904
17506	2	17532
14924	2	14911
23191	1	23240
24266	0	24223
17355	2	11330
21167	2	21306
22513	1	22512
11529	2	11520
20859	0	20908
19934	2	11365
20906	2	11672
16141	1	16188
21317	0	21308
23770	4	23769
24209	2	13882
15365	0	15265
21379	0	21167
15053	2	11406
11255	0	11256
22559	2	11683
11256	2	11333
20964	0	20908
24249	0	24223
13556	1	13572
20846	2	11678
18387	1	18507
11173	3	22294
23612	2	23604
15348	0	15265
16693	1	16692
21362	0	21167
16462	0	16444
21936	3	13329
11588	3	24067
20245	0	20218
19678	2	11184
18332	0	17786
12504	2	12827
13476	0	13471
20948	0	20912
14936	0	14923
23897	3	13895
19687	2	11555
12021	0	11984
13689	0	13281
17330	1	17336
12434	0	11983
19553	4	19547
17508	0	17473
15331	0	15265
21345	0	21167
24225	2	11508
20228	0	20218
12017	1	12221
16504	2	11514
21278	1	21292
12004	0	11984
16454	0	16444
17846	0	17786
16033	1	16102
16692	4	16507
20217	2	11508
24227	2	12889
15070	2	15105
20100	1	20141
20362	2	11190
20917	2	11678
11987	0	11984
15115	2	11396
11372	0	11344
15419	0	15265
19680	2	19681
16414	2	11331
15314	1	15469
22203	2	11248
13668	0	13619
21279	0	21272
14484	3	21562
16274	0	16145
20901	0	20906
20914	2	11919
24132	1	24173
19983	2	11322
12997	2	11331
21319	0	21304
12908	0	12893
18305	4	17786
12567	3	21562
13561	0	13281
15085	1	15101
11665	2	11245
15975	0	15972
16557	0	16507
21749	1	21857
22165	0	22144
15841	0	15812
16180	1	16202
18761	0	18746
15355	1	15508
19497	0	18631
11280	0	11254
11402	3	15700
13676	1	13759
12891	2	12939
20712	2	11403
22289	2	11520
20963	0	20920
11179	3	13011
22148	0	22144
20775	2	12622
18866	0	18746
19654	0	19547
16839	1	16838
16507	2	11356
21325	0	21306
17470	2	17483
15373	0	15263
13050	2	11324
22157	0	22144
14783	1	14784
23462	1	23512
11263	0	11254
14026	0	13801
15077	0	15071
20613	0	20602
14799	4	14452
14281	0	14280
15672	3	15697
18849	0	18746
19634	4	19557
22433	0	22392
15330	0	15266
22585	0	22559
15356	0	15263
20951	0	20915
21349	1	21426
12504	2	11351
23213	1	23260
18954	0	18746
23697	0	23657
21946	1	22038
21373	0	21304
11320	3	11308
18832	0	18746
21211	0	16118
14900	4	14841
23652	2	24409
15313	0	15266
13378	1	13387
12661	2	12677
22568	0	22559
20690	0	20682
14949	0	14916
14114	0	13801
12958	0	12881
19959	3	11904
19728	0	19689
14491	0	14489
12793	0	12504
20356	1	20360
16243	3	13461
18937	0	18746
23680	0	23657
17365	2	11551
22521	0	22392
12431	1	12457
24251	1	24299
11369	2	11516
18815	0	18746
21125	2	21129
18814	1	19095
14932	0	14916
23222	0	23179
15305	0	15266
18920	0	18746
22560	2	17724
22561	2	11914
23433	1	23486
15773	1	15780
12995	3	13021
16447	2	12608
22649	0	22630
19694	0	19689
18126	4	17786
23205	0	23179
19582	1	19581
13382	0	13281
15288	0	15266
11187	3	13033
22487	0	22392
15983	0	15970
15970	2	11514
20883	2	11515
22632	0	22630
15863	1	15872
12166	0	11984
18109	4	17786
22630	3	20365
17469	2	17484
21100	3	21118
18631	2	18666
16460	1	16484
18208	4	18113
11602	3	13268
19782	0	19689
13470	2	11664
12149	0	11984
16741	4	16507
12749	4	12504
20861	0	20842
11473	2	11394
20260	0	20218
18485	0	15072
18096	0	17786
12997	3	13008
11324	3	21545
13100	0	12504
16724	4	16507
16474	0	16449
12631	0	12504
11534	0	11526
20959	0	20913
14934	0	14912
20243	0	20218
17261	2	11240
15108	3	24067
11281	0	11253
17481	3	15700
23415	2	11517
16457	0	16449
19962	2	19959
20227	1	20295
12935	3	12933
20942	0	20913
12839	0	12827
24241	1	24290
12124	0	11984
19509	1	19508
23415	3	11338
16014	2	11240
13214	2	11608
16812	4	16507
22956	0	22630
13801	2	11243
11264	0	11253
18769	1	19049
23889	1	23894
20973	0	20905
20856	0	20903
21977	1	22068
14188	0	13801
15272	1	15426
11864	3	21545
23436	1	23489
14156	1	14155
15286	1	15442
20053	1	20055
19011	0	18746
17729	2	11313
18638	0	11256
11344	2	11363
11941	0	11929
21104	0	21100
23315	1	23314
24269	1	24317
14860	1	14859
22319	1	22345
21357	0	21306
18994	0	18746
12570	2	13057
24128	0	24209
20604	2	11920
13052	3	13069
22288	3	15579
16677	0	16507
11369	2	11679
22922	0	22630
16418	1	16433
24263	0	24224
11527	2	11552
11238	3	13408
24082	0	24073
14276	0	13801
14545	1	14578
14357	0	14324
13807	0	13801
14154	0	13801
13054	2	11585
13648	1	13732
18203	4	18305
22417	1	22416
12035	1	12237
18977	0	18746
20884	2	11584
21050	0	13050
15053	2	11516
21604	0	21600
20927	0	20903
24246	0	24224
14345	0	14322
19873	0	19689
22235	1	22245
21741	0	21720
15689	0	15672
20843	2	11679
20691	1	20703
13558	0	13549
13053	2	11514
22970	1	22981
12508	1	12532
17486	2	11242
21105	1	21116
24269	0	24226
24229	0	24224
11804	0	11761
14328	0	14322
16597	1	16596
20268	0	20216
19856	0	19689
17359	2	11394
19928	3	19914
13537	0	13379
14327	2	11510
21320	0	21311
11356	3	19964
20691	0	20636
11479	0	11412
22592	0	11251
20710	2	13395
20251	0	20216
21969	0	21936
18271	4	17786
21385	0	21309
16896	0	16507
12001	0	11985
21711	1	21714
12619	3	21551
12704	1	12725
20363	2	11556
16118	3	21118
23354	0	23349
20885	2	11190
17841	2	11325
13817	1	13854
23795	4	23743
22575	0	11251
11173	3	12739
20776	2	11555
20921	2	11608
16181	1	16239
19764	1	19824
19944	0	19689
17001	0	16507
12106	0	11985
18497	1	18602
24396	0	23652
20215	2	11334
15639	4	15266
20914	2	11679
21368	0	21309
11579	0	11572
15416	0	15266
19677	2	19682
15050	1	15049
11596	2	11244
11891	0	11888
17473	2	11185
14361	1	14401
21215	1	21266
14618	1	14619
12089	0	11985
14559	0	14452
24379	0	23652
11412	3	11559
21566	0	21564
11394	3	13047
11264	1	11291
21690	1	21699
12984	0	12878
20742	2	20768
14765	4	14452
13502	0	13281
24005	0	23985
14695	0	14669
12072	0	11985
14542	0	14452
20078	0	19983
24362	0	23652
12735	3	12739
11927	2	11978
23013	0	22630
12682	3	22123
20846	2	20916
12881	2	12981
15723	1	15737
16253	0	16243
15317	1	15472
24370	0	24345
15051	3	15132
19983	2	20076
14647	0	14452
21135	0	21130
14678	0	14669
12055	0	11985
16974	4	16507
11392	3	12739
23414	2	11403
21287	0	21270
19436	4	18631
22425	0	11256
12759	0	12504
24353	0	24345
23657	2	23656
11545	3	24065
12504	3	13026
17504	3	15700
11527	2	11365
11887	3	11366
11246	3	24117
22168	0	22147
24227	2	24221
20120	0	20083
15857	2	13065
15626	1	15625
23356	0	23345
11179	3	18382
20028	4	19981
19962	2	11396
15674	2	13395
12516	0	12503
11365	3	13021
12026	0	11983
20103	0	20083
11346	0	11342
16839	0	16507
16940	4	16507
11331	3	13045
15857	2	11910
14042	1	14041
13549	2	13593
20710	2	11919
20233	0	20217
16507	2	11600
22287	3	15701
17577	1	17634
12009	0	11983
20015	0	19981
24077	2	24071
23067	0	22630
21807	0	21720
20034	4	19983
18216	4	18079
24119	2	11555
23682	0	23653
14929	0	14917
22398	4	11256
23216	1	23263
20463	0	20367
11735	0	11412
16507	2	12889
18468	0	15072
20636	2	11331
11536	0	11412
18492	0	18393
21790	0	21720
20051	2	11582
17176	4	16507
24133	0	17361
24210	2	11523
11797	1	11846
12097	0	11983
17519	0	17504
20741	2	11331
13796	2	11248
11742	4	11412
18451	0	15072
11342	2	11184
22304	0	22303
18937	1	19215
18475	0	18393
21773	0	21720
22170	0	22143
12163	0	11985
23351	2	11556
18434	0	15072
18458	0	18393
13340	0	13051
20196	2	11240
20635	2	11404
17041	0	16507
18343	2	11551
12146	0	11985
19869	2	11184
11903	3	23600
23023	1	23116
17846	0	17843
15053	3	18615
19884	0	19869
23985	2	11334
16266	1	16293
13551	2	13589
19359	1	19358
17247	4	16507
22392	2	11237
14232	1	14231
22265	0	22230
22418	4	22392
23414	3	23519
16555	0	16507
15335	0	15265
14188	1	14187
17027	1	17026
18836	1	19115
20956	0	20914
17251	0	16507
13274	3	22122
16880	1	16881
22499	0	11256
21130	2	21152
17129	0	16507
17230	4	16507
21060	2	11336
14805	4	14452
15666	0	15266
16801	1	16800
20383	1	20590
23925	0	23887
14514	2	11179
24272	0	24221
19435	1	19434
24150	0	24210
12806	2	11600
15318	0	15265
22924	1	22923
20753	0	20741
14323	0	14327
12627	1	12645
20857	0	20916
20223	0	19983
11509	3	21551
13211	2	11609
20934	0	20841
16445	3	16502
23887	2	23972
15167	4	15053
12817	3	12812
21788	1	21896
22231	0	22230
21342	1	21420
13424	1	13446
18864	1	19142
20970	0	20906
13597	1	13607
21815	0	21718
22518	2	15103
20962	0	20916
23690	0	23651
14937	0	14915
16302	3	21055
17217	0	16507
14279	0	14280
19942	0	19689
14452	2	14514
23418	2	23413
23227	0	23178
24142	0	24210
21548	2	11323
14060	1	14059
19938	0	19869
16330	2	11668
23418	2	11520
14411	0	14327
21798	0	21718
16142	2	11588
23673	0	23651
16673	1	16672
18390	3	18613
22518	2	16392
23900	0	23887
12881	2	11184
24227	2	11336
18631	2	16011
23455	0	23415
17102	4	16507
22319	0	22230
20941	0	20904
23780	0	23743
24079	0	24074
20234	0	20216
18459	0	15070
22312	0	22301
11316	3	13875
21980	1	22071
17421	1	17420
20964	1	21003
16320	3	16318
22127	3	13038
20363	2	11182
12504	2	11408
13281	2	11356
23439	1	23492
15137	0	15053
24210	2	11336
23438	0	23415
11367	3	13046
20915	2	11336
18427	0	18390
20924	0	20904
22288	2	11680
22268	0	22254
18893	0	18631
15121	1	15130
20920	2	11331
22322	1	22348
23543	0	23415
15001	0	14986
18746	2	11541
13555	0	13550
13050	2	11515
19866	0	19870
12154	0	11983
21213	0	21164
20693	0	20680
23177	1	23228
14472	2	11323
17694	0	17684
11404	3	13875
18410	0	18390
24266	0	24227
11370	2	11398
11677	3	21545
15856	1	15866
20859	0	20912
17361	3	18614
11654	2	11663
23692	0	15717
23221	0	22630
15225	0	15053
23322	4	22630
21317	0	21312
20903	2	11331
12984	0	12504
20813	0	20776
22560	2	11365
24371	0	24227
14539	0	14514
21196	0	21164
19875	0	19867
18393	2	15053
20964	0	20912
17743	0	17713
20739	2	11365
23675	0	15717
23204	0	22630
21708	2	21715
11316	3	11915
20230	0	15053
24354	0	24227
14522	0	14514
21068	0	21060
20711	3	16214
23059	1	23152
11531	2	11356
16427	0	16411
18223	4	18089
11307	3	21118
20948	0	20916
11984	3	12393
18409	0	15053
23187	0	22630
15191	0	15053
19679	2	13468
15074	0	15051
11269	0	11252
20905	2	20992
17793	1	17792
16410	0	16411
16043	0	15952
21564	2	11664
17713	2	11516
21388	0	21312
21709	2	11364
18392	0	15053
16818	4	16507
15057	0	15051
15158	4	15051
14911	2	14983
18988	1	19269
24002	0	23986
16026	0	15952
13794	2	11237
17371	1	17379
19582	0	19547
21371	0	21312
23463	0	23413
13051	2	11979
24364	1	24429
18413	0	18390
20635	2	16023
14364	1	14404
11331	3	13021
17274	0	16507
21319	0	21308
20905	2	11327
23974	0	23887
23605	2	11510
11613	3	13002
15145	0	15051
23446	0	23413
20284	0	15053
20367	2	19675
11665	2	11249
21609	0	21599
22325	1	22351
21310	2	11336
18838	1	19119
21272	2	11190
17572	0	17548
11514	3	12475
20376	1	20575
12878	2	11238
21727	1	21836
17978	0	17786
20080	2	13791
11369	2	12541
18501	0	18390
17266	0	16507
15320	1	15475
12958	1	12976
11179	3	13015
20710	2	11679
19878	0	19870
15233	0	15051
21325	0	21310
14522	1	14603
24165	0	24210
23821	1	23820
13479	1	13488
22153	0	22143
18484	0	18390
16321	3	16317
17249	0	16507
17548	2	17665
20613	0	20606
18704	4	18631
18066	0	17786
17944	0	17786
15082	0	15070
20951	0	20919
14669	3	13275
12111	0	11984
12504	2	11355
21521	2	11552
21373	0	21308
11989	0	11984
13338	0	13332
20960	0	20905
14949	0	14920
18691	0	18631
20111	0	20081
12094	0	11984
12733	2	12608
20882	0	20885
17847	2	11331
12827	2	11396
13057	3	18382
21100	3	11189
11356	3	15699
15802	0	15719
22203	2	11870
21967	0	21936
17103	1	17102
23348	2	11584
14932	0	14920
23685	0	23656
21555	2	12622
20094	0	20081
24330	1	24336
21344	0	21306
12077	0	11984
16120	0	16118
14697	1	14751
22556	0	22558
16463	0	16447
21194	1	21244
18481	1	18586
16182	0	16142
18393	3	18608
19959	3	19963
23668	0	23656
20744	0	20710
16899	1	16898
17500	2	11516
17713	2	11679
21327	0	21306
21524	0	21521
11187	3	13037
18975	1	19255
23210	0	23178
13478	0	13470
20846	2	11979
13054	2	13065
22592	1	22621
16445	2	11365
20676	3	20671
12482	3	17525
24395	1	24459
14528	0	14517
15310	1	15466
16174	0	16142
21781	0	21718
14136	1	14135
21275	0	21269
17692	0	17684
16975	1	16974
12504	2	13128
23193	0	23178
13361	3	21118
16749	1	16748
14884	1	14883
19588	1	19587
11254	2	11326
11485	1	11501
21213	0	16118
11390	3	16317
20750	0	20742
16157	0	16142
22169	0	15715
11367	3	22121
20861	0	20846
21764	0	21718
18466	0	18391
12072	1	12267
12471	2	11664
15758	4	15719
12997	3	13012
17523	0	17466
18452	1	18560
11588	3	16208
20966	0	20846
20849	0	20844
21196	0	16118
13672	1	13756
16412	2	11190
15117	0	15115
18839	1	19118
21747	0	21718
11179	3	16211
23687	0	23652
15722	0	15717
12883	0	12878
11534	0	11530
20959	0	20917
18449	0	18391
20680	2	13395
14934	0	14916
15610	1	15609
20917	2	11979
18241	4	17786
12995	2	11190
14599	0	14517
11539	0	11525
11281	0	11257
16507	2	11523
16328	3	21545
16451	3	16500
17876	0	17842
23350	2	11873
20942	0	20917
23670	0	23652
24156	0	17361
15347	0	15265
11331	3	20673
20796	0	20776
20119	0	20079
16621	1	16620
11816	1	11861
13384	0	13281
18441	0	18391
11264	0	11257
24232	0	24227
20973	0	20909
17859	0	17842
13427	1	13449
12738	2	11683
23693	0	23654
23652	2	11394
15728	0	15719
13489	0	13281
21942	1	22035
20682	2	12682
12504	2	11518
14529	0	14452
20779	0	20776
20102	0	20079
17868	0	17842
11552	3	15699
11344	2	11367
13367	0	13281
12738	2	12622
18424	0	18391
16471	0	16445
20355	2	11313
12954	0	12878
19687	2	11185
23676	0	23654
13472	0	13281
21720	2	11667
12151	0	11984
11412	2	11474
24271	0	18347
14553	0	14515
21210	0	21165
12570	2	13061
17851	0	17842
23458	0	23418
24082	0	24077
12095	0	11983
18098	0	17786
12640	1	12658
17696	1	17707
12418	1	12444
11402	3	20673
15301	0	15263
18731	0	18631
20710	2	19681
20968	0	20842
14495	0	14452
14536	0	14515
21193	0	21165
14517	2	12605
17500	2	11329
23441	0	23418
21603	0	21600
20927	0	20907
11761	2	11865
19406	4	18631
19679	2	11350
19690	0	19686
23321	1	23320
13560	0	13281
11666	3	13046
23420	1	23473
13073	1	13095
15284	0	15263
23766	1	23765
16118	2	11903
15266	2	11515
16445	2	11178
14519	0	14515
21176	0	21165
18150	1	18149
18003	1	18004
17361	2	11682
17348	3	16214
21141	0	21128
12504	2	12941
21328	0	21305
23529	0	13619
18064	0	17786
15267	0	15263
18697	0	18631
19398	4	18631
13104	1	13117
11266	0	11253
17358	2	11923
24234	0	24223
19343	1	19342
17466	2	11682
15636	1	15635
11981	2	11182
17466	2	12621
20719	0	20715
15975	0	15952
11245	3	13044
20105	0	20079
14952	1	14982
23354	0	23353
19381	4	18631
11463	4	11411
24257	0	24225
12704	0	12504
21071	0	21063
20256	0	20215
15830	4	15812
16785	1	16784
23062	1	23155
16015	2	11334
12032	0	11981
18689	0	18631
18905	1	19185
13105	0	13097
18152	0	17786
20636	2	11872
20079	2	13365
20804	0	20774
11254	3	11340
18857	1	19136
15183	1	15182
23460	0	23414
21330	0	21167
22571	1	22604
14489	3	11522
15115	2	11510
19941	0	19934
19364	4	18631
24240	0	24225
11190	3	21552
16507	2	11336
20239	0	20215
21166	1	21217
13809	0	13801
11331	3	23519
15421	0	15265
15041	0	14986
17503	2	11356
16453	0	16446
23443	0	23414
18432	0	18389
11190	3	13042
20715	2	20725
17847	3	13276
17872	1	17892
23225	0	23178
12120	0	11981
17787	1	17785
20222	0	20215
21708	2	11355
21382	0	21305
21339	0	21311
15404	0	15265
15024	0	14986
20636	2	17483
12504	2	11331
20716	3	13046
23466	0	23416
20846	2	20920
23986	2	11350
16657	1	16656
15688	1	15704
19983	2	20080
21370	0	21303
12103	0	11981
21322	0	21311
15007	0	14986
22147	3	12501
24394	0	24227
18481	0	18391
12504	3	13030
22289	3	12394
13437	1	13467
11402	3	23519
21353	0	21303
24227	2	24225
13054	2	11402
18396	0	15072
24259	0	24221
23604	3	15133
20083	2	11925
18464	0	18391
14986	2	15047
14999	0	14986
11812	0	11763
12995	3	13001
13634	0	13281
23874	4	23871
16259	1	16306
21721	1	21829
15358	0	15263
20776	2	11238
11274	0	11251
24242	0	24221
16508	0	16507
18260	0	17786
23797	4	23868
21304	2	12618
24074	2	16022
20841	2	11179
15341	0	15263
14676	1	14715
22133	2	11613
22561	2	11678
23682	0	23657
14767	4	14452
17051	1	17050
14517	2	11613
24007	0	23985
14951	0	14913
12737	3	12739
13600	0	13281
15324	0	15263
18467	0	15072
17871	0	17847
20571	3	22121
11256	2	11394
22503	1	22502
12504	2	11599
20221	0	20216
13981	1	13987
21581	0	13416
18327	4	17786
23990	0	23985
21179	0	16118
15952	2	16138
12883	0	12504
15307	0	15263
17854	0	17847
14943	0	14913
12761	0	12504
13133	2	11900
18630	2	11600
13475	0	13471
17595	0	17548
18905	0	18746
18902	1	19182
11514	3	17525
15412	0	15263
21162	0	16118
24129	0	24119
11181	3	19662
22693	1	22797
20653	0	20633
21197	1	21247
24357	1	24423
19751	1	19811
18484	1	18589
14089	4	13801
14926	0	14913
23190	0	23179
16185	0	16145
18314	0	17786
18888	0	18746
11520	3	12475
11390	3	13044
19869	2	11188
11360	2	11518
17846	0	17847
14348	1	14388
19425	0	18631
18421	0	15070
13684	0	13619
19526	4	18631
12849	0	12504
12570	2	11398
11888	2	11588
18353	0	18343
17786	2	11325
20361	2	11190
17368	2	16209
22004	1	22095
23662	0	15717
12954	0	12504
24398	1	24462
21548	3	17834
13667	0	13619
11344	2	11343
18787	1	19066
21550	0	21556
11391	3	22294
11179	3	13877
21164	2	11683
14055	4	13801
21318	0	21304
13931	1	13970
15724	1	15740
19513	0	18631
20197	0	20196
18470	0	15072
22590	0	22559
24272	0	24225
22705	0	22630
19391	0	18631
13650	0	13619
16160	0	16145
20775	2	11394
15813	1	15811
15231	0	15051
12075	1	12270
20116	0	20080
20857	0	20920
16743	1	16741
22578	0	22557
12879	2	11356
18760	0	18746
18348	2	11331
24227	3	18382
20970	0	20910
18453	0	15072
22688	0	22630
13633	0	13619
15057	1	15063
22518	2	15107
20962	0	20920
14143	4	13801
14937	0	14919
20099	0	20080
13920	0	13801
20058	2	20063
16468	0	16446
17670	1	17676
12504	2	12567
22671	0	22630
11669	3	20722
23585	2	11404
13342	0	13051
22556	0	15715
20082	0	20080
15080	1	15095
20958	0	20905
11529	2	11394
22518	2	13363
14925	0	14914
21582	0	21564
20911	2	20990
12486	0	12490
19677	2	11607
16358	1	16395
23696	0	23657
18831	0	18746
11515	3	15700
11473	2	11187
23413	2	12387
13051	2	11365
20367	2	14739
17364	0	17365
21565	0	21564
12957	0	12881
13078	1	13086
21688	3	11340
13293	0	13281
19692	1	19709
12803	1	12807
18098	1	18097
18471	0	18390
11412	3	11189
11342	2	11351
18442	0	15053
18959	1	19239
13055	2	12824
22508	4	22392
11360	3	19662
21686	0	21688
16645	0	16507
14244	0	13801
19679	2	11244
20964	0	20916
18454	0	18390
13051	3	13414
19693	0	19689
15024	1	15022
18425	0	15053
13342	1	13356
21201	0	21163
22390	0	22392
13395	3	15698
16652	4	16507
24254	0	24226
22897	4	22630
17881	0	17841
16251	0	16145
16733	1	16732
23010	1	23103
20801	0	20775
16330	2	11351
16733	0	16507
18408	0	15053
13796	2	11549
21184	0	21163
15270	0	15266
13107	1	13120
11269	0	11256
24237	0	24226
22880	4	22630
21954	0	21936
14882	0	14452
23845	1	23844
15896	3	15699
23698	0	23653
20784	0	20775
20730	3	13047
17492	2	11367
20083	2	11551
21556	2	11325
20935	0	20911
24220	0	24226
16618	4	16507
20861	0	20903
20259	0	20218
12525	0	12504
21937	0	21936
14217	4	13801
23065	1	23158
18720	4	18676
11809	1	11855
17714	0	17712
23545	0	23415
20279	0	19983
23548	0	23524
21338	1	21417
13420	1	13443
20966	0	20903
22574	1	22607
11515	3	16318
14298	0	13801
23202	1	23251
20242	0	20218
13527	2	11508
11331	3	13025
12508	0	12504
11435	1	11434
14288	1	14308
13379	2	11511
23528	0	23415
23319	0	22630
11906	2	11922
11365	3	17323
23531	0	23524
11413	0	11412
21626	0	21600
23414	2	11517
16706	4	16507
22025	0	21936
22728	0	22630
16038	1	16081
13281	2	13617
19983	2	12619
21639	0	21564
20884	2	11511
11809	0	11764
20846	2	11365
13168	1	13207
11179	3	13019
23608	0	23604
20952	1	21021
23985	2	11180
22153	0	22147
21622	0	21564
11792	0	11764
16942	4	16507
13163	0	12733
24262	0	24224
11474	2	11390
24069	3	24067
11546	3	11542
21605	0	21564
21313	0	21309
18499	0	15053
19547	2	19670
21373	0	21312
11520	3	13040
15361	0	15266
11629	0	11623
18472	0	18389
16504	2	11551
13052	2	13063
20960	0	20909
13146	0	12733
24245	0	24224
20216	2	11517
11536	0	11526
20601	0	20605
14949	0	14924
17030	4	16507
20917	2	11365
11994	0	11983
11588	3	19916
18482	0	15053
16807	0	16507
16908	4	16507
16507	2	17325
23052	0	22630
19492	4	18631
20844	2	11182
15344	0	15266
20779	1	20788
18455	0	18389
19759	0	19689
21303	2	13363
18219	4	18086
14932	0	14924
11412	2	11665
15906	0	15898
18465	0	15053
20390	1	20499
22147	2	11873
22556	0	22562
16463	0	16451
15327	0	15266
18467	1	18574
22488	4	11256
11479	0	11473
14291	1	14311
18438	0	18389
19742	0	19689
22562	2	11394
18393	3	18612
21163	3	21262
11252	3	11340
22518	2	11350
16895	0	16507
16996	4	16507
12000	0	11985
16773	0	16507
19357	0	18631
23428	0	23418
20846	2	17460
22560	2	12605
12570	2	11508
18940	1	19222
12484	2	12485
13903	0	13801
20846	2	20843
12065	0	11983
18411	0	17361
11710	4	11412
19989	0	19983
14475	2	11517
22696	1	22800
19689	2	11588
23384	0	23371
19754	1	19814
22454	4	11256
16983	0	16507
15719	3	13093
13886	0	13801
21315	0	21305
12048	0	11983
17510	0	17506
24378	0	23652
14659	4	14452
11404	3	20726
23179	3	13413
22558	2	11358
18394	0	17361
15719	2	11178
20676	3	24408
11254	2	11330
14351	1	14391
12493	3	12501
11185	3	22122
15715	2	11358
20079	2	11678
21532	0	21470
16966	0	16507
11697	0	11412
14642	4	14452
20037	0	19981
24361	0	23652
12997	3	13016
12780	4	12504
13281	2	11336
20959	0	20921
23687	0	23656
12019	0	11981
20355	2	11183
20731	3	20727
19874	0	19867
13293	1	13317
11391	3	12739
13934	1	13973
11539	0	11529
15307	1	15462
21210	1	21260
11205	0	11161
16447	2	11356
20039	1	20038
22557	2	13330
15073	0	15072
20942	0	20921
23670	0	23656
20609	0	20603
18174	1	18173
15634	0	15266
21386	0	21305
19940	0	19869
12002	0	11981
12078	1	12273
20119	0	20083
23377	1	23397
14868	1	14867
13054	2	11459
11597	2	11614
20947	0	20916
20973	0	20913
22303	3	15701
18344	2	11405
12777	1	12776
21369	0	21305
15616	1	15615
18642	0	18631
20102	0	20083
21556	2	21555
20890	0	20884
20374	0	20367
18630	2	11173
13669	1	13752
20010	4	19981
16471	0	16449
20930	0	20916
17185	0	16507
22910	1	22909
12090	0	11981
11239	3	11542
14932	1	14962
22304	0	22230
16809	1	16808
15970	2	11551
21135	1	21146
22970	0	22630
15083	1	15098
18444	0	15070
20961	0	20908
20355	2	11667
21688	3	12389
19309	2	11173
24119	2	11616
17192	4	16507
23345	2	11585
24226	2	11523
16323	2	11398
16459	0	16444
22953	0	22630
20635	2	11331
15952	2	11873
17325	2	15052
14362	0	14327
20944	0	20908
20479	1	20568
21789	0	21720
23882	4	23816
13619	2	15896
23853	0	23743
14486	3	14508
19877	0	19867
18345	3	18382
20059	1	20062
18635	0	11256
17447	1	17459
16584	4	16507
16357	1	16383
14475	2	11330
16449	2	11352
21772	0	21720
11412	2	11612
17057	0	16507
17158	4	16507
20956	0	20841
21328	0	21309
18419	0	15070
21181	0	21164
14524	0	14514
18962	1	19242
18468	0	17361
20914	2	11903
13229	1	13260
17366	2	11681
24234	0	24227
19887	0	19689
13055	2	13068
12740	2	11683
23695	0	23654
13345	1	13359
22358	0	22230
22560	2	11613
11245	3	13048
22228	2	11356
20746	0	20739
18451	0	17361
20857	0	20843
20972	0	20914
20911	2	11919
16411	2	11182
21688	2	12621
15717	2	11613
23601	3	23599
22393	0	11256
17711	0	17713
23013	1	23106
20361	2	11247
17023	0	16507
12128	0	11985
11515	3	13045
20963	0	20904
17841	2	11683
23826	4	23743
24119	2	17361
18434	0	17361
13110	1	13123
20955	0	20914
14930	0	14913
19349	1	19348
16065	1	16094
11344	2	11400
17841	2	12622
23645	4	23622
15338	1	15492
24095	2	11390
11404	3	20673
20117	0	19983
16142	2	11515
15930	0	15857
11596	2	11602
11250	1	11283
16453	0	16450
14623	1	14622
23809	4	23743
13379	2	12560
11525	3	11557
11190	3	13046
20938	0	20914
12120	0	11985
18838	0	18631
23548	0	13619
17473	2	12482
21356	0	21312
15653	4	15266
11812	1	11858
23448	0	23413
21382	0	21309
20742	2	11327
23548	0	23418
18437	0	18388
20934	0	20902
15166	4	15053
11260	0	11254
20100	0	19983
12185	0	11983
11983	2	11173
12740	3	12742
15719	2	15797
12103	0	11985
18821	0	18631
20109	0	19983
23531	0	13619
24393	0	23652
15071	2	11240
20269	0	15053
23431	0	23413
22483	1	22482
23531	0	23418
18420	0	18388
20884	2	12560
20431	0	20367
17361	2	11365
20743	0	20710
20954	1	21017
13432	0	13416
12504	3	13034
13433	1	13466
15952	2	11336
12147	0	11981
18804	0	18631
19557	4	19547
20092	0	19983
16129	0	16119
24226	2	11336
23454	0	23415
12881	2	11245
18403	0	18388
24259	0	24225
12955	0	12881
16267	0	16243
18909	0	18631
12995	3	13005
19731	1	19791
14923	2	11553
15070	2	11519
15136	0	15053
22254	2	11607
24242	0	24225
11817	0	11762
17411	1	17410
16250	0	16243
17330	0	16507
15952	2	16008
15017	1	15016
11187	3	13017
16065	0	15952
24221	2	13363
23429	1	23482
18892	0	18631
13402	1	13410
16415	0	16414
15201	0	15051
21548	2	11518
23344	0	23348
16145	2	11336
11800	0	11762
19691	0	19689
24378	1	24442
12913	0	12891
14951	0	14917
16209	3	20722
17879	0	17841
14916	2	14983
11783	0	11762
20247	0	20217
14471	2	11313
21381	0	21310
19611	4	19547
23203	0	22630
11245	3	23599
17712	2	11187
23829	1	23828
21631	0	21599
19983	3	20365
14471	2	11663
19689	2	13792
21107	1	21119
11766	0	11762
12504	2	12892
21364	0	21310
24474	3	13366
23196	1	23276
23902	0	23887
11575	0	11573
11242	3	19662
15174	4	15051
20217	2	12728
11369	2	11179
20925	0	20921
18470	1	18577
11509	3	23519
14294	1	14314
17355	2	17356
17473	2	11356
17689	2	11864
24018	0	23986
21347	0	21310
21599	2	11173
20083	2	11608
22158	0	22146
21826	1	21916
18353	0	18347
24001	0	23986
22560	2	11910
20712	2	11334
21061	2	11190
18494	0	18388
12185	1	12371
15424	1	15577
11240	3	21055
11531	2	11551
19680	2	13330
17177	0	16507
11530	2	11520
19641	4	19585
11198	1	11217
23418	2	11394
23984	0	23986
21318	0	21308
19324	3	24125
23973	0	23887
17786	2	12618
21960	1	22052
15675	1	15691
18477	0	18388
21270	2	11365
14354	1	14394
18354	1	18373
15743	4	15719
13168	0	12504
20951	0	20846
21181	0	16118
23352	0	23346
23418	2	12683
12115	1	12306
15248	1	15256
17855	0	17786
18460	0	18388
17265	0	17261
18966	0	18631
17965	4	17786
18344	2	11515
22288	2	11554
20887	0	20885
11582	3	16205
11238	3	21097
20058	2	20067
16148	0	16144
12435	0	11983
24164	0	24210
20967	0	20919
17509	0	17473
15730	0	15719
24345	2	19681
18443	0	18388
20612	0	20606
21389	0	21308
21510	1	21513
20633	3	20673
23380	1	23400
20958	0	20909
24012	1	24049
20880	2	11553
12418	0	11983
20950	0	20919
23678	0	23654
14925	0	14918
15686	0	15672
12486	0	12494
20087	0	20079
18812	1	19092
11519	3	13036
21685	3	13093
16474	1	16498
20914	2	20173
20933	0	20919
23661	0	23654
20710	2	20734
11685	2	11323
16015	2	11903
18677	1	18676
21516	1	21515
22589	0	11251
11398	3	13046
18631	2	11242
21718	2	11248
20905	2	17483
21554	2	12622
12504	2	13055
22689	1	22794
18415	0	18393
14281	1	14300
14254	1	14253
21799	1	21907
12892	2	12939
17492	2	11237
18889	1	19169
20911	2	11679
22680	1	22784
19655	0	19547
14544	0	14517
24227	3	24481
21201	0	21167
23657	2	11613
19880	0	19870
13801	3	13894
11390	3	23599
19869	2	11355
20854	0	20844
18398	0	18393
22572	0	22564
12504	2	11900
14050	1	14049
11762	2	11585
20842	2	11517
20959	0	20844
14527	0	14517
21184	0	21167
19983	2	20060
11983	3	11559
17441	1	17452
18181	4	18131
18787	0	18631
23698	0	23657
15275	0	15265
15115	2	12563
19983	2	11550
20942	0	20844
18833	0	18746
12504	3	13010
14126	1	14125
11402	3	21055
11173	3	17529
20749	0	20742
11466	4	11418
20935	0	20915
12879	2	11173
20861	0	20907
18770	0	18631
20675	3	18382
23285	1	23284
16739	1	16738
14874	1	14873
13295	0	13281
20966	0	20907
20091	1	20132
12879	2	11523
11365	3	13005
13281	2	11393
23686	0	23652
15721	0	15717
20919	2	20992
11675	2	11520
11331	3	13029
22232	0	22226
13379	2	11515
13400	0	13281
12437	1	12463
15071	2	11350
18417	0	18389
19327	0	18631
22301	3	15701
12761	1	12760
23669	0	23652
20902	2	20992
20633	2	11401
23451	0	23416
13383	0	13281
20080	2	13799
18400	0	18389
17684	3	11340
20230	0	20217
12088	0	11981
20884	2	11515
20732	3	13038
13568	0	13551
21522	3	14506
23434	0	23416
21110	0	21063
11209	0	11161
12738	2	12683
18834	1	19112
23801	4	23802
18197	4	18335
12385	3	22122
12822	2	11978
11579	1	11594
21164	2	11179
20729	3	18382
17992	0	17786
18093	4	17786
11336	3	17322
11330	3	16515
23353	2	23346
21209	0	21165
21169	0	21163
15687	1	15696
23417	0	23416
11192	0	11161
18406	0	18391
14477	0	14476
11797	0	11763
12527	0	12504
17368	2	11517
12910	0	12892
20602	2	11668
11325	3	21545
15715	2	11683
24074	3	24066
19547	2	19674
24338	0	24325
20968	0	20903
21192	0	21165
18472	0	18393
12632	0	12504
12159	0	11981
17713	2	11553
20960	0	20913
11780	0	11763
12510	0	12504
21125	3	15701
18502	1	18606
21171	1	21220
22690	1	22793
18080	0	17786
20842	2	11330
24250	0	24223
14455	1	14460
13054	2	12939
21064	0	21061
18455	0	18393
18329	4	17786
12840	0	12827
23756	1	23755
17361	3	14597
21361	0	21311
17473	2	17532
20198	0	20079
11265	0	11253
17357	2	11923
24233	0	24223
15857	2	15895
13919	0	13801
18438	0	18393
11613	3	13039
21988	1	22079
11515	3	20673
13214	2	11352
18393	2	18391
15332	0	15265
21346	0	21167
16507	2	16524
12703	0	12504
12880	2	11367
20681	2	20676
13673	0	13281
12484	2	12489
21375	0	21303
20217	2	11683
15397	0	15263
19679	3	11366
15315	0	15265
22529	1	22541
21329	0	21167
23459	0	23414
17436	2	11327
18409	0	18391
12378	3	21118
17689	2	11758
13656	0	13281
20942	1	21016
15420	0	15265
21315	0	21309
13050	2	11365
11181	3	19910
17366	2	11872
21269	3	21118
21280	0	21272
17475	0	17473
15298	0	15265
23442	0	23414
16554	4	16507
13550	2	11357
18392	0	18391
18282	0	17786
23224	0	23178
13242	0	13211
13054	2	11329
22467	1	22466
21688	2	11873
15028	4	14986
17813	0	17786
15403	0	15265
17502	3	15697
22326	0	22301
11256	2	11187
19547	2	13876
17472	2	13064
18497	0	18391
17373	0	17366
12188	1	12374
15051	2	11589
11805	0	11761
11161	2	11234
13225	0	13211
23207	0	23178
11201	1	11220
22133	2	11190
16546	4	16507
15386	0	15265
20692	0	20636
17491	3	24065
13635	0	13619
21269	3	13897
22149	0	22144
18480	0	18391
21817	1	21914
13922	0	13801
12570	2	12935
14023	4	13801
11788	0	11761
21386	0	21309
11717	1	11716
19481	0	18631
18395	0	15072
12118	1	12309
15078	0	15071
20947	0	20920
24371	1	24436
18463	0	18391
20973	0	20917
13905	0	13801
18965	1	19245
24397	0	23652
18255	4	17786
21369	0	21309
19464	0	18631
19678	2	19682
18995	0	18631
23386	0	23371
14010	0	13801
20930	0	20920
14111	4	13801
13065	3	22121
14161	1	14162
11238	3	11542
12951	1	12969
12090	0	11985
11161	3	11189
12622	3	21562
24380	0	23652
20810	0	20776
24368	0	24227
15970	2	11555
23383	1	23403
19960	3	11904
20961	0	20912
14936	0	14911
18978	0	18631
21936	2	11402
20195	2	11514
23681	0	23657
24006	0	23985
19373	1	19372
18816	0	18746
15323	0	15263
14098	0	13801
14199	4	13801
20944	0	20912
12777	0	12504
20775	2	11187
24371	0	24345
14202	1	14201
23664	0	23657
12740	2	11903
23989	0	23985
14679	0	14669
14486	3	14512
20710	2	11179
18799	0	18746
13157	0	13133
16014	3	11557
16815	1	16814
11207	0	11161
14081	0	13801
24354	0	24345
11369	2	13330
11888	3	11366
14631	0	14452
12690	1	12712
11872	3	16318
17531	3	15697
11588	3	23600
18467	0	17361
18782	0	18746
20045	0	19983
16646	1	16647
23344	1	23360
13140	0	13133
20083	2	20175
22595	0	15715
23189	0	23179
19704	0	19686
12900	0	12891
17988	4	17786
22583	0	22557
19741	1	19801
23466	1	23515
16332	0	16330
14338	1	14378
15281	0	15263
21553	2	11680
20963	0	20908
14347	0	14321
11179	3	12999
21063	2	11914
16461	0	16444
16603	4	16507
20455	1	20552
16142	2	11519
14330	0	14321
14850	0	14452
11623	2	11243
23666	0	23653
20951	0	20903
16708	4	16507
20361	2	19306
15952	2	11556
20742	2	11331
12562	2	12563
17187	1	17186
16586	4	16507
18347	2	11331
20227	0	20218
17855	0	17843
18452	0	15072
20610	0	20606
21387	0	21308
12003	0	11984
21381	1	21456
22429	0	22392
15326	0	15266
20098	0	20080
23887	2	11555
24208	0	24119
20815	1	20836
16467	0	16446
19938	0	19934
18796	1	19076
20916	2	11678
13053	2	11555
19687	2	11356
16796	4	16507
19870	2	11184
19679	2	19681
16458	1	16482
16573	0	16507
20686	0	20682
16674	4	16507
20913	2	11919
14172	0	13801
14273	4	13801
21522	3	13461
12091	0	11984
17147	0	16507
17713	2	17729
14823	4	14452
13053	3	13069
13155	0	12504
12995	3	13009
19409	1	19408
22164	0	22144
20904	2	11673
15952	2	16012
15857	3	11558
15173	1	15172
11187	3	13021
12074	0	11984
16117	0	16118
15051	2	14464
13138	0	12504
16661	0	16507
11279	0	11254
16762	4	16507
23469	1	23518
16144	2	11515
22402	4	22392
14515	2	11179
14341	0	14324
20281	0	20218
21968	1	22131
20774	2	12622
21137	0	21129
14138	0	13801
21309	2	12621
14297	0	14280
21324	0	21306
21066	1	21084
21548	2	11872
15071	2	15111
12913	0	12895
18961	0	18746
23416	2	11402
19485	1	19484
16209	3	20726
16644	0	16507
11262	0	11254
24230	0	24224
18923	1	19202
19869	2	19922
11889	1	11894
15673	0	15672
16243	2	11237
13051	2	13065
23691	0	23651
22564	2	11600
21307	0	21306
11381	3	22121
16627	0	16507
11685	2	11514
20252	0	20216
16323	2	16021
14226	0	13801
12997	3	12996
15115	2	11331
12145	0	11984
14776	0	14452
15312	0	15266
23456	0	23415
11364	3	22121
19985	1	19984
24236	0	24226
16331	2	11237
15749	1	15748
11369	2	11183
14699	1	14731
20235	0	20216
19686	2	11357
20618	0	20604
18936	0	18746
22656	0	22630
22128	3	13038
15417	0	15266
17520	0	17466
16470	0	16449
11446	0	11412
19983	2	11607
20633	2	11324
23439	0	23415
15114	0	15115
20905	2	11608
11681	3	13040
11887	2	11182
19933	1	19947
17472	2	12824
21167	2	21270
16863	0	16507
18919	0	18746
12388	3	20673
20603	2	11518
21378	0	21306
22503	0	22392
15400	0	15266
17786	2	11333
23544	0	23415
16118	2	11403
20641	0	20636
11429	0	11412
21139	0	21125
11802	0	11762
14644	4	14452
24363	0	23652
23204	0	23179
17786	2	11683
17223	1	17222
15226	0	15053
21318	0	21312
15383	0	15266
20609	0	20367
23527	0	23415
14660	1	14658
23192	1	23241
24227	2	20074
16951	0	16507
11785	0	11762
24346	0	23652
12740	2	11179
23187	0	23179
21310	2	11401
15072	3	18614
22595	0	22562
15366	0	15266
12951	0	12878
22630	3	11522
11257	2	11334
19781	0	19689
21613	1	21655
13469	0	13281
11808	0	11764
14278	1	14277
18990	0	18746
23357	0	23345
13228	0	13214
24268	0	18347
17117	1	17116
21332	0	21304
12039	1	12395
11622	0	11621
16836	4	16507
17741	0	17729
22409	0	11256
20395	1	20502
20214	0	15053
18495	1	18600
24020	0	23986
20892	0	20884
21621	0	21564
22683	1	22787
17363	2	11394
18450	0	17361
14492	0	14452
16312	1	16315
24251	0	18347
21389	0	21312
11476	2	11179
20958	0	20913
16869	1	16868
22288	3	15701
12121	1	12312
14925	0	14922
11545	3	11542
12486	0	12498
19700	1	19717
22226	2	14483
20087	0	20083
24003	0	23986
20846	2	13065
23986	2	16327
11519	3	13040
24152	0	24209
11628	0	11623
16701	0	16507
19852	0	19689
20363	2	11544
11993	0	11983
13301	1	13325
16763	1	16762
24134	0	17361
14939	0	14914
19558	1	19557
11872	3	13045
11394	3	21545
17486	2	11364
24144	0	24209
22522	1	22535
21103	0	21100
20081	2	13791
21720	2	21718
16789	0	16507
21774	0	21720
20001	4	19983
23045	1	23139
18366	0	18344
12572	1	12591
13102	0	13097
11251	3	11340
14476	2	14484
11408	3	15699
13565	0	13549
24081	0	24073
21757	0	21720
19984	4	19983
15728	1	15741
22154	0	22143
18343	2	15109
19547	2	13799
17358	2	13330
23026	0	22630
20846	2	20904
12043	1	12244
12621	3	15699
16877	0	16507
21049	0	13050
20049	4	19981
20635	3	13093
15083	0	15070
21740	0	21720
11526	2	11517
11194	1	11214
15896	3	22123
13557	0	13549
13052	2	11514
18688	4	18631
21215	0	21163
19983	2	11554
11692	4	11412
12504	3	13014
22586	0	22560
17348	2	11518
22911	4	22630
16605	1	16603
23588	0	23585
20935	0	20919
17467	2	11406
21531	0	21470
20112	0	20081
13395	3	20728
13058	3	18382
20715	2	11394
17361	3	13044
20966	0	20911
11365	3	13009
20858	0	20916
15655	4	15266
23686	0	23656
12062	1	12261
15650	0	15266
13558	1	13575
20095	0	20081
15908	0	15898
22232	0	22230
13051	2	11402
11237	3	18382
20971	0	20906
24256	0	24221
20019	0	19981
16464	0	16447
11538	0	11529
19943	0	19689
24394	0	24345
12846	1	12871
14333	0	14324
12014	1	12218
13216	1	13247
23347	2	11240
23669	0	23656
21275	1	21289
19939	0	19869
14702	0	14669
13924	1	13963
20954	0	20906
11258	1	11285
24239	0	24221
21200	1	21250
23777	4	23743
13434	0	13416
13054	2	11520
20079	2	11873
22449	0	11256
12088	0	11985
22558	2	11903
23657	2	17712
14324	3	14406
17079	0	16507
20370	1	20483
18343	2	11405
21384	1	21459
15616	0	15266
12878	2	11600
17386	2	11367
18490	0	17361
11985	3	11559
20937	0	20906
20741	2	20768
24222	0	24221
15715	2	11903
21782	0	21718
23546	1	23574
13417	0	13416
11676	3	13045
18799	1	19079
12767	1	12766
23870	1	23871
23585	2	23602
23346	2	11549
17486	2	11177
15072	3	11340
23764	0	23743
11532	0	11412
23353	2	23350
15265	3	15579
16461	1	16485
12878	2	12889
16414	2	11242
22269	0	22254
22170	0	15715
21765	0	21718
21134	0	21130
16270	1	16296
14677	0	14669
15825	1	15824
21060	2	11190
23177	0	23178
16799	1	16798
23413	2	11403
23422	0	23415
22286	0	22230
15073	1	15088
19852	1	19861
13471	2	11237
23848	4	23743
15717	2	11190
17503	3	15700
17500	2	11394
16573	1	16572
12159	0	11985
22167	1	22193
20960	0	20917
15053	2	11585
11620	1	11637
20972	0	20841
21197	0	21164
22392	2	20674
15205	4	15053
20850	0	20841
15875	0	15857
22201	3	13130
24250	0	24227
12515	0	12503
14891	4	14803
12898	0	12891
17061	4	16507
23306	4	22630
24157	0	17361
11345	0	11342
20955	0	20841
19547	2	11518
12121	0	11983
21069	1	21087
20956	0	20902
21180	0	21164
13790	3	16211
12168	1	12354
17437	1	17449
19945	0	13619
15858	0	15857
11265	0	11257
24233	0	24227
23351	2	11678
24095	2	11317
19983	2	11367
20615	0	20605
11613	3	13043
23210	1	23257
16943	0	16507
17044	4	16507
23659	0	15717
23188	0	22630
11397	3	20671
12951	0	12504
11270	0	11252
24227	2	11190
20780	0	20776
20938	0	20841
20448	1	20546
15115	2	12730
23066	0	22630
18401	0	15070
22227	2	11356
13135	1	13174
17497	2	11183
16472	0	16445
20857	0	20904
12113	0	11983
12484	2	12493
17871	1	17920
22230	2	16023
21522	2	11520
24210	2	11190
17193	1	17192
20962	0	20904
23459	0	23418
20680	2	13273
11538	1	11567
12096	0	11983
19983	2	20361
23674	1	23716
15142	4	15051
15929	0	15857
21167	2	11365
23442	0	23418
21167	2	21164
24227	2	11324
20096	0	20080
12079	0	11983
17325	2	11409
11681	3	16317
11468	4	11447
23447	0	23413
21272	2	11365
15775	1	15783
11724	4	11412
16021	3	20671
18715	0	18631
16504	2	11238
11509	3	24117
22397	1	22396
12504	2	11396
17573	0	17548
13339	0	13051
22468	4	11256
11161	2	11238
20267	1	20334
20712	2	11582
20915	2	11324
15230	4	15051
23430	0	23413
13055	2	11519
15148	4	15053
15883	0	15876
17556	0	17548
15976	0	15952
22473	1	22472
24166	0	24210
16017	0	16015
24165	1	24206
22918	1	22917
23821	0	23743
11685	3	11339
19684	0	19687
21616	1	21658
20969	0	20916
12878	2	11547
23924	0	23887
13619	2	12387
15959	0	15952
11256	2	11325
16604	1	16602
21336	1	21414
20752	0	20741
23916	0	23897
18468	0	18390
20398	1	20505
17438	2	11327
16349	0	13619
14418	0	14327
18498	1	18603
11990	0	11984
16064	0	15952
22686	1	22790
15422	0	15265
23907	0	23887
11985	2	12385
23899	0	23897
12504	2	12819
18451	0	18390
20948	0	20904
23689	0	23651
20961	0	20916
18631	2	11356
15007	1	15006
17442	0	17436
20716	2	20725
24238	1	24287
16047	0	15952
11329	3	20727
17815	0	17786
20083	2	11185
15405	0	15265
20725	3	13036
20646	0	20635
20918	0	20919
16423	0	16411
21974	1	22065
11519	3	16317
20079	2	11365
18434	0	18390
20944	0	20916
19022	0	18631
12484	2	11367
18389	3	18613
18405	0	15053
14167	1	14168
21340	0	21308
22318	0	22230
17348	3	11904
12570	2	11329
23550	0	23415
15388	0	15265
20949	0	20911
13304	1	13328
14902	4	14849
18346	0	18345
13901	1	13940
24227	3	21562
17206	4	16507
12061	0	11984
19686	2	19924
20781	0	20775
15263	2	11179
11331	3	13009
22287	2	11680
19685	2	11589
23605	3	15133
15080	0	15071
17362	3	11340
20123	1	20165
23333	0	22630
20276	0	19983
12044	0	11984
12900	0	12895
14555	0	14514
21212	0	21164
17693	0	17684
15715	2	11179
22583	0	22561
19983	2	11664
22559	2	11354
18240	1	18239
20970	0	20841
14538	0	14514
21195	0	21164
12033	1	12235
20885	2	11556
23649	4	23642
11179	3	13003
21102	1	21113
19692	0	19685
20710	2	11667
22162	1	22198
14488	3	14503
11344	2	11408
16412	2	11365
23828	4	23829
18875	1	19155
21197	0	16118
23299	0	22630
16451	3	15736
16141	0	16142
20845	0	20846
14521	0	14514
14739	3	24066
23182	1	23230
17548	2	11237
12995	2	11365
17992	1	17991
11905	0	11906
16426	0	16411
22518	2	16327
15742	4	15719
21129	2	21157
23666	0	23657
17325	2	11356
20633	2	11515
20710	3	20728
15214	4	15053
21180	0	16118
20951	0	20907
16875	1	16874
16504	2	11185
13342	0	13332
20943	0	20917
18459	0	18388
17855	0	17847
18731	0	18672
21387	0	21312
17596	0	17548
19621	3	19662
18343	2	11515
11350	3	17327
17935	1	17938
17436	3	17464
16467	0	16450
13142	0	13133
20926	0	20917
18952	1	19232
15398	1	15550
13219	1	13250
23612	2	11516
13334	0	13332
17261	3	11189
20195	2	11331
11256	3	11339
16121	0	15952
23462	0	23413
23642	4	23622
20957	0	20909
11261	1	11288
21203	1	21253
22292	1	22298
11474	2	11508
18095	4	17786
20691	0	20681
20735	3	13045
16455	0	16445
23445	0	23413
11872	3	20673
20940	0	20909
21309	2	11336
24227	3	24408
21554	2	11394
18940	0	18631
15249	0	15051
11187	3	13025
18802	1	19082
16507	2	16504
18078	4	17786
14421	1	14440
16504	2	12608
20847	0	20842
20776	2	11600
13651	0	13619
16273	1	16299
22564	2	22558
18923	0	18631
13439	0	13281
21520	0	21521
17960	0	17786
21324	0	21310
24238	0	18347
14520	0	14515
21177	0	21165
13055	2	12889
19855	1	19864
19869	2	19926
12062	0	11983
13272	3	13268
22170	1	22196
15268	0	15263
12738	2	11187
13422	0	13281
17359	2	11923
15215	0	15051
18394	1	18509
20935	0	20842
21307	0	21310
17715	1	17720
20973	1	20988
11389	3	23599
20853	0	20844
11685	2	11518
22289	2	11325
12997	3	13000
18048	0	17786
15242	3	22135
18149	4	17786
11690	4	11412
11250	0	11253
11780	1	11832
16015	2	11509
23541	0	23526
18462	0	18391
21183	0	21167
20959	0	20905
11530	2	11394
20843	2	11403
12583	0	12504
17097	1	17096
20912	2	20990
11678	3	18382
21529	0	21470
24224	2	11520
11173	3	13268
20618	0	20608
17473	2	11364
15898	2	12823
21123	3	21118
18475	1	18580
20942	0	20905
21166	0	21167
23414	2	12387
17842	2	11511
17423	0	17425
19926	3	19910
17504	2	11356
18136	0	17786
13097	2	11245
23444	0	23414
21378	0	21310
18014	0	17786
19348	4	18631
20223	0	20215
16181	0	16142
12995	3	13042
12181	0	11984
11999	0	11981
23427	0	23414
17365	2	11356
13051	2	11459
11190	3	14506
18021	4	17786
18416	0	18389
17366	2	11181
12104	0	11981
21368	1	21443
13477	0	13470
12164	0	11984
23612	3	11904
11412	2	11462
11982	0	11981
17691	1	17700
11479	1	11495
21274	0	21269
18399	0	18389
14451	2	12564
11403	3	23519
11368	0	11369
12087	0	11981
16187	0	16144
15371	0	15265
21385	0	21167
23357	0	23349
20714	1	20721
19685	2	19725
18868	1	19149
21709	2	21716
21185	0	21163
23433	0	23416
23461	0	23524
15159	1	15158
11508	3	20722
24238	0	24226
11813	0	11763
22881	4	22630
12070	0	11981
21368	0	21167
11275	0	11251
13622	1	13703
15116	0	15115
18448	0	18391
14942	0	14923
23418	3	23600
20679	2	13395
11796	0	11763
24345	2	11179
20916	2	11979
11394	3	18382
12526	0	12504
21320	0	21303
12053	0	11981
21062	1	21081
12909	0	12892
11258	0	11251
20052	0	20050
23549	0	23524
17875	0	17842
23349	2	11873
22562	2	11325
16420	0	16412
12806	2	11511
15717	2	11247
14912	2	14984
14646	4	14452
11779	0	11763
20118	0	20079
13830	0	13801
13601	0	13281
23587	0	13619
12152	1	12338
21377	0	21311
20441	1	20540
14262	1	14261
20635	2	12388
12896	1	12916
17858	0	17842
20081	2	15889
20842	2	11391
11367	3	13412
21627	0	21600
21582	0	13416
16451	2	16450
23692	0	23654
19685	2	13793
23991	0	23985
11247	3	13268
20101	0	20079
11336	3	19961
21360	0	21311
13814	1	13851
15308	0	15263
12504	2	13063
12953	0	12878
19689	3	11340
18366	0	18348
18068	1	18067
23675	0	23654
21685	2	12825
23746	1	23745
23605	2	11608
15413	0	15263
18311	4	17786
24270	0	18347
13156	1	13195
11190	3	13030
19422	4	18631
14927	0	14913
18502	0	18391
18198	4	18331
22154	0	22147
13904	1	13943
14451	3	11340
21374	0	21303
15396	0	15263
20846	2	20908
24253	0	18347
12850	0	12504
20361	2	11365
18144	1	18143
11675	2	11394
19983	2	20068
15719	2	15781
14910	0	14913
18298	0	17786
13559	0	13281
14599	0	14452
21805	1	21917
18176	0	17786
15379	0	15263
19510	4	18631
21215	0	21167
12833	0	12504
12791	1	12790
11630	0	11623
12504	3	13018
22586	0	22564
18473	0	18389
15952	2	11320
14704	0	14452
13549	2	11357
18818	0	18631
13241	0	13211
13833	0	13801
22591	0	22559
14946	1	14976
20973	0	20844
20020	4	19983
21323	0	21306
18456	0	18389
23056	1	23149
19618	1	19617
20858	0	20920
14039	4	13801
14687	0	14452
21685	3	13130
18264	0	17786
13224	0	13211
24096	0	24095
22583	0	20711
15010	4	14986
20971	0	20910
24256	0	24225
20675	3	22123
11187	3	13001
19375	0	18631
19476	4	18631
22203	2	11618
14350	0	14325
12178	1	12364
18906	0	18631
18439	0	18389
15719	3	15736
18631	2	11868
13104	0	13097
13921	0	13801
20803	0	20774
18869	1	19148
13667	1	13749
21936	2	11329
14478	2	14484
17742	1	17778
12904	0	12504
20954	0	20910
24239	0	24225
19986	4	19983
21470	2	21473
20946	0	20920
14127	4	13801
13343	0	13051
18889	0	18631
15198	0	15051
13904	0	13801
14005	4	13801
11707	1	11706
20732	3	13046
12733	2	11551
16452	0	16446
20937	0	20910
17565	1	17621
24222	0	24225
13097	2	11676
22948	1	22935
17385	2	13060
20929	0	20920
13159	1	13198
13110	0	13099
18646	0	18630
13887	0	13801
20715	3	13046
20846	2	15110
11758	3	20722
18395	0	17361
24133	0	24119
12494	3	12501
12504	2	12876
13551	2	11353
18366	1	18386
13992	0	13801
21061	2	11979
22630	2	23275
16354	0	16330
18629	0	18630
19983	2	11237
21285	0	21270
16764	1	16765
12568	1	12588
15652	0	15266
15717	2	11544
18491	0	15072
12504	3	11542
12764	4	12504
20717	0	20716
11206	0	11161
13629	1	13713
16404	1	16409
11811	0	11763
14452	3	14597
12898	0	12895
22492	4	22392
11526	3	11559
17517	1	17538
16629	0	16507
19941	0	19869
11365	3	13042
20956	0	20906
20917	2	15110
11344	2	11331
14778	0	14452
14879	4	14452
21801	1	21910
24073	2	16022
11613	3	13047
15271	0	15266
11270	0	11256
22360	1	22376
18397	1	18512
17998	1	17997
11341	1	11347
20375	0	20367
24264	0	24223
13470	2	11900
11527	2	11520
20857	0	20908
21167	2	11585
14761	0	14452
16717	0	16507
13384	0	13379
22458	4	22392
21640	1	21682
24095	3	11522
24136	0	24119
17848	0	17841
24247	0	24223
24209	2	11516
14866	0	14452
14194	0	13801
20962	0	20908
20218	2	11516
21380	0	21306
11947	0	11929
20844	2	11678
17857	0	17841
20696	0	20680
12098	1	12290
23424	0	23415
16460	0	16444
16447	2	11234
24351	1	24417
16602	4	16507
18478	1	18583
18428	0	15070
11888	3	11911
15053	2	13362
20841	2	11919
23867	4	23868
13687	0	13281
23665	0	23653
15411	0	15263
11930	0	11929
16683	0	16507
17840	0	17841
23854	0	23743
17500	2	17493
18396	0	18390
22303	3	15579
16443	0	16444
12733	2	11364
22729	0	22630
20226	0	20218
16144	3	16205
13281	2	13792
24227	2	11678
16184	0	16145
14832	0	14452
11685	3	11559
11983	2	11238
20246	0	19983
11367	3	13038
24392	1	24456
23837	0	23743
17177	1	17176
12514	1	12535
13055	2	11523
15392	1	15581
22564	2	15715
17684	2	12979
11535	1	11563
22712	0	22630
16167	0	16145
20776	2	11523
21371	1	21446
20915	2	11678
23866	1	23868
12953	0	12504
22411	0	22392
23533	1	23561
13666	0	13619
17806	0	17841
20911	2	20173
20747	0	20739
11370	2	11390
20274	0	20216
19639	4	19577
16272	0	16145
20912	2	11919
13400	1	13407
11390	3	22294
11793	0	11764
13213	0	13214
11819	0	11761
21317	0	21304
12906	0	12893
20969	0	20920
22704	0	22630
18467	0	18390
13649	0	13619
12804	2	11364
11547	3	11542
14159	4	13801
20257	0	20216
22163	0	22144
21606	0	21564
14255	4	13801
11776	0	11764
11256	2	11679
17485	3	17529
13660	1	13743
22266	0	22288
23690	1	23732
20710	2	11403
13394	3	16211
20961	0	20920
11573	2	11664
13878	3	23599
23449	0	23413
14554	1	14605
11261	0	11254
20611	0	20602
14125	4	13801
20944	0	20920
17492	2	13799
21388	0	21304
18466	0	15053
12155	1	12341
21340	0	21312
20444	1	20543
19547	2	16007
15328	0	15266
22630	2	11679
20270	0	15053
13131	1	13171
23432	0	23413
20949	0	20915
18421	0	18388
12899	1	12919
18346	0	18349
14689	1	14745
20884	2	11365
11889	0	11888
21371	0	21304
19686	2	19928
18644	0	18630
18449	0	15053
11318	3	11308
13396	3	13040
15311	0	15266
20475	1	20565
20932	0	20915
11331	3	13013
14112	0	13801
15072	2	11365
12956	0	12881
11792	1	11843
14452	2	14669
16879	0	16507
18935	0	18746
15422	1	15574
14924	2	11553
14327	2	14324
16757	0	16507
22397	0	22392
15294	0	15266
22201	2	11866
15719	2	13797
22303	3	17836
17331	0	16507
12436	0	11985
20710	2	16209
19781	1	19841
11887	2	11243
20795	1	20817
22588	0	22560
15399	0	15266
19869	2	11607
11317	3	18608
13619	2	16392
19692	0	19689
13055	2	11336
18424	0	15053
11801	0	11762
23203	0	23179
14488	3	14507
15286	0	15266
16845	0	16507
19545	1	19544
22485	0	22392
15382	0	15266
22571	0	22560
22166	0	22147
13051	2	11516
12428	0	11985
18187	4	18281
19870	2	19918
16425	0	16411
13167	0	12733
17366	2	11238
12474	0	12471
11784	0	11762
15269	0	15266
18204	4	18257
24161	1	24203
20951	0	20911
14949	1	14979
18691	1	18690
15074	0	15072
20943	0	20921
17877	1	17903
19962	3	19963
19780	0	19689
22404	4	11256
12747	4	12504
11576	0	11573
18189	4	18113
14949	0	14912
20926	0	20921
15618	0	15266
19763	0	19689
11429	1	11428
14268	1	14267
21482	0	21470
18631	2	11173
23547	0	23524
21323	1	21401
13098	0	12504
19987	0	19981
11548	3	22121
11532	0	11526
20957	0	20913
20608	2	11334
14932	0	14912
11372	0	11369
14671	1	14746
24227	2	23652
22673	1	22777
24474	3	13460
21167	3	21262
20086	0	20083
18256	1	18255
13051	2	12939
23413	2	11517
19994	4	19981
16455	0	16449
14020	1	14019
22024	0	21936
20940	0	20913
24114	2	11365
11888	2	11336
18349	2	11551
13162	1	13201
23413	3	11338
16523	2	11556
14768	1	14767
22954	0	22630
22226	2	22249
16023	3	22123
15744	4	15719
20906	2	19670
21131	2	21157
22564	2	22562
18230	4	18307
11684	3	22122
13169	0	12504
20715	2	13065
22505	0	11256
11489	1	11505
20079	2	20176
18360	1	18379
18733	0	18672
13211	3	13276
12040	0	11981
18345	2	11515
20935	0	20846
22920	0	22630
22579	0	22558
11367	3	15697
11552	3	24067
16149	0	16144
20603	2	11392
21756	0	21720
14355	0	14324
12576	0	12570
22289	2	11329
13632	1	13716
12997	3	13004
17357	2	13330
19878	1	19900
12775	1	12774
20571	3	13038
16474	0	16445
11250	0	11257
16015	2	11513
16052	1	16099
21048	0	13050
23639	0	23622
22903	0	22630
20959	0	20909
17671	1	17677
17253	1	17252
21739	0	21720
20916	2	11365
20846	2	11516
15687	0	15672
19686	2	11365
23803	0	23743
18435	0	17361
16457	0	16445
14704	1	14734
20942	0	20909
12581	1	12601
19677	2	13799
19854	0	19689
24094	0	24095
23662	0	23654
19630	4	19546
23771	4	23772
20947	0	20904
23444	0	23418
12740	2	11403
18418	0	17361
11998	1	12206
12995	3	13046
24213	0	17361
12504	2	11510
21383	0	21309
11999	0	11985
21077	1	21095
23346	2	23369
24325	2	11509
12008	1	12402
24385	0	23652
12101	1	12293
20930	0	20904
23427	0	23418
20921	2	11336
23793	4	23743
18416	0	18393
24354	1	24420
22573	0	11251
11532	1	11564
20919	2	11608
17100	4	16507
12104	0	11985
23532	0	13619
15637	4	15266
20912	2	11679
21366	0	21309
23687	0	17712
11982	0	11985
23532	0	23418
18457	0	15070
20357	0	20355
15150	4	15053
18506	0	17361
15897	0	15857
16121	0	16119
11465	1	11464
12387	3	13046
12169	0	11983
20363	3	12394
22453	4	11256
21127	0	21128
18399	0	18393
20902	2	11608
12087	0	11985
18805	0	18631
24377	0	23652
11595	1	11598
16890	1	16888
20749	1	20762
11763	2	11585
15025	1	15023
21349	0	21309
23670	0	17712
17474	0	17469
18404	0	18388
20960	0	20844
18489	0	17361
21185	0	21167
24255	0	24227
17841	2	11187
12152	0	11983
23759	4	23743
14763	4	14452
20367	2	11588
22436	4	11256
19890	0	19867
22431	0	11256
16965	0	16507
12070	0	11985
18788	0	18631
21374	1	21449
24360	0	23652
14417	1	14437
18387	0	18388
15301	1	15456
16251	0	16243
24368	0	24345
14337	0	14325
13619	2	13790
18789	1	19069
21133	0	21130
21936	2	11520
14676	0	14669
12053	0	11985
18771	0	18631
20059	0	19983
16504	3	17322
24343	0	23652
15080	0	15051
21273	0	21167
11636	0	11621
23348	2	11873
12881	2	11554
22994	0	22630
17499	2	11394
14320	0	14325
16049	0	15952
20711	3	11189
18876	0	18631
21385	0	21305
18754	0	18631
23354	0	23345
20972	0	20902
20813	1	20833
20711	2	11903
23693	1	23735
24076	2	11516
16563	1	16562
22406	0	11256
12106	0	11981
12514	0	12503
21813	0	21720
16032	0	15952
18859	0	18631
21368	0	21305
11336	3	19965
17362	3	19964
20025	0	19983
21632	0	21599
20955	0	20902
23452	0	23416
23350	2	11678
12089	0	11981
11529	3	11557
21936	2	17481
21624	1	21666
20614	0	20605
11750	0	11412
11396	3	20671
16056	0	16015
23658	0	15717
12007	0	11983
15952	2	11190
12158	1	12344
13281	2	13365
23065	0	22630
11190	3	13034
21615	0	21599
23435	0	23416
20938	0	20902
14927	0	14917
16120	0	15952
18631	2	19309
20214	0	20217
12072	0	11981
16039	0	16015
20113	0	19983
21521	2	11520
20846	2	20912
22650	1	22754
11731	1	11730
18354	0	18347
19680	2	12566
20712	2	11509
16323	2	16326
23663	0	23653
14910	0	14917
20279	0	20215
17174	4	16507
18344	2	11556
12055	0	11981
17517	0	17504
12911	0	12892
17183	1	17182
19561	4	19547
17802	1	17819
19493	1	19492
17365	2	11523
22302	0	22303
13281	2	12560
19449	1	19448
12160	0	11981
22587	1	22618
22168	0	22143
23783	4	23868
11781	0	11763
23589	0	13619
17348	2	17353
19784	1	19844
23349	2	11556
13054	2	11394
20913	2	11903
21470	2	12483
23589	0	23418
20606	2	11582
17465	0	17467
20904	2	11307
11253	2	11335
16411	2	13882
14096	1	14095
21323	0	21310
16935	1	16934
22209	0	22203
20712	3	20728
16330	2	16389
17039	0	16507
17140	4	16507
19867	2	11184
20367	2	11401
11600	3	13408
18045	4	18046
22422	1	22423
13384	1	13391
20971	0	20914
14452	2	11664
20888	0	20885
11516	3	20673
21936	2	11333
15311	1	15465
19633	4	19551
24119	2	11551
18444	0	18388
23353	2	11331
19651	0	11360
20954	0	20914
11237	3	22123
12881	2	11367
17127	0	16507
17228	4	16507
17949	4	17786
11806	1	11852
11350	3	15697
19680	3	11366
23923	0	23887
24227	3	11340
23371	2	11311
13623	1	13706
24148	0	24210
22908	1	22907
15316	0	15265
16452	0	16450
12419	0	11983
21936	2	12622
20937	0	20914
11243	3	13875
22630	2	11602
20750	0	20710
17978	1	17977
16039	1	16104
20741	2	11327
15165	4	15053
15381	0	15263
16411	3	11558
24131	0	24210
23985	2	11546
17669	0	17548
17215	0	16507
23688	0	23651
15029	4	14986
17814	0	17786
18419	0	18388
22593	0	22559
20925	0	20909
20645	0	20635
22327	0	22301
23416	2	11520
23848	4	23751
14997	1	14996
18362	0	18345
13052	2	11551
13431	0	13416
23671	0	23651
11806	0	11761
15070	3	18608
11390	3	13036
18388	3	18613
17797	0	17786
22576	0	22559
11439	4	11412
12570	2	11390
22171	0	22146
13561	0	13550
11545	3	18613
18498	0	18388
22310	0	22301
15959	1	15968
21522	2	11394
17712	2	17725
15051	2	11333
11625	1	11640
17786	2	11317
18499	1	18623
20855	0	20844
21202	0	16118
22556	0	11251
11365	3	13046
13294	1	13318
22301	3	17836
15070	2	13064
24112	2	13395
21550	0	21548
15079	0	15071
20843	2	11517
13379	2	11556
18891	0	18631
16331	2	11355
15982	1	16000
13553	0	13550
21211	0	21164
14479	0	14475
21136	0	21125
11175	3	13268
18996	0	18631
16503	1	16512
11938	1	11963
18874	0	18631
23320	4	22630
20943	0	20844
12610	2	11173
21168	0	21167
24076	3	24065
18349	2	18345
11403	3	21055
20962	0	20912
20884	2	11556
23985	2	20674
18979	0	18631
23802	1	23801
21380	0	21310
17741	0	17713
14933	1	14963
12810	2	12819
15206	0	15053
20926	0	20844
18675	1	18674
15190	4	15051
20967	0	20907
24352	0	24227
21066	0	21060
20920	2	20992
19942	0	13619
12495	0	12492
24119	2	11364
22956	1	22937
15222	1	15223
21303	2	13274
15236	1	15239
23665	0	23657
18865	1	19145
11574	0	11573
19379	1	19378
13055	2	12682
18800	0	18746
19588	0	19547
15143	1	15142
20950	0	20907
13158	0	13133
20903	2	20992
20684	0	20679
21163	2	11903
14026	1	14025
11473	2	11179
11518	3	16211
14899	4	14833
12104	1	12296
20933	0	20907
15156	4	15051
18391	3	18616
22526	0	22518
18111	4	17786
20920	2	11327
24210	2	11682
19580	0	19547
17989	4	17786
11254	3	11308
16172	0	16144
18185	4	18155
20903	2	11327
22579	0	15715
15143	0	15051
17871	0	17786
12881	2	11664
12442	0	11983
20974	0	20919
19999	1	19998
17472	2	12621
15763	1	15762
17976	0	17786
16243	2	11518
13333	0	13281
17854	0	17786
20262	0	20215
12511	0	12504
15719	2	12378
12425	0	11983
12894	0	12892
11984	3	12389
17673	0	17665
11341	0	11343
18060	4	17786
16503	0	16504
22212	1	22223
23897	2	11391
23930	0	23897
22151	0	22143
13815	0	13801
20611	0	20606
20199	0	20079
18702	4	18631
18165	4	17786
21388	0	21308
17942	0	17786
22630	2	11683
20935	0	20903
17800	0	17842
20949	0	20919
19002	1	19281
16504	2	11864
20910	2	19670
12109	0	11984
17011	1	17010
17665	2	11870
18685	4	18631
21371	0	21308
22288	2	11355
19638	4	19603
20913	2	20173
11323	3	22123
20932	0	20919
18422	0	18393
12582	0	12504
11331	3	13017
21376	0	21303
20109	0	20081
12092	0	11984
21627	1	21669
13054	3	13069
11906	2	11914
18030	0	17786
11683	3	21118
12687	0	12504
15800	0	15719
17087	1	17086
18883	1	19163
23683	0	23656
21359	0	21303
21326	1	21404
20092	0	20081
12075	0	11984
19630	4	19603
13281	2	13609
15299	0	15265
21313	0	21167
22588	0	22564
15378	1	15531
22653	1	22757
18235	4	18119
21060	2	11979
16180	0	16142
14044	1	14043
13211	2	11902
21342	0	21303
21310	2	12621
15364	0	15263
13281	2	11515
16852	1	16850
23656	2	11613
14488	3	14511
20367	2	11511
20906	2	16023
15970	2	11246
15282	0	15265
23426	0	23414
22571	0	22564
17805	1	17822
13051	2	11520
14792	1	14791
19870	2	19922
18266	0	17786
13226	0	13211
16163	0	16142
15012	4	14986
20844	2	11979
12692	1	12711
13059	3	22294
20958	0	20844
19787	1	19847
21279	0	21167
21779	0	21718
21688	2	11243
11789	0	11761
24221	2	11367
21685	2	12618
18249	0	17786
23191	0	23178
23853	1	23855
17508	0	17502
20965	0	20917
21308	2	11903
20748	0	20742
16155	0	16142
11365	3	22121
14007	4	13801
17841	2	11244
11772	0	11761
24227	3	12389
22230	2	22289
21271	0	21167
15418	0	15266
17521	0	17466
21564	2	16011
19343	0	18631
13379	2	11182
11981	2	12386
22150	1	22177
24084	0	20195
18447	0	18391
11532	0	11530
23685	0	23652
20957	0	20917
15720	0	15717
12504	2	12990
20915	2	11979
20916	2	14484
13124	2	13126
11537	0	11525
15401	0	15266
20642	0	20636
11613	3	13027
16419	0	16412
22226	2	11515
18430	0	18391
20940	0	20917
23668	0	23652
14544	0	14452
20775	2	11362
24007	1	24042
21336	0	21309
19431	0	18631
11208	1	11228
20945	0	20912
11336	3	15700
23357	1	23365
18495	0	18389
23795	4	23796
13977	0	13801
18415	1	18529
12183	0	11981
17786	2	17843
21129	2	16522
20734	3	20727
14487	3	14512
19536	0	18631
14527	0	14452
14628	4	14452
20777	0	20776
11572	2	11584
17361	2	20725
11401	3	15698
14452	2	14486
11179	3	13040
14563	0	14517
12811	0	12810
20928	0	20912
11762	2	11870
21936	2	20571
11237	3	21562
12504	2	13124
12952	0	12878
15076	0	15072
18707	1	18706
17324	0	17325
11788	1	11840
14061	4	13801
21163	2	11179
23869	1	23867
12040	0	11985
19519	0	18631
14611	4	14452
24269	0	18347
14551	0	14515
21208	0	21165
20203	0	20196
15290	0	15263
19455	1	19454
11191	0	11161
18405	0	18391
22579	0	22562
15219	1	15218
15715	2	11350
18058	1	18057
21954	1	22046
21311	2	11556
20925	1	21004
11628	1	11643
11919	3	13047
11672	3	22121
15409	1	15561
22584	0	22557
15053	2	11248
21276	0	21272
20966	0	20842
14493	0	14452
14534	0	14515
21191	0	21165
16015	2	11517
20774	2	11240
19404	4	18631
11272	0	11253
17413	0	17386
20245	1	20312
13051	2	11333
19688	0	19686
13558	0	13281
13926	0	13801
14598	0	14452
12817	3	13268
13436	0	13281
20884	2	12605
22309	1	22335
15985	1	16003
22567	0	22557
14080	1	14079
21174	0	21165
24153	0	24209
14890	4	14799
16422	0	16412
21995	1	22085
11941	1	11966
21125	2	21158
15070	2	20074
11678	3	22123
15304	1	15459
18813	1	19093
20774	2	13468
20947	0	20908
11597	2	11606
24232	0	24223
11369	3	11366
15821	0	15812
16504	2	11356
14686	0	14452
11887	2	11544
17361	2	20054
15839	1	15838
20930	0	20908
11551	3	13412
12702	0	12504
11336	3	16318
21069	0	21063
16769	1	16768
14669	3	11340
12806	2	12540
13103	0	13097
13548	1	13569
11356	3	12475
21328	0	21167
23458	0	23414
14563	1	14606
17922	1	17929
16543	1	16542
19939	0	19934
16570	4	16507
13360	2	13361
19362	4	18631
20953	0	20910
24119	2	11608
20615	1	20627
12685	0	12504
11665	3	11339
24226	2	11515
17843	2	17894
16323	2	11390
15039	0	14986
20687	0	20682
17474	0	17473
23441	0	23414
20936	0	20910
12182	1	12368
14800	0	14452
21528	1	21546
15084	0	15070
20080	2	11185
15402	0	15265
20643	0	20635
16658	4	16507
23010	0	22630
16257	0	16145
11237	3	24408
18360	0	18345
14257	4	13801
19019	0	18631
20476	1	20576
18402	0	15072
20710	2	11517
17473	2	17467
17468	2	11406
16353	0	16330
20362	2	11516
16145	2	11515
22287	2	11664
24404	0	23652
18411	0	15072
16540	0	16507
13281	3	13460
21138	0	21129
20716	2	11394
17358	2	11330
19002	0	18631
12058	0	11984
17163	1	17162
12914	0	12895
17786	2	13468
19869	2	11237
21382	0	21167
20972	0	20906
18394	0	15072
24257	0	24221
20181	1	20188
22562	2	11683
16624	4	16507
23887	2	23891
20081	2	11925
14351	0	14321
23924	1	23960
22729	1	22833
15072	3	13044
12041	0	11984
13632	0	13281
12897	0	12895
17097	0	16507
19874	1	19897
13619	2	12989
16056	1	16086
18759	1	19040
16959	1	16958
16391	3	19914
20955	0	20906
24240	0	24221
17298	1	17302
16506	0	16507
16507	2	11332
13064	3	22121
15684	0	22146
21308	2	11179
12024	0	11984
16015	2	12619
24072	2	16022
16451	2	11331
23341	1	23340
16611	0	16507
20281	1	20348
11443	4	11412
14215	4	13801
16507	2	11682
18491	0	17361
11190	3	13038
16118	3	13897
20938	0	20906
15335	1	15489
21356	0	21304
13418	0	13416
13489	1	13507
14861	4	14452
13383	0	13379
13598	0	13281
21044	2	11585
15149	1	15148
23440	0	23415
21374	0	21311
22018	1	22109
11426	4	11412
20774	2	11187
17473	2	12824
20219	0	20216
13647	1	13730
23663	0	23657
11552	3	12475
21379	0	21306
23988	0	23985
18798	0	18746
21630	1	21672
13339	0	13332
23423	0	23415
11331	3	22121
15970	2	11356
14080	0	13801
23748	0	23743
11528	1	11561
12504	2	12616
17522	0	17503
22253	0	22254
13473	0	13471
11653	0	11654
18903	0	18746
12160	0	11985
21362	0	21306
15384	0	15266
13686	0	13281
19735	1	19795
20678	0	20680
14452	3	13048
17499	2	17493
18395	0	18390
22656	1	22760
12732	2	11364
20718	0	20712
23188	0	23179
23371	2	11181
16523	2	11186
17505	0	17503
12899	0	12891
18886	0	18746
23677	0	15717
17518	1	17534
15367	0	15266
19867	2	11188
11252	3	11308
19524	4	18631
20471	0	20367
12847	0	12504
11323	3	21562
11187	3	13009
18351	0	18343
22254	3	17836
18991	0	18746
13229	0	13214
20616	0	20605
11907	1	11913
18869	0	18746
23660	0	15717
11256	2	12545
23290	4	22630
17600	1	17657
23189	0	22630
15350	0	15266
12952	0	12504
13665	0	13619
19765	0	19689
12830	0	12504
20273	0	20216
14938	0	14924
17435	0	17438
18974	0	18746
14701	0	14452
13212	0	13214
12905	0	12893
16820	4	16507
15333	0	15266
17871	0	17843
13648	0	13619
19748	0	19689
24227	2	11873
14921	0	14924
11775	0	11764
18957	0	18746
20949	0	20842
18134	1	18133
20114	0	20080
17786	2	11187
17712	2	11179
19853	0	19689
17854	0	17843
22686	0	22630
14952	0	14916
13533	0	13527
17422	1	17429
22153	1	22180
24210	2	11873
14141	4	13801
23987	0	23986
13419	0	13281
20097	0	20080
20932	0	20842
22524	0	22392
16685	0	16507
23680	1	23722
20925	0	20913
22669	0	22630
14935	0	14916
18362	0	18349
13052	2	11555
22211	0	22203
15070	3	18612
23586	1	23594
23538	0	23526
11527	2	11394
19608	1	19607
19702	0	19687
15884	0	15876
20636	2	20675
13154	0	12504
16182	1	16203
20712	2	11326
16778	4	16507
12145	1	12331
11551	3	13038
22514	4	22392
22950	1	22930
17359	2	13330
21708	2	11864
14006	1	14005
16845	1	16844
15051	2	15070
23641	0	23622
15720	1	15731
21136	0	21129
12685	1	12705
23887	3	11557
16641	1	16640
24095	2	12618
24075	3	24065
21684	0	21688
13550	2	11589
22587	0	22560
18725	4	18696
24227	3	14406
14242	0	13801
12740	2	11517
23589	0	23585
11467	4	11422
23643	4	23624
14363	0	14326
21724	0	21720
18452	0	18390
14946	0	14922
17443	0	17436
16333	0	13619
11475	1	11491
22993	0	22630
21199	0	21163
23985	2	24061
15988	1	16006
22570	0	22560
24252	0	24226
20967	0	20911
22895	4	22630
12504	2	12563
20647	0	20635
14346	0	14326
12495	0	12496
22392	2	15104
16014	2	16022
24244	1	24293
20799	0	20775
18406	0	15053
23971	1	23978
21182	0	21163
11555	3	13877
22472	4	22392
18816	1	19096
23551	0	23415
20950	0	20911
24235	0	24226
12945	1	12963
22878	4	22630
14208	0	13801
21952	0	21936
14880	0	14452
14329	0	14326
15678	0	15674
23696	0	23653
14912	2	11585
11239	3	12933
20782	0	20775
20910	2	16023
16714	0	16507
21125	2	15925
24151	1	24193
20081	2	11551
16448	0	16447
21554	2	11325
16015	3	11558
20933	0	20911
11985	2	11324
22559	2	11903
12504	2	11758
21935	0	21936
20258	1	20325
17361	2	13882
17217	1	17216
19026	1	19305
21481	0	21470
11510	3	21097
20277	0	19983
23986	2	11188
21641	0	21600
23761	4	23743
17925	1	17932
23186	1	23235
18408	1	18523
14296	0	13801
22433	0	11256
20618	1	20630
16504	2	12889
11419	1	11418
20732	3	14506
14557	1	14588
11533	0	11412
18185	4	18159
15266	3	15579
23779	4	23780
18474	0	17361
23317	0	22630
14523	1	14612
23529	0	23524
22443	1	22442
11364	3	13412
14365	0	14322
21125	3	11558
24085	0	24073
22023	0	21936
19693	0	19685
15717	2	11365
12875	3	21262
22555	2	11514
16333	0	16331
12482	3	15700
11321	3	21551
22167	0	22143
22154	0	15715
21749	0	21718
18363	0	18348
14348	0	14322
21637	0	21564
19876	0	19689
22006	0	21936
11807	0	11764
13152	1	13191
20844	2	11365
11394	3	20728
12481	3	19961
12907	1	12927
20851	0	20841
22150	0	22143
12143	0	11985
22151	0	22147
21732	0	21718
21176	1	21226
21548	2	11352
21130	2	17343
11790	0	11764
12504	3	13002
19622	3	19662
18092	1	18090
14819	4	14452
20229	1	20296
20935	0	20907
24227	2	11365
19646	0	11369
24234	1	24284
17467	2	11394
11544	3	11542
12126	0	11985
23927	1	23963
22732	1	22836
24141	0	17361
12850	1	12874
18497	0	15053
19467	1	19465
16923	4	16507
24151	0	24209
11356	3	17525
11627	0	11623
20858	0	20904
13144	0	12733
24243	0	24224
11397	3	22135
16412	2	11243
24210	2	11365
15288	1	15443
11527	3	11542
20115	0	19983
11992	0	11983
20915	2	11365
23611	0	23605
17858	1	17915
18480	0	15053
12001	1	12400
16906	4	16507
23050	0	22630
20692	0	20681
11328	3	22122
23039	1	23133
14684	0	14452
21693	1	21702
12504	2	12726
20198	1	20213
15952	2	13882
18463	0	15053
16889	4	16507
23033	0	22630
11529	2	11553
20000	4	19983
22021	1	22112
24390	0	24345
11582	3	24065
18365	0	18344
15329	1	15482
22554	2	15104
12080	0	11983
22560	2	11394
12896	0	12892
13650	1	13733
14698	0	14669
16994	4	16507
11514	3	16208
20367	2	11515
21633	1	21675
23426	0	23418
20844	2	17460
20739	2	11394
16026	1	16072
19870	2	19926
23639	1	23638
12063	0	11983
23686	0	17712
21067	1	21085
11708	4	11412
11412	2	11527
17360	2	11923
13050	2	11678
22138	2	11920
20270	0	20217
11525	2	11517
21685	2	12622
18286	1	18285
15717	3	13093
11815	0	11762
21313	0	21305
12046	0	11983
17508	0	17506
20965	0	20921
19653	0	11360
23669	0	17712
19689	2	12605
16253	1	16284
11354	3	24117
17729	2	16392
21530	0	21470
20035	0	19981
18505	0	15072
17664	0	17667
11252	2	11327
13170	1	13209
17365	2	17382
19770	1	19830
20957	0	20921
12134	0	11983
21361	0	21303
16414	2	11364
11184	3	19910
23908	0	23887
13918	1	13957
21315	0	21167
22201	2	11553
11537	0	11529
18488	0	15072
12570	3	13069
19687	2	15105
13057	3	15699
11488	0	11476
11613	3	13031
17095	0	16507
20607	0	20603
16048	0	15952
20940	0	20921
15632	0	15266
21384	0	21305
11552	3	17525
15406	0	15265
12000	0	11981
16444	2	11325
11672	3	18608
20604	2	11872
20635	2	11514
15854	0	15857
23428	0	23414
16717	1	16716
20945	0	20916
18495	0	18393
12183	0	11985
17786	2	17847
11324	3	18382
16523	2	11914
21367	0	21305
15389	0	15265
18640	0	18631
14426	1	14447
18500	0	18388
20372	0	20367
17862	0	17841
11179	3	13044
23683	1	23725
20928	0	20916
17183	0	16507
19983	2	20349
17510	0	17502
22302	0	22230
11307	3	18382
16055	0	16015
22138	2	11599
23589	1	23597
15372	0	15265
12480	2	11321
21386	0	21167
20841	2	11903
23606	3	15133
18483	0	18388
17845	0	17841
23859	0	23743
17368	2	11188
21578	1	21591
16146	1	16235
15876	2	11336
12071	0	11981
16185	1	16206
20715	2	11329
22584	0	22561
16038	0	16015
23040	1	23132
15355	0	15265
23746	0	23743
21369	0	21167
11256	2	11179
12737	2	11518
14360	0	14327
13050	3	11558
22202	0	22201
11272	0	11257
20260	0	19983
12137	0	11983
20971	0	20841
11395	3	18382
22640	1	22744
22268	0	22230
20947	1	20979
22567	0	22561
11277	0	11252
20053	0	20050
14343	0	14327
23887	3	13895
20694	1	20706
20243	0	19983
17853	0	17786
11364	3	13038
20954	0	20841
21179	0	21164
21685	3	21705
16644	1	16643
15415	1	15567
20912	2	11903
17276	1	17292
19483	1	19482
11597	2	11610
20947	0	20912
18964	0	18631
20712	2	13798
11177	3	23599
20969	0	20904
21131	2	16522
23992	0	23985
23283	0	22630
22356	0	22230
20937	0	20841
13343	0	13332
24337	0	24227
21162	0	21164
23817	0	23743
15309	0	15263
20744	0	20739
20930	0	20912
11764	2	11870
17384	0	17385
17597	0	17548
12066	1	12264
22144	2	11179
11531	3	11557
19983	3	17836
23606	2	11608
24247	1	24296
15970	2	11547
11655	0	11573
11404	3	13046
13820	1	13857
20961	0	20904
14834	1	14833
15982	0	15972
15292	0	15263
17157	1	17155
11528	0	11527
20953	0	20914
20355	2	17490
14414	0	14327
11773	0	11764
17580	0	17548
12191	0	11983
20918	0	20907
20638	0	20633
17712	2	13330
20944	0	20904
20775	2	11179
11359	0	11360
18426	0	18388
20936	0	20914
23604	2	12816
21354	0	21312
20261	1	20328
12570	2	11317
14486	3	14504
24003	1	24039
22518	2	11509
23626	4	23622
19886	0	19870
11514	3	15700
17786	2	11244
18360	0	18349
21553	3	21562
12997	3	13041
18411	1	18526
24112	3	19963
17968	1	17967
12738	3	12742
12138	1	12325
15717	2	15797
18819	0	18631
21337	0	21312
23429	0	23413
20267	0	15053
24391	0	24227
24159	1	24200
22592	0	22559
23529	0	23418
20083	2	20167
17555	0	17548
23977	0	23972
13055	2	13064
23865	1	23864
18802	0	18631
16345	1	16374
23932	0	23897
14924	2	14920
23412	0	23413
20972	0	20910
22575	0	22559
18401	0	18388
16150	1	16218
21688	2	12617
17425	2	11188
12633	1	12651
14351	0	14325
12737	2	11331
21521	2	11394
18492	1	18597
15216	0	15051
13395	3	18382
18045	4	17786
23359	0	23348
18390	3	13275
12128	0	11981
18785	0	18631
15361	1	15514
15235	4	15053
23915	0	23897
12503	2	11351
20955	0	20910
17328	0	16507
11177	3	22123
15001	1	15000
21941	1	22033
12433	0	11985
16063	0	15952
18890	0	18631
17927	0	17786
20195	2	11185
11984	2	12385
15077	0	15051
23898	0	23897
17441	0	17436
20938	0	20910
11798	0	11762
17311	0	16507
17580	1	17637
18032	0	17786
21356	0	21308
18133	4	17786
20173	3	22123
16046	0	15952
11527	2	11585
16504	2	11173
20943	0	20905
23413	2	11367
14914	2	14983
22518	2	11188
20712	2	11517
12173	0	11984
15291	1	15446
21379	0	21310
18340	1	18339
16400	1	16405
17361	3	13276
19609	4	19547
11514	3	16318
20926	0	20905
20774	2	11541
21629	0	21599
23042	1	23136
20712	2	11867
12504	2	12620
23792	1	23791
12060	0	11984
17998	0	17786
21362	0	21310
22524	1	22538
11370	2	11321
17473	2	17500
20923	0	20921
12165	0	11984
21612	0	21599
20718	0	20716
12043	0	11984
20083	2	11336
12899	0	12895
20719	0	17361
20683	0	20679
21345	0	21310
24227	3	14597
12040	1	12241
18345	2	11365
11182	3	21097
11873	3	20722
12148	0	11984
11187	3	13013
22156	0	22146
15053	2	11683
18351	0	18347
20250	0	20218
16029	1	16075
22289	2	11179
21936	3	15700
22427	1	22426
14016	1	14015
20710	2	11334
22476	4	22392
24210	3	14597
12169	1	12355
19691	0	19685
12846	0	12827
12131	0	11984
23416	2	11394
13505	1	13523
17971	4	17786
18209	4	18121
21167	2	11329
15741	4	15719
20362	2	12622
21381	0	21306
19018	0	18746
20949	0	20846
11948	0	11929
11381	3	15697
13341	0	13332
22228	2	11515
23920	1	23957
20841	2	20173
12630	1	12648
14952	0	14920
18946	1	19226
11655	0	11654
17672	0	17665
21364	0	21306
20932	0	20846
11364	3	15697
13794	2	11510
18186	4	18017
21628	0	21600
22260	1	22276
22716	1	22820
20925	0	20917
17507	0	17473
19010	0	18746
17355	2	17352
17851	1	17909
16145	3	16205
14935	0	14920
22856	1	22857
21347	0	21306
15070	3	18616
13049	0	13053
17467	2	14484
21818	0	21718
21611	0	21600
14514	2	11399
13368	2	11866
18993	0	18746
20636	2	20679
22713	0	22630
20085	0	20079
12938	3	13782
11986	0	11984
11520	3	16208
18503	0	18391
12995	3	13030
18350	0	18348
20912	2	20173
20931	0	20919
20920	2	17483
23659	0	23654
20774	2	11354
18295	4	17786
21818	1	21919
18976	0	18746
24254	0	18347
15674	2	11334
15799	0	15719
21269	2	11330
20903	2	17483
13438	0	13281
11777	0	11764
18179	4	17997
20951	0	20842
21617	1	21659
18959	0	18746
24237	0	18347
17483	3	13038
11518	3	21562
12728	3	24065
22587	0	22564
11257	2	11326
14238	1	14237
18873	1	19153
21316	1	21394
18160	0	17786
19886	1	19906
18261	4	17786
21470	3	12475
11685	2	11185
19494	4	18631
24220	0	18347
21199	0	21167
22526	0	22392
20739	2	14484
16412	2	13878
20852	0	20844
20967	0	20915
22570	0	22564
18270	1	18269
15801	1	15806
14034	1	14033
11243	3	21267
21302	0	21311
14452	3	14504
20612	0	20602
22584	0	20711
20816	0	20776
20844	2	14484
21389	0	21304
23540	0	23526
20957	0	20844
14525	0	14517
21182	0	21167
14942	0	14911
14782	1	14781
18440	0	18389
20950	0	20915
14671	0	14452
11237	3	22294
17355	2	11554
12188	0	11984
14549	0	14452
22567	0	20711
20940	0	20844
16775	0	16507
16876	4	16507
20853	1	20870
19359	0	18631
19460	4	18631
16448	0	16451
12783	0	12504
17422	0	17425
12006	1	12212
19678	2	12563
11331	3	21267
18423	0	18389
20933	0	20915
13068	3	15700
18768	0	18631
11983	2	11600
12171	0	11984
18631	2	11238
19443	4	18631
20856	0	20912
13597	0	13281
23684	0	23652
14490	0	14486
16243	3	16316
14637	0	14452
15321	0	15263
12421	1	12447
12504	2	13051
12775	0	12504
14556	0	14515
18415	0	18389
22528	1	22553
16156	1	16229
14365	0	14326
24085	0	24077
11515	3	20722
23667	0	23652
12612	1	12615
23582	1	23591
18125	4	17786
11190	3	13018
16118	3	13877
18201	4	18051
20952	0	20902
13381	0	13281
16446	2	12605
18398	0	18389
11282	0	11251
22572	0	22560
22167	0	22147
24474	2	11179
14348	0	14326
23033	1	23126
11390	3	17529
18492	0	15072
14353	0	14321
21108	0	21063
22150	0	22147
14451	2	14459
15680	0	15674
11530	2	11679
20716	3	20727
12504	3	13006
14336	0	14321
20276	0	20215
16015	2	16116
18697	1	18696
11795	0	11763
19919	3	19916
21310	2	11556
20633	2	11613
11671	3	22121
20710	3	18382
20371	1	20594
24072	3	24066
15244	1	15245
17361	3	13036
11356	3	17529
21190	0	21165
20858	0	20908
12630	0	12504
14863	4	14452
11778	0	11763
13829	0	13801
21376	0	21311
13051	2	11394
15602	0	15266
12731	0	12735
21062	0	21061
14846	4	14452
12504	2	12730
12838	0	12827
21816	1	21932
21359	0	21311
23414	3	11338
22442	4	22392
15072	2	15110
18450	0	15072
17853	0	17843
15975	1	15993
16579	0	16507
19891	0	19869
16323	2	11317
20946	0	20908
24231	0	24223
23349	2	11674
14694	1	14728
18365	0	18348
13688	0	13281
23606	2	12820
18310	4	17786
11931	0	11929
16465	0	16446
17786	3	17835
15294	1	15449
21342	0	21311
20716	2	13065
20929	0	20908
11477	0	11474
13671	0	13281
12504	2	11925
15395	0	15263
13281	2	11873
19536	1	19535
11190	3	11542
22408	4	22392
22138	2	11924
21555	2	11903
16168	0	16145
20775	2	13330
14816	0	14452
17666	2	11609
21330	0	21306
12577	0	12570
13654	0	13281
23605	2	11409
15378	0	15263
18404	0	15070
12832	0	12504
20275	0	20216
20413	0	20367
22392	2	19727
16552	4	16507
19889	0	19686
14703	0	14452
18280	0	17786
13240	0	13211
14286	0	14280
12907	0	12893
15688	0	15672
17351	2	11513
13637	0	13281
19849	1	19858
11517	3	13045
22303	2	11664
11334	3	13038
18387	0	15070
16504	2	11901
11252	2	11331
20258	0	20216
17470	2	13064
11803	0	11761
19678	2	13799
13223	0	13211
12890	0	12893
14782	0	14452
17669	0	17666
11365	3	13030
16518	2	11358
17077	1	17076
13395	3	16211
24157	0	24119
20241	0	20216
22664	1	22768
11760	0	11764
11613	3	13035
14021	4	13801
11786	0	11761
11701	1	11700
21384	0	21309
11552	3	17529
19479	0	18631
17878	0	17841
24075	2	20060
21163	2	11403
12903	0	12504
20884	2	11190
20945	0	20920
18402	0	17361
20224	0	20216
20598	0	20597
18949	1	19229
11588	3	13045
20271	0	15053
21367	0	21309
24149	0	24119
17861	0	17841
11401	3	22122
20846	2	11394
14471	2	11903
15972	2	11364
22654	0	22630
12512	1	12533
11179	3	13048
24360	1	24426
23914	1	23950
14008	0	13801
20928	0	20920
22719	1	22823
14109	4	13801
12788	4	12504
21372	0	21304
18645	0	18630
17084	4	16507
14110	1	14109
11675	2	11679
18749	1	19030
16949	1	16948
12504	2	12543
20910	2	11331
20254	0	15053
22133	2	11402
17475	0	17469
11983	2	12381
19445	0	18631
24132	0	24119
23679	0	23657
21355	0	21304
14814	1	14813
18628	0	18630
18433	0	15053
12071	0	11985
23211	0	22630
18814	0	18746
21049	0	21044
16416	1	16431
20237	0	15053
13687	0	13619
14096	0	13801
14197	4	13801
20774	2	11248
22518	2	11245
21338	0	21304
15952	2	15927
12738	2	11903
15139	1	15138
19533	0	18631
17747	0	17729
20080	2	11864
15584	1	15583
15278	0	15266
18490	0	15072
20917	2	11394
20220	0	15053
22725	0	22630
11277	0	11256
20367	2	11682
13637	1	13720
24352	0	24345
12504	2	12677
17847	2	11364
14489	3	14507
17521	0	17503
17351	2	12481
18902	0	18746
22201	2	11236
21321	0	21304
20916	2	15110
20043	0	19983
20081	2	20175
24077	2	11516
14062	0	13801
20969	0	20908
12683	3	12742
16504	2	11364
22172	1	22199
17009	1	17007
22474	4	22392
20843	2	13058
18885	0	18746
22469	0	22392
17864	0	17841
22581	0	22557
14331	0	14326
21309	2	11381
20470	0	20367
21708	2	11307
11768	0	11762
19983	2	19682
11751	0	11412
20860	0	20842
16057	0	16015
22452	0	22392
11531	2	11336
23861	0	23743
14945	0	14914
13416	2	11246
11528	0	11531
23681	0	23653
11946	0	11929
15674	3	15697
11533	0	11526
16040	0	16015
20918	0	20911
11237	3	12739
22435	0	22392
20856	1	20873
14848	0	14452
14928	0	14914
22204	0	22201
23664	0	23653
20605	2	11514
20262	0	19983
12526	1	12557
18345	2	11556
20949	0	20903
21522	2	11325
20941	0	20913
17712	2	11240
17443	1	17454
18994	1	19275
18491	0	18390
15877	0	15874
18349	2	15109
12997	3	13045
13532	0	13527
21365	1	21440
18462	0	15053
14493	0	14489
14408	1	14428
16015	2	11554
19870	2	16389
16689	4	16507
23350	2	11556
22392	2	11514
22934	4	22630
23527	1	23555
11331	3	13001
20799	1	20820
20932	0	20903
20428	0	20367
22008	0	21936
19499	1	19498
20924	0	20913
12847	1	12870
17473	2	11409
16507	2	11556
18445	0	15053
13170	0	12504
15874	2	11240
24274	0	24226
16672	4	16507
22917	4	22630
18498	0	15070
12579	0	12504
16271	0	16145
21991	0	21936
14271	4	13801
13281	2	13593
20635	2	20675
22146	2	11179
20859	0	20921
13051	3	13069
13153	0	12504
11484	0	11412
20889	0	20885
22580	0	22558
13794	2	13795
18631	2	19537
24111	0	24112
12733	2	11515
14356	0	14324
19393	1	19392
20363	2	11325
21530	1	21541
12504	2	11551
13055	2	11324
11268	0	11254
15157	1	15156
20635	3	13329
12662	0	12892
14222	1	14221
13136	0	12504
15051	2	15131
16760	4	16507
22904	0	22630
22563	0	22558
22451	1	22450
14339	0	14324
18428	0	18388
13996	1	13995
14237	4	13801
16835	1	16834
20751	0	20710
22370	0	22288
15897	0	15898
13549	2	11589
20943	0	20909
11334	3	15697
24228	0	24224
19867	2	19922
20610	0	20602
11173	3	14736
15671	0	15672
21387	0	21304
11888	2	11190
15670	1	15668
16631	1	16630
23179	2	11391
15402	1	15554
22203	2	16388
12524	1	12538
11457	4	11412
20926	0	20909
20883	2	11365
21523	0	21521
13053	2	11551
18448	0	15053
11937	0	11927
20646	1	20665
20920	2	11608
17473	2	17504
12053	1	12251
20901	0	20919
16979	4	16507
16144	2	15110
15415	0	15266
14478	2	11683
23437	0	23415
12837	1	12861
20903	2	11608
22287	2	16023
15621	4	15266
17470	2	12824
11355	3	20673
13379	2	13394
16861	0	16507
15398	0	15266
15881	0	15857
20639	0	20636
16015	2	11367
11427	0	11412
23420	0	23415
21137	0	21125
20248	1	20315
23990	1	24026
17207	1	17206
16691	1	16689
20607	0	20367
24077	3	24065
11271	0	11257
22361	1	22377
19869	2	19918
23415	2	11367
12136	0	11983
13166	0	12733
22420	4	11256
14364	0	14322
15904	1	15916
16949	0	16507
17050	4	16507
12054	0	11985
24344	0	23652
12738	2	11179
15587	4	15266
18502	0	15053
20110	0	20083
15207	0	15053
20846	3	13069
20782	1	20791
19779	0	19689
12119	0	11983
23651	2	11179
13149	0	12733
15071	2	13363
13431	1	13465
14952	0	14924
12504	2	11364
18755	0	18631
12037	0	11985
11620	0	11621
21786	1	21894
23465	0	23418
22508	4	11256
15660	1	15659
21522	3	18613
19762	0	19689
22667	1	22771
14935	0	14924
17361	2	11394
23348	2	11243
16915	0	16507
20743	0	20739
12020	0	11985
16470	0	16445
21164	2	11903
20355	2	11509
20739	2	13065
22961	0	22630
15952	2	11365
14940	0	14919
11371	0	11369
22390	0	11256
17307	0	16504
11681	3	13036
19645	0	11369
11887	2	11178
21352	0	21305
22392	2	22549
20085	0	20083
20603	2	11514
11629	0	11412
18431	0	17361
16922	4	16507
20844	2	13065
20009	0	19983
22560	2	11321
12995	3	13034
17567	1	17624
19850	0	19689
16184	0	16243
12073	0	11981
18730	0	18631
16173	0	16144
23917	1	23953
18348	2	11551
19640	4	19581
21708	2	11872
21335	0	21305
20921	2	11324
23610	0	23605
20217	2	11334
18752	1	19033
23049	0	22630
11187	3	13046
17367	0	17368
15043	1	15042
12056	0	11981
18713	0	18631
17518	0	17504
16156	0	16144
12912	0	12892
12443	0	11983
15982	0	15952
11717	0	11412
16145	2	11365
22595	0	22558
21047	0	20846
23032	0	22630
11257	2	11330
18364	0	18344
21761	1	21870
17468	2	15578
12039	0	11981
17501	0	17504
22127	3	22122
12748	1	12747
23985	2	11237
23015	0	22630
14279	1	14301
21755	0	21720
15104	3	16205
12144	0	11981
20246	0	20215
13051	2	11585
14452	3	14508
12022	0	11981
20200	0	20079
20411	0	20367
14942	0	14915
16043	1	16109
18440	0	18393
21738	0	21720
15081	0	15070
17468	2	11390
12127	0	11981
14472	2	11547
11517	3	20673
17124	4	16507
15661	4	15266
12504	3	12742
15864	0	15855
16323	2	11508
17507	0	17506
18686	4	18631
20840	0	20843
11175	3	16208
18481	0	15070
19652	0	11360
17987	1	17988
18423	0	18393
21721	0	21720
17503	2	11552
21377	0	21303
17006	0	16507
12802	2	11683
18464	0	15070
21826	0	21720
15801	0	15719
23916	1	23954
20856	0	20916
14948	0	14917
17111	0	16507
14321	3	13460
17212	4	16507
19469	1	19468
12176	0	11983
23684	0	23656
17363	2	17351
15233	1	15232
21360	0	21303
12503	2	11331
16989	0	16507
16412	3	11558
11183	3	19910
20093	0	20081
20017	0	19981
11530	2	11549
19760	1	19820
23907	1	23944
18933	1	19213
22464	0	11256
21809	0	21720
16331	2	11396
14931	0	14917
15952	2	11178
11515	3	20726
23667	0	23656
11864	3	13048
14561	0	14514
17499	2	11516
11190	3	13022
18505	0	17361
21508	2	12483
19869	2	13799
17794	4	17786
20952	0	20906
15283	0	15265
23775	4	23743
20362	3	12394
22323	0	22303
23672	0	23651
22447	0	11256
20890	1	20898
13360	3	11340
17351	3	11340
14322	3	14406
17077	0	16507
17178	4	16507
20846	2	14484
24376	0	24227
18348	3	18382
18488	0	17361
16707	1	16706
14353	0	14325
23530	1	23558
14798	1	14797
13065	3	13046
13415	0	13416
23655	0	23651
18783	1	19063
14451	2	14463
12912	1	12930
17060	0	16507
17509	0	17502
11530	2	11683
14996	4	14986
17365	2	11511
23413	3	13046
12801	0	12804
14336	0	14325
23353	2	11185
22168	0	15715
21763	0	21718
21132	0	21130
15220	4	15053
19983	2	11900
24071	3	24066
11253	2	11323
12733	2	11409
23846	4	23743
12736	2	11518
16557	1	16556
20858	0	20912
14359	0	14327
14950	0	14913
21533	1	21544
20114	1	20155
18875	0	18631
18193	4	18031
21746	0	21718
21758	1	21867
13133	2	11396
20917	2	14484
18753	0	18631
20971	0	20902
15203	4	15053
20846	2	11585
15972	2	11555
20675	3	15699
14598	0	14517
20848	0	20841
11538	0	11525
22566	0	22561
16473	0	16450
18980	0	18631
12513	0	12503
14342	0	14327
18858	0	18631
12504	2	12734
13096	0	13099
23304	4	22630
23612	2	11618
24155	0	17361
16445	2	11321
20953	0	20841
18457	0	18388
21178	0	21164
20954	0	20902
15186	4	15053
21471	1	21469
20468	0	20367
17262	0	17261
19943	0	13619
17853	0	17847
20946	0	20912
16456	0	16450
24231	0	24227
23349	2	11678
18963	0	18631
11983	3	12393
22630	2	11240
17057	1	17056
12184	0	11981
18841	0	18631
16465	0	16450
17786	3	17839
11360	2	11364
20936	0	20841
20937	0	20902
12002	1	12209
12570	2	11244
20929	0	20912
11763	2	11870
18946	0	18631
15051	2	11187
13898	1	13938
15952	2	16118
15173	0	15053
20052	1	20056
20058	2	16392
19572	0	19547
20204	0	20196
19688	1	19706
20649	1	20668
15981	0	15972
19679	2	12566
20079	2	19924
18929	0	18631
12697	1	12718
21330	0	21310
19778	1	19838
18767	0	18746
15140	4	15051
21277	0	21272
21549	0	21556
17499	2	11329
12840	1	12864
16929	1	16928
11526	2	12481
22580	0	15715
19564	0	19547
17973	4	17786
11243	3	13408
15839	0	15812
11252	2	11335
18359	0	18349
11459	3	24125
11278	1	11305
20284	0	20217
21140	0	21128
20251	1	20318
22563	0	15715
23993	1	24029
11365	3	13034
24265	1	24313
15228	4	15051
14452	2	11331
18828	1	19109
22293	0	22289
12426	0	11983
11985	3	12389
21718	2	11545
21061	2	11516
18342	0	18349
19547	2	11864
11526	2	11676
18061	4	17786
23447	1	23500
15211	4	15051
12736	2	11331
22564	2	11251
19958	0	19962
20635	2	11872
18044	4	17786
23922	0	23887
19962	2	11543
24147	0	24210
15845	1	15844
22566	1	22599
16444	2	12622
22521	1	22551
14903	4	14857
16347	0	13619
12504	2	11608
23836	4	23868
13281	2	11556
24073	2	24069
21372	0	21308
22670	1	22774
11988	0	11984
16062	0	15952
23607	0	23606
15877	1	15886
11675	2	11683
17926	0	17786
18027	4	17786
23905	0	23887
24130	0	24210
24119	2	11352
19891	0	19686
13128	3	22123
17440	0	17436
24084	0	24074
18357	0	23652
13292	0	13281
21355	0	21308
15971	1	15990
20081	2	11185
20750	1	20763
15181	0	15051
23888	0	23887
20644	0	20635
11525	2	11554
17492	2	17495
18361	0	18345
17570	1	17627
13054	2	11679
19020	0	18631
22953	1	22941
22630	2	11403
12076	0	11984
20606	2	11867
21338	0	21308
13288	1	13312
20363	2	11516
22288	2	11664
13055	2	11515
16642	4	16507
21269	2	16116
19003	0	18631
15281	1	15436
14489	3	14511
18330	1	18329
12059	0	11984
20048	1	20049
11245	3	17322
21184	1	21234
22201	2	11240
21321	0	21308
11342	2	11331
15122	0	15115
15767	0	15719
16164	0	16142
17957	1	17958
20266	0	20218
19009	1	19289
20969	0	20912
19523	1	19522
18630	2	12682
12042	0	11984
18196	4	18036
24226	3	14597
17691	0	17684
22581	0	22561
11872	3	20722
20974	0	20907
21991	1	22082
15590	1	15589
11470	4	11430
22564	3	11340
16347	0	16331
16965	1	16964
20860	0	20846
24011	1	24047
14945	0	14918
23016	1	23109
19578	1	19577
12130	0	11984
20925	0	20844
19604	0	19547
20386	1	20496
15297	0	15266
15674	3	15701
15938	1	15949
22151	0	15715
11533	0	11530
20918	0	20915
13689	0	13619
12877	0	12880
14928	0	14918
17844	1	17907
15341	1	15495
18921	0	18746
12810	2	11331
20605	2	11518
13495	1	13513
21340	0	21304
17737	1	17775
16859	1	16858
21178	0	16118
20949	0	20907
21688	3	13093
13340	0	13332
22227	2	11515
20941	0	20917
21729	0	21718
18672	2	11391
24075	2	11367
15972	2	11181
17523	0	17503
19686	2	19920
12517	1	12551
18904	0	18746
21363	0	21306
20083	2	12820
12509	1	12561
21522	2	11679
21079	1	21098
20931	0	20846
18496	0	18389
20932	0	20907
11331	3	13005
11315	3	22121
20924	0	20917
17841	2	11903
18936	1	19216
18745	1	19027
15108	3	23519
19415	0	18631
18887	0	18746
17713	2	16522
14564	0	14517
11519	3	12475
22471	0	22392
15368	0	15266
17471	0	17466
11182	3	16515
11253	3	11308
17466	2	14484
18479	0	18389
22706	1	22810
24223	2	20173
11525	2	11367
12734	2	11365
12881	2	11331
11257	2	11253
14612	4	14452
22846	1	22847
20084	0	20079
18870	0	18746
14547	0	14517
22580	0	22562
18631	2	19541
19883	0	19870
15351	0	15266
12880	2	11664
17468	2	13057
12504	2	11555
20712	3	18382
21063	2	11325
18975	0	18746
14494	0	14452
20967	0	20842
11329	3	13047
21063	2	21124
20845	0	20842
14530	0	14517
22563	0	22562
11273	0	11253
22437	0	22392
13055	2	11678
11571	1	11580
19749	0	19689
20809	0	20774
13437	0	13281
12116	0	11984
20950	0	20842
14477	0	14452
24236	0	18347
21175	0	21165
17231	1	17230
20943	0	20913
11158	0	11161
11251	2	20349
18631	2	18736
21571	1	21584
19867	2	19926
20965	0	20905
15114	1	15123
13619	2	11607
13534	0	13527
14452	3	13276
20117	1	20158
19732	0	19689
22630	2	11350
14495	0	14489
23526	2	11365
13420	0	13281
20933	0	20842
20267	0	20217
20926	0	20913
20712	2	20735
22457	1	22456
20909	2	19670
22159	1	22186
20921	2	11515
16015	2	11237
20732	3	19914
12802	2	12545
24149	1	24190
18046	0	17786
14565	0	14452
18147	4	17786
11390	3	17322
22287	2	11355
13403	0	13281
23539	0	23526
20957	0	20905
20841	2	11403
12581	0	12504
21688	2	11365
24129	0	24209
12187	0	11984
14548	0	14452
22566	0	20711
11409	3	23600
23900	1	23938
11613	3	13015
12686	0	12504
15372	1	15525
24080	0	20195
20940	0	20905
23848	4	23849
13693	1	13776
24078	0	24075
17713	2	11663
17360	2	13330
23371	2	11543
18012	1	18011
22289	2	11187
18012	0	17786
14991	1	14990
20361	3	20365
22906	0	22630
19346	4	18631
23002	0	22630
16179	0	16142
16023	3	15699
11527	3	11339
18117	0	17786
11179	3	13028
23425	0	23414
13554	0	13551
13150	1	13188
11923	3	11916
14364	0	14326
13211	3	13268
16162	0	16142
11369	2	11399
12504	3	12933
11939	1	11964
16518	2	15794
21963	1	22055
18471	1	18622
21306	2	11313
24270	0	24223
18357	1	18376
11663	3	22294
20003	1	20001
15369	0	15265
21383	0	21167
21268	0	21270
21183	0	21163
22228	2	11873
24253	0	24223
20712	2	11554
21107	0	21063
24209	2	11618
11166	0	11159
11771	0	11761
15352	0	15265
21366	0	21167
21166	0	21163
17548	2	11396
21688	2	17460
14940	0	14923
11794	0	11763
21270	2	11585
15623	4	15266
21352	0	21309
19918	3	19916
22226	2	11182
16338	1	16367
18492	0	17361
21349	0	21167
20939	0	20906
18642	0	11256
16418	0	16412
12995	3	13038
11510	3	17458
12073	0	11985
12959	0	12878
16458	0	16444
12736	3	12739
21335	0	21309
21571	0	13416
20883	2	11182
15266	2	11365
18475	0	17361
20922	0	20906
17041	1	17040
21625	0	21600
23745	4	23743
15684	1	15702
22417	0	11256
12056	0	11985
17847	2	17894
17047	0	16507
15589	4	15266
11376	0	11344
21358	0	21311
15306	0	15263
22493	1	22492
21688	2	11178
18458	0	17361
20462	1	20572
17502	2	11394
21470	2	21522
21510	0	21508
19687	3	11340
18364	0	18348
12039	0	11985
13565	0	13281
18913	1	19193
11359	0	11344
21341	0	21311
18432	0	15072
24227	2	11914
11280	1	11309
12144	0	11985
13670	0	13281
20739	2	11459
21187	1	21237
15394	0	15263
14452	3	14512
18765	0	18746
12022	0	11985
12848	0	12504
19689	2	11381
14942	0	14919
16507	2	11186
12994	0	12995
12127	0	11985
19012	1	19292
16687	1	16686
13653	0	13281
15377	0	15263
13096	1	13111
23068	0	22630
20011	0	19983
19508	4	18631
14152	0	13801
14253	4	13801
12831	0	12504
19386	4	18631
18628	1	18648
14803	4	14452
15110	3	16211
18853	0	18746
20116	0	19983
23453	1	23506
24142	1	24184
11507	3	21545
22589	0	22559
20080	2	20167
23051	0	22630
15055	0	15053
11329	3	22122
11350	3	13782
16451	2	16446
20856	0	20920
14037	4	13801
11685	2	11677
14685	0	14452
20927	1	21011
17363	2	17355
17668	0	17666
17012	4	16507
20099	0	19983
22581	0	20711
14563	0	14452
11864	3	21562
18836	0	18746
19648	1	19659
20694	0	20682
15071	2	14469
23034	0	22630
13632	0	13619
14118	0	13801
11530	2	11553
16274	0	16243
19474	4	18631
12797	0	12504
24391	0	24345
15717	3	15736
23604	2	11190
14668	0	14452
22561	2	11394
15952	2	11182
15344	1	15498
21773	1	21881
22129	3	22122
13498	1	13516
20082	0	19983
14478	2	11179
21729	1	21837
24074	2	20060
11190	3	13026
12902	0	12504
18435	0	15072
20952	0	20910
22670	0	22630
23017	0	22630
22654	1	22758
15861	1	15870
22212	0	22203
23226	0	23179
14914	2	11584
22564	2	17724
12064	0	11983
11518	3	12739
18500	0	15070
16451	2	12608
19547	2	19626
18418	0	15072
22653	0	22630
23383	0	23371
20636	3	20671
20927	0	20920
19453	1	19452
13281	2	11613
24113	0	24112
23698	0	15717
23227	0	22630
17509	0	17506
20880	2	11236
12879	2	12682
18483	0	15070
20844	2	15110
15987	0	15970
12492	3	12501
22287	2	11331
22636	0	22630
23348	2	11544
14100	1	14099
16352	0	16330
11412	2	11621
13619	2	11367
21283	0	21270
21048	0	21044
18506	0	15072
11253	2	11327
13834	1	13871
11873	3	17323
14950	0	14917
17214	4	16507
16335	0	16330
18088	1	18087
19685	2	13468
18489	0	15072
23654	2	11178
14350	0	14321
15115	2	11173
12882	0	12879
20735	3	20722
12504	2	12738
13104	0	12504
16728	4	16507
20275	1	20342
20915	2	15110
11906	3	11916
14938	0	14912
20946	0	20916
22325	0	22303
23674	0	23651
17201	0	16507
18999	1	19278
14877	4	14452
11939	0	11927
20905	2	14483
11374	1	11384
12184	0	11985
16610	0	16507
22025	1	22115
23000	1	23093
14921	0	14912
12570	2	11248
12806	2	11670
20929	0	20916
13382	0	13379
16816	4	16507
22456	4	22392
16593	0	16507
20934	0	20911
23835	1	23834
23415	3	13046
14192	0	13801
18402	0	18390
17167	0	16507
17548	3	17663
19015	0	18746
20278	0	19983
14843	4	14452
11945	0	11929
22532	1	22544
19689	2	11678
22439	4	22392
14297	0	13801
20716	2	11329
18411	0	18390
16617	1	16616
15375	1	15528
17272	0	16507
18426	0	15070
23644	1	23642
14361	0	14327
13696	1	13779
11654	2	11249
12504	3	13043
22125	3	15699
18998	0	18746
20261	0	19983
11928	0	11929
14669	3	13048
16681	0	16507
24267	0	24224
14349	1	14389
21521	2	11325
18394	0	18390
12959	0	12504
22143	3	11189
13687	1	13769
22727	0	22630
20717	0	20712
16142	3	16205
17255	0	16507
14158	0	13801
14344	0	14327
14830	0	14452
20712	2	11314
15209	0	15053
15972	2	11238
18228	4	18101
17594	1	17651
12879	2	11556
20244	0	19983
11888	2	11922
11365	3	13038
17264	0	17261
20931	0	20903
23653	2	11179
14349	0	14322
18194	4	18125
11985	2	11983
22007	0	21936
15880	0	15876
21685	2	11240
22710	0	22630
11985	3	12393
20432	1	20587
11526	2	11680
15192	0	15053
17486	2	17488
24163	0	24210
20121	0	20080
21548	3	21551
13050	2	11585
24273	0	24226
14332	0	14322
15786	2	15794
20272	0	20216
21990	0	21936
11791	0	11764
12802	2	11179
15175	0	15053
11483	0	11412
11484	0	11473
19647	0	11369
20255	0	20216
21604	0	21564
21973	0	21936
11774	0	11764
12005	0	11985
19689	2	19867
21372	0	21312
21707	0	21708
22579	0	11251
22685	0	22630
12495	0	12484
15071	2	11517
20101	1	20142
15681	1	15703
23867	4	23864
14930	1	14960
19689	2	11357
17697	1	17704
21355	0	21312
22369	0	22288
18185	4	18013
23627	4	23622
19602	1	19601
20901	0	20846
22441	1	22440
15952	2	11613
18361	0	18349
11511	3	11542
24114	2	24112
21570	0	21564
18646	1	18664
21485	1	21503
17497	2	17494
21338	0	21312
17262	1	17279
20268	0	15053
11210	1	11231
21045	1	21053
22985	1	22987
18391	3	18608
15179	1	15178
23195	1	23244
21063	2	11516
11473	2	11521
18447	0	15053
21321	0	21312
20251	0	15053
11691	1	11690
19547	2	11547
16978	4	16507
20633	3	11338
15406	1	15558
18430	0	15053
17803	0	17842
16755	0	16507
21273	0	21269
11514	3	21055
16856	4	16507
18916	1	19196
14922	2	11553
22429	0	11256
20271	0	20217
21791	1	21897
15207	1	15205
20974	0	20911
15717	2	13797
11190	3	13002
12047	0	11983
17329	0	16507
17361	2	13065
22730	1	22834
24075	2	24069
15411	1	15564
21190	1	21240
22167	0	15715
11805	1	11885
20254	0	20217
13281	2	11239
20846	2	20880
14945	0	14922
11984	2	11190
12030	0	11983
17312	0	16507
19015	1	19295
21718	2	11362
16843	0	16507
16944	4	16507
19529	1	19528
22569	0	22560
22150	0	15715
16118	2	12481
23414	2	11367
20237	0	20217
13165	0	12733
14928	0	14922
11190	3	18613
11782	0	11762
12013	0	11983
18016	0	17786
16826	0	16507
21811	0	21720
14933	0	14917
20941	0	20921
19960	3	19963
24154	0	17361
20220	0	20217
22402	4	11256
11527	2	11679
11801	1	11849
20078	0	20081
11996	0	11983
20909	2	16023
20002	0	19981
20080	2	11551
21363	0	21310
15072	3	13276
20681	2	11394
20029	1	20028
18496	0	18393
18164	1	18163
20932	0	20911
15769	0	15719
21685	2	11187
20612	1	20624
16166	0	16142
20924	0	20921
24137	0	17361
18641	0	18631
21480	0	21470
19985	0	19981
11517	3	21055
17471	0	17470
24221	2	20674
18479	0	18393
23585	2	11551
15864	1	15873
12167	0	11985
16507	2	11914
15599	0	15266
21351	0	21305
16349	0	16331
11677	3	21562
21165	3	21262
20084	0	20083
20602	2	11514
18214	4	18315
11628	0	11412
11900	3	12933
22022	0	21936
21564	2	11547
22949	1	22938
18347	2	11551
18393	2	15070
13133	2	11510
21334	0	21305
19888	0	19869
12876	3	21118
20967	0	20846
21685	2	11321
22166	0	22143
22153	0	15715
21748	0	21718
17557	1	17614
11273	0	11257
24329	1	24335
22005	0	21936
16446	3	11338
11412	2	11515
19547	2	11360
20363	2	12622
22269	0	22230
17052	4	16507
23418	3	23519
15339	0	15265
19871	0	19869
20950	0	20846
22594	0	22558
13064	3	13038
18409	0	15070
22503	0	11256
11676	3	20726
18433	0	18391
21731	0	21718
23985	2	22252
13837	1	13874
20965	0	20909
22630	2	11354
12038	0	11981
18695	0	18631
15322	0	15265
20933	0	20846
21336	0	21167
22577	0	22558
11510	3	24065
18392	0	15070
13053	2	13064
16671	1	16670
12879	2	11182
24140	0	17361
15056	1	15064
11513	3	21551
18770	1	19050
20856	0	20843
22235	0	22230
21287	1	21299
14475	2	11367
20278	1	20345
21819	0	21718
24223	2	13090
20774	2	11903
24225	2	20173
14941	0	14915
14515	2	11399
13335	1	13349
21737	0	21720
23677	0	23654
16507	2	11243
11185	3	24066
15314	0	15265
20086	0	20079
23975	1	23981
11377	1	11387
20382	1	20493
15934	1	15946
14549	0	14517
20636	2	13068
11613	3	13019
17666	2	15110
18504	0	18391
21802	0	21718
23003	1	23096
11403	3	20673
12192	0	11983
17010	4	16507
23660	0	23654
23214	0	23178
18196	4	18337
17106	4	16507
17492	2	11514
15137	1	15135
21735	1	21843
20367	2	20631
18207	4	18065
20945	0	20904
12738	2	11403
24083	0	24074
12504	2	11238
22316	0	22301
24096	1	24105
18487	0	18391
24211	0	17361
14487	3	14504
12175	0	11983
12036	1	12238
15141	0	15053
18279	4	17786
20885	2	11585
14452	2	14478
11179	3	13032
20919	2	11336
20928	0	20904
23425	0	23418
21560	0	21553
19390	4	18631
23585	2	11364
11369	2	11403
15005	0	14986
12158	0	11983
13559	0	13550
14452	2	12384
23685	0	17712
24392	0	24227
20902	2	11336
24343	1	24410
11176	3	13048
24270	0	24227
11238	3	16515
20939	1	21001
20269	0	20217
22286	1	22295
23415	2	15108
23225	0	22630
23651	2	11187
11672	3	15697
12733	2	11336
15053	2	11240
18250	1	18248
23668	0	17712
24375	0	24227
17597	1	17654
19879	0	19867
15878	0	15857
20968	0	20912
15876	2	11674
14352	0	14325
24253	0	24227
12150	0	11983
17747	0	17713
18786	0	18631
13281	2	11670
12822	2	11182
15196	4	15051
23355	0	23350
17786	2	11903
20234	0	15053
20800	0	20776
24358	0	24227
21072	0	21060
12504	2	12661
18445	0	18391
14335	0	14325
11311	3	21118
12133	0	11983
13792	3	19916
15070	2	20066
16323	2	11248
18769	0	18631
11678	3	15699
15078	0	15051
17473	3	15699
20939	0	20910
11487	0	11476
22230	2	11356
17500	2	11183
18992	1	19272
21383	0	21305
15183	0	15051
20603	2	11872
14420	1	14441
18752	0	18631
15061	0	15051
14915	2	14983
20922	0	20910
11235	3	23599
24112	2	16209
16030	0	15952
18857	0	18631
21366	0	21305
12827	2	11547
16389	3	19910
14529	1	14611
21630	0	21599
20953	0	20902
17852	0	17847
24211	1	24216
15974	0	15970
13055	2	11979
11676	3	20673
17593	0	17548
20909	2	11327
16013	0	15952
19593	4	19547
21349	0	21305
16054	0	16015
15149	0	15051
20604	2	11673
21521	3	14506
12048	1	12406
21613	0	21599
11887	2	11670
20936	0	20902
24255	0	24223
18891	1	19172
21109	0	21063
21048	1	21056
17576	0	17548
17305	1	17314
13471	2	11510
20679	2	11517
11518	3	12475
11622	1	11638
22230	2	22228
21346	0	21310
11507	3	18382
11985	2	11556
16037	0	16015
22634	1	22738
20712	2	11237
18505	0	18390
14284	1	14304
12997	3	13029
11391	3	21262
18352	0	18347
14337	0	14321
20277	0	20215
20846	2	20990
19313	0	19309
12027	0	11984
15070	2	12979
17515	0	17504
24095	2	11240
19559	4	19547
16048	1	16112
24097	1	24104
22286	0	22287
18488	0	18390
21794	1	21900
12132	0	11984
14320	0	14321
15108	3	21055
12010	0	11984
21596	3	24125
22733	1	22837
12638	1	12655
20911	2	11903
21564	2	11173
23587	0	23418
17386	2	17385
20080	2	20171
18316	1	18315
18763	1	19044
21688	2	12605
21167	2	21303
12830	1	12854
11251	2	11335
12115	0	11984
16329	1	16393
11685	2	11681
13052	2	12889
17363	2	17359
20846	2	11325
14828	1	14827
18112	1	18111
22143	2	11179
12098	0	11984
21365	0	21306
15051	2	15115
22133	2	11333
20886	0	20885
22426	4	22392
22145	1	22174
18214	4	18075
20952	0	20914
19649	0	11360
12947	1	12966
13332	2	11240
14936	0	14920
11474	2	11350
17579	0	17548
18631	2	12889
17419	1	17418
15037	0	14986
12081	0	11984
21348	0	21306
13672	0	13281
12878	2	11336
23437	1	23490
22133	2	12622
20637	0	20633
20774	2	11179
18354	0	18343
22518	2	11176
24220	1	24275
16444	2	12683
13054	2	12545
20748	0	20710
18872	0	18746
15857	2	11179
21331	0	21306
19689	2	19924
13655	0	13281
12578	0	12570
15952	2	12825
23606	2	11409
12504	2	12608
15902	1	15913
16449	2	11365
18450	1	18558
17348	2	17349
18855	0	18746
17473	2	17488
21314	0	21306
17812	0	17786
24390	0	24227
16464	1	16488
20923	0	20909
11253	2	11331
15952	2	11670
23976	0	23972
13053	2	12824
22303	2	11408
18726	4	18700
13567	1	13586
17795	0	17786
22574	0	22559
22689	0	22630
18672	2	11184
23178	3	20365
13050	2	13065
21125	2	12937
13634	0	13619
15053	2	15054
18943	0	18746
20735	3	20726
18389	3	13275
21271	0	21269
21200	0	16118
21284	1	21300
21164	2	11403
22672	0	22630
20963	0	20917
14938	0	14916
22152	0	22146
15726	0	15717
11908	0	11906
20841	2	11517
11680	3	12475
11412	2	11759
21174	1	21224
12504	2	13092
20918	0	20842
18926	0	18746
17786	2	13273
17510	0	17466
22655	0	22630
14904	4	14853
14921	0	14916
12805	2	11613
12189	0	11984
11663	3	12475
23211	0	23179
17786	2	11179
20941	0	20844
18731	1	18737
11369	2	19673
20934	0	20915
22638	0	22630
14944	0	14918
20215	2	20349
16022	3	24067
13493	0	13281
12172	0	11984
19014	0	18746
14533	0	14452
17872	0	17842
14116	1	14115
15719	2	15810
20924	0	20844
21304	2	13090
20925	0	20905
14326	3	14407
21050	0	21044
20690	0	20679
11526	2	11550
18407	0	18389
19909	3	19910
14864	1	14863
18960	0	18631
22323	1	22349
13476	0	13281
20125	1	20166
14516	0	14452
14557	0	14515
12504	3	13047
23677	1	23719
21214	0	21165
19363	1	19362
16742	0	16507
13281	2	13524
13156	0	13133
17351	2	17352
24074	2	11367
18102	0	17786
15331	1	15485
15305	0	15263
16451	3	11337
22421	1	22420
14010	1	14009
18004	4	17786
18344	2	11365
14540	0	14515
12995	3	13018
20080	2	11608
21607	0	21600
21521	2	11679
16725	0	16507
20931	0	20907
14349	0	14326
13139	0	13133
22524	0	22518
12827	2	11173
12142	1	12328
18085	0	17786
15288	0	15263
22594	0	15715
19419	4	18631
11526	2	11684
14523	0	14515
15266	2	15667
14332	0	14326
16601	1	16600
23811	4	23752
16014	2	13786
22577	0	15715
21168	0	21163
16813	0	16507
24210	2	20054
15851	4	15812
20933	1	20994
21272	2	11585
19920	3	19916
14946	0	14914
16153	1	16190
21603	0	21564
17715	0	17712
17470	2	12621
11248	3	24125
19017	0	18746
20639	1	20658
24337	0	24325
18075	4	17786
21110	0	21100
20967	0	20903
23358	0	23353
13331	0	13281
14299	0	13801
20401	1	20508
20260	0	20215
21075	0	21063
16469	0	16451
15834	4	15812
12495	0	12488
19768	1	19828
12509	0	12504
15672	2	11364
20083	2	13365
13212	1	13244
16051	1	16083
17671	0	17665
17511	1	17535
20841	2	11330
11412	2	11572
23464	0	23414
23532	0	23524
19945	0	19934
20950	0	20903
14365	1	14405
14282	0	13801
15115	3	15133
20243	0	20215
13813	0	13801
20197	0	20079
18163	4	17786
20375	1	20487
20262	1	20329
24004	1	24040
17497	2	17498
21610	0	21600
18436	0	18389
20933	0	20903
17689	2	12816
22935	4	22630
18391	3	18612
23542	1	23571
17351	2	11554
20908	2	19670
16450	3	11338
16995	1	16994
21343	0	21311
19869	3	19916
13564	0	13549
11333	3	13412
15321	1	15476
13049	0	12504
20885	2	11508
24214	1	24219
12580	0	12504
21521	3	13461
20776	2	11873
16986	1	16984
22892	1	22891
21326	0	21311
18417	0	15072
21522	3	12933
12995	3	11542
14882	1	14881
23652	2	19681
12786	4	12504
20974	0	20915
20112	1	20152
21756	1	21864
18277	4	17786
21357	0	21303
17308	1	17317
11190	3	13006
23653	2	13090
11678	3	13044
16243	2	11514
15630	1	15629
18400	0	15072
24263	0	24221
11527	2	11549
22637	1	22741
15362	1	15515
13281	2	11243
20846	2	20884
14340	0	14324
13638	0	13281
15362	0	15263
11278	0	11251
24246	0	24221
22569	0	22564
21708	2	12608
11981	3	12390
13050	2	11402
13621	0	13281
17581	1	17638
16331	2	11514
15345	0	15263
24474	2	13395
13124	3	13130
13281	2	13471
21173	1	21223
24229	0	24221
23886	1	23892
11787	0	11761
23220	1	23267
11527	2	11683
14698	1	14752
21688	2	21709
14993	4	14986
24376	0	24345
22227	2	11873
18422	0	18389
14653	0	14452
11770	0	11761
24075	2	15108
17438	3	17463
24208	0	24209
18976	1	19256
17497	2	16022
19341	0	18631
23385	0	23371
14662	1	14663
14947	0	14913
16243	2	16320
23683	0	23652
13479	0	13471
24119	2	11523
22288	2	16023
19983	2	17495
17368	2	11367
21351	0	21309
19446	0	18631
18442	0	15070
20602	2	11518
11535	0	11525
15882	0	15857
20640	0	20636
14093	4	13801
23194	0	23179
18318	0	17786
17068	4	16507
16030	1	16076
18199	4	18047
15605	4	15266
20259	1	20326
23027	1	23120
21334	0	21309
19429	0	18631
18425	0	15070
19530	4	18631
14677	1	14716
18493	0	18389
18633	1	18651
20069	3	24408
20732	3	20727
21063	2	11683
23666	0	15717
14525	0	14452
18453	1	18561
14626	4	14452
12015	0	11983
19547	2	11364
20221	0	15053
14192	1	14191
18408	0	15070
22594	0	22562
12809	0	12810
16467	1	16491
20040	4	19983
17031	1	17030
24119	3	24125
13397	0	13051
18476	0	18389
21509	0	21508
14059	4	13801
20965	0	20913
20715	3	20727
16933	0	16507
18781	0	18746
17467	2	17481
19517	0	18631
12038	0	11985
13052	2	11523
14609	4	14452
20201	0	20196
11394	3	16211
18474	0	15072
19439	1	19438
19395	0	18631
22577	0	22562
20023	4	19983
13053	2	13068
22132	1	22136
20120	0	20080
20861	0	20920
21309	2	11556
15393	1	15545
21688	3	13130
20891	0	20884
13124	2	11244
13796	2	13794
22582	0	22557
11331	3	21552
18764	0	18746
20027	0	19983
11985	2	11613
22497	1	22496
14491	1	14498
14046	0	13801
14941	0	14919
17411	0	17386
11365	3	13018
20842	2	11664
17308	0	16504
20103	0	20080
13924	0	13801
11331	3	13042
19983	2	13791
22565	0	22557
11630	0	11412
18432	0	17361
18747	0	18746
11613	3	13023
17394	0	17386
16677	1	16676
14812	1	14811
20775	2	11358
21164	3	21267
21336	0	21305
20945	0	20908
16414	3	11557
23845	0	23743
12504	2	11242
21984	1	22075
13281	2	11190
13097	2	11331
23605	2	12820
14487	3	14508
23443	1	23496
16024	0	16015
20098	0	19983
11179	3	13036
22288	2	11514
18492	0	18390
13055	2	11365
20928	0	20908
11176	3	21562
13101	0	13097
22326	1	22352
11369	2	11407
11360	2	19671
24119	2	11336
20429	0	20367
21211	0	21270
16568	4	16507
18475	0	18390
18446	0	15053
22147	2	22144
17142	4	16507
20229	0	19983
22359	0	22230
22512	4	22392
15053	2	11244
20858	0	20843
18499	0	15070
20412	0	20367
14248	0	13801
17729	3	12501
13528	1	13538
19888	0	19686
18458	0	18390
20968	0	20916
14798	0	14452
13051	2	11329
18429	0	15053
17071	1	17070
16656	4	16507
24258	0	24226
18482	0	15070
20395	0	20367
11531	2	11190
16507	2	17342
16255	0	16145
17668	1	17682
17712	3	12501
12171	1	12358
13051	2	11679
16534	4	16507
19871	0	19686
20195	2	11364
20805	0	20775
15070	2	20070
16351	0	16330
17108	4	16507
17355	3	11904
22325	0	22230
11412	2	11682
21522	3	19914
18450	0	18390
24241	0	24226
20280	0	20218
13052	2	11336
24156	0	24119
20939	0	20914
11925	3	11911
19676	0	19677
21958	0	21936
18465	0	15070
19702	1	19720
17797	1	17796
11365	3	11542
12177	0	11983
20734	3	13047
17877	0	17841
24210	2	13882
16744	4	16507
16334	0	16330
11888	2	11365
15717	2	11333
22560	2	11683
16622	4	16507
20263	0	20218
22713	1	22817
20922	0	20914
14120	0	13801
21941	0	21936
14221	4	13801
17841	2	11403
21823	1	21930
20283	0	19983
11367	3	19914
14562	0	14514
17860	0	17841
20953	0	20906
14452	3	14736
15717	2	12622
13433	0	13416
11938	0	11927
20909	2	11331
20253	0	15053
23323	0	22630
23415	2	11408
14545	0	14514
21202	0	21164
16710	4	16507
14213	4	13801
23994	1	24031
11441	4	11412
20936	0	20906
16445	2	12675
24235	1	24283
19699	0	19685
21354	0	21304
21731	1	21840
13381	0	13379
17358	2	12481
20236	0	15053
22002	1	22093
11685	2	11551
15730	1	15744
11424	4	11412
12997	3	13033
23864	4	23743
23414	3	13046
13631	1	13714
20710	2	11513
13281	2	11353
23315	0	22630
21337	0	21304
11161	2	11247
11509	3	16205
15277	0	15266
16015	2	12481
23421	0	23415
20916	2	11394
23825	1	23824
21138	0	21125
21626	0	21564
11919	3	11917
17520	0	17503
12914	0	12891
16946	4	16507
11903	3	22121
21313	1	21391
14924	2	14912
15712	2	15713
15204	4	15053
18730	1	18739
24266	0	24224
14917	2	14983
15365	1	15518
20859	0	20909
15715	2	11509
18503	0	15053
12897	0	12891
15168	0	15051
15365	0	15266
20846	2	11329
23469	0	23413
17263	0	17261
20469	0	20367
24249	0	24224
19944	0	13619
18730	0	18672
13150	0	12733
15803	1	15809
11767	0	11762
11998	0	11983
13227	0	13214
21365	0	21310
20846	2	11679
18077	1	18078
21555	2	11517
16811	0	16507
18486	0	15053
23288	4	22630
15151	0	15051
15348	0	15266
14527	1	14566
16523	2	16525
20452	0	20367
17107	1	17106
20948	0	20913
14936	0	14924
23418	3	21055
23811	4	23809
16331	2	11758
20716	2	20734
20173	3	15699
13210	0	13214
21348	0	21310
13913	1	13954
18469	0	15053
16528	2	16520
20006	4	19983
20725	3	13045
15331	0	15266
22492	4	11256
11483	0	11473
19746	0	19689
12473	0	11985
20636	2	11409
12876	3	13877
16454	0	16445
12504	2	11673
21331	0	21310
19689	2	19928
18979	1	19259
12516	1	12536
18490	0	18390
18348	2	15109
19729	0	19689
14492	0	14489
20201	1	20208
19869	2	16389
12878	2	12979
17473	2	17492
21314	0	21310
20923	0	20913
14140	1	14139
20901	0	20907
15857	2	15855
19983	2	11323
21319	0	21305
11613	3	12999
22562	2	11358
11242	3	20671
16753	1	16752
23030	1	23123
19592	1	19591
19700	0	19687
15908	1	15919
16139	1	16140
18636	1	18654
13152	0	12504
20710	2	11326
23021	1	23113
16776	4	16507
18456	1	18564
11573	2	11587
16872	4	16507
13416	2	11181
20362	2	11325
20963	0	20921
14938	0	14920
12023	0	11981
12495	1	12500
13135	0	12504
20918	0	20846
16445	2	11683
16349	1	16376
16336	1	16364
15856	0	15855
14338	0	14324
16445	2	12622
18200	4	18271
14921	0	14920
16348	0	13619
12006	0	11981
15672	3	15698
20123	0	20083
24074	2	24069
16625	1	16624
24073	3	24065
22585	0	22560
14494	1	14501
16204	3	18382
12738	2	11517
23587	0	23585
20934	0	20919
21722	0	21720
14952	0	14912
14944	0	14922
18348	2	11405
11245	3	19965
15645	4	15266
11989	0	11981
20106	0	20083
20635	3	13130
12661	2	12678
21787	0	21718
22568	0	22560
20014	4	19981
17147	1	17146
11526	2	11554
18407	0	18393
14935	0	14912
18751	0	18631
16144	2	11394
16327	3	20671
13050	2	11459
24095	2	11541
22125	3	22123
21125	2	21130
17385	2	11670
21810	0	21720
15785	0	15719
23349	2	11585
21950	0	21936
17351	2	17356
15764	4	15719
21344	0	21303
20904	2	11336
14739	3	15699
20908	2	16023
12995	3	13022
21793	0	21720
20931	0	20911
23653	2	11187
17371	0	17368
11182	3	21118
21327	0	21303
18349	3	18382
19881	0	19867
11187	3	13034
21479	0	21470
17361	2	11516
18154	1	18153
16169	0	16144
18478	0	18393
13619	2	11188
21776	0	21720
15751	0	15719
15603	4	15266
18446	1	18555
20125	0	20079
16348	0	16331
23345	2	11549
18472	0	17361
23742	4	23743
14363	0	14322
22021	0	21936
18461	0	18393
14946	0	14918
11373	0	11344
20108	0	20079
20051	2	11607
20750	0	20739
18455	0	17361
14346	0	14322
21302	0	21303
23066	1	23159
22397	0	11256
12580	1	12599
13554	1	13573
19689	2	11365
20849	0	20841
15187	1	15186
23464	0	23418
23830	4	23743
18438	0	17361
15898	2	12482
11534	0	11527
14934	0	14913
21730	0	21718
14329	0	14322
12995	2	11187
11712	1	11710
16346	1	16373
12089	1	12398
23415	2	11518
23813	4	23743
18436	0	18393
22485	0	11256
18842	0	18631
12124	0	11985
23552	0	13619
23552	0	23418
20962	1	21032
14565	0	14517
20856	0	20904
18947	0	18631
24224	2	20173
12168	0	11981
18825	0	18631
12506	1	12546
11526	2	11367
23535	0	13619
23609	0	23605
11344	2	11364
11656	1	11661
12800	4	12749
23535	0	23418
20435	0	20367
17472	2	11682
14548	0	14517
18930	0	18631
12151	0	11981
18808	0	18631
11190	3	13010
20096	0	19983
15296	0	15265
16504	3	11366
21046	0	20846
24263	0	24225
11527	2	11553
16271	0	16243
21077	0	21063
15836	4	15812
18363	0	18344
24227	2	24409
18913	0	18631
13281	2	11247
12078	0	11983
23664	1	23706
20927	0	20904
24246	0	24225
12143	0	11981
22630	3	13413
17361	2	11329
11981	3	12394
24225	2	13363
18896	0	18631
13911	0	13801
13053	2	11515
23684	0	17712
14680	1	14719
13421	0	13281
21470	2	11520
20117	0	20081
14478	3	11522
15823	0	15812
12734	2	11243
24269	0	24227
12583	1	12602
24229	0	24225
18220	4	18087
20268	0	20217
12126	0	11981
21688	2	11914
17055	1	17054
23414	2	15108
16145	3	13461
11356	3	19965
23667	0	17712
11240	3	13046
11480	0	11474
20100	0	20081
16829	1	16828
23412	1	23470
20251	0	20217
12517	0	12503
15952	2	15972
15958	0	15952
12094	1	12287
12822	2	11243
21133	1	21144
19689	2	11178
21825	0	21720
14947	0	14917
17211	4	16507
15952	2	13878
18906	1	19186
23906	0	23887
22697	1	22801
11529	2	11549
20716	2	11179
11535	0	11529
11514	3	24125
11486	0	11476
18488	1	18593
17499	2	11183
13368	2	11350
23415	2	11331
16504	2	11409
11818	0	11763
11670	3	18608
11394	3	13048
20602	2	11872
23985	2	13616
23889	0	23887
11245	3	16208
17473	2	13064
15060	0	15051
18982	1	19262
24228	1	24277
18493	0	18393
21339	0	21308
20885	2	11325
16029	0	15952
21125	3	13461
11343	2	11352
14536	1	14601
22008	1	22099
15387	0	15265
11515	3	16205
24271	0	24223
17846	1	17882
19983	2	20077
17360	2	11330
23423	1	23476
17181	0	16507
18476	0	18393
21322	0	21308
23977	0	23887
22582	1	22628
15370	0	15265
21384	0	21167
18231	4	18248
16444	2	11187
13360	2	11320
18481	0	18388
13126	3	15699
17201	1	17200
18987	0	18631
11888	2	11556
18639	1	18657
23356	0	23346
13796	2	13798
22582	0	22561
11252	2	11323
15353	0	15265
15358	1	15512
21367	0	21167
18459	1	18567
16243	2	11681
12735	2	11518
13679	1	13763
17269	0	17261
18464	0	18388
14358	0	14327
14941	0	14923
11888	2	11906
11365	3	13022
14643	1	14642
12026	0	11984
17868	0	17786
17969	4	17786
11331	3	13046
22565	0	22561
12439	0	11983
17513	0	17473
22561	2	11325
20233	0	20218
18320	0	17786
21270	2	11329
12009	0	11984
17851	0	17786
20952	0	20841
24077	2	24072
12422	0	11983
18962	0	18631
14929	0	14918
11369	2	12566
17497	2	11517
21709	2	11873
16446	3	16502
22288	2	11518
13673	0	13619
13281	2	11544
21284	0	21272
18945	0	18631
13133	2	11547
13527	2	11663
19686	3	19916
18783	0	18746
13804	1	13841
13796	2	11249
11653	0	11573
14818	1	14817
11360	2	19675
13141	0	13133
15980	0	15972
13656	0	13619
18102	1	18101
14065	0	13801
20058	2	11521
11412	2	11552
20909	2	17483
22170	0	22144
17578	0	17548
19676	0	19547
18766	0	18746
13230	1	13261
24209	3	24125
11325	3	21562
24080	0	24074
14048	0	13801
20968	0	20920
14149	4	13801
14909	4	14877
23987	1	24023
18871	0	18746
23415	3	11904
17561	0	17548
24259	1	24307
15053	3	18616
19884	0	19870
12883	1	12887
18749	0	18746
22162	0	22144
20710	2	11249
19547	2	11181
16507	2	17346
19016	0	18631
23602	3	23600
18642	1	18660
23014	1	23107
15786	2	15107
18854	0	18746
16021	3	22294
15227	4	15051
22438	0	22392
15335	0	15266
20956	0	20915
17695	0	17684
22145	0	22144
13274	3	22123
14136	0	13801
23585	3	23600
23849	1	23848
11390	3	16208
15210	4	15051
18837	0	18746
15874	2	11903
15318	0	15266
18767	1	19307
22573	0	22559
20695	0	20682
13535	0	13527
12735	2	11331
12504	2	11864
20857	0	20917
18942	0	18746
20934	0	20842
16587	1	16586
21549	1	21558
18388	3	13275
23524	2	12387
23913	0	23897
20970	0	20907
23647	4	23630
20361	2	11321
14937	0	14916
14452	2	14515
11579	0	11654
23227	0	23179
11311	3	20671
14292	1	14312
17385	2	11243
15310	0	15266
17925	0	17786
20918	0	20903
22509	0	22392
20079	2	13793
23896	0	23897
19983	2	11514
20905	2	11515
20767	3	18382
20906	2	20992
19699	0	19689
18131	4	17786
21354	0	21308
15293	0	15266
24081	0	20195
20941	0	20905
23179	3	11340
24079	0	24075
15988	0	15970
12997	3	13037
23203	1	23250
22288	2	11331
12504	2	11409
15275	1	15430
21337	0	21308
21063	2	11179
13370	0	13281
15276	0	15266
20924	0	20905
23585	2	11185
20282	0	20218
21522	3	16214
17850	1	17897
13403	1	13411
11412	2	11365
12154	0	11984
17996	0	17786
13555	0	13551
18097	4	17786
20906	2	11327
21213	0	21165
14924	2	14916
16746	4	16507
12754	4	12504
16421	1	16437
20265	0	20218
21167	2	21311
24379	1	24443
20859	0	20913
17361	3	18615
20115	1	20156
20842	2	19670
23667	1	23709
22467	0	22392
13105	0	12504
18343	2	11365
22233	0	22227
12636	0	12504
20964	0	20913
16146	0	16142
20248	0	20218
20774	2	11403
19572	1	19571
22411	1	22410
18084	0	17786
12029	1	12231
21068	0	21061
16462	0	16449
16311	0	16145
14210	0	13801
21108	1	21120
17425	2	12823
12844	0	12827
20948	0	20917
12129	0	11984
20231	0	20218
14471	2	12542
15857	3	15950
12940	3	16316
16528	2	16524
11269	0	11253
20732	3	18613
12112	0	11984
13050	2	12939
24144	1	24183
16454	0	16449
15857	2	11187
16699	0	16507
21109	0	21100
15253	0	15071
14911	2	14984
14176	0	13801
17670	0	17665
21329	1	21407
18999	0	18746
19547	2	17894
17473	2	17496
16414	2	11336
18413	0	18391
20923	0	20917
14281	0	13801
20901	0	20911
14564	1	14594
13812	0	13801
19983	2	11327
18306	1	18305
21319	0	21309
11613	3	13003
21345	0	21306
20974	0	20842
18982	0	18746
21936	2	11903
11190	3	12933
14355	1	14395
21609	0	21600
21684	1	21696
18985	1	19265
24231	1	24280
12880	2	11331
15769	1	15768
22011	1	22102
13563	0	13549
20905	2	12617
17786	2	11403
15846	0	15812
18501	0	18391
11402	3	22121
13627	1	13711
15857	2	11671
11809	0	11761
14146	1	14145
21480	1	21492
18293	4	17786
11179	3	13016
12023	0	11985
24252	0	18347
18184	4	18151
16446	2	11365
21325	0	21311
15717	3	12394
15273	0	15263
20696	0	20636
13050	2	11329
23305	1	23304
18484	0	18391
17310	0	16504
19648	0	11369
17548	2	17666
20057	0	20058
17469	2	11394
20715	2	13395
20043	1	20042
11792	0	11761
18178	1	18177
16901	0	16507
12006	0	11985
19485	0	18631
24235	0	18347
23381	1	23401
22585	0	22564
14872	1	14871
17952	1	17951
20951	0	20920
23546	0	23526
12111	0	11985
12504	2	11356
24401	0	23652
18259	4	17786
12781	1	12780
16066	1	16095
18417	0	17361
15620	1	15619
19995	0	19983
21373	0	21309
11989	0	11985
22568	0	22564
22230	3	22354
19370	4	18631
14014	0	13801
14787	4	14452
11919	3	20728
12884	0	12878
12094	0	11985
14564	0	14452
22582	0	20711
14936	1	14966
24384	0	23652
11582	3	19662
21571	0	21564
18390	3	11340
18400	0	17361
21139	1	21150
23035	0	22630
24392	0	24345
14940	0	14911
21305	2	13273
18246	0	17786
24010	0	23985
16972	0	16507
14700	0	14669
12077	0	11985
14547	0	14452
22565	0	20711
16120	0	16119
24367	0	23652
18631	2	13060
16874	4	16507
23018	0	22630
12995	3	13026
12781	0	12504
24375	0	24345
21305	2	11179
18350	0	18344
14472	2	12560
20931	0	20915
20774	2	11350
11252	3	11337
14652	0	14452
12521	1	12554
20712	2	11676
23993	0	23985
14683	0	14669
14530	0	14452
11903	3	21267
11187	3	13038
13807	1	13844
13055	2	11613
11516	3	17323
24358	0	24345
14635	0	14452
22630	2	23178
20125	0	20083
13395	3	19964
21957	1	22049
23353	2	11364
16962	4	16507
20033	4	19981
18324	1	18323
13360	2	11243
22228	2	11190
11985	2	11190
12031	0	11983
11360	2	11409
15031	1	15029
17492	2	11311
20108	0	20083
11254	2	11327
24262	1	24310
15971	0	15970
11367	3	22122
20016	4	19981
20715	2	11919
18672	2	11355
16336	0	16330
23017	1	23110
12997	3	13013
17841	2	11517
19411	0	18631
17734	1	17774
21812	0	21720
23986	2	11404
11165	0	11159
11534	0	11531
12883	0	12879
11350	3	11542
23687	0	23653
14934	0	14917
15757	1	15755
23351	2	11585
17261	2	11245
19936	1	19948
11476	2	11517
13663	1	13747
13619	2	11676
20003	0	19981
18473	0	15072
11330	3	13877
14334	0	14321
20682	2	11394
21795	0	21720
23670	0	23653
19677	2	11364
16712	4	16507
18456	0	15072
11256	2	11903
22309	0	22303
20856	0	20908
13600	1	13611
22163	1	22189
21778	0	21720
20885	2	11516
17063	0	16507
12168	0	11985
17164	4	16507
23179	3	12389
21570	0	13416
17868	0	17843
22487	1	22486
16471	0	16446
19942	0	19934
18439	0	15072
23077	1	23169
11375	0	11344
12151	0	11985
21357	0	21311
11358	3	19916
11190	3	13014
22440	4	22392
17851	0	17843
16577	0	16507
19889	0	19869
17753	1	17770
14277	4	13801
15952	2	11520
12878	2	11320
22630	2	11903
17151	0	16507
19680	2	11607
14827	4	14452
11330	3	11917
16447	3	11338
21936	2	22133
16243	2	11872
22423	4	22392
18431	0	15072
22144	3	11189
19872	0	19869
23832	4	23743
12525	1	12537
13065	3	13038
11761	2	11866
20927	0	20908
14345	0	14327
17415	1	17414
15021	1	15020
13669	0	13281
11252	2	11864
20245	0	19983
14709	0	14452
11326	3	13036
13053	2	11519
22253	0	22230
23815	4	23743
13051	2	12545
17239	0	16507
14328	0	14327
14814	0	14452
11979	3	15700
18997	1	19276
22487	0	11256
11893	1	11897
13619	2	11355
21328	0	21306
24382	1	24446
12575	0	12570
20118	1	20159
20228	0	19983
14692	0	14452
20939	0	20841
16450	3	16502
17805	0	17841
23819	0	23743
15172	4	15053
11266	0	11254
24234	0	24224
24101	0	24095
11190	3	19914
24260	0	24221
17684	2	15110
21820	0	21718
13211	2	11183
22694	0	22630
19887	0	19686
20775	2	11903
23695	0	23651
14284	0	14280
20105	0	20080
20922	0	20841
21553	2	11323
20394	1	20592
23802	0	23743
20256	0	20216
16254	0	16145
14416	0	14327
17667	2	15110
19547	2	11238
22677	0	22630
16505	1	16511
14780	0	14452
15159	0	15053
23460	0	23415
17924	1	17930
11178	3	12739
20194	0	19983
11394	3	21562
21521	3	19914
20946	0	20904
23785	0	23743
24155	0	24119
20239	0	20216
24212	0	17361
18254	1	18253
24073	2	20060
12901	0	12504
23443	0	23415
18432	0	18390
20929	0	20904
16826	1	16824
23851	4	23864
11677	3	12475
23225	0	23179
20222	0	20216
16035	1	16079
15247	0	15053
21339	0	21312
23548	0	23415
11343	2	11356
13560	0	13550
21332	1	21410
20356	0	20355
20846	2	20921
12884	0	12504
20844	2	11394
22652	0	22630
18418	1	18532
24271	0	24227
19983	2	20081
20738	0	20712
21370	0	21304
18643	0	18630
23697	0	15717
23226	0	22630
13395	3	13040
21322	0	21312
20908	2	11331
20613	0	20367
23531	0	23415
20252	0	15053
21125	2	11900
21549	0	21548
23414	2	11408
11654	2	11237
20079	2	11406
14358	1	14398
22635	0	22630
12504	3	13031
17468	2	12618
11979	3	16318
21353	0	21304
24227	2	24226
23209	0	22630
23680	0	15717
15213	0	15053
18082	1	18081
24227	2	11394
20596	0	20367
23356	0	23350
20235	0	15053
17603	1	17660
12119	1	12310
24372	1	24437
20709	0	20710
11471	4	11434
15323	1	15479
14986	2	15048
23660	1	23703
23874	4	23872
13232	0	13214
11365	3	13026
18414	0	15053
16739	0	16507
16840	4	16507
23192	0	22630
17745	0	17729
11984	2	11365
15079	0	15051
19983	2	20215
22266	1	22280
15180	4	15051
19983	2	13799
20915	2	11394
11274	0	11252
11275	1	11302
23451	1	23504
24227	3	13093
20380	0	20367
20910	2	20992
16415	0	16411
11746	1	11744
18397	0	15053
24077	2	24076
23384	1	23404
15578	3	17529
16424	0	16411
18435	0	18390
22706	0	22630
14929	0	14922
15105	3	13046
19680	2	11554
21128	2	21161
17296	0	16507
22228	3	17834
24007	0	23986
11251	2	11400
16031	0	15952
24146	1	24187
23468	0	23413
16705	0	16507
20571	3	22122
12504	2	11600
18418	0	18390
24137	1	24177
23990	0	23986
14939	1	14969
22289	2	11903
21807	1	21926
20910	2	11327
15712	2	11586
18681	1	18680
11324	3	15699
22288	2	11872
23049	1	23142
14943	0	14914
21614	0	21599
14485	0	14487
23679	0	23653
11412	2	11556
12504	2	12889
20195	2	11588
11356	3	19916
19577	4	19547
18506	0	18390
14258	1	14257
17271	0	16507
14926	0	14914
22630	2	11395
17366	2	12564
19745	0	19689
17311	1	17320
19314	0	19309
20747	1	20760
20635	2	11409
18343	2	11556
15898	3	13976
12383	3	20671
14279	0	13801
12441	0	11983
20367	2	11678
21761	0	21720
23467	1	23516
22158	0	22143
18489	0	18390
15875	0	15874
18347	2	15109
14489	3	14503
14054	1	14053
23227	1	23274
11950	1	11977
23644	0	23622
18969	1	19249
22932	4	22630
11173	3	13041
11531	2	11548
23897	2	11237
11240	3	18608
20956	0	20919
21130	2	21157
13436	1	13456
16119	2	16132
11665	3	11559
23218	1	23264
18692	4	18631
13053	2	12889
23814	1	23815
20842	2	16023
20633	2	14484
24272	0	24226
14130	1	14129
14331	0	14322
22915	4	22630
21989	0	21936
20116	0	20081
24209	2	11179
20857	0	20921
14739	3	13048
23289	1	23288
20934	0	20846
11482	0	11412
14878	1	14877
22578	0	22558
22595	0	11251
17473	2	13365
20970	0	20911
23634	4	23622
14354	0	14324
20095	1	20136
21752	1	21860
21739	1	21848
20924	1	21000
23418	2	13619
21972	0	21936
20962	0	20921
23690	0	23656
14937	0	14920
16404	0	16331
18679	0	18631
16059	1	16089
15071	2	11184
11688	4	11412
20099	0	20081
20802	0	20775
11465	0	11412
17469	2	14484
20816	1	20837
13666	1	13750
16468	0	16447
14942	1	14972
23673	0	23656
20749	0	20710
11321	3	20722
20082	0	20081
22368	0	22288
21803	0	21718
20941	0	20909
20711	2	11188
20633	2	11585
20083	2	11873
19925	3	19914
23215	0	23178
13492	1	13510
22562	2	11903
13603	1	13614
17668	0	17548
18347	2	11405
16450	2	11365
14533	0	14517
21786	0	21718
20924	0	20909
17364	0	17366
23805	4	23806
23198	0	23178
23345	2	23369
20920	2	11336
23080	1	23172
13800	1	13838
14516	0	14517
17137	1	17136
18471	0	18391
21769	0	21718
16507	2	11902
12881	2	11323
16142	2	15110
20859	0	20917
23181	0	23178
20903	2	11336
14476	2	11683
23898	1	23934
13226	1	13258
19738	1	19798
21303	2	11323
12504	2	11547
20964	0	20917
18454	0	18391
15727	0	15717
11282	1	11312
20711	2	11672
16960	4	16507
22518	2	11404
22238	0	22226
17847	2	11173
19880	0	19867
11683	3	13877
22166	0	15715
15879	0	15857
17999	4	18000
13395	3	15699
16310	1	16313
11390	3	14736
24254	0	24227
20253	0	20217
17881	0	17842
21507	3	11522
12519	0	12503
13273	3	15699
12029	0	11983
20948	0	20921
24161	0	17361
20801	0	20776
20124	0	20079
24385	1	24449
11403	3	16205
23457	0	23416
24083	0	20195
18446	0	18391
15862	0	15857
11269	0	11257
24237	0	24227
19867	2	19918
20236	0	20217
13164	0	12733
22418	4	11256
19927	3	19910
11401	3	20671
17048	4	16507
23698	0	23654
20216	2	20349
13472	1	13481
16504	2	11523
20784	0	20776
17873	0	17842
12610	2	11584
13372	0	13281
18429	0	18391
18158	1	18157
20861	0	20904
24220	0	24227
12117	0	11983
13147	0	12733
16504	2	11873
18120	0	17786
12156	0	11984
13281	2	11979
21770	1	21878
14558	0	14515
17856	0	17842
23463	0	23418
22156	1	22183
15644	1	15643
18412	0	18391
13535	1	13545
11929	2	11979
12100	0	11983
20901	0	20915
11331	3	13026
13697	1	13780
19983	2	11331
11407	3	20673
11745	4	11412
13653	1	13736
11613	3	13007
11906	2	11923
15146	4	15051
14661	1	14659
14541	0	14515
20974	0	20846
21198	0	21165
15933	0	15857
23446	0	23418
22134	0	21936
19632	1	19631
21350	0	21305
12733	2	11190
15289	0	15263
11627	0	11412
11728	4	11412
12041	1	12242
17551	1	17608
22472	4	11256
16171	0	16144
13051	2	11179
14452	2	14466
11732	0	11412
11179	3	13020
21333	0	21305
20919	2	11324
23608	0	23605
15272	0	15263
11271	0	11253
17363	2	11923
21967	1	22059
13395	3	16317
20278	0	20215
22303	2	13059
13619	3	13782
11588	3	20722
12054	0	11981
18711	0	18631
16154	0	16144
16451	2	11364
17516	0	17504
15980	0	15952
11715	0	11412
11249	3	24125
21316	0	21305
17843	2	11190
15338	0	15265
20902	2	11324
21352	0	21167
11721	1	11720
20110	0	20079
22554	2	11510
21045	0	20846
23825	0	23743
22289	2	20173
24262	0	24225
20965	1	20986
21272	2	11329
14913	2	14984
12122	1	12313
21076	0	21063
20261	0	20215
12733	2	11324
24375	1	24440
13831	0	13801
12037	0	11981
17387	1	17396
19547	2	19671
13133	2	11311
21335	0	21167
23465	0	23414
13052	2	13064
22269	1	22283
24245	0	24225
11536	0	11527
19686	2	13793
20244	0	20215
11994	0	11984
13814	0	13801
12955	1	12973
12020	0	11981
12012	1	12216
20409	0	20367
15674	2	11550
24019	1	24056
14940	0	14915
22997	1	23090
11873	3	13046
17843	2	11324
12125	0	11981
19678	2	11356
21344	0	21311
15409	0	15265
18819	1	19099
14739	3	22123
16504	2	11336
19650	0	11360
12878	2	11511
11479	0	11474
14206	1	14205
18393	3	18613
23213	0	23178
12108	0	11981
11981	2	11240
18393	2	18388
23537	0	13619
21327	0	21311
15392	0	15265
11187	3	13042
24399	0	24227
16819	1	16818
11367	3	16515
23537	0	23418
18672	3	12389
18486	0	18391
12070	1	12410
15021	0	14986
12174	0	11983
21358	0	21303
22898	1	22897
15380	0	15263
23179	2	11900
23189	1	23238
18409	0	18388
17692	0	17689
20965	0	20844
12801	1	12808
12504	2	13133
13684	1	13766
18469	0	18391
14560	1	14591
23337	0	22630
21315	0	21306
13639	0	13281
11404	3	20727
14559	0	14514
21341	0	21303
15363	0	15263
17697	0	17684
15719	2	11179
11254	2	11331
17792	4	17786
21522	3	11522
18392	0	18388
14987	0	14986
21553	2	11514
12504	2	11978
13622	0	13281
17506	3	15699
14542	0	14514
12997	3	13017
20844	3	13366
20846	2	11179
24374	0	24227
15346	0	15263
16507	2	11178
23687	0	23657
17475	1	17479
13559	1	13576
24012	0	23985
18822	0	18746
21201	0	16118
17842	2	11178
17507	0	17502
14994	4	14986
24357	0	24227
11539	0	11530
17466	2	17485
21688	3	21705
15329	0	15263
17876	0	17847
14334	0	14325
12015	1	12219
24226	2	11979
23670	0	23657
21276	1	21290
12878	2	11190
20907	2	15104
23995	0	23985
21184	0	16118
11259	1	11286
12504	2	11173
16014	2	11249
20232	1	20299
11251	2	11323
13416	2	13580
17191	1	17190
23178	2	11404
20973	0	20914
17859	0	17847
20098	1	20139
14948	0	14913
18873	0	18631
18336	0	17786
15060	1	15067
14687	1	14747
17600	0	17548
21385	1	21460
19880	1	19903
16062	1	16092
20915	2	14484
17868	0	17847
24134	0	24119
21688	2	13882
23547	1	23575
16471	0	16450
22452	1	22453
14931	0	14913
18856	0	18631
18893	0	18746
17851	0	17847
16145	2	11979
15973	0	15970
16507	2	15045
13886	1	13891
11674	3	21551
14077	4	13801
18839	0	18631
21553	3	17834
19413	0	18631
13672	0	13619
20927	0	20912
16117	0	15952
18944	0	18631
15253	0	15051
13893	3	13875
15970	2	11336
20710	2	11176
19575	4	19547
17468	2	17481
19570	0	19547
17732	0	17729
13053	2	11523
20202	0	20196
18475	0	15072
22525	0	22518
15979	0	15972
14475	2	11331
13655	0	13619
19312	0	19309
16165	0	16145
14165	4	13801
20636	2	12682
18927	0	18631
11412	2	11613
15236	0	15051
21328	0	21310
21070	1	21088
23418	2	11903
21181	0	21165
24347	1	24413
23901	1	23937
21547	0	21556
18458	0	15072
21347	1	21424
24260	0	24225
22693	0	22630
22578	0	15715
21944	1	22036
13049	0	11256
15027	1	15026
20104	0	20080
20449	1	20547
22566	0	22557
16473	0	16446
11244	3	21097
18748	0	18746
12114	0	11984
19547	2	11242
23175	2	11324
18052	0	17786
11515	3	13046
13882	3	13877
20963	0	20905
21564	2	13068
16456	0	16446
20776	2	11914
14930	0	14914
20916	2	20990
11983	3	12389
15753	1	15752
13921	1	13960
11596	2	11603
11520	3	15700
22146	3	11189
23418	2	12387
11525	3	11558
11190	3	13047
23851	4	23868
19689	2	12825
23448	0	23414
21382	0	21310
15776	1	15784
20934	0	20903
13298	0	13281
14266	0	13801
17786	2	11517
12185	0	11984
19870	3	19916
15719	2	15798
21370	0	21308
14415	1	14434
14553	1	14585
16577	1	16576
23431	0	23414
18025	4	17786
16273	0	16145
14249	0	13801
13071	1	13081
16331	2	11555
12504	3	13035
21353	0	21308
12891	2	11903
21206	0	21163
22395	0	22392
24259	0	24226
22902	4	22630
14688	1	14725
16256	0	16145
14232	0	13801
18359	0	18345
17713	2	17726
19872	0	19686
13052	2	12824
22159	0	22146
12995	3	13006
19744	1	19804
17121	1	17120
11888	2	11914
16323	2	13090
19689	2	19725
21189	0	21163
20361	2	11516
11274	0	11256
16640	4	16507
24242	0	24226
22885	4	22630
13053	2	11336
21521	3	16214
18342	0	18345
14887	0	14452
17357	2	11330
14341	1	14381
12057	0	11984
23344	0	23349
11279	0	11251
20948	0	20844
21172	0	21163
15120	0	15115
19637	4	19569
22561	2	11683
12125	1	12316
11679	3	12475
20264	0	20218
14951	0	14918
22355	0	22288
11262	0	11251
17390	1	17399
17879	0	17842
23553	0	23524
21357	1	21433
20122	0	20079
20247	0	20218
20367	2	11548
20773	1	20785
21631	0	21600
16767	1	16766
14943	0	14918
16723	1	16722
12799	4	12774
14858	1	14857
19562	1	19561
17358	2	17352
12504	2	12893
15312	0	15263
20923	0	20844
20603	2	19675
20689	0	20679
11525	2	11550
12576	1	12595
14926	0	14918
11814	0	11764
11665	2	11177
24274	0	18347
21708	2	11173
24476	0	24474
19426	4	18631
24073	2	11367
11769	1	11881
22233	1	22243
20361	3	17836
22158	0	22147
21627	0	21564
20738	1	20754
11652	0	11654
20081	2	12820
18494	0	18389
22968	1	22979
11531	2	11552
23650	0	23652
17361	2	11179
20906	2	17483
19315	1	19320
18504	0	15053
21318	0	21309
16829	0	16507
16930	4	16507
19514	4	18631
11634	0	11623
11251	3	11308
18477	0	18389
20974	0	20903
22590	0	22564
13151	0	12733
16444	2	11358
12661	2	11320
11187	3	11542
18296	1	18295
14610	4	14452
18487	0	15053
21556	2	11517
23352	0	23347
22578	0	22562
20024	4	19983
23179	3	14597
15349	0	15266
11778	1	11830
13273	3	17529
20970	0	20915
18460	0	18389
19764	0	19689
21308	2	13363
13134	0	12733
17408	4	17386
14937	0	14924
18904	1	19183
20195	2	13365
16917	0	16507
24100	0	24095
13562	1	13579
21061	2	11325
18672	2	12542
17936	1	17939
16795	0	16507
22262	1	22277
20058	2	20068
19379	0	18631
16468	0	16451
21213	1	21264
20843	2	11664
18443	0	18389
13925	0	13801
23585	2	11409
17853	1	17910
19747	0	19689
24119	2	24209
12018	1	12222
20807	0	20774
11257	3	11340
14065	1	14063
17358	2	11554
21279	1	21293
13435	0	13281
11623	2	11321
11262	1	11289
23295	1	23294
11322	3	11308
19934	2	11244
20235	1	20302
19990	4	19983
15816	4	15812
23753	1	23751
14925	0	14919
22476	4	11256
11335	3	24125
13908	0	13801
19730	0	19689
21388	1	21463
13281	2	11365
18416	0	17361
20931	0	20842
22201	2	16392
11325	3	12739
11515	3	22121
20776	2	11190
17942	1	17941
23550	1	23578
23389	0	23371
20710	2	20735
11872	3	21552
16449	3	11338
20907	2	19670
20919	2	11515
18803	1	19083
14664	4	14452
18399	0	17361
15086	1	15102
16465	1	16489
12498	3	12501
14939	0	14911
16274	1	16300
14926	1	14956
20902	2	11515
15829	1	15828
13506	0	13281
14546	0	14452
15077	1	15092
23036	1	23129
22230	2	11401
12684	0	12504
21207	0	21272
12892	2	12940
13677	1	13760
11360	2	11336
21305	2	11240
20964	0	20921
22171	1	22197
15656	0	15266
11927	2	11613
16853	1	16851
22238	0	22230
22391	4	22392
11573	2	11331
12667	0	12504
12768	4	12504
23463	1	23513
11210	0	11161
14040	1	14039
19945	0	19869
21073	1	21091
20124	0	20083
20396	0	20367
17554	1	17611
13552	0	13551
21100	2	11914
14883	4	14452
11193	0	11161
21350	1	21427
13432	1	13453
21723	0	21720
21270	2	11179
15265	2	11508
22554	2	11246
18349	2	11405
21947	1	22039
17712	2	13363
15622	0	15266
22227	2	11190
16444	3	16499
20452	1	20550
18466	0	15070
20379	0	20367
24268	0	24223
22564	2	11678
18732	1	18738
11356	3	23600
18314	1	18313
20935	0	20916
20861	0	20908
20712	2	20731
17497	2	11367
15053	2	11903
17092	4	16507
22309	0	22230
24252	1	24300
17741	1	17764
18449	0	15070
24140	0	24119
24251	0	24223
12878	2	12991
20966	0	20908
20710	2	11554
11365	3	13006
17153	1	17152
21065	0	21061
11164	0	11159
16507	2	11235
11769	0	11761
23350	2	11585
12161	0	11983
19983	2	20195
11331	3	13030
11517	3	20726
23875	0	23743
21718	2	11517
22292	0	22230
16464	0	16444
24119	2	11190
11613	3	13011
23678	1	23720
16505	0	16507
23753	0	23743
18417	0	18390
16606	4	16507
22958	0	22630
16507	2	11585
19680	2	11184
14333	0	14321
18334	0	17786
21794	0	21720
17692	1	17701
20633	2	11402
15876	2	11182
17180	4	16507
21350	0	21309
18441	0	15070
17844	0	17841
19882	0	19867
12878	2	11247
22205	1	22216
18640	0	11256
18400	0	18390
12737	2	11364
15715	2	11550
22308	0	22303
23682	0	15717
12734	3	12739
11179	3	13024
21333	0	21309
14529	0	14514
18424	0	15070
23841	0	23743
18473	0	17361
12803	0	12804
24211	0	24119
17025	1	17024
16572	4	16507
12385	3	22123
23613	0	23604
23585	2	11356
23194	0	22630
17045	0	16507
11374	0	11344
22477	1	22476
21316	0	21309
21169	0	21164
22922	1	22921
20751	0	20739
18456	0	17361
12133	1	12416
20916	2	11919
11474	2	11395
11797	0	11764
21167	2	11683
12910	0	12893
19875	0	19689
24227	2	24474
22559	2	11509
17506	3	17529
17730	0	17729
11251	2	11514
11259	0	11252
19547	2	19675
17756	1	17772
16595	1	16594
22229	0	22228
20968	0	20904
13422	1	13444
15717	2	11187
21340	1	21418
17503	3	15697
14163	4	13801
20922	1	20993
13052	2	13068
18439	0	17361
20402	1	20509
19403	1	19401
20960	0	20914
11536	0	11531
13416	3	11340
20442	1	20541
20079	2	16326
19499	0	18631
11984	2	11613
20842	2	11331
15935	0	15857
20693	0	20636
11530	3	11557
15011	1	15010
23346	2	11680
12128	1	12319
16323	2	11240
11514	3	20673
24242	1	24291
12125	0	11985
23553	0	13619
21361	0	21312
23453	0	23413
13052	2	11324
23553	0	23418
18442	0	18388
20939	0	20902
11265	0	11254
20453	0	20367
23890	1	23895
11367	3	18613
21978	1	22069
17492	2	11185
14028	0	13801
12190	0	11983
17355	3	16214
18470	0	15053
14283	0	14280
17003	0	16507
21163	3	21267
18826	0	18631
12108	0	11985
20114	0	19983
24398	0	23652
20274	0	15053
23436	0	23413
18425	0	18388
20922	0	20902
16507	2	16525
15154	4	15053
20436	0	20367
13905	1	13944
12484	2	12490
20710	2	11367
14784	4	14452
22293	1	22299
18631	2	11324
20097	0	19983
22287	2	11514
23459	0	23415
20257	0	15053
23419	0	23413
16419	1	16434
18408	0	18388
14116	0	13801
20607	1	20621
12960	0	12881
16272	0	16243
19686	2	11248
12579	1	12598
22523	0	22392
21315	0	21310
17366	2	11873
14657	1	14656
14476	2	11179
24072	2	20060
12881	2	11758
16980	1	16978
18474	0	18390
11254	2	11335
15110	3	13040
22210	0	22203
12943	0	12881
13550	2	11358
23224	0	23179
22554	2	11543
22236	1	22246
13801	3	13976
13640	1	13723
21553	2	11518
12997	3	13021
13360	2	12540
16768	4	16507
11398	3	22122
20879	1	20881
22971	1	22982
21106	1	21117
11161	2	11235
11805	0	11762
19696	0	19689
23207	0	23179
11242	3	22135
13794	2	11543
16053	0	15952
23696	0	15717
15192	1	15193
22489	0	22392
11256	2	13066
12432	0	11985
11788	0	11762
21386	0	21310
16350	0	16330
15952	2	11394
23208	0	22630
11251	2	11327
20947	0	20921
20742	2	11519
21369	0	21310
18630	2	11178
11983	2	11365
24362	1	24427
20930	0	20921
16332	0	13619
17360	2	17356
15674	2	11367
23339	0	22630
13102	0	12504
21282	1	21296
16726	4	16507
21720	2	11676
23890	0	23887
11265	1	11292
21207	1	21257
14936	0	14912
21691	1	21700
17199	0	16507
11508	3	13038
24006	0	23986
24227	2	11589
13053	2	12682
20050	2	11237
23374	1	23394
20846	3	13366
15684	0	16414
16459	0	16449
19547	2	19622
18499	0	18388
15628	0	15857
15318	1	15473
19698	0	19685
20927	0	20916
14911	2	11585
20740	0	20712
18806	1	19086
23787	4	23868
12663	1	12669
23989	0	23986
11360	2	12385
16014	3	11558
18482	0	18388
17366	2	11336
11675	3	11557
15748	4	15719
17165	0	16507
11412	2	11617
20956	0	20846
12080	1	12274
14599	1	14615
19687	2	11678
12472	1	12477
16170	0	16144
19983	2	17727
18465	0	18388
17270	0	17261
12567	3	21551
19704	0	19687
13421	1	13464
20259	0	19983
18349	2	11515
18398	1	18513
11173	3	20673
21169	0	16118
24265	0	24224
20597	2	11324
21553	2	11331
16153	0	16144
12440	0	11983
20972	0	20919
17253	0	16507
16332	0	16331
20242	0	19983
17852	0	17786
20963	0	20909
24248	0	24224
14347	0	14322
12175	1	12361
11179	3	13000
13137	1	13175
21707	1	21712
20955	0	20919
17101	1	17100
14930	0	14918
18897	1	19177
15718	0	15719
21950	1	22042
16461	0	16445
18631	2	12560
16447	3	16502
18479	1	18584
16142	2	11520
18236	4	18121
14330	0	14322
24345	2	11684
21988	0	21936
11409	3	20673
20938	0	20919
20711	3	11340
20715	2	20734
23666	0	23654
12897	1	12917
23448	0	23418
13099	2	11510
11481	0	11412
20603	2	14739
18437	0	18393
20934	0	20907
11482	0	11473
22594	0	11251
12472	0	11985
11161	2	11182
21971	0	21936
12003	0	11985
20910	2	17483
17365	2	11190
21370	0	21312
19636	4	19603
23431	0	23418
22474	4	11256
18420	0	18393
16169	1	16223
22577	0	11251
20085	1	20126
16467	0	16447
20742	2	12621
23536	0	13619
19547	2	15113
20916	2	11679
12504	3	13039
23536	0	23418
21353	0	21312
17473	2	11682
19586	1	19585
11483	1	11499
21206	0	21167
19885	0	19870
20859	0	20844
16444	2	11549
12661	2	11511
14474	0	14478
18403	0	18393
17438	2	13365
20906	2	11608
17473	2	12621
16986	0	16507
18809	0	18631
23657	2	11187
24381	0	23652
20732	3	12933
12995	3	13010
15244	0	15053
23174	1	23176
20964	0	20844
20883	3	13069
14532	0	14517
21189	0	21167
19868	0	19870
21523	1	21535
15163	1	15162
11684	3	18382
15051	2	15054
11187	3	13022
18792	0	18631
16117	0	16119
24364	0	23652
11548	3	13038
15280	0	15265
23344	0	23353
16255	0	16243
11360	2	16520
11391	3	16208
11987	1	12196
21172	0	21167
13551	2	11240
16445	2	11350
18775	0	18631
11394	3	12739
14951	0	14922
16444	2	11683
23416	2	11403
21277	0	21167
16209	3	20727
24230	0	24225
13300	0	13281
19437	1	19436
20229	0	20215
13425	1	13447
17425	2	11599
11256	2	11403
12045	0	11983
23691	0	23652
12610	2	11511
21306	2	11903
12005	0	11981
20122	0	20083
11316	3	17458
11427	1	11426
18758	0	18631
20445	1	20544
22237	0	22226
23358	0	23345
20030	4	19981
18276	1	18275
20252	0	20217
12110	0	11981
14943	0	14922
12028	0	11983
17358	2	17356
19547	2	11409
11582	3	19914
23456	0	23416
20688	0	20679
14472	2	11523
20901	0	20842
24082	0	20195
11369	2	11184
17689	3	11340
20235	0	20217
12093	0	11981
18072	1	18071
23972	3	11557
14926	0	14922
16060	0	16015
12011	0	11983
13160	1	13199
18115	4	17786
23439	0	23416
21164	3	15701
23319	1	23318
21343	0	21303
13908	1	13947
11473	2	11517
11325	3	12475
20907	2	16023
15727	1	15733
13556	0	13551
13369	1	13374
18148	1	18147
18494	0	18393
21792	0	21720
17370	0	17368
12181	0	11981
20283	0	20215
11531	2	11556
11802	0	11763
23650	0	23656
11344	2	11352
12099	0	11983
14411	1	14431
21326	0	21303
18639	0	18631
15857	2	15924
11744	4	11412
21280	0	21167
22292	0	22287
24227	3	13130
13241	1	13270
22306	0	22303
18477	0	18393
12637	0	12504
12164	0	11981
22172	0	22143
16147	0	16142
11785	0	11763
11681	3	16208
15072	3	18615
23819	1	23818
14950	1	14980
23352	0	23351
13281	2	11235
15715	2	11607
20970	0	20919
18460	0	18393
13133	2	11238
23060	1	23153
22155	0	22143
23770	4	23868
21709	2	11914
12845	0	12827
15896	3	23600
23357	0	23346
21332	0	21305
15354	0	15265
24238	0	24223
17713	2	16388
13050	2	11394
18443	0	18393
23416	3	23519
12913	1	12934
19679	2	19629
15337	0	15265
17514	0	17473
21351	0	21167
20958	0	20914
13065	3	20727
14933	0	14913
13798	3	19914
14925	0	14923
17131	0	16507
11190	3	16515
20113	0	20081
15320	0	15265
21334	0	21167
21353	1	21430
12112	1	12303
24365	1	24430
18414	0	18391
18304	0	17786
20710	2	20739
16401	0	16331
15385	0	15263
21035	1	21040
15715	3	12501
15303	0	15265
21817	0	21718
11268	1	11295
14939	0	14915
12167	0	11981
18824	0	18631
11872	3	13046
18397	0	18391
17486	2	11365
24144	0	24210
12504	2	13060
15408	0	15265
20604	2	11588
21800	0	21718
11903	3	13038
21303	2	11331
11810	0	11761
23658	0	23654
13230	0	13211
23212	0	23178
18270	0	17786
15295	0	15265
17801	0	17786
11408	3	15700
11252	2	11177
24081	0	24074
22314	0	22301
18912	0	18631
22229	1	22240
22154	0	22144
21783	0	21718
18485	0	18391
13633	1	13717
16322	3	16318
15952	2	13061
13927	0	13801
20716	2	13395
23371	2	12564
15139	0	15053
20883	2	11585
12621	3	15700
18750	0	18746
14674	1	14713
24119	3	24117
11676	3	20722
14032	0	13801
15083	0	15071
12805	2	11365
13910	0	13801
19311	1	19317
13557	0	13550
13052	2	11515
23683	0	17712
21215	0	21164
19469	0	18631
22364	1	22380
18401	1	18516
15719	2	11240
24268	0	24227
14478	2	11903
19000	0	18631
21521	3	11522
20935	0	20920
11761	2	11313
20861	0	20912
12879	2	11178
23413	2	15108
16144	3	13461
20367	2	17460
20636	2	20635
20610	0	20367
18838	0	18746
20815	0	20776
20973	0	20841
24373	0	24227
22235	0	22226
22289	2	11403
17361	3	13045
18344	2	11333
20966	0	20912
24251	0	24227
14941	0	14911
11365	3	13010
18983	0	18631
13998	0	13801
21720	2	11249
23606	2	11190
23686	0	23657
14771	4	14452
17745	0	17713
13527	2	11517
11331	3	13034
24011	0	23985
20355	2	11245
18821	0	18746
15194	4	15051
11900	3	21118
20798	0	20776
11390	3	21055
24356	0	24227
21070	0	21060
24355	1	24421
22203	2	11615
18482	1	18587
14711	1	14737
21306	2	11179
14333	0	14325
23669	0	23657
11253	3	11337
20633	2	11406
21506	1	21511
20741	2	13064
18804	0	18746
20715	2	11179
24339	0	24227
11485	0	11476
13550	2	11549
13162	0	13133
14086	0	13801
14324	3	14407
13380	0	13527
13051	2	11187
12504	2	11584
20222	1	20289
24396	1	24460
15160	4	15051
21981	1	22072
17181	1	17180
16665	1	16663
13145	0	13133
24112	3	13129
22392	2	11681
17365	2	13878
12843	1	12867
21375	1	21450
13796	2	11237
11365	3	19910
15164	0	15051
17993	4	17786
23346	2	11550
11486	1	11502
17359	2	11330
17424	0	11252
21134	0	21131
20604	2	11401
19686	2	11923
12086	1	12280
20716	2	11919
20907	2	11327
23976	0	23887
22583	0	15715
23177	0	23179
16337	0	16330
19591	4	19547
14989	0	14986
17875	0	17786
11259	0	11256
19547	2	19679
24268	1	24316
20968	0	20908
14352	0	14321
21526	1	21538
19354	1	19352
17980	0	17786
23355	0	23346
12878	2	12674
17858	0	17786
16466	0	16444
23694	1	23736
16608	4	16507
20249	0	20218
12515	0	12504
14335	0	14321
22928	1	22927
20844	2	20990
19311	0	19309
12025	0	11984
20195	2	14739
22451	0	22392
19942	1	19954
11345	0	11343
20956	0	20903
11817	1	11862
17512	0	17473
16312	0	16145
16591	4	16507
21060	2	11325
20232	0	20218
14838	0	14452
20615	0	20606
11613	3	13044
15666	1	15665
12008	0	11984
12159	1	12345
15717	2	11325
11355	3	17323
17946	0	17786
16595	0	16507
16696	4	16507
24213	0	24119
16472	0	16446
16507	2	16529
12903	1	12923
20857	0	20905
12113	0	11984
20406	1	20581
12484	2	12494
20921	2	11678
21375	0	21308
11991	0	11984
21522	3	21545
15423	0	15265
19690	1	19707
17852	0	17843
20651	1	20669
12096	0	11984
17361	2	17709
12419	1	12445
16784	4	16507
22701	1	22804
20652	0	20633
22424	4	22392
23844	4	23842
16561	0	16507
22169	0	22144
14160	0	13801
21167	2	21165
14261	4	13801
15052	3	17327
17688	1	17698
19023	0	18631
13054	2	11334
21346	0	21306
15715	2	11367
12079	0	11984
19634	4	19603
11681	3	16318
12997	3	13025
18352	0	18343
21554	2	11903
11161	2	11239
21329	0	21306
21553	2	11872
18966	0	18746
16649	0	16507
13105	1	13118
11267	0	11254
13550	2	13590
17729	2	11546
20617	0	20602
14285	0	14280
15334	0	15266
18958	0	18746
23063	1	23156
23179	2	11237
12727	3	24065
21215	0	16118
11667	3	16211
11256	2	11326
15317	0	15266
18347	2	11523
23461	0	23415
20752	0	20742
22572	1	22605
19399	1	19398
18197	4	18287
15266	2	11394
20240	0	20216
21063	2	21100
11433	1	11432
15051	2	15111
21708	2	21704
14272	1	14271
20438	1	20538
19734	1	19794
18941	0	18746
11990	0	11985
22525	0	22392
15422	0	15266
11307	3	11308
23530	0	23526
12504	2	12820
20910	2	11608
20961	0	20917
20948	0	20905
15119	0	15115
15724	0	15717
14936	0	14916
23689	0	23652
21936	2	11407
14666	4	14452
11678	3	12475
14331	1	14371
12997	2	11190
18924	0	18746
11329	3	20728
20608	2	11518
15405	0	15266
17508	0	17466
23549	0	23415
20646	0	20636
14024	1	14023
20904	2	11515
12810	2	11925
11519	3	16318
20944	0	20917
24229	1	24278
20636	2	11401
19698	0	19689
24368	1	24433
18389	3	18614
14807	1	14808
23209	0	23179
13166	1	13205
19689	2	19920
14772	1	14771
18907	0	18746
22491	0	22392
15388	0	15266
11873	3	14506
23424	1	23477
13491	0	13281
12170	0	11984
14531	0	14452
17357	2	17352
14632	4	14452
24351	0	23652
23192	0	23179
18108	0	17786
20019	1	20018
14562	0	14669
16858	4	16507
19442	4	18631
20923	0	20905
24474	2	16209
12956	0	12878
15080	0	15072
13686	0	13619
19786	0	19689
14848	1	14847
21167	2	11179
13474	0	13281
12153	0	11984
24273	0	18347
14555	0	14515
21212	0	21165
11665	2	11238
13234	1	13264
11195	0	11161
22583	0	22562
11985	2	11365
21272	2	11179
12881	2	11925
20414	1	20518
20367	2	20603
24072	2	11367
19309	2	12605
19769	0	19689
18100	0	17786
17366	2	12979
22405	1	22404
20080	2	11336
13225	1	13254
20970	0	20842
14538	0	14515
21195	0	21165
16723	0	16507
20963	0	20913
19408	4	18631
14347	0	14326
19874	0	19689
11179	3	13004
13619	2	16389
17257	1	17256
13562	0	13281
14930	0	14922
11344	2	11409
15286	0	15263
11197	1	11218
24008	0	23986
20388	1	20497
11985	3	12475
21067	0	21061
14521	0	14515
14739	3	24067
24157	0	24209
16461	0	16449
11633	0	11623
18213	4	18275
16426	0	16412
17473	2	11552
14330	0	14326
11469	4	11426
14913	2	11585
11394	3	12475
13273	3	13268
15269	0	15263
22960	0	22630
23775	4	23776
20633	2	11516
18723	4	18688
20951	0	20908
11509	3	24065
23879	1	23878
17306	0	16504
16186	1	16227
18347	2	11336
14944	0	14914
11161	2	11186
24149	0	24209
19644	4	19597
21108	0	21100
22943	0	22630
17684	3	12394
12105	1	12297
15927	3	17458
21073	0	21063
16467	0	16451
24358	1	24424
19752	1	19812
18485	1	18590
13107	0	13097
20081	2	13365
21125	2	11323
18300	1	18299
11256	3	11340
24132	0	24209
17357	2	11554
23462	0	23414
16903	1	16902
19943	0	19934
16574	4	16507
14546	1	14604
21762	0	21720
20636	3	13129
13811	0	13801
11474	2	11509
20739	2	13395
17363	2	13330
20753	1	20766
23031	0	22630
12995	3	13014
19679	2	11176
23413	2	11514
23445	0	23414
13214	2	11922
11237	3	19916
16444	2	11903
21608	0	21600
22933	4	22630
15874	2	11867
19877	0	19689
16668	1	16666
20904	2	11678
21745	0	21720
20846	2	11618
11187	3	13026
21378	1	21453
19867	3	19916
11942	1	11967
13562	0	13549
19873	0	19869
13291	1	13315
23014	0	22630
20847	0	20843
15305	1	15460
16144	2	11520
17325	3	17327
13214	2	13211
16445	2	11354
14811	4	14452
17472	2	11406
11510	3	19662
21324	0	21311
18415	0	15072
14740	3	13048
20041	0	19981
11364	3	16515
23816	4	23743
21203	0	21163
13281	2	13065
22554	2	11173
22899	4	22630
16213	3	16205
11670	3	21097
14693	0	14452
23691	0	23656
13211	2	11358
15614	1	15613
22357	1	22374
21307	0	21311
22237	0	22230
23358	0	23349
18398	0	15072
24261	0	24221
23799	4	23743
16469	0	16447
23697	1	23739
22471	0	11256
11685	2	11519
24399	0	24345
12110	0	11985
24400	0	23652
12997	3	13001
13636	0	13281
17101	0	16507
15638	0	15266
19944	0	19869
11250	0	11254
11571	0	11412
11276	0	11251
20959	0	20906
24244	0	24221
17244	1	17242
13439	0	13416
11369	2	11188
12995	2	11179
12093	0	11985
21312	2	11179
19686	2	11362
24383	0	23652
17473	2	11365
18389	3	11340
23786	0	23743
12162	1	12348
20885	3	13069
18495	0	17361
16518	2	16522
20942	0	20906
20633	2	11329
18218	4	18083
23765	4	23743
13422	0	13416
11681	3	13045
24009	0	23985
14699	0	14669
22437	0	11256
13079	1	13087
23444	0	23415
21378	0	21311
22308	0	22230
19457	4	18631
23769	0	23743
16257	0	16243
19693	1	19710
24374	0	24345
11735	1	11734
20367	2	14484
12181	0	11985
21139	0	21130
14682	0	14669
24073	2	15108
23418	2	11403
23427	0	23415
17806	1	17823
12763	0	12504
17366	2	11182
24357	0	24345
12809	1	12814
20844	2	11919
22257	0	22254
13477	0	13471
12164	0	11985
22172	0	22147
23328	4	22630
21965	1	22056
18207	4	18118
21274	0	21270
21127	0	21125
12736	2	11364
11887	2	11321
16014	2	11367
14091	4	13801
11665	2	11669
12520	0	12503
16939	1	16938
13133	2	11242
12903	0	12891
17066	4	16507
23210	0	22630
23681	0	15717
22155	0	22147
23357	0	23350
24224	2	16327
21332	0	21309
19685	2	19726
20960	0	20841
21185	0	21164
19528	4	18631
22307	1	22333
13281	2	11589
13108	1	13121
15863	0	15857
24238	0	24227
19347	1	19346
12135	0	11983
16175	1	16200
17732	0	17713
21061	2	11683
23193	0	22630
23664	0	15717
23294	4	22630
17746	0	17729
12432	1	12458
11275	0	11252
12956	0	12504
20219	0	15053
14176	1	14175
23071	0	22630
18406	0	15070
18824	1	19103
20038	4	19983
16311	0	16243
14179	4	13801
12834	0	12504
17439	0	17438
12118	0	11983
23335	1	23334
16789	1	16788
20605	2	11872
11810	1	11856
16931	0	16507
12881	2	11551
17480	3	22121
11258	0	11252
18472	0	15072
20052	0	20051
17875	0	17843
11519	3	13045
24326	0	24227
11472	0	11476
22575	1	22608
14162	4	13801
11159	2	11175
22555	2	11397
21521	3	18613
20118	0	20080
12101	0	11983
17982	1	17981
16585	1	16584
11983	2	11613
21330	1	21408
20776	2	11548
18455	0	15072
17858	0	17843
12610	2	12617
14145	4	13801
14939	0	14919
11903	3	21552
23991	0	23986
20101	0	20080
20195	3	24066
11596	2	11237
23452	0	23413
12504	2	13064
20685	0	20680
18438	0	15072
24232	1	24281
13344	0	13051
11394	3	13040
11357	3	19916
22226	2	11589
11525	3	11542
23435	0	23413
11252	2	11181
14927	0	14914
17855	1	17884
24338	1	24342
11629	1	11644
21193	1	21243
20363	3	20364
11367	3	19963
20846	2	20909
15981	0	15952
12682	3	15700
15117	0	15051
13393	3	16205
12662	0	12661
12502	1	12531
20246	1	20313
23985	2	11864
17133	0	16507
19005	1	19286
17205	1	17204
16507	2	11459
15670	0	15266
16664	0	16507
17161	1	17160
13052	2	11519
16444	2	11179
23929	0	23887
11699	0	11412
24473	1	24482
21060	2	11516
23921	0	23897
12504	3	13019
18473	0	18390
23651	2	13363
18631	2	12674
16354	0	13619
14423	0	14327
20861	0	20916
20227	0	19983
22357	0	22230
16069	0	15952
16449	3	16502
23628	0	23622
14647	1	14646
13228	1	13257
16970	1	16968
18497	0	15070
20780	1	20789
20966	0	20916
18456	0	18390
23694	0	23651
17221	0	16507
11365	3	13014
23887	2	11320
17447	0	17436
20858	0	20921
23806	1	23805
18427	0	15053
11331	3	13038
11527	3	11559
11334	3	20727
20355	2	11249
15410	0	15265
17473	3	17525
24256	0	24226
19942	0	19869
20971	0	20911
20391	1	20500
18480	0	15070
20393	0	20367
20651	0	20635
14415	0	14327
18439	0	18390
20803	0	20775
18410	0	15053
18856	1	19137
19383	1	19382
22323	0	22230
20954	0	20911
24239	0	24226
22882	4	22630
20238	0	20216
17309	0	16507
24227	2	11516
21956	0	21936
18463	0	15070
20745	0	20712
20732	3	13047
20636	2	11324
16452	0	16447
18431	0	18390
20937	0	20911
24222	0	24226
24210	2	11516
21939	0	21936
15246	0	15053
23613	0	23612
23547	0	23415
20741	2	11324
17194	4	16507
20281	0	19983
11402	3	13038
11365	3	19914
14560	0	14514
20715	3	13047
15672	2	11336
21958	1	22050
13101	0	12504
17361	2	11618
13551	2	11354
24119	2	11682
11537	0	11412
15229	0	15053
16354	0	16331
23351	2	11549
11936	0	11927
20907	2	11331
23321	0	22630
23413	2	11408
14543	0	14514
21200	0	21164
18227	4	18099
15246	1	15254
19697	0	19685
11256	2	11517
17492	2	11409
15053	3	18608
15767	1	15766
15212	0	15053
20712	2	20768
14526	0	14514
20407	1	20512
20850	0	20846
13935	1	13974
23656	2	11179
21641	0	21564
11811	0	11764
12946	1	12964
18413	0	15053
24473	0	24474
16324	1	16325
20597	2	12540
23378	1	23398
21185	0	16118
20956	0	20907
11586	3	13782
20909	2	20992
24121	1	24124
11613	3	13048
19626	3	19662
11270	0	11257
24264	0	24224
18672	2	11237
16472	0	16450
21792	1	21901
19679	2	11554
17295	0	16507
20857	0	20909
22164	1	22190
22630	2	11867
18501	0	15053
17015	1	17014
12484	2	12498
21375	0	21312
11631	0	11623
15880	1	15890
23467	0	23413
20361	2	11313
20218	2	11517
13148	0	12733
24247	0	24224
18342	1	18367
20962	0	20909
15952	2	13362
17032	4	16507
20919	2	11365
11765	0	11762
19423	1	19422
20844	2	11679
21631	1	21673
18484	0	15053
17857	0	17842
20696	0	20681
23424	0	23416
21141	1	21153
16460	0	16445
23450	0	23413
14252	1	14251
12810	2	11311
23637	1	23636
17091	1	17090
13131	0	12733
23416	3	21055
20902	2	11365
24227	2	11329
17982	0	17786
17840	0	17842
20004	4	19983
17500	2	17494
11481	0	11473
16443	0	16445
17867	1	17889
22657	1	22761
12733	2	11365
18396	0	18391
12084	0	11983
12504	2	11401
14048	1	14047
19638	4	19571
11161	2	11243
15237	0	15051
21329	0	21310
17439	1	17450
15972	2	11511
17809	1	17826
16661	1	16660
14796	1	14795
21825	1	21913
13146	1	13185
12067	0	11983
20920	2	11324
20617	0	20606
18708	4	18631
18070	0	17786
11935	1	11961
20915	2	11679
20080	2	12816
18703	0	18631
19867	2	16389
11394	3	15699
17948	0	17786
17806	0	17842
11370	2	11391
12827	2	12381
17843	2	11365
22456	4	11256
11529	2	11517
20859	0	20905
11819	0	11762
21317	0	21305
12050	0	11983
20903	2	11324
17481	3	13038
16737	1	16736
22560	2	11358
11255	0	11253
11256	2	11330
18467	0	18391
20964	0	20905
12804	2	11365
18193	4	18121
22310	1	22336
22228	2	14484
22439	4	11256
20917	2	20990
20115	0	20081
12435	1	12461
11577	0	11412
11796	1	11883
20245	0	20215
19547	2	11336
12429	0	11985
12504	2	12824
20961	0	20921
20948	0	20909
23689	0	23656
12021	0	11981
19983	2	11185
21319	0	21167
20046	4	19981
23449	0	23414
11813	1	11859
17237	1	17236
20228	0	20215
16186	0	16142
20944	0	20921
12186	0	11984
15636	0	15266
21388	0	21305
16346	0	13619
12004	0	11981
24072	2	24069
23432	0	23414
20710	2	11188
21779	1	21887
18421	0	18389
18419	1	18533
12109	0	11981
16118	2	11331
24141	1	24180
21131	3	13461
16329	0	13619
15393	0	15265
11987	0	11981
18644	0	18631
22226	2	16021
17357	2	17356
20376	0	20367
12892	2	11903
21785	0	21718
20647	1	20666
11520	3	21055
21279	0	21269
20901	0	20903
11331	3	13014
11408	3	23519
18711	1	18710
23197	0	23178
12092	0	11981
12637	1	12656
16142	2	11394
22306	0	22230
15376	0	15265
20732	3	22122
17693	0	17689
15715	2	11184
18470	0	18391
11360	2	11588
11474	2	11245
20904	2	17480
12880	2	11323
23180	0	23178
11632	1	11647
15762	4	15719
12075	0	11981
18500	1	18604
20196	2	11664
14352	1	14392
15359	0	15265
20970	0	20846
21373	0	21167
11280	0	11251
13396	3	16208
15121	0	15115
18453	0	18391
17369	0	17368
12661	2	12540
11179	3	13008
11801	0	11763
12141	0	11983
20921	2	11979
16528	2	11873
18144	0	17786
23371	3	13414
21325	0	21303
21720	2	11363
15970	2	11243
17881	1	17919
12504	2	12503
11263	0	11251
17880	0	17842
12895	2	11365
16425	0	16412
16451	2	11352
16127	1	16131
15749	0	15719
11945	1	11970
11784	0	11763
20958	0	20841
20123	0	20079
17512	1	17544
16346	0	16331
19634	4	19554
15330	0	15263
18817	1	19097
20739	2	19681
20951	0	20912
12810	2	11608
16504	2	11190
18773	1	19053
17863	0	17842
12878	2	11365
19962	3	19964
17730	0	17713
18459	0	18393
23697	0	23654
18333	4	17786
23996	0	23985
20783	0	20776
20106	0	20079
16329	0	16331
14940	1	14970
15313	0	15263
15843	1	15842
20604	2	19675
23179	2	11404
20748	0	20739
12661	2	12674
20367	3	17529
14949	0	14913
12958	0	12878
16773	1	16772
14491	0	14486
23050	1	23143
23680	0	23654
17847	2	11324
15418	0	15263
15349	1	15502
16547	1	16546
23462	0	23418
24324	0	24227
22287	2	11364
21125	2	21126
21734	1	21841
11532	0	11527
14932	0	14913
23605	2	11182
11412	2	11654
11474	2	11513
11406	3	20673
18735	0	18631
20079	2	11183
15401	0	15263
19532	4	18631
17426	0	11252
23413	2	11518
23445	0	23418
16455	0	16450
11403	3	21267
19410	4	18631
12186	1	12372
21936	2	15896
19694	0	19686
18840	0	18631
13564	0	13281
11187	3	13030
18718	0	18631
17265	1	17282
22226	2	22250
11635	0	11623
18478	0	18389
18631	2	17724
12166	0	11981
18823	0	18631
21131	2	21158
23533	0	13619
20852	1	20869
18286	0	17786
11684	3	22123
23533	0	23418
19397	0	18631
17470	2	11682
14546	0	14517
21203	0	21167
18928	0	18631
18461	0	18389
17167	1	17166
18963	1	19243
12149	0	11981
18806	0	18631
19477	1	19476
13054	2	11903
18405	0	18388
24261	0	24225
11367	3	15698
22579	0	22559
19380	0	18631
20410	1	20515
20008	4	19983
22555	2	11588
14355	0	14325
18911	0	18631
20884	2	11313
13109	0	13097
12997	3	13005
14027	4	13801
14124	1	14123
18789	0	18631
20808	0	20774
11985	2	12471
16474	0	16446
23919	0	23897
20959	0	20910
24244	0	24225
17261	2	11237
16067	0	15952
22406	1	22407
18894	0	18631
16417	0	16414
12024	1	12228
13909	0	13801
22554	2	11311
23415	2	11514
16457	0	16446
14476	3	11522
20942	0	20910
20846	2	13395
12124	0	11981
19677	2	11356
22230	3	17837
12878	2	11178
18862	1	19143
13801	2	11240
15153	1	15152
21566	1	21569
22234	0	22226
22022	1	22113
16813	1	16812
15883	1	15893
11478	0	11474
20973	0	20902
24112	2	12481
12504	2	11511
13281	2	11459
11344	2	11360
19613	4	19547
23867	4	23763
18890	1	19170
19870	2	11356
12169	0	11984
13549	2	11549
22660	1	22764
21127	0	21129
14357	0	14321
23413	2	11331
11585	3	20673
11665	2	11673
11816	0	11763
12903	0	12895
16326	3	22294
21936	2	22125
11367	3	12933
19873	0	19686
12152	0	11984
22289	3	17835
22160	0	22146
18355	0	18347
14783	0	14452
23801	4	23868
16507	2	17261
11799	0	11763
20883	2	11325
20846	3	21055
22480	4	22392
16617	0	16507
11275	0	11256
11342	2	11234
24269	0	24223
21475	1	21489
14766	0	14452
14867	4	14452
21320	0	21308
13919	1	13958
16504	3	17323
19547	2	12385
12881	2	11555
11258	0	11256
17875	0	17847
20767	3	22135
20225	0	20216
24141	0	24119
11910	3	11911
15745	4	15719
18985	0	18631
21385	0	21306
20636	2	11515
11952	0	11929
11685	2	11336
23354	0	23346
12438	1	12464
23541	1	23569
17858	0	17847
19651	1	19663
20846	2	11919
14854	0	14452
14939	0	14923
20363	2	11903
21368	0	21306
13692	0	13281
17362	3	19965
15416	0	15263
11240	3	21097
16507	2	11329
17511	0	17473
11190	3	21545
17359	2	17352
15684	0	22143
24119	2	11873
23855	4	23868
12007	0	11984
23590	1	23598
20635	3	20673
17360	2	12481
24001	1	24037
13688	0	13619
11190	3	13035
24212	0	24119
14927	0	14918
18849	1	19129
18997	0	18746
16187	1	16238
21486	1	21495
22717	0	22630
20089	0	20079
18422	1	18536
11764	2	11326
20214	0	20218
21339	0	21304
14895	4	14819
17748	0	17729
23887	2	11190
12958	0	12504
20846	2	20913
22726	0	22630
11507	3	16211
13671	0	13619
14181	4	13801
20916	2	20173
16323	2	16327
21282	0	21272
20279	0	20216
14910	0	14918
21628	0	21564
20917	2	11919
15719	2	15786
14669	2	11514
24258	0	18347
16245	1	16307
21064	1	21082
21322	0	21304
12911	0	12893
17731	0	17729
24095	2	11513
23909	1	23947
22709	0	22630
23657	2	23653
13654	0	13619
12504	3	13023
17504	3	15697
20907	2	17483
22168	0	22144
21611	0	21564
11781	0	11764
12631	1	12649
24241	0	18347
16243	3	11340
22692	0	22630
13637	0	13619
20966	0	20920
14147	4	13801
11888	2	11902
20367	2	11402
23413	3	11904
15249	1	15257
20971	0	20915
17473	3	17529
13053	2	11324
23652	2	11684
13549	2	13590
16721	1	16720
20616	0	20602
22588	0	20711
24248	1	24297
18471	0	15053
20961	0	20844
18852	0	18746
21186	0	21167
21936	2	11334
21470	2	11679
20954	0	20915
14929	0	14914
12734	2	11402
12949	1	12967
11176	3	13268
17359	2	11554
22571	0	20711
18454	0	15053
16779	0	16507
20944	0	20844
13416	2	13060
18835	0	18746
12733	2	11556
19547	2	16520
16452	0	16451
22419	0	22392
15316	0	15266
20937	0	20915
19731	0	19689
14494	0	14489
20776	2	11365
11473	2	11367
17221	1	17220
18940	0	18746
21707	0	21688
13796	2	11245
18412	1	18527
21737	1	21844
13051	3	11366
20956	1	21002
20920	2	11515
11412	2	11548
12504	2	12881
11423	1	11422
12772	1	12770
20715	2	16209
13699	1	13783
14561	1	14592
23604	2	11601
13402	0	13281
16867	0	16507
18923	0	18746
21690	0	21688
18419	0	18389
22507	0	22392
22593	0	22560
17355	2	11518
14912	2	11553
22447	1	22446
12038	1	12239
22230	3	17463
21611	1	21653
22303	2	11331
12189	1	12375
20635	2	11401
11806	0	11762
18388	3	18614
18129	4	17786
19697	0	19689
23208	0	23179
21205	0	21163
15053	3	18612
13385	0	13281
15291	0	15266
22576	0	22560
22901	4	22630
12570	2	11391
22171	0	22147
11761	2	11350
20710	2	11245
22426	4	11256
13490	0	13281
13137	0	12504
18412	0	15053
21061	2	11179
12911	1	12931
21188	0	21163
15274	0	15266
15071	3	13896
20956	0	20911
22884	4	22630
15079	0	15072
15684	0	15674
19785	0	19689
18363	1	18383
20731	3	18382
18966	1	19246
13553	0	13551
17442	1	17453
21211	0	21165
11626	0	11621
11654	2	11392
11922	3	11916
14479	0	14476
14323	0	14324
19547	2	12816
21060	2	11683
23215	1	23261
12529	0	12504
20857	0	20913
19771	1	19831
24325	3	11522
11350	3	12933
16445	3	16499
23552	0	23524
17361	2	13395
18766	1	19047
22231	0	22227
13103	0	12504
20681	2	11240
20970	0	20903
12634	0	12504
20962	0	20913
14937	0	14912
13331	1	13346
16401	1	16406
21380	0	21311
13055	2	11394
11539	0	11412
20091	0	20083
20361	2	11667
23535	0	23524
12504	2	12560
21066	0	21061
23418	2	11517
16460	0	16449
21131	3	11558
18187	4	18339
22029	0	21936
12842	0	12827
24119	2	11365
16145	2	15110
11888	3	11916
23418	3	11338
22959	0	22630
22203	3	15579
21688	2	21685
16443	0	16449
22012	0	21936
12504	2	11405
20684	0	20680
11983	2	11243
18641	0	11256
21107	0	21100
21637	1	21679
22942	0	22630
12135	1	12322
13675	0	13281
11192	1	11212
19866	0	19867
12505	1	12530
24348	1	24414
11370	2	11395
20845	1	20863
12581	0	12570
18290	1	18289
21317	0	21309
11255	0	11257
17386	2	11323
11256	2	11334
20935	1	20995
20964	0	20909
15070	2	11589
18284	0	17786
17034	4	16507
20921	2	11365
23808	0	23743
23612	2	23605
20178	1	20186
18042	1	18041
18440	0	17361
16462	0	16445
19774	1	19834
11807	0	11761
23655	1	23700
11984	3	12390
17362	2	11394
18631	2	11365
24099	0	24095
17673	0	17666
12021	0	11985
15675	0	15672
11188	3	19914
11341	0	11344
15936	0	15857
13922	1	13961
23449	0	23418
17361	2	11919
21125	3	11339
18423	0	17361
23347	2	11680
17122	4	16507
12086	0	11983
11790	0	11761
21388	0	21309
16899	0	16507
12004	0	11985
19483	0	18631
20603	2	14483
20935	0	20904
23432	0	23418
20949	0	20920
18421	0	18393
23544	1	23572
15070	2	15106
24095	3	11340
19654	1	19666
17875	1	17912
13907	0	13801
22392	2	11181
12069	0	11983
18797	1	19077
22228	2	11589
12109	0	11985
20218	2	11334
12765	1	12764
20917	2	11679
21371	0	21309
11987	0	11985
19466	0	18631
18462	0	15070
12503	2	11238
19993	0	19983
22288	2	11356
18415	0	17361
15419	0	15266
19680	2	19682
22203	2	11249
23175	2	11556
15902	0	15857
17500	2	16022
24243	0	24221
16412	2	11240
14012	0	13801
20932	0	20920
14113	4	13801
23781	4	23743
16445	2	11549
22458	4	11256
11331	3	13018
21269	2	13364
16987	0	16507
13883	1	13888
17088	4	16507
12092	0	11985
15823	1	15822
20905	2	11324
14663	4	14452
24382	0	23652
18388	3	11340
18398	0	17361
18445	0	15070
15138	4	15053
16273	0	16243
11901	3	22294
20420	0	20367
20884	3	13069
21582	1	21595
21470	3	21514
13619	2	15108
16571	1	16570
11474	2	11249
12157	0	11983
20083	2	11678
16970	0	16507
12878	2	11235
12075	0	11985
11701	0	11412
24365	0	23652
23016	0	22630
12891	2	12940
14100	0	13801
16256	0	16243
12944	0	12881
24075	2	11514
24373	0	24345
20712	2	11404
11317	3	18613
13978	0	13801
12140	0	11983
11179	3	13012
16411	2	11549
20710	2	11676
13281	2	11516
19878	0	19867
14681	0	14669
14488	3	14512
24072	2	15108
21720	2	11367
22999	0	22630
24356	0	24345
16451	2	11356
15077	0	15072
23867	4	23820
20613	0	20603
20047	0	19983
15874	2	11391
20951	0	20916
11624	0	11621
12826	1	12851
11242	3	23599
11525	2	11514
21597	3	24117
22411	0	11256
12111	0	11981
21373	0	21305
20378	0	20367
20960	0	20902
11365	3	22122
14949	0	14917
12806	2	12378
16254	1	16285
17713	2	12481
12094	0	11981
12502	0	12503
11755	0	11412
16061	0	16015
12012	0	11983
18631	2	11178
11330	3	15699
21555	2	11680
13824	1	13861
23612	3	15133
18448	0	15070
23070	0	22630
21620	0	21599
11532	0	11531
16166	1	16240
14932	0	14917
23685	0	23653
17196	4	16507
13619	2	11404
16447	2	11670
12077	0	11981
12422	1	12448
21167	3	21267
16463	0	16444
16044	0	16015
22324	0	22303
22395	1	22394
14852	0	14452
11331	3	11542
23668	0	23653
23325	1	23324
11401	3	18382
18349	2	11556
20265	1	20332
11350	3	19914
17713	2	11676
20449	0	20367
19686	2	13330
15881	0	15874
22307	0	22303
15907	1	15917
20883	2	11516
20058	2	19682
20734	3	20728
17972	1	17971
12166	0	11985
17162	4	16507
14528	0	14514
14452	2	14487
21614	1	21656
17666	2	11870
12149	0	11985
15952	2	11248
11254	2	11323
19887	0	19869
16676	4	16507
20861	0	20843
18502	0	15070
18466	0	18388
14275	4	13801
11185	3	15699
17149	0	16507
17250	4	16507
18496	1	18601
22684	1	22788
12997	3	13009
17027	0	16507
18919	1	19200
16474	0	16450
11179	3	16208
20959	0	20914
18449	0	18388
11272	0	11254
15005	1	15004
21170	1	21221
14339	1	14379
23371	2	12979
14599	0	14514
22300	1	22329
22203	2	11546
15669	4	15583
11281	0	11254
20121	0	19983
14262	0	13801
16457	0	16450
24153	0	24210
12424	0	11983
19962	2	19960
17237	0	16507
20942	0	20914
16331	2	11600
14241	4	13801
17584	1	17641
13281	3	13782
17115	0	16507
20226	0	19983
13214	2	11609
18441	0	18388
11597	2	11607
15170	4	15053
20947	0	20909
24232	0	24224
11264	0	11254
22234	0	22230
11610	3	24117
20973	0	20906
20904	2	11365
11932	1	11957
23693	0	23651
12504	2	11515
23887	2	11381
21556	2	21548
18424	0	18388
20930	0	20909
13379	2	11585
21527	0	21521
23796	1	23795
13436	0	13416
23676	0	23651
14856	1	14855
15157	0	15053
12570	2	13058
12504	2	12804
24128	0	24210
23458	0	23415
22578	0	11251
17802	0	17786
22138	2	11864
24082	0	24074
22315	0	22301
14357	0	14325
16323	2	11391
15222	0	15051
11448	0	11412
12031	1	12233
12044	1	12245
20635	2	11324
23441	0	23415
11887	3	11904
18234	4	18113
12733	2	11613
15053	2	11517
15084	0	15071
13133	2	11600
20774	2	11509
23342	4	22630
23646	1	23645
15402	0	15266
20725	3	20726
13558	0	13550
11431	0	11412
14475	2	11323
21141	0	21125
11804	0	11762
13149	1	13189
19001	0	18631
17473	2	17468
20215	2	11551
23224	0	22630
21320	0	21312
20611	0	20367
21688	2	11325
23529	0	23415
21173	0	21167
21547	0	21548
11408	3	21055
13281	3	13461
11775	1	11827
13211	2	11179
18345	2	11333
20710	2	13396
20719	0	20712
21385	0	21310
23207	0	22630
23308	4	22630
23354	0	23350
19610	0	19547
18199	4	18267
20972	0	20907
12804	2	11613
21071	0	21060
20636	3	11340
12634	1	12652
16015	2	11331
15396	1	15548
20741	2	11519
20361	2	11240
23359	0	23345
22230	3	12393
13050	2	13395
11182	3	18382
21308	2	13274
21368	0	21310
11254	3	11337
11579	0	11573
24095	3	12389
20742	2	13064
13925	1	13964
15178	4	15051
19686	2	11183
19547	2	11584
20955	0	20907
21201	1	21251
15265	2	11390
13064	3	22122
17359	2	17356
20908	2	20992
15684	0	22147
12007	1	12213
22860	1	22861
18011	4	17786
11375	0	11369
11190	3	13039
20938	0	20907
20079	2	11618
14927	0	14922
21356	0	21305
22226	3	17834
16507	2	12622
20089	0	20083
24005	0	23986
21519	4	21517
13052	2	12682
18800	1	19080
23440	0	23416
21374	0	21312
11237	3	17322
23466	0	23413
17842	2	12622
20846	2	20917
24402	1	24466
16145	2	16322
20774	2	11188
15051	3	15133
16177	0	16144
18734	0	18631
14910	0	14922
21135	0	21131
14166	1	14165
11995	0	11983
17277	0	16507
23988	0	23986
13395	3	13036
18099	4	17786
20908	2	11327
23423	0	23416
19980	4	19981
17876	0	17786
20880	2	11249
17977	4	17786
19853	1	19862
14887	1	14885
12060	0	11981
16330	2	15105
17522	0	17504
12504	3	13027
19413	1	19412
22355	1	22371
12796	1	12794
23418	2	15896
14242	1	14241
17465	0	17472
17859	0	17786
18395	0	18391
12732	2	11365
18877	1	19157
14986	2	15044
12516	0	12504
22471	1	22470
12043	0	11981
17505	0	17504
12899	0	12892
15070	2	11512
18348	2	11515
15952	2	12618
11346	0	11343
17964	0	17786
20971	0	20919
21759	0	21720
16508	0	16504
11187	3	13010
22156	0	22143
20250	0	20215
13055	2	11585
14038	1	14037
16256	1	16308
20616	0	20606
20204	0	20079
20396	1	20503
23585	2	11588
13053	2	11678
15085	0	15070
20954	0	20919
21742	0	21720
23682	0	23654
18444	0	18393
12829	0	12827
13619	2	11514
18690	4	18631
23779	4	23834
23625	0	23622
11873	3	19914
16416	0	16414
20937	0	20919
19989	1	19988
12587	0	12504
21381	0	21303
20114	0	20081
12097	0	11984
21599	3	15579
19696	1	19713
11369	2	19682
23688	0	23656
16402	0	16331
21364	0	21303
11336	3	20722
21516	0	21470
20097	0	20081
11390	3	21551
12425	1	12451
19635	4	19603
15304	0	15265
23528	1	23556
21318	0	21167
18419	0	18393
22593	0	22564
20741	2	12621
13281	3	13408
15788	0	15719
16185	0	16142
15034	4	14986
23671	0	23656
12661	2	11178
21347	0	21303
15070	3	18613
20268	1	20335
11360	2	11515
21205	0	21167
17227	1	17226
15287	0	15265
21801	0	21718
22576	0	22564
19550	1	19548
17685	1	17683
20081	2	11873
18845	1	19126
23656	2	11187
20712	2	11327
11986	0	11981
20963	0	20844
14531	0	14517
12884	1	12888
21188	0	21167
21284	0	21167
21784	0	21718
23789	4	23790
24166	1	24207
21548	2	11190
11519	3	21055
13419	0	13416
21550	0	21553
18791	0	18631
16144	2	11183
18254	0	17786
23196	0	23178
11162	1	11169
15279	0	15265
17513	0	17502
15000	4	14986
19444	1	19442
20753	0	20742
16160	0	16142
22172	0	15715
21767	0	21718
18701	1	18700
21269	2	11327
21136	0	21130
20775	2	11391
11777	0	11761
11173	3	24125
15262	0	15265
22687	1	22791
21276	0	21167
12610	2	11178
13787	3	13782
16143	0	16142
22155	0	15715
18879	0	18631
20962	0	20917
21750	0	21718
23690	0	23652
18452	0	18391
15725	0	15717
21305	2	11903
23418	2	23414
20921	2	14484
22678	1	22781
22236	0	22226
14342	1	14382
20058	2	20060
20852	0	20841
20967	0	20912
17509	0	17466
24252	0	24227
20647	0	20636
16447	2	11243
12495	0	12497
18862	0	18631
18066	1	18065
13100	0	13099
23673	0	23652
16014	2	16023
17587	1	17644
18390	3	18614
14650	4	14452
20799	0	20776
23650	0	17712
20958	0	20902
23455	0	23416
21210	0	21272
24225	2	11245
18212	4	18073
20950	0	20912
24235	0	24227
14925	0	14911
12486	0	12487
20234	0	20217
17713	2	11249
13982	0	13801
14320	1	14366
13902	1	13941
12188	0	11981
16144	3	16214
23696	0	23654
18434	1	18545
13492	0	13281
14532	0	14452
20782	0	20776
23438	0	23416
22516	4	22389
11764	2	11761
22303	3	22354
18427	0	18391
20933	0	20912
11242	3	21562
11256	2	11554
12957	0	12878
21163	3	15701
15970	2	13882
12171	0	11981
14673	1	14742
20961	1	21020
11324	3	12475
20733	3	18382
13475	0	13281
15833	1	15832
20693	0	20681
11196	0	11161
18410	0	18391
20083	2	19924
23347	2	11550
21686	0	21685
21281	0	21272
15144	4	15051
14539	0	14515
12046	1	12396
21196	0	21165
22203	2	19629
19568	0	19547
19693	0	19686
13563	0	13281
21470	2	16302
18876	1	19156
22572	0	22557
24254	0	24223
15843	0	15812
20783	1	20792
14522	0	14515
12176	1	12362
11162	0	11161
16427	0	16412
11178	3	22294
11984	3	12394
15270	0	15263
20636	3	12389
17361	2	11923
24237	0	24223
23897	2	11396
17558	0	17548
15952	3	11557
16410	0	16412
13656	1	13737
11247	3	24125
11705	1	11704
15336	0	15265
21709	2	11365
21350	0	21167
15114	0	15051
12504	3	13003
20935	0	20908
13471	2	11547
24220	0	24223
20259	0	20215
21074	0	21063
17861	1	17900
18953	1	19233
13108	0	13097
15399	1	15551
23926	0	23887
24151	0	24210
15319	0	15265
21333	0	21167
23463	0	23414
19944	0	19934
16323	2	13058
12979	3	21545
24243	0	24225
19758	1	19818
22723	1	22827
20242	0	20215
11331	3	13022
12583	0	12570
15049	4	14986
11992	0	11984
16066	0	15952
23611	0	23606
21718	2	11509
14114	1	14113
15424	0	15265
18753	1	19034
11906	2	11919
14070	1	14069
20692	0	20682
11364	3	12742
11328	3	22123
15302	0	15265
21316	0	21167
23414	2	11514
23446	0	23414
14475	3	11522
11412	2	11394
17444	0	17436
20633	2	11394
20905	2	11678
13296	0	13281
15032	4	14986
12878	2	11239
15407	0	15265
15027	0	14986
20648	0	20635
16663	4	16507
11311	3	22123
20603	2	11588
16262	0	16145
18365	0	18345
19024	0	18631
13609	3	20722
12080	0	11984
20715	2	11517
12896	0	12893
11256	2	11367
15390	0	15265
20710	3	13036
18416	0	15072
21521	3	12933
23390	1	23411
16545	0	16507
11365	3	16515
18389	3	13044
12385	3	15699
16245	0	16145
22153	0	22144
17363	2	11330
19007	0	18631
12063	0	11984
14795	4	14452
18395	1	18510
13050	2	11679
15265	2	11179
18399	0	15072
24262	0	24221
19687	2	11589
20974	1	20989
17548	2	11600
15082	0	15071
11666	3	20671
14669	3	13276
11525	2	11518
21709	2	17460
13801	2	13879
11815	0	11763
21313	0	21306
12046	0	11984
12902	0	12895
11517	3	21552
18822	1	19100
23371	2	14459
15361	0	15263
22303	2	17727
15717	2	11179
16633	0	16507
11781	1	11833
20960	0	20906
24245	0	24221
20601	0	20602
13620	0	13281
24077	2	16022
20844	2	11179
15344	0	15263
20399	1	20506
15104	3	19662
17365	2	17383
11356	3	15700
15389	1	15542
23685	0	23657
21361	0	21304
16414	2	11365
11516	3	14506
12504	2	12995
21199	0	16118
19608	0	19547
18820	0	18746
22257	1	22274
22556	0	22559
11537	0	11530
15327	0	15263
12997	2	11365
14102	0	13801
12946	0	12881
14203	4	13801
11613	3	13032
13619	2	11758
18925	0	18746
23668	0	23657
19959	3	19964
21384	0	21306
15406	0	15266
20635	2	11515
20775	2	11367
17713	2	11680
21182	0	16118
24074	2	15108
21524	0	21522
18803	0	18746
11609	3	23600
13344	0	13332
12937	3	12933
13161	0	13133
23428	0	23415
11766	1	11874
18998	1	19279
22254	2	11978
20844	2	20173
23210	0	23179
12484	2	12482
21369	1	21444
13478	0	13471
18908	0	18746
13054	2	13066
19689	3	19916
21367	0	21306
14412	1	14432
15389	0	15266
13379	2	11321
23531	1	23559
11179	3	13045
22637	0	22630
21275	0	21270
18784	1	19064
20844	2	11663
14068	0	13801
23193	0	23179
17510	0	17503
12904	0	12891
17705	3	13036
18891	0	18746
21718	2	11672
22475	0	22392
15372	0	15266
11257	3	11308
23776	1	23775
19971	1	19976
13550	2	11350
20603	2	11401
18996	0	18746
22254	2	11173
14075	4	13801
13234	0	13214
11763	2	11326
16446	2	12683
20884	2	11321
18874	0	18746
23665	0	15717
15355	0	15266
12957	0	12504
13281	2	11333
13670	0	13619
19770	0	19689
23354	1	23362
15161	1	15160
12137	0	11984
20971	0	20842
18979	0	18746
13217	0	13214
23418	2	23524
17711	1	17718
11165	1	11172
22203	2	11550
11539	0	11526
17466	2	17481
23177	0	22630
23458	1	23510
20468	1	20559
17876	0	17843
20053	0	20051
13628	1	13710
22523	0	22518
22455	1	22454
22558	2	20349
13653	0	13619
19753	0	19689
14000	1	13999
15347	0	15266
20119	0	20080
17962	0	17786
20954	0	20842
21179	0	21165
24080	1	24088
15715	2	20349
24112	2	11550
16808	4	16507
11597	2	11611
20947	0	20913
22630	2	11180
20944	1	20996
20973	0	20910
17859	0	17843
22691	0	22630
19736	0	19689
21564	2	11507
23992	0	23986
12504	2	11519
13424	0	13281
20937	0	20842
20102	0	20080
13071	0	12504
11552	3	15700
21162	0	21165
18309	1	18310
20930	0	20913
11764	2	11871
11251	2	12608
20913	2	19670
15051	2	15099
18050	0	17786
11531	3	11558
16800	4	16507
15115	2	11243
23543	0	23526
12570	2	13062
20961	0	20905
20679	2	13274
18930	1	19210
12095	0	11984
24226	2	11520
14478	2	11517
12191	0	11984
20050	2	11229
13159	0	12504
16783	4	16507
21204	1	21254
12690	0	12504
20944	0	20905
14362	0	14324
23416	2	12387
11509	3	11542
23524	2	11237
23882	4	23813
19690	0	19687
14486	3	14505
22518	2	11510
13142	0	12504
16665	0	16507
16766	4	16507
22910	0	22630
19350	4	18631
14675	1	14714
14264	0	13801
15672	2	11401
15903	1	15914
21141	0	21129
24112	3	19964
21507	2	11403
17473	2	17472
13619	2	13799
15717	2	15798
19642	4	19589
23429	0	23414
16145	2	11520
22592	0	22560
18829	1	19110
22365	1	22381
15677	0	15672
13055	2	13065
13052	2	11613
20719	0	20716
14908	4	14873
12661	2	11235
20634	1	20655
22998	0	22630
21204	0	21163
19856	1	19865
22494	4	22392
23412	0	23414
16631	0	16507
20972	0	20911
22575	0	22560
24257	0	24226
20742	2	11190
18401	0	18389
21601	1	21643
14230	0	13801
21974	0	21936
14351	0	14326
14266	1	14265
19728	1	19788
23359	0	23349
20804	0	20775
19687	2	19725
21187	0	21163
22580	0	11251
15115	2	11511
11758	3	14506
20955	0	20911
19547	2	11588
24240	0	24226
21957	0	21936
18631	2	11613
14298	1	14318
13416	2	11511
22671	1	22775
15683	0	15674
15421	0	15266
15352	1	15505
20195	2	11186
11403	3	13412
11450	0	11412
11984	2	12386
11596	2	11599
16453	0	16447
21170	0	21163
14018	1	14017
22563	0	11251
15118	0	15115
20909	2	11608
23783	4	23743
11190	3	13043
20938	0	20911
15627	4	15266
21940	0	21936
21356	0	21309
19922	3	19916
23930	1	23967
18956	1	19236
17717	0	17712
21382	0	21306
15404	0	15266
14766	1	14765
20742	2	11324
18496	0	17361
11260	0	11251
24228	0	24221
20716	3	13047
11433	0	11412
14691	1	14726
22438	0	11256
20650	1	20677
20712	2	11518
12740	3	12739
13603	0	13281
15719	2	15794
24474	2	11554
15071	2	11237
11538	0	11412
11652	1	11658
18756	1	19037
18479	0	17361
21629	0	21600
12504	2	12621
21130	3	11558
22028	0	21936
17210	1	17211
12060	0	11985
18358	1	18377
20774	2	12481
24350	0	23652
22301	3	22354
14478	2	11330
13054	2	11403
17357	2	12481
12955	0	12878
17506	2	11394
12165	0	11985
21612	0	21600
23657	2	11179
21527	1	21539
18313	4	17786
11812	0	11764
12043	0	11985
12995	3	13002
24272	0	18347
15952	2	12622
19547	2	13361
17365	2	16204
19424	4	18631
14617	1	14616
19890	0	19689
16528	2	11186
17043	0	16507
19869	2	15243
17251	1	17250
11187	3	13014
22156	0	22147
14618	0	14452
18351	0	18348
12148	0	11985
21553	2	11352
21625	0	21564
15770	1	15777
20032	0	19983
23344	0	23345
14824	4	14452
19691	0	19686
13049	0	12570
19651	0	11369
17472	2	11394
12131	0	11985
21060	3	21097
12014	0	11983
24146	0	17361
14951	0	14914
16827	0	16507
16928	4	16507
23072	0	22630
19512	4	18631
21270	3	21118
16312	0	16243
24156	0	24209
12835	0	12504
11632	0	11623
19962	2	17362
14706	0	14452
20221	0	20217
12802	2	11517
12486	1	12499
20120	0	19983
11997	0	11983
21554	2	11517
18485	0	15053
23055	0	22630
23537	0	23524
24138	0	17361
14689	0	14452
12102	0	11983
14041	4	13801
13132	0	12733
19473	1	19472
17364	1	17374
24098	0	24095
13051	2	11903
20103	0	19983
17016	4	16507
19429	1	19428
11980	0	11983
11238	3	18382
13416	2	11324
14741	3	14736
11364	3	15698
16793	0	16507
23038	0	22630
19478	4	18631
22467	0	11256
12801	0	12504
24395	0	24345
13281	3	13412
19686	2	11350
20841	2	11664
22518	2	22545
17368	2	17365
17355	2	17353
14672	0	14452
12085	0	11983
12661	2	11182
11730	4	11412
20219	1	20286
21686	1	21697
19988	4	19983
13345	0	13051
18353	0	18344
20636	2	20680
12618	3	18382
20085	0	20080
12068	0	11983
21372	1	21447
13619	2	12941
20712	2	11331
23691	0	17712
11986	0	11985
18422	0	15072
23534	1	23562
17499	2	16022
23387	0	23371
19983	3	17463
23986	2	11514
15278	1	15433
12481	3	24125
11530	2	11517
21318	0	21305
17513	0	17506
17548	2	11173
22561	2	11358
11595	0	11412
17367	0	17365
11696	4	11412
11356	3	13045
22590	0	22560
12496	3	12501
21269	2	11331
16356	0	16330
11257	2	11327
11578	0	11412
21572	1	21585
23691	1	23733
24074	2	11514
16561	1	16560
17117	0	16507
15654	0	15266
21518	0	21470
22236	0	22230
13055	2	11402
22389	4	22392
22146	2	11607
20058	2	20064
18493	0	15072
20967	0	20916
14542	1	14575
13399	0	13051
22392	2	15109
20612	0	20603
21389	0	21305
19943	0	19869
16449	2	11325
12504	3	12389
17843	2	11243
12156	1	12342
11311	3	24408
20394	0	20367
23369	3	24125
11412	2	11585
20958	0	20906
13132	1	13172
17484	3	22121
18476	0	15072
20950	0	20916
13438	0	13416
23678	0	23651
14925	0	14915
17205	0	16507
12486	0	12491
14881	4	14452
12188	0	11985
22324	0	22230
16036	0	15952
11329	3	18382
15620	0	15266
20377	0	20367
22317	0	22301
17867	0	17841
20933	0	20916
20710	2	20731
23661	0	23651
17786	3	15579
11793	1	11844
12171	0	11985
17090	4	16507
22307	0	22230
23768	0	23743
20846	2	11903
18447	0	15070
17850	0	17841
14196	0	13801
20653	1	20672
17694	0	17689
14868	0	14452
17366	2	13882
19983	2	19923
22300	0	22301
23887	2	11979
21718	2	11245
17171	0	16507
11514	3	20722
20282	0	19983
11949	0	11929
19782	1	19842
12504	2	13052
20796	1	20818
22290	0	22230
13053	2	11979
22703	1	22807
18415	0	18390
17276	0	16507
18430	0	15070
22256	0	22254
14094	1	14093
14365	0	14327
16933	1	16932
11179	3	21262
14477	1	14481
22207	0	22201
20265	0	19983
12142	0	11983
11932	0	11929
14544	0	14514
21201	0	21164
20854	0	20841
14842	1	14841
18398	0	18390
22572	0	22561
11282	0	11252
12735	2	11364
14348	0	14327
14834	0	14452
17748	0	17713
18634	1	18652
23310	4	22630
20255	1	20322
23997	1	24033
23760	1	23759
23305	0	22630
20248	0	19983
19023	1	19302
20959	0	20841
24359	0	24227
14527	0	14514
17268	0	17261
21184	0	21164
23839	0	23743
20917	2	11903
18832	1	19113
17878	1	17904
17962	1	17961
17731	0	17713
21992	1	22083
11530	2	11680
15896	3	15700
23663	0	15717
22514	4	11256
12955	0	12504
20231	0	19983
20942	0	20841
12504	3	13007
18405	0	15070
20749	0	20739
20276	0	20216
20935	0	20912
23883	4	23858
11795	0	11764
21165	2	11683
21604	1	21646
17389	0	17385
17714	0	17713
17728	0	17729
15179	0	15053
12880	2	11551
16592	1	16590
12733	2	11406
20966	0	20904
22288	2	11364
11365	3	13002
20858	0	20909
21608	0	21564
11778	0	11764
21376	0	21312
17585	0	17548
22674	1	22778
20195	2	17496
14598	0	14514
24227	3	13069
23414	2	11518
14517	2	11240
19983	2	11681
16450	2	12683
11369	2	11607
17361	3	24125
14329	1	14369
21359	0	21312
13163	1	13202
23451	0	23413
19891	0	19870
20451	0	20367
24231	0	24224
22630	2	11237
15957	1	15966
18365	0	18349
17577	0	17548
17574	1	17631
18430	1	18542
18468	0	15053
16894	4	16507
15250	0	15053
21342	0	21312
20272	0	15053
23434	0	23413
13292	1	13316
19017	1	19308
23985	2	11181
15152	4	15053
23801	4	23799
17560	0	17548
16444	2	12940
17667	2	11866
20842	2	20992
15238	0	15051
18334	1	18333
20362	3	20364
18451	0	15053
18807	0	18631
15116	0	15051
15217	4	15051
20255	0	15053
23417	0	23413
18406	0	18388
18108	1	18107
20111	1	20153
17506	3	17525
15221	0	15051
21313	0	21310
18434	0	15053
13222	1	13251
21277	0	21269
23920	0	23897
18472	0	18390
12755	1	12754
20960	0	20910
17333	0	16507
12438	0	11985
20601	0	20606
16068	0	15952
24224	2	13363
11517	3	13046
20842	2	11327
12802	2	12566
23387	1	23407
23903	0	23897
18455	0	18390
17446	0	17436
21140	0	21125
11803	0	11762
12421	0	11985
17669	0	17667
11526	2	11323
21361	0	21308
16051	0	15952
19631	4	19547
19377	1	19376
17424	1	17430
11868	3	12812
11554	3	13875
12430	0	11985
23418	2	11367
20083	2	11365
22958	1	22880
18438	0	18390
11613	3	13036
19939	1	19951
15345	1	15499
11786	0	11762
20607	0	20608
20906	2	11978
18020	0	17786
21384	0	21310
16863	1	16862
12009	1	12403
12102	1	12294
20945	0	20921
21634	0	21599
12570	2	11509
12065	0	11984
20846	2	20844
15859	0	15857
20913	2	16023
11588	3	13046
18003	0	17786
21367	0	21310
15719	2	15717
11401	3	22123
17361	2	20734
17564	1	17622
22003	1	22094
20928	0	20921
16615	1	16614
16507	2	11394
22555	2	22554
11988	0	11981
13367	0	13368
18645	0	18631
23414	2	11331
20436	1	20534
21484	0	21470
20880	2	11176
11675	2	11680
18631	2	11670
12048	0	11984
12904	0	12895
21280	0	21269
17475	0	17470
24225	2	20674
11374	0	11369
22161	0	22146
18628	0	18631
20088	0	20083
20606	2	11514
15952	2	15578
20715	2	11334
12504	2	11389
18497	0	18388
22146	2	11367
20930	1	21008
19696	0	19685
15878	0	15874
20971	0	20846
20731	3	20728
21474	4	21470
23303	0	22630
15669	4	15591
21752	0	21718
11277	0	11257
18480	0	18388
13899	1	13937
20953	1	21010
15746	4	15719
20609	0	20604
21386	0	21306
15051	2	12875
24227	3	13366
20954	0	20846
17235	1	17234
20947	0	20917
21735	0	21718
21575	1	21588
11511	3	21118
18463	0	18388
20846	2	20173
20969	0	20909
20905	2	11979
18735	0	18672
16504	2	11365
20121	1	20162
21564	2	11511
11375	1	11385
23371	2	11243
14515	2	12384
15932	1	15944
21369	0	21306
12504	2	11523
18724	4	18692
11237	3	19961
18347	2	11515
20937	0	20846
20890	0	20885
17864	0	17842
22581	0	22558
12734	2	12622
20930	0	20917
11245	3	23519
17360	2	17352
20107	0	20079
22144	2	11184
20769	0	20710
20605	2	19675
21823	0	21718
17472	2	14484
20961	0	20909
20953	0	20919
23681	0	23654
15716	0	15719
11229	3	24125
20090	0	20079
14693	1	14749
15297	0	15263
22253	1	22271
16459	0	16445
20918	0	20912
15376	1	15529
17273	1	17289
21806	0	21718
20944	0	20909
20775	2	11184
19679	2	13799
20917	2	20173
20936	0	20919
23664	0	23654
15177	1	15176
24259	0	18347
14486	3	14509
11981	2	11403
11652	0	11573
18491	0	18391
15857	2	11517
12997	3	13046
16243	3	16211
20908	2	17483
18283	4	17786
20956	0	20842
24242	0	18347
14524	0	14515
19785	1	19845
13619	2	23602
23429	0	23418
19983	2	20167
11331	3	13002
22592	0	22564
15271	1	15427
18780	1	19061
13438	1	13457
15787	0	15719
23534	0	13619
23689	0	17712
23534	0	23418
23414	3	11904
21688	2	11683
21204	0	21167
15899	0	15857
23412	0	23418
13831	1	13868
20857	0	20844
20972	0	20915
22575	0	22564
18401	0	18393
18361	1	18380
17436	2	13365
18275	4	17786
11248	3	21267
13531	0	13281
20597	2	11670
23359	0	23353
20962	0	20844
16444	3	14511
21553	2	11677
23545	0	23526
21187	0	21167
20776	2	20774
11179	3	12996
18835	1	19116
20955	0	20915
20080	2	11678
22203	2	11367
11344	2	11401
18790	0	18631
17360	2	11554
18746	2	11335
12662	0	12893
14554	0	14452
22572	0	20711
23528	0	23526
23454	1	23507
19685	2	15099
17385	2	11520
16453	0	16451
19465	4	18631
14513	0	14517
21059	0	21063
21170	0	21167
15818	4	15812
20938	0	20915
18428	0	18389
24112	2	11367
18140	0	17786
16118	2	16125
14011	4	13801
12116	0	11981
18773	0	18631
15082	0	15051
15674	2	15714
21564	2	11324
16342	1	16371
18437	0	18389
20943	0	20910
11334	3	15698
24228	0	24225
12504	2	11336
19347	0	18631
20227	0	20215
23986	2	13799
20610	0	20603
21387	0	21305
13602	0	13281
12003	0	11981
14495	0	14486
15326	0	15263
20716	2	16209
18756	0	18631
13055	2	11459
18420	0	18389
18260	1	18259
20926	0	20910
15970	2	11365
18705	1	18704
20712	2	11872
16034	0	15952
21523	0	21522
11520	3	20722
20712	3	13036
13802	1	13839
16118	2	12876
20957	0	20902
20686	0	20679
23454	0	23416
18403	0	18389
19983	2	11925
18056	1	18055
12091	0	11981
11626	1	11641
16058	0	16015
13470	2	11515
18917	1	19197
18113	4	17786
11350	3	16515
23437	0	23416
11888	2	11325
12770	4	12504
23851	4	23763
11817	0	11763
15952	2	16009
24327	1	24333
11187	3	13018
12074	0	11981
15685	0	15674
23178	3	11522
21936	3	22121
15070	2	11870
21191	1	21241
16041	0	16015
14451	2	11589
23420	0	23416
14341	0	14321
20216	2	11978
20281	0	20215
11800	0	11763
21324	0	21303
19924	3	19916
15071	2	15108
12913	0	12892
13551	2	11586
22290	0	22287
14514	3	11522
24077	3	24066
24230	0	24221
19869	2	19919
12635	0	12504
17368	2	11758
14916	2	14984
21998	1	22089
11783	0	11763
17417	0	17386
13834	0	13801
21381	0	21311
21307	0	21303
11764	2	11367
19689	2	13793
24018	1	24054
11802	1	11850
12145	0	11981
12843	0	12827
11766	0	11763
21125	3	19325
15237	1	15240
21364	0	21311
22554	2	13393
22526	1	22539
21741	1	21847
24236	0	24223
17786	2	12485
22147	2	11179
11600	3	20671
13693	0	13281
18315	4	17786
15417	0	15263
12826	0	12827
20604	2	20631
16470	0	16446
11597	2	11241
13502	1	13520
21347	0	21311
22430	4	22392
12997	2	11613
16567	0	16507
11239	3	22123
11371	0	11370
17868	1	17890
18353	0	18348
21352	0	21306
16204	3	21562
13676	0	13281
13097	2	11238
20603	2	11515
21378	0	21303
15400	0	15263
20641	0	20633
11774	1	11876
21332	0	21167
18358	0	18343
12995	3	13035
16148	1	16236
23887	2	11365
16173	0	16145
18302	0	17786
21128	2	16522
21335	0	21306
12582	0	12570
13659	0	13281
15383	0	15263
13053	2	11365
17786	2	12619
21272	3	21118
12837	0	12504
17671	0	17548
14708	0	14452
12912	0	12893
14804	0	14452
14291	0	14280
14104	1	14103
17816	0	17786
17803	1	17820
12817	3	24125
22595	0	22559
15366	0	15263
16410	1	16428
13050	2	12545
11257	2	11331
20602	2	11588
20079	2	11923
18964	0	18746
14691	0	14452
14043	4	13801
11808	0	11761
18268	0	17786
13228	0	13211
19501	0	18631
17514	1	17536
15014	4	14986
17799	0	17786
20184	1	20192
17296	1	17300
13133	2	11584
13638	0	13619
20967	0	20920
21272	3	13897
24361	1	24472
16148	0	16145
18910	0	18631
20246	0	20216
15889	3	18382
14893	4	14811
18393	3	13275
21389	0	21309
23339	1	23338
20279	1	20346
12908	0	12504
20958	0	20910
16532	4	16507
22676	0	22630
11412	2	11589
14942	0	14916
17689	2	11544
20678	0	20636
24114	2	13395
13621	0	13619
15265	2	11240
14030	0	13801
15081	0	15071
20950	0	20920
14131	4	13801
11191	1	11211
20087	0	20080
14009	4	13801
16323	2	11509
17348	2	11247
15147	1	15146
20840	0	20844
17986	1	17985
19467	0	18631
24154	0	24119
11924	3	11915
14476	2	11903
22659	0	22630
20933	0	20920
13068	3	22121
21377	0	21304
16142	3	13461
20367	2	20571
21628	1	21670
24137	0	24119
23839	1	23838
18631	2	11243
14219	4	13801
23054	1	23146
18981	0	18631
12176	0	11984
13996	0	13801
23684	0	23657
14769	4	14452
21360	0	21304
18633	0	18630
21327	1	21405
16763	0	16507
18819	0	18746
15684	0	15715
15379	1	15532
13692	0	13619
12945	0	12881
13979	0	13801
11515	3	20727
23667	0	23657
21691	0	21688
11251	3	11337
17499	2	11517
11190	3	13023
14913	2	11553
11243	3	19662
18802	0	18746
13801	3	13895
19869	2	11356
15283	0	15266
18495	0	15072
13160	0	13133
22730	0	22630
11282	0	11256
14084	0	13801
13401	0	13051
24474	2	11184
14322	3	14407
21165	2	11903
22496	4	22392
17598	1	17655
20921	2	15110
11352	3	21552
11867	3	20671
17713	3	12501
18785	0	18746
14353	0	14326
13143	0	13133
13065	3	13047
13144	1	13183
11526	2	11514
22595	1	22624
11530	2	11684
20058	2	11237
15275	0	15266
17509	0	17503
13369	0	13281
11326	3	13045
18890	0	18746
20080	2	12727
19983	2	11551
12504	3	13011
17869	0	17841
22586	0	22557
15952	2	11313
14336	0	14326
23883	4	23862
21132	0	21131
12826	0	13124
20602	2	11401
24221	3	11522
18396	0	15053
18132	1	18131
16721	0	16507
22581	0	15715
22457	0	22392
17197	1	17196
21556	2	11680
23866	0	23743
14870	0	14452
14950	0	14914
21607	0	21564
20858	0	20913
20841	2	19670
23686	0	23653
11951	0	11929
18079	4	17786
22232	0	22227
20971	0	20903
15972	2	11556
12731	0	12740
23418	2	23585
20675	3	15700
20812	1	20834
20848	0	20842
11538	0	11526
12513	0	12504
20880	2	11367
11412	2	11402
20362	2	11903
12504	2	12735
23669	0	23653
11934	0	11929
23536	0	23524
20954	0	20903
23044	1	23137
19606	1	19605
16310	0	16145
21305	2	13363
12881	2	11356
14286	0	13801
20946	0	20913
13054	2	11517
22733	0	22630
22401	1	22400
13817	0	13801
20230	0	20218
13050	2	11903
15882	0	15874
14836	0	14452
13537	0	13527
18467	0	15053
12143	1	12329
16465	0	16451
17359	2	12481
20250	0	19983
17386	2	11364
23307	0	22630
17266	1	17283
20937	0	20903
16694	4	16507
22939	4	22630
20929	0	20913
11763	2	11871
17306	1	17315
23199	1	23248
20739	2	11403
15952	2	16119
11789	1	11841
20919	2	11678
22415	0	22392
11336	3	17323
23353	2	23347
11531	2	11394
13978	1	13984
11536	1	11568
12584	0	12504
11695	1	11694
20902	2	11678
13158	0	12504
15410	1	15562
20716	2	11326
22926	0	22630
20711	2	20349
24074	3	24067
19653	0	11369
11551	3	22122
16559	0	16507
14361	0	14324
16504	2	11556
17713	2	11554
16259	0	16145
21610	0	21564
21979	0	21936
14259	4	13801
11780	0	11764
16267	1	16309
15986	1	16004
24250	0	24224
11252	2	11336
12061	1	12259
14344	0	14324
20284	0	20218
21140	0	21129
19547	2	11515
13815	1	13852
15902	0	15898
19533	1	19532
22892	0	22630
24233	0	24224
11985	3	12390
15857	2	15896
19983	2	11364
16129	1	16134
20615	0	20602
15676	0	15672
11613	3	13040
22001	1	22092
21553	2	12889
20739	2	16209
15332	0	15266
14472	2	11979
20605	2	14739
22358	0	22288
11173	3	20726
13989	1	13990
11765	1	11821
21528	0	21521
21375	0	21304
16335	1	16365
18453	0	15053
16144	2	13395
22392	2	11356
15315	0	15266
18407	0	17361
18168	1	18167
17667	2	11549
20616	1	20628
21044	2	13395
15643	4	15266
21372	0	21309
16883	0	16507
11988	0	11985
16984	4	16507
18631	2	11674
11675	2	11684
15420	0	15266
15903	0	15857
16761	0	16507
22133	2	11407
15298	0	15266
23442	0	23415
11888	3	11904
20908	2	11608
24084	0	24075
18244	1	18243
20606	2	11518
15403	0	15266
14008	1	14007
20644	0	20636
23372	0	23371
17492	2	17496
21269	2	12384
24475	1	24478
12504	2	11393
22442	4	11256
16971	0	16507
18426	1	18539
12076	0	11985
17072	4	16507
12036	0	11983
20711	2	11518
24366	0	23652
15609	4	15266
16849	0	16507
19433	0	18631
23832	4	23833
24120	0	24119
20710	2	20711
24474	2	11615
20363	2	11517
20612	0	20367
15386	0	15266
13589	3	13782
15678	1	15695
12504	2	12682
16954	0	16507
12059	0	11985
20609	0	20608
14630	4	14452
24349	0	23652
21285	1	21301
17368	2	11331
20044	4	19983
15078	0	15072
19784	0	19689
22408	4	11256
21165	2	11179
23925	1	23961
20969	0	20913
18951	1	19230
16937	0	16507
19870	2	11588
12042	0	11985
20048	0	19983
15861	0	15857
14613	4	14452
22559	2	11672
21044	3	21055
11625	0	11621
14543	0	14669
22581	0	22562
12746	0	12504
15717	2	11350
17355	2	12608
20074	3	18382
23851	4	23820
13065	3	22122
12107	0	11983
14617	0	14452
19767	0	19689
20636	2	11613
20596	1	20599
11990	0	11981
20107	0	20083
22301	2	11401
20904	2	15110
24209	2	11188
21278	0	21272
11752	4	11412
20031	0	19983
14669	3	14736
16822	4	16507
22966	0	22630
20961	0	20913
22395	0	11256
11376	0	11369
14945	0	14919
17415	0	17386
13339	1	13353
23002	1	23094
17312	0	16504
16145	2	11394
19006	1	19285
19983	2	11177
18859	1	19140
20090	0	20083
20608	2	11514
11634	0	11412
18436	0	17361
13055	2	12939
19998	4	19981
11533	0	11531
24155	0	24209
20918	0	20916
22019	1	22110
12569	1	12589
15115	2	12540
15051	2	13363
20944	0	20913
21688	2	11553
23007	1	23100
14928	0	14919
16178	0	16144
23368	3	24117
16045	0	16015
21340	0	21305
17006	1	17004
22630	2	11672
20949	0	20908
23054	0	22630
19997	0	19983
17372	0	17368
15725	1	15739
24100	1	24109
12061	0	11981
17523	0	17504
16411	2	11403
22903	1	22901
16028	0	16015
22203	2	11237
14422	1	14449
12798	4	12743
15715	2	15714
20932	0	20908
22392	2	11519
18416	1	18530
11331	3	13006
23037	0	22630
21777	0	21720
15650	1	15649
20083	2	20176
15382	1	15535
12049	1	12407
16159	1	16237
12044	0	11981
12900	0	12892
20433	0	20367
22924	0	22630
22583	0	22558
11474	2	11237
21760	0	21720
17146	4	16507
22363	0	22230
22146	2	11184
11665	2	11584
17361	2	13330
18503	0	15070
20416	0	20367
17601	1	17658
13060	3	24408
12504	2	11556
13055	2	11329
15086	0	15070
21743	0	21720
23175	2	11678
11344	2	11405
17028	0	16507
13416	2	11519
23828	4	23826
16660	4	16507
21125	2	11185
15786	2	11550
20845	0	20843
18486	0	15070
15954	1	15962
17234	4	16507
22146	3	13048
18428	0	18393
15069	0	15070
14809	4	14452
12891	2	11184
17470	2	11406
12528	1	12558
17011	0	16507
12116	0	11985
17359	3	11904
24406	0	23652
20951	0	20904
22230	2	11190
16504	2	11182
20039	0	19981
16643	4	16507
12562	2	12564
22995	0	22630
18422	0	17361
18469	0	15070
18433	0	18388
20943	0	20914
20051	2	11327
14326	3	13460
22630	2	11351
21387	0	21309
16403	0	16331
17500	2	11367
20098	0	20081
20105	0	19983
24389	0	23652
17436	3	17461
23887	2	11556
23797	4	23743
20740	0	20741
20926	0	20914
20774	2	11550
22469	0	11256
24210	2	11618
19466	1	19462
17099	0	16507
15641	4	15266
17200	4	16507
17366	2	11365
14705	0	14669
14475	2	11364
23743	2	16021
20957	0	20906
23047	1	23140
24224	2	11249
11367	3	24066
11524	0	11529
13437	0	13416
23677	0	23651
22452	0	11256
12091	0	11985
11942	0	11927
22230	2	11324
22561	2	11903
20913	2	11331
24129	0	24210
14327	3	14406
12187	0	11985
17803	0	17786
11354	3	19914
14549	0	14514
14688	0	14669
18493	0	17361
20940	0	20906
24078	0	24076
23763	4	23743
14212	1	14211
20196	2	11335
13420	0	13416
17309	1	17318
23660	0	23651
22435	0	11256
12074	0	11985
22638	1	22742
23868	4	23743
18476	0	17361
23418	3	13046
12881	2	12889
14341	0	14325
16023	3	15700
18897	0	18631
21768	0	21718
21137	0	21130
20692	1	20704
14680	0	14669
14452	2	14475
11684	3	15699
15071	2	15112
17547	1	17605
23425	0	23415
14530	1	14607
15413	1	15565
13790	3	16318
20079	2	20169
20643	1	20662
13788	3	13782
11923	3	11917
14364	0	14327
17503	2	11394
22255	0	22254
18880	0	18631
13051	2	13066
23590	0	13619
23326	4	22630
19772	1	19832
18505	1	18610
17686	4	17684
13550	2	11334
23590	0	23418
15208	4	15053
18320	1	18319
20853	0	20841
16330	3	12389
14084	1	14083
12385	3	21562
11919	3	13036
12518	0	12503
11547	3	18382
12064	1	12262
12901	0	12891
18863	0	18631
12145	0	11985
23679	0	15717
11761	2	11582
24160	0	17361
24245	1	24294
13818	1	13855
16697	1	16696
18462	0	18388
17267	0	17261
14832	1	14831
21183	0	21164
11364	3	22122
23178	2	11600
20473	0	20367
21636	0	21599
20959	0	20902
24236	0	24227
18116	1	18115
11771	0	11762
18968	0	18631
13231	0	13214
19686	2	11358
22961	1	22887
20618	0	20605
16507	2	11508
11936	1	11960
16145	3	16214
23191	0	22630
15195	0	15053
23292	4	22630
16470	0	16450
11412	2	11325
19983	2	11608
18445	0	18388
20942	0	20902
13620	1	13704
21166	0	21164
21619	0	21599
20456	0	20367
17437	0	17438
23605	3	12394
18951	0	18631
21352	0	21310
22256	1	22270
23174	0	22630
23441	1	23494
22207	1	22217
15162	4	15051
18358	0	18347
22227	3	17834
12995	3	13039
22287	3	17837
18348	2	11556
12136	1	12323
16458	0	16445
14896	4	14823
20774	2	11363
15970	2	11182
21335	0	21310
14524	1	14613
11412	2	11459
20430	1	20531
21688	2	11179
16468	1	16492
14470	0	14471
11257	2	11335
11654	2	11758
18364	0	18349
21132	1	21143
19552	0	19547
18926	1	19206
17961	4	17786
23628	1	23626
23433	0	23413
12431	0	11983
15169	1	15166
16260	1	16303
17244	0	16507
20892	0	20885
11578	1	11591
16780	4	16507
11365	3	19963
15979	0	15952
18448	0	18388
12660	0	12661
14942	0	14920
16507	2	11187
17953	4	17786
21564	3	17461
18049	4	17786
23927	0	23887
12423	0	11983
24152	0	24210
16449	2	12622
21994	1	22086
16352	0	13619
15855	2	13058
17386	2	11555
15289	1	15444
21377	0	21308
11993	0	11984
17859	1	17916
20841	2	16023
11584	3	21118
11365	3	12742
21726	0	21720
16451	2	16447
17673	0	17548
23692	0	23651
17219	0	16507
23790	1	23789
20856	0	20921
11685	2	11678
17445	0	17436
16335	0	13619
18674	4	18631
13297	0	13281
21360	0	21308
19689	2	11516
16507	2	11321
16446	2	11325
11530	2	11554
20649	0	20635
18366	0	18345
15598	1	15597
23675	0	23651
21304	2	13274
19025	0	18631
17842	2	11321
15952	2	11183
20716	2	11517
13651	1	13734
22129	3	22123
19367	1	19366
13280	0	13281
23681	1	23723
15252	0	15053
21742	1	21850
11190	3	13027
20952	0	20911
13565	0	13550
18502	0	18388
18390	3	13044
19008	0	18631
12064	0	11984
22425	1	22424
20846	2	20905
14014	1	14013
18232	4	18109
20603	2	11682
20774	2	11176
15772	0	15719
20885	2	11663
12146	1	12332
11526	2	11518
20941	1	21013
14452	2	11523
20880	2	11237
20882	0	20846
17696	0	17684
12504	3	13015
22586	0	22561
16152	0	16142
22301	2	13068
20714	0	20710
16352	0	16331
11535	0	11412
23349	2	11549
20947	0	20844
17348	3	11340
11253	2	11328
17604	1	17661
15053	2	11318
21323	0	21303
14950	0	14918
20858	0	20917
19695	0	19685
14907	4	14869
20367	2	11394
17127	1	17126
20842	2	17483
22557	2	11514
16335	0	16331
20930	0	20844
13051	2	11403
20971	0	20907
24119	2	20054
20180	1	20189
20710	2	20768
20848	0	20846
22156	0	15715
11183	3	16211
21751	0	21718
22714	1	22818
11538	0	11530
14350	0	14322
23743	2	15781
13058	3	15700
12882	0	12880
11873	3	18613
23887	2	12605
20953	0	20846
21183	0	16118
18457	0	18393
20954	0	20907
17492	2	13365
19592	0	19547
12734	2	11394
12938	3	12933
22152	0	22143
17486	2	11394
20946	0	20917
21734	0	21718
23674	0	23652
20907	2	20992
19513	1	19512
21167	2	11903
17599	0	17548
20379	1	20491
18909	0	18746
20936	0	20846
21166	0	16118
20937	0	20907
12570	2	11249
12734	2	12683
20929	0	20917
21717	0	21718
14160	1	14159
11573	2	11364
24129	1	24171
16999	1	16998
12665	1	12670
13371	0	13281
11369	2	19670
18892	0	18746
23353	2	23351
16176	0	16144
19612	1	19611
11530	2	11367
17926	1	17933
20925	0	20902
23422	0	23416
20609	1	20620
17385	2	11313
14552	0	14517
18411	0	18391
22459	0	22392
21760	1	21868
17368	2	11872
17312	1	17321
21314	1	21392
20972	0	20842
18081	4	17786
21197	0	21165
15634	1	15633
24267	0	24225
13337	0	13281
11334	3	13047
15366	1	15519
20850	0	20842
11665	2	11507
22641	1	22745
15840	4	15812
18394	0	18391
11758	3	19914
12082	0	11983
12898	0	12892
20814	0	20774
15972	2	11239
23985	2	11673
20695	1	20707
12121	0	11984
11365	3	13039
20955	0	20842
21180	0	21165
11390	3	24117
11163	0	11161
17483	3	22122
11985	3	12394
23855	4	23807
20203	0	20079
18706	4	18631
18068	0	17786
18169	4	17786
11526	2	11681
15271	0	15263
20797	0	20774
16507	2	11618
21952	1	22043
11270	0	11253
13425	0	13281
17362	2	11923
20121	0	20081
16330	2	11873
13052	2	11678
15827	0	15812
20938	0	20842
21177	1	21227
20272	0	20217
12828	0	12827
11527	2	11517
20914	2	19670
13530	0	13281
11484	0	11474
11657	1	11662
13821	1	13858
23544	0	23526
20962	0	20905
18351	1	18370
20846	2	11403
12586	0	12504
20255	0	20217
21380	0	21303
20915	2	20990
17372	1	17380
18034	0	17786
19983	2	20362
14826	1	14824
19368	4	18631
14534	1	14569
12691	0	12504
23527	0	23526
24085	0	20195
21808	0	21718
12569	0	12504
12881	2	11173
20096	0	20081
11367	3	21545
22259	1	22273
21317	0	21167
13332	2	11318
23447	0	23414
21694	1	21703
17713	2	11237
20226	0	20215
16184	0	16142
12139	1	12326
23995	1	24030
23031	1	23124
23430	0	23414
20710	2	20715
13055	2	11520
21063	2	11517
16167	0	16142
18637	1	18655
15016	4	14986
21129	3	13461
11575	1	11592
21685	2	11509
11519	3	20722
15391	0	15265
18457	1	18565
23585	2	11523
13053	2	11613
22201	2	11245
14196	1	14195
16471	1	16495
16412	2	11903
12129	1	12413
18695	1	18694
11793	0	11761
24130	1	24170
13213	0	13211
23195	0	23178
17512	0	17502
12083	1	12277
20969	0	20917
21312	2	11903
15374	0	15265
21388	0	21167
17803	0	17843
21273	0	21270
17691	0	17689
15952	2	15131
18468	0	18391
11872	3	20727
20974	0	20912
18191	4	18025
11776	0	11761
13801	3	13875
15397	1	15549
15357	0	15265
14495	1	14502
21371	0	21167
22501	1	22500
15198	1	15196
11985	2	12386
13052	3	11558
16518	2	11180
17745	1	17780
18451	0	18391
14945	0	14923
20682	2	13395
11675	2	11367
22392	2	11389
20919	2	11979
23418	2	11188
13379	2	11362
18243	4	17786
22569	0	22561
15340	0	15265
11261	0	11251
12893	2	11365
20918	0	20920
16423	0	16412
18434	0	18391
14928	0	14923
11511	3	20671
11782	0	11763
16681	1	16680
20902	2	11979
15292	1	15447
21340	0	21309
15328	0	15263
14514	2	11331
13281	2	13468
20949	0	20912
20774	2	17352
19960	3	19964
13981	0	13801
17728	0	17713
18331	4	17786
23994	0	23985
12061	0	11985
20781	0	20776
19983	2	12820
21363	0	21311
15311	0	15263
17786	2	11607
20932	0	20912
11323	3	15700
12765	0	12504
24359	0	24345
19983	2	20175
11331	3	13010
20021	0	20050
12044	0	11985
19523	0	18631
18787	0	18746
14327	2	14321
17361	3	20726
20088	1	20129
11378	0	11360
15294	0	15263
15874	2	11249
23897	3	11339
12748	0	12504
20423	1	20525
16448	1	16501
17365	2	12565
11887	2	11240
20602	2	11515
22588	0	22557
15399	0	15263
18770	0	18746
16145	2	16204
14052	0	13801
12731	0	12504
19692	0	19686
13281	2	11508
18875	0	18746
14488	3	14504
13133	2	11511
14236	1	14235
17075	1	17074
22571	0	22557
15382	0	15263
18753	0	18746
23073	0	22630
22166	0	22144
12836	0	12504
21555	3	21562
17366	2	11235
14707	0	14452
24114	3	19963
14808	4	14452
21129	2	21158
18858	0	18746
24393	0	24227
22594	0	22559
23056	0	22630
19496	4	18631
14140	0	13801
11334	3	22122
17557	0	17548
18459	0	18389
23921	1	23958
20965	0	20910
18947	1	19227
14690	0	14452
19461	1	19460
18841	0	18746
20104	0	19983
22586	0	20711
22577	0	22559
22717	1	22821
23926	1	23964
20774	2	11554
14025	4	13801
20806	0	20774
24119	2	13882
23917	0	23897
18440	0	15072
20957	0	20910
22675	0	22630
13620	0	13619
11185	3	24067
15314	0	15266
15043	0	14986
20086	0	20080
20691	0	20682
15857	2	15876
12484	2	11181
20735	3	13046
23370	1	23391
16455	0	16446
11613	3	13020
18423	0	15072
20940	0	20910
22658	0	22630
11888	2	11333
22200	0	22203
23214	0	23179
16523	2	11553
24075	2	11185
16662	4	16507
11888	2	11683
20080	2	11365
13281	2	11187
12497	3	12501
13635	1	13718
23421	1	23474
14487	3	14505
12513	1	12549
22564	2	22559
21520	0	21522
16357	0	16330
11179	3	13033
22407	4	22392
15115	3	14406
23897	2	11331
21560	0	21554
24227	2	13395
14889	1	14888
12062	0	11984
11200	1	11221
15116	1	15124
11369	2	11404
11409	3	17323
21317	1	21395
16750	4	16507
23185	1	23234
16340	0	16330
15369	1	15522
20269	0	20218
14355	0	14321
21754	1	21861
20742	2	11365
12901	0	12895
17667	2	11313
13109	0	12504
16450	2	11325
20367	2	11317
16510	0	16507
22943	1	22884
12150	0	11984
22527	0	22518
11944	0	11927
24076	2	16022
22478	4	22392
16615	0	16507
16716	4	16507
11447	4	11412
22143	2	11367
21709	2	13878
14214	0	13801
12133	0	11984
17189	0	16507
23662	0	23651
11515	3	14506
14764	0	14452
14865	4	14452
13281	2	13549
20747	0	20712
18395	0	15053
20178	0	19983
22461	4	22392
20939	0	20911
20022	1	20023
20223	0	20216
16258	1	16287
12995	3	13043
12504	2	11507
14906	4	14865
21383	0	21306
18122	1	18121
19020	0	18746
16458	0	16449
20774	2	11367
11950	0	11929
16703	0	16507
18983	1	19263
18416	0	18390
19497	1	19496
20922	0	20911
11313	3	15699
12822	2	11317
11657	0	11654
14180	0	13801
15599	1	15600
21366	0	21306
13690	0	13281
23532	0	23415
19003	0	18746
20266	0	19983
13801	2	12875
11933	0	11929
20802	1	20824
11417	0	11412
23604	2	11516
20953	0	20903
14285	0	13801
14144	1	14143
18399	0	18390
16588	4	16507
22732	0	22630
11368	0	11370
16187	0	16145
15874	2	11680
21349	0	21306
15371	0	15266
17474	0	17466
11901	3	13268
16757	1	16756
20936	0	20903
22990	1	23083
17361	2	16209
24255	0	24224
23648	4	23636
14684	1	14723
19882	0	19689
21766	1	21874
21753	1	21862
11813	0	11764
18355	0	18343
18995	0	18746
22715	0	22630
13233	0	13214
11762	2	11326
18640	1	18658
20354	0	19983
24475	0	24474
18225	4	18095
15197	0	15053
18460	1	18568
21553	3	21551
13669	0	13619
14337	0	14322
20842	2	11608
16275	0	16145
14942	0	14924
20915	2	11919
13994	1	13993
20277	0	20216
11796	0	11764
12027	0	11985
16833	1	16832
18978	0	18746
21995	0	21936
13216	0	13214
24256	0	18347
16445	2	11517
21320	0	21304
12909	0	12893
16824	4	16507
11488	0	11412
22286	0	22288
19652	0	11369
17473	2	11394
14320	0	14322
23897	3	11904
21609	0	21564
11779	0	11764
12010	0	11985
21945	1	22037
22138	2	22139
24239	0	18347
21377	0	21312
18910	1	19190
22589	0	22564
23590	0	23585
23550	0	23526
13982	1	13988
22690	0	22630
24405	0	23652
11685	2	11682
18230	4	18251
16912	4	16507
17363	2	17360
17362	3	19961
19999	0	19983
24222	0	18347
21360	0	21312
23632	4	23622
16507	2	11325
19374	4	18631
12051	1	12249
22673	0	22630
13528	0	13281
14695	1	14729
18366	0	18349
20614	0	20602
21575	0	21564
15952	2	11187
13527	2	12542
23039	0	22630
11190	3	13031
20273	0	15053
20952	0	20915
18631	2	19306
16445	2	12940
17000	4	16507
22569	0	20711
21374	0	21304
12504	2	11320
18452	0	15053
16777	0	16507
16878	4	16507
19361	0	18631
23022	0	22630
18203	4	18327
22451	0	11256
21309	2	11179
18354	0	18344
14910	0	14914
11329	3	12812
19983	2	13064
24399	1	24463
24211	0	24209
20603	2	16008
19645	1	19656
12052	0	11983
13549	2	11358
17355	2	11246
17348	2	17350
17514	0	17506
23348	2	11549
22630	3	11340
16865	0	16507
22591	0	22560
22431	1	22430
16743	0	16507
11253	2	11332
21728	0	21720
17386	2	11238
12076	1	12271
14950	0	14922
16330	2	16386
19695	0	19689
12035	0	11983
20679	2	11331
21515	4	21470
16848	0	16507
22574	0	22560
20741	2	11190
11187	3	13002
14350	0	14326
22424	4	11256
18389	3	13276
12018	0	11983
21271	0	21270
17515	1	17543
20367	2	15131
21186	0	21163
21816	0	21720
14938	0	14917
22152	0	22147
20215	2	14739
20946	0	20921
16142	2	11179
23674	0	23656
24159	0	17361
15682	0	15674
19783	0	19689
11544	3	19964
14916	2	11585
15860	0	15857
20914	2	16023
20007	0	19981
16350	1	16377
23353	2	11678
14338	0	14321
21799	0	21720
12108	1	12300
14921	0	14917
12189	0	11985
22720	1	22824
20929	0	20921
20608	2	12730
17716	0	17712
20635	2	11613
18646	0	18631
21485	0	21470
18750	1	19031
20712	2	11185
11369	2	19674
15898	2	11511
20934	0	20916
22313	0	22303
15041	1	15040
19547	2	11389
15276	1	15431
17067	0	16507
12172	0	11985
15604	0	15266
18629	0	18631
11633	0	11412
20925	0	20906
23533	0	23524
20716	2	11334
15683	0	16414
23416	2	11517
21770	0	21718
21129	3	11558
22027	0	21936
21269	2	11185
19983	2	11588
23416	3	11338
22291	0	22230
12504	3	13048
21724	1	21831
20972	0	20846
22009	1	22100
22132	0	21936
22201	3	15579
22171	0	22143
22158	0	15715
21753	0	21718
20416	1	20519
15596	0	15266
23178	2	11364
13343	1	13357
22010	0	21936
23668	1	23710
16451	3	11338
11394	3	17525
14484	3	20673
20855	0	20841
18639	0	11256
11365	3	13043
19876	0	19869
20955	0	20846
23836	4	23743
18414	0	15070
14349	0	14327
16207	3	16208
21736	0	21718
23179	3	15736
24162	0	17361
15119	1	15127
22257	0	22230
22289	3	15579
20938	0	20846
23460	1	23521
15640	1	15639
24095	2	11672
13619	2	11185
13055	2	12545
18397	0	15070
14332	0	14327
22491	0	11256
14220	1	14219
21719	0	21718
12579	0	12570
24145	0	17361
20943	0	20841
23178	3	13413
17809	0	17841
21168	0	21164
23823	0	23743
11770	1	11824
21824	0	21718
17848	0	17842
14946	0	14915
15071	2	13616
17715	0	17713
17128	4	16507
20926	0	20841
20879	0	20880
20091	0	20079
14453	0	14451
20967	0	20904
20361	2	11663
20776	2	11390
23806	0	23743
15855	2	11399
14554	0	14517
12495	0	12489
23867	4	23869
19680	2	13799
24097	0	24095
17671	0	17666
23665	0	23654
15163	0	15053
20841	2	11331
11412	2	11573
16909	1	16908
18345	2	13395
15934	0	15857
20950	0	20904
23447	0	23418
20602	2	14739
21688	2	17709
22321	0	22301
23345	2	11680
13281	2	13793
22564	2	11394
12180	0	11983
16998	4	16507
21165	2	11403
16993	0	16507
20904	2	11601
20933	0	20904
23430	0	23418
18391	3	18613
23985	2	11356
17369	1	17376
13564	0	13550
22012	1	22103
11519	3	20726
23690	0	17712
14414	1	14435
24397	0	24227
17409	1	17408
15900	0	15857
22558	3	16214
23427	1	23480
20274	0	20217
18647	0	18630
17086	4	16507
17512	0	17506
20969	0	20921
15218	4	15051
20256	0	15053
22201	2	11599
23673	0	17712
24380	0	24227
17803	0	17847
17748	1	17768
20974	0	20916
21531	1	21542
12155	0	11983
20257	0	20217
20196	2	11396
23213	0	22630
18643	1	18661
16243	2	11515
20239	0	15053
18463	1	18571
21077	0	21060
18344	2	11179
16254	0	16243
13683	1	13767
24073	2	11514
20401	0	20367
20710	2	11404
16518	2	11184
13625	1	13707
17467	2	15575
20846	2	20885
14340	0	14325
11316	3	21118
12138	0	11983
16067	1	16096
23912	0	23887
18774	0	18631
16507	3	17322
15083	0	15051
22230	3	22294
11278	0	11252
15184	4	15051
23904	0	23897
20222	0	15053
20384	0	20367
13398	0	13051
11981	3	12391
20611	0	20603
13050	2	11403
16052	0	15952
22558	2	11400
15188	0	15051
20608	2	11872
22230	3	11340
16042	1	16106
20949	0	20916
14920	2	14983
21047	1	21054
13054	2	11367
22507	1	22506
11475	0	11476
15715	2	11400
11527	2	11684
13099	2	11600
16035	0	15952
16330	2	12979
19615	4	19547
21371	0	21305
19309	2	12825
15972	2	11190
12733	2	11394
15171	0	15051
17866	0	17841
11653	1	11659
20634	0	20635
21635	0	21599
20472	0	20367
18422	0	18390
20932	0	20916
17598	0	17548
12522	1	12555
20914	2	11327
11753	0	11412
16059	0	16015
24208	0	24210
13808	1	13845
11328	3	15699
14822	1	14821
14327	2	14325
12733	2	12683
23863	0	23743
21618	0	21599
23683	0	23653
12504	3	13129
24337	1	24340
17355	2	11356
21351	0	21310
11887	2	11244
21165	3	21267
13052	2	11979
22588	0	22561
11535	0	11526
19746	1	19805
19581	4	19547
16042	0	16015
22322	0	22303
17275	0	16507
22630	3	12389
21601	0	21599
18357	0	18347
20249	1	20316
18347	2	11556
14488	3	14508
24263	1	24311
21334	0	21310
22313	1	22339
16025	0	16015
22571	0	22561
17847	2	11190
17519	0	17473
13051	2	11517
18826	1	19107
18493	0	18390
22305	0	22303
19870	2	19919
15879	0	15874
11182	3	22135
20732	3	20728
12015	0	11984
15308	1	15463
22936	4	22630
20916	2	11903
20195	2	11552
19310	0	19309
22559	2	20353
11181	3	23599
18476	0	18390
24126	1	24167
11683	3	12739
20965	0	20914
20715	3	20728
23287	0	22630
17601	0	17548
23174	0	23175
17248	4	16507
20891	0	20885
15070	2	15131
18903	1	19184
21522	2	11367
21168	0	16118
21778	1	21885
17749	1	17767
13670	1	13753
23638	4	23622
20957	0	20914
18447	0	18388
11372	0	11370
14941	0	14920
20770	0	20710
24227	2	19681
17584	0	17548
11513	3	13046
22143	3	13048
13677	0	13281
20604	2	11515
17473	2	14484
17261	2	11319
20642	0	20633
11613	3	13024
13360	3	13366
20940	0	20914
17568	1	17625
18430	0	18388
16449	2	12683
20753	0	20710
23840	4	23868
15899	0	15898
23630	4	23622
21336	0	21306
20945	0	20909
11336	3	15697
16414	3	11558
23795	4	23793
17857	1	17885
12504	2	11243
11359	1	11361
23207	1	23254
17672	0	17548
17497	2	11514
15279	1	15434
14487	3	14509
14537	0	14517
11179	3	13037
24395	0	24227
14563	0	14514
20887	0	20846
17438	2	11979
20928	0	20909
20079	2	20177
21525	0	21521
19643	4	19593
11369	2	11408
15418	1	15568
12734	2	11187
17800	0	17786
15588	1	15587
13639	0	13619
24383	1	24447
21564	2	11365
23671	1	23713
15053	2	11245
21276	0	21269
16963	1	16962
20858	0	20844
20968	0	20917
17332	0	16507
12437	0	11985
21311	2	11903
22289	2	11680
13622	0	13619
16210	3	16211
20846	2	11517
19576	1	19575
22415	1	22414
16445	3	14511
16518	2	11615
15883	0	15857
12892	2	11611
16507	2	17343
20195	2	11365
15339	1	15493
21125	2	21155
11342	2	11316
15070	2	20071
20946	0	20844
18827	1	19106
20947	0	20905
21171	0	21167
18450	0	18391
20939	0	20915
13168	0	12733
18343	2	11333
13470	2	11556
12995	3	13047
12177	0	11984
21383	0	21310
17877	0	17842
20929	0	20844
11518	3	16318
20930	0	20905
20695	0	20679
20739	2	11334
21069	0	21060
12520	1	12544
23908	1	23945
21140	1	21151
20922	0	20915
18124	0	17786
23654	2	11240
21366	0	21310
14562	0	14515
17860	0	17842
21333	1	21411
23197	1	23245
19633	4	19605
20953	0	20907
22704	1	22808
11461	1	11460
14514	3	14596
11476	2	11404
15310	0	15263
20687	0	20679
21349	0	21310
18349	2	11365
17474	0	17470
18009	4	17786
21202	0	21165
14545	0	14515
18404	0	18389
20604	2	11678
11373	0	11369
19314	0	18631
20936	0	20907
19503	1	19502
21354	0	21305
15293	0	15263
11631	0	11412
22015	1	22106
20963	1	20984
11235	3	17322
18387	0	18389
21971	1	22062
12997	3	13034
16175	0	16144
14337	0	14326
20710	2	11514
13619	2	13791
14150	1	14149
21133	0	21131
21337	0	21305
15276	0	15263
21173	0	21163
23421	0	23416
20282	0	20215
17975	4	17786
23309	1	23308
22303	3	17463
12058	0	11981
17520	0	17504
16158	0	16144
18178	0	17786
12914	0	12892
14320	0	14326
20047	1	20046
21688	2	11671
17414	4	17386
19022	0	18746
20716	3	18382
18138	1	18137
21356	0	21167
14924	2	14913
22291	0	22287
21049	0	20846
20972	0	20903
21564	2	11178
13336	0	13281
18727	4	18704
14917	2	14984
20265	0	20215
12504	2	11190
14539	1	14572
22230	2	11979
11358	3	24125
20904	2	11979
22157	1	22184
12514	0	12504
13835	0	13801
12041	0	11981
18672	2	11510
12897	0	12892
11236	3	24125
19309	2	12935
23469	0	23414
21632	0	21600
20955	0	20903
23887	2	11406
16150	0	16144
16506	0	16504
21306	2	13363
11245	3	24125
20248	0	20215
11767	0	11763
13818	0	13801
22143	2	11184
11529	3	11558
21365	0	21311
12024	0	11981
20614	0	20606
20202	0	20079
20685	1	20697
18032	1	18031
16446	2	11683
21615	0	21600
20938	0	20903
16523	2	16526
18893	1	19173
14295	1	14315
20952	0	20919
20231	0	20215
20173	3	15700
21348	0	21311
21374	0	21308
12504	2	11324
11600	3	22135
21521	3	21545
11584	3	20671
11888	2	11179
18354	0	18348
23663	0	23654
12585	0	12504
21379	0	21303
18299	4	17786
22201	2	19682
16454	0	16446
12504	2	11674
12698	1	12719
17486	2	13362
21331	0	21311
13811	1	13848
15053	2	12481
18490	0	18391
15803	0	15719
17135	1	17134
20361	2	15103
15025	0	14986
15674	2	11514
12178	0	11983
13660	0	13281
21362	0	21303
15384	0	15263
21961	1	22053
20798	1	20821
21314	0	21311
22591	0	22564
20923	0	20914
17465	0	17468
20969	0	20844
18328	1	18327
11360	2	11243
16183	0	16142
21323	0	21311
12881	2	11584
13214	2	11902
13643	0	13281
18164	0	17786
21345	0	21303
15367	0	15263
11673	3	18608
19498	4	18631
20081	2	11601
24266	1	24314
15285	0	15265
22316	1	22342
22574	0	22564
21708	2	11243
11187	3	13006
11685	2	11365
13229	0	13211
15115	2	11182
13626	0	13281
21128	3	13461
20710	2	11327
15350	0	15263
11573	2	11588
20775	2	19629
21282	0	21167
18444	0	18389
14675	0	14452
19357	1	19356
24224	2	11367
16142	2	11183
13212	0	13211
17385	2	11187
18252	0	17786
24016	0	23985
12504	2	13097
19940	1	19952
17511	0	17502
14998	4	14986
21936	2	11684
15333	0	15263
22157	0	22146
19363	0	18631
12787	0	12504
21311	2	11179
14338	0	14325
23415	2	14739
13099	2	11173
13618	0	13281
11775	0	11761
18772	0	18631
15672	3	15699
24073	3	24066
24213	0	24209
19447	4	18631
23390	0	23371
20934	0	20920
14115	4	13801
14952	0	14913
13604	1	13615
18877	0	18631
24134	1	24174
18340	0	17786
23688	0	23652
13993	4	13801
20919	2	14484
17872	0	17847
19451	0	18631
24138	0	24119
22491	1	22490
11540	0	11525
20925	0	20910
22643	0	22630
19329	0	18631
11526	2	11555
20645	0	20636
23373	0	23371
14935	0	14913
18860	0	18631
18634	0	18630
17571	1	17628
23671	0	23652
13098	0	13099
14648	4	14452
20902	2	14484
11369	2	11518
15977	0	15970
21208	0	21272
13416	2	12605
24121	0	24119
13561	0	13551
18965	0	18631
18498	0	18389
13980	0	13801
18843	0	18631
16142	3	16214
16955	0	16507
21185	1	21235
15972	2	11247
18496	0	15072
12995	3	13023
11365	3	13047
19417	0	18631
20931	0	20912
18948	0	18631
19547	2	17354
16144	2	11179
11900	3	23599
20712	2	11673
14064	4	13801
19010	1	19290
13473	0	13281
18786	0	18746
17472	2	17481
14513	0	14452
17812	1	17829
18479	0	15072
17361	2	11517
13144	0	13133
22529	0	22518
11194	0	11161
20081	2	19924
18931	0	18631
20125	0	20080
13395	3	19961
23345	2	11550
19983	2	15109
21684	0	21685
22587	0	22557
20905	2	15110
24076	3	24066
18769	0	18746
18684	1	18685
23643	4	23621
15717	3	20364
12381	3	21055
14946	0	14919
22582	0	15715
12733	2	11585
20108	0	20080
23985	2	24058
12810	2	12820
20967	0	20908
22570	0	22557
11635	0	11412
24252	0	24223
18752	0	18746
11516	3	16515
15876	2	15895
12495	0	12493
21302	0	21304
11160	0	11161
19549	0	19547
15342	1	15496
14226	1	14225
22446	4	22392
17065	1	17064
17958	4	17786
18433	0	15070
20950	0	20908
24235	0	24223
11476	2	11514
11935	0	11929
18631	2	12386
20846	2	13050
16448	0	16444
17941	4	17786
16590	4	16507
20933	0	20908
23985	3	13275
11256	2	11550
13106	0	13097
16671	0	16507
20434	0	20367
14270	0	13801
21718	2	11237
21167	2	13363
14820	0	14452
12503	2	11320
20920	2	11678
11509	3	12933
22203	2	11331
23609	0	23606
14669	2	14739
13052	2	11365
11509	3	16316
16678	4	16507
18504	0	15070
20417	0	20367
16556	4	16507
16711	1	16710
20974	0	20920
11900	3	22123
20903	2	11678
14802	1	14801
11190	3	13011
21357	0	21308
16759	0	16507
13294	0	13281
24074	2	11185
22399	0	22392
17130	4	16507
20372	1	20484
22500	4	22392
12482	3	15697
16243	2	11519
24263	0	24226
18487	0	15070
16260	0	16145
20262	0	20216
18363	0	18345
16539	4	16507
19876	0	19686
13531	0	13379
12078	0	11984
18503	1	18607
12894	0	12893
14786	0	14452
12892	2	11184
16118	2	11551
24209	2	11550
15115	2	11613
11278	0	11256
16543	0	16507
19636	4	19563
24246	0	24226
11279	1	11306
11313	3	13048
23455	1	23508
17246	1	17247
24161	0	24119
22151	0	22144
20252	1	20319
14243	4	13801
17361	2	11330
15903	0	15898
11372	1	11382
12182	0	11983
12504	3	12999
21167	2	11403
24119	2	11394
17800	0	17843
22998	1	23091
24229	0	24226
20268	0	20218
22230	2	11873
17497	2	13799
20775	2	11550
20109	1	20149
24150	1	24191
22359	0	22288
20275	0	15053
17865	0	17841
16732	4	16507
14235	4	13801
23833	1	23832
19689	2	13273
16509	0	16507
20251	0	20218
21376	0	21304
14108	0	13801
15972	2	11544
11943	0	11927
14943	1	14973
20914	2	11331
22530	1	22542
23603	0	23612
20258	0	15053
12380	3	21551
20880	2	11355
14947	0	14918
18896	1	19176
23612	2	11607
23683	0	23657
21359	0	21304
13421	0	13416
18818	0	18746
11926	0	11927
15299	0	15266
17363	2	12481
11529	2	11550
20241	0	15053
11535	0	11530
14201	4	13801
11818	0	11764
12878	2	11585
21342	0	21304
16745	0	16507
12701	1	12722
15282	0	15266
20921	2	11394
23426	0	23415
20224	0	15053
21631	0	21564
11656	0	11654
13281	2	11866
11670	3	16515
18906	0	18746
15387	0	15266
19547	2	11369
19312	0	18631
24271	0	24224
11789	0	11762
14066	0	13801
23191	0	23179
17508	0	17503
16833	0	16507
12902	0	12891
16934	4	16507
18889	0	18746
22473	0	22392
15370	0	15266
16013	0	16014
15252	1	15260
13155	0	12733
20474	0	20367
20009	1	20008
11772	0	11762
14614	4	14452
12570	2	11367
18491	0	15053
16747	1	16746
22301	3	17463
11252	2	11324
22582	0	22562
20028	4	19983
15353	0	15266
16118	2	11364
20099	1	20140
11981	2	12387
19768	0	19689
21743	1	21852
21312	2	13363
13138	0	12733
15061	1	15068
12952	1	12970
14941	0	14924
11365	3	13023
16921	0	16507
16063	1	16093
13215	0	13214
14323	1	14367
12562	2	11182
18183	4	18011
16799	0	16507
11331	3	13047
11537	0	11526
13473	1	13482
22565	0	22562
11488	0	11473
12504	3	12812
11613	3	13028
15849	1	15848
19751	0	19689
21270	2	11330
18437	0	17361
18960	0	18746
20952	0	20842
14479	0	14452
24077	2	24073
21336	0	21310
18198	4	18259
12880	2	11356
20945	0	20913
21043	1	21051
22480	4	11256
17425	2	11238
18495	0	18390
12504	2	11247
18851	1	19130
13536	0	13527
13496	1	13514
17348	2	12605
19734	0	19689
16528	2	11556
22303	3	12393
17438	2	17460
11401	3	15699
22527	0	22392
12470	0	11985
20928	0	20913
11762	2	11871
16450	2	11549
11689	1	11688
20911	2	19670
12518	1	12552
21936	3	13038
18183	4	18145
23348	2	23369
18631	2	15045
19686	2	11586
17358	2	11518
11873	3	12933
20906	2	11515
14476	2	11517
13055	3	13069
13157	0	12504
20715	2	11326
22584	0	22558
19742	1	19802
12688	0	12504
12504	2	11381
14360	0	14324
24080	0	24075
20968	0	20921
17362	2	13330
19688	0	19687
13051	2	11334
13281	3	11904
13124	3	11338
19013	1	19293
13140	0	12504
19527	1	19526
11394	3	23600
16450	2	11683
22908	0	22630
22567	0	22558
16148	0	16243
17689	2	17708
16507	2	17347
21744	0	21720
14343	0	14324
16450	2	12622
18629	1	18649
21164	2	11331
16353	0	13619
21125	2	21159
12734	2	11325
24389	1	24453
15070	2	20075
14174	1	14173
21687	0	21688
20036	4	19981
20685	0	20636
21130	2	21154
20939	0	20919
21727	0	21720
22230	2	11365
11925	3	11916
17113	4	16507
13476	1	13485
15295	1	15450
22996	0	22630
20027	1	20026
22573	0	22560
18162	1	18161
16263	1	16290
20922	0	20919
17841	2	11408
16995	0	16507
23351	2	23369
13415	1	13441
13360	2	13362
17351	2	12608
21815	0	21720
22160	1	22187
17666	2	11549
15648	1	15647
20355	2	17487
11173	3	16205
11773	0	11761
20953	0	20911
11551	3	21118
15604	1	15603
21955	0	21936
23879	0	23743
20909	2	11336
13657	1	13740
20918	0	20904
22962	0	22630
18404	0	18393
20604	2	11682
20907	2	11608
15072	2	13090
19983	2	11515
21798	0	21720
20936	0	20911
15773	0	15719
22947	1	22936
17083	0	16507
15625	4	15266
21938	0	21936
21354	0	21309
23887	2	17342
19886	0	19867
11514	3	15697
18494	0	17361
20941	0	20906
18644	0	11256
20643	0	20636
18387	0	18393
17555	1	17612
12997	3	13038
24075	2	14739
15756	0	15719
12738	3	12739
21337	0	21309
20079	2	16022
15051	2	11607
16353	0	16331
23350	2	11549
18477	0	17361
16209	3	19963
20924	0	20906
20194	0	20195
23747	4	23743
21138	0	21130
21128	3	11558
13835	1	13872
22026	0	21936
22419	0	11256
18776	0	18631
12058	0	11985
24348	0	23652
15591	4	15266
11378	0	11344
15264	0	15265
23353	2	11873
18196	4	18293
14924	2	14917
22558	2	11514
14476	2	11330
23852	4	23743
18460	0	17361
17504	2	11394
17425	2	11185
18727	4	18708
12126	1	12317
21167	2	21312
14351	0	14322
20859	0	20914
17361	3	18616
19879	0	19689
15715	2	11514
18759	0	18631
12041	0	11985
19869	2	11588
17391	1	17400
15786	2	11188
22233	0	22228
16331	3	12389
23469	0	23418
11187	3	12742
16924	1	16922
22512	4	11256
18190	4	18021
18443	0	17361
12504	2	11544
13068	3	13038
22507	0	11256
13333	1	13347
21125	2	11173
11329	3	13036
12016	1	12220
23612	2	11367
12024	0	11985
16507	2	11683
23818	4	23743
14700	1	14732
17311	0	16504
19649	0	11369
17470	2	11394
18847	0	18631
12129	0	11985
22630	3	14597
17842	2	11683
23457	0	23413
20013	0	19983
20943	0	20902
21164	3	11904
16310	0	16243
20457	0	20367
20051	2	11315
23606	3	12394
11888	2	11183
20219	0	20217
17359	3	16214
15628	0	15874
12173	0	11981
18830	0	18631
12112	0	11985
20118	0	19983
24402	0	23652
16454	0	16450
24127	0	17361
12504	2	11678
23053	0	22630
20926	0	20902
15057	0	15053
14528	1	14608
11331	3	22122
16823	1	16822
20440	0	20367
23904	1	23942
22288	3	17837
11721	0	11412
12156	0	11981
16027	0	16015
20101	0	19983
17014	4	16507
15122	0	15051
22565	1	22598
17473	2	17497
23193	1	23242
23036	0	22630
20678	0	20681
24095	2	11867
22700	1	22805
17499	2	17494
13368	2	11245
24393	0	24345
12165	0	11981
20901	0	20912
18918	0	18631
12083	0	11983
21319	0	21310
14701	0	14669
18202	4	18055
16149	1	16216
16259	0	16243
12148	0	11981
18351	0	18344
17523	1	17530
21564	2	21599
12066	0	11983
20710	2	11331
11711	4	11412
11402	3	22122
16651	1	16650
14786	1	14785
20273	0	20217
12131	0	11981
14894	4	14815
12049	0	11983
15665	4	15266
17511	0	17506
11694	4	11412
21214	1	21265
20633	2	11179
22227	2	14484
13619	2	11864
17358	3	11904
23928	0	23887
16331	2	12381
15200	4	15051
17271	1	17294
20236	1	20303
17195	1	17194
24072	2	11514
20102	1	20143
14952	0	14917
17216	4	16507
23911	0	23887
22144	2	11607
20021	0	19981
11369	2	13616
11540	0	11529
20925	0	20914
11518	3	23519
13060	3	15699
17355	2	17349
12884	0	12879
14935	0	14917
17730	1	17758
13049	0	13050
16447	2	11325
20650	0	20635
20605	2	11588
12573	1	12592
17203	0	16507
18498	0	18393
17045	1	17044
18854	1	19133
13499	1	13517
17081	0	16507
21344	0	21308
22322	0	22230
21130	3	13461
24476	0	24227
18503	0	18388
12995	3	13027
14282	1	14302
15717	2	11903
18350	0	18345
17036	1	17034
20931	0	20916
13643	1	13724
23659	0	23651
17712	2	11664
20744	0	20712
21063	2	21060
15051	2	15071
21327	0	21308
22305	0	22230
15375	0	15265
21389	0	21167
23867	4	23743
16449	2	11187
20844	2	11903
12880	2	12889
18486	0	18388
15970	2	11520
17169	0	16507
18992	0	18631
20280	0	19983
21936	2	11367
17991	4	17786
22630	2	23179
15224	4	15053
23887	3	11558
24075	3	24066
18631	2	18672
11257	2	11323
22587	0	22561
20965	0	20841
12828	1	12852
12740	2	11518
18469	0	18388
17274	0	17261
14363	0	14327
20711	2	11400
15874	2	11664
22205	0	22201
15053	2	20353
14946	0	14923
20263	0	19983
12031	0	11984
17873	0	17786
16414	2	16411
21303	2	11401
21199	0	21164
22570	0	22561
18984	0	18631
17257	0	16507
14346	0	14327
17746	0	17713
21302	0	21308
24253	1	24301
17856	0	17786
11401	3	13044
20957	0	20841
23611	1	23614
14525	0	14514
17266	0	17261
21182	0	21164
20849	0	20846
11508	3	18613
14515	2	11331
20915	2	11903
16446	2	11179
12427	0	11983
18967	0	18631
14934	0	14918
18781	1	19060
17404	0	17385
14329	0	14327
18443	1	18552
11476	2	11518
18805	0	18746
23435	1	23488
15298	1	15453
16332	1	16362
20940	0	20841
16451	3	16502
24345	2	11514
13163	0	13133
14334	0	14322
23604	3	12394
18950	0	18631
17387	0	17385
15177	0	15053
16014	2	11246
18788	0	18746
19576	0	19547
13146	0	13133
11234	3	13268
15985	0	15972
20856	0	20909
14905	4	14861
20885	2	11517
18933	0	18631
20914	2	17483
16581	1	16580
11344	2	11369
16462	1	16486
18771	0	18746
22581	0	11251
22301	3	12393
24085	0	24074
20605	2	11401
22584	0	15715
21357	0	21312
11190	3	13015
17566	0	17548
18876	0	18746
15074	1	15089
19869	2	13792
19889	0	19870
14322	3	13460
18754	0	18746
22167	0	22144
18363	0	18349
11364	3	21118
21556	3	21562
22567	0	15715
19748	1	19808
13338	0	13281
15248	0	15053
18859	0	18746
20851	0	20842
15232	4	15051
16118	2	11555
17081	1	17080
21936	2	13274
24209	2	11554
19872	0	19870
22150	0	22144
17361	2	11334
18182	4	18141
11530	2	11676
11515	3	19914
18065	4	17786
16015	2	12730
17800	0	17847
12740	2	11331
20635	3	11338
13426	0	13281
23175	2	13065
15219	0	15051
11514	3	21552
20939	0	20842
11330	3	17529
17805	0	17842
11555	3	21262
12733	2	11402
17394	1	17403
11313	3	11308
18771	1	19051
23918	0	23897
11321	3	21097
20858	0	20905
21979	1	22070
13336	1	13350
21376	0	21308
18153	4	17786
20105	0	20081
21163	2	12876
15202	0	15051
12731	0	12732
20922	0	20842
18031	4	17786
16014	2	11864
12114	0	11981
19689	2	11183
23901	0	23897
11906	2	11330
14947	0	14922
12504	2	12727
20910	2	11515
16727	1	16726
23004	1	23097
14862	1	14861
19566	1	19565
23754	1	23752
12940	3	16211
21359	0	21308
19685	2	11363
15185	0	15051
13101	1	13114
17502	2	11330
16420	1	16435
20946	0	20905
11529	2	11554
23416	2	11367
20081	2	11365
17386	2	11356
18018	0	17786
18119	4	17786
21342	0	21308
19352	4	18631
12570	2	11237
20929	0	20905
17863	1	17887
13281	2	11870
20911	2	16023
11343	2	11357
16275	1	16301
13560	0	13551
11526	2	11185
21685	2	11684
15771	0	15719
24344	1	24411
21720	2	15104
22972	1	22983
16168	0	16142
20270	0	20218
21060	2	11179
21330	0	21303
13691	1	13773
18643	0	18631
18106	0	17786
11758	3	18613
20674	3	20673
24223	2	20674
16152	1	16219
18481	0	18393
16151	0	16142
16507	2	15794
20637	1	20656
23356	0	23351
11252	2	11328
11187	3	15698
22144	2	11367
18464	0	18393
24209	2	11367
12624	0	12504
18943	1	19224
20709	0	20711
22159	0	22143
12849	0	12827
12134	0	11984
11365	3	13027
11531	2	11520
17509	1	17533
13053	3	11558
13395	3	16208
11274	0	11253
11907	0	11906
12480	2	11188
17874	1	17893
11760	0	11761
20920	2	11979
14198	0	13801
12022	1	12226
20607	0	20604
24227	2	11179
21283	1	21297
12503	2	12560
20952	0	20846
11266	1	11293
23299	1	23298
16424	0	16412
15719	2	11391
20239	1	20306
20945	0	20917
21733	0	21718
18435	0	18391
14929	0	14923
20903	2	11979
20904	2	14484
20105	1	20146
13801	2	11330
11356	3	20722
24210	2	11179
22024	1	22116
18500	0	18389
17862	0	17842
11992	1	12399
16119	2	11327
24212	1	24217
20928	0	20917
23679	1	23721
13281	2	11549
18418	0	18391
18308	0	17786
11675	2	11676
12504	2	12540
17684	2	16213
20195	2	24071
11324	3	15700
17475	0	17466
11983	2	12378
23035	1	23127
21821	0	21718
18483	0	18389
17845	0	17842
17470	2	14484
24227	2	20173
21614	0	21600
13128	3	15700
11529	2	11367
23679	0	23654
14485	0	14488
14616	4	14452
20088	0	20079
18092	0	17786
19402	0	18631
12878	2	11402
22584	0	22562
17492	2	17488
24095	2	12729
15360	1	15513
18506	0	18391
21804	0	21718
14285	1	14305
13681	1	13764
20915	2	20173
11814	0	11761
23216	0	23178
24257	0	18347
15278	0	15263
22567	0	22562
11277	0	11253
20367	2	11679
18489	0	18391
12504	2	12674
13931	0	13801
14489	3	14504
18281	4	17786
24240	0	18347
17486	2	11329
20081	2	20172
14036	0	13801
20956	0	20920
19392	4	18631
23551	0	23526
20969	0	20905
13423	1	13445
11508	3	19662
19473	0	18631
24272	0	24227
18318	1	18317
22573	0	22564
18009	4	18010
13796	2	13616
17384	0	17386
13529	0	13281
22587	0	20711
18146	0	17786
24256	1	24304
24243	1	24292
11404	3	13047
19698	1	19714
19480	4	18631
22306	1	22332
12803	0	12504
14945	0	14911
24397	0	24345
11984	2	11179
20953	0	20915
21508	3	11522
14674	0	14452
14775	4	14452
24015	0	23985
17385	2	11248
14552	0	14452
22570	0	20711
20802	0	20776
13928	1	13967
20918	0	20908
23023	0	22630
19463	4	18631
21310	2	11179
24380	0	24345
14928	0	14911
11552	3	20722
18426	0	18389
20936	0	20915
11257	3	11337
18239	4	17786
14657	0	14452
20217	2	20349
13495	0	13281
22209	1	22220
21708	2	13882
24212	0	24209
20941	0	20910
11489	0	11476
19345	0	18631
12880	2	11523
12997	3	13042
19686	2	19913
23461	1	23523
13384	0	13527
14493	0	14486
20773	0	20774
19312	1	19318
20776	2	11187
14190	1	14189
20924	0	20910
18407	0	15072
24114	2	16209
20710	2	11872
17473	2	11406
16358	0	16330
16803	1	16802
18104	0	17786
22481	1	22480
20680	2	11331
24274	0	24223
13568	1	13587
15976	0	15970
14452	2	12560
13281	2	13590
23071	1	23163
16341	0	16330
19595	4	19547
11450	1	11449
21387	0	21167
18390	3	13276
18631	2	19534
12744	0	12504
14356	0	14321
16333	1	16397
11268	0	11251
20216	2	14739
20681	2	11517
22238	0	22227
21175	1	21225
16734	4	16507
14335	1	14376
13395	3	15700
16612	4	16507
18478	0	15072
20253	0	20218
14339	0	14321
14886	4	14797
15053	3	13896
19315	0	19309
11798	0	11763
12029	0	11984
22455	0	22392
16675	1	16674
20943	0	20906
24339	0	24325
19867	2	19919
18774	1	19054
18461	0	15072
20236	0	20218
21982	1	22073
14914	2	14984
11928	1	11954
11888	2	11187
11510	3	20671
13832	0	13801
12173	0	11985
21379	0	21311
22462	4	22392
21575	0	13416
17873	0	17843
16599	0	16507
16700	4	16507
20926	0	20906
11762	2	11367
17852	1	17898
23657	2	15717
14849	4	14452
22324	1	22350
17051	0	16507
12156	0	11985
21362	0	21311
17175	1	17174
13370	1	13375
17856	0	17843
12878	2	12988
16423	1	16438
22258	0	22254
13691	0	13281
20901	0	20916
21688	2	11358
23353	2	11556
15332	1	15486
15415	0	15263
14216	1	14215
20602	2	20631
16687	0	16507
20683	0	20680
17712	2	16527
11613	3	13008
21345	0	21311
13242	1	13271
22428	4	22392
18436	0	15072
16565	0	16507
19309	2	11683
14164	0	13801
22509	0	11256
21350	0	21306
13674	0	13281
12880	2	11336
11190	3	13877
19309	2	12622
15398	0	15263
20639	0	20633
16450	2	11179
17786	2	11408
18356	0	18343
17532	3	15699
16171	0	16145
14452	2	14467
11179	3	13021
21333	0	21306
12580	0	12570
13657	0	13281
11205	1	11225
14697	0	14452
20233	0	19983
13551	2	11582
17810	0	17841
14156	0	13801
11271	0	11254
13395	3	16318
20278	0	20216
13050	2	11334
21167	2	11330
14802	0	14452
14289	0	14280
16354	1	16380
21316	0	21306
15338	0	15266
20110	0	20080
20640	1	20659
15059	0	15053
12810	3	12812
21272	2	11330
20261	0	20216
12733	2	11325
18962	0	18746
19875	0	19686
22682	0	22630
17520	1	17526
17115	1	17113
17672	0	17666
18076	1	18075
23465	0	23415
12893	2	12939
20738	0	20741
13794	2	11511
22289	2	11664
13052	2	13065
13636	0	13619
21270	3	13897
24160	0	24119
16242	0	16145
20244	0	20216
18945	0	18746
17729	2	11510
22529	0	22392
16144	2	11403
11311	3	11308
13049	0	13054
15147	0	15053
12906	0	12504
22674	0	22630
11269	1	11296
14940	0	14916
20242	1	20309
14129	4	13801
11887	2	11175
17843	2	11325
21576	0	21564
18201	4	18239
21344	0	21312
23553	0	23415
12995	3	13031
22988	1	23081
19983	2	12889
22657	0	22630
18238	4	18129
20057	0	15070
18350	0	18349
22559	3	16214
18393	3	18614
20931	0	20920
23213	0	23179
24140	1	24181
20712	2	11681
18810	1	19090
12667	1	12673
21327	0	21312
12994	0	12504
11187	3	13043
23823	1	23822
15857	2	11355
22640	0	22630
12174	0	11984
14095	4	13801
21358	0	21304
12084	1	12278
16862	4	16507
18216	4	18113
23214	0	22630
22502	4	22392
12881	2	11405
20240	0	15053
13690	0	13619
18345	2	11179
20427	1	20528
16154	1	16234
21748	1	21855
21689	0	21688
14559	0	14515
16523	2	11354
21341	0	21304
14911	2	11553
11254	2	11332
15084	0	15051
19867	2	11356
16144	2	16209
11473	2	11404
24076	2	11367
24101	1	24108
20741	2	11365
20597	2	11508
21302	0	21312
14452	3	14505
12504	2	11979
18230	4	18105
17506	3	15700
20367	2	11923
18402	0	15053
16727	0	16507
20919	2	15110
12878	2	12935
16828	4	16507
18221	4	18263
14942	0	14912
12179	1	12365
16507	2	11179
18440	0	18390
11929	2	11927
17105	1	17104
14934	0	14922
18411	0	15053
16167	1	16195
24012	0	23986
12504	3	12739
17507	0	17503
17842	2	11179
23221	1	23268
24345	2	11518
18483	1	18588
13368	2	11546
20902	2	15110
14334	0	14326
18423	0	18390
14917	2	11585
12901	1	12921
20746	0	20712
18394	0	15053
16719	0	16507
23995	0	23986
17689	2	16212
11329	3	15699
21554	2	11680
18942	1	19220
20856	0	20913
14948	0	14914
23684	0	23653
16243	3	16317
17363	2	17348
14490	0	14487
19019	0	18746
21486	0	21470
23986	2	11543
20769	1	20771
20089	1	20130
11529	3	11542
21733	1	21842
12844	1	12868
23855	4	23852
12480	2	11245
15674	2	11364
14931	0	14914
19750	0	19689
21129	2	11323
19871	1	19894
23667	0	23653
17473	2	11516
16507	2	11663
19002	0	18746
22129	3	15699
23534	0	23524
11190	3	13019
19590	1	19589
11487	1	11503
20952	0	20903
14284	0	13801
21766	0	21720
22147	3	11189
22731	0	22630
17259	0	16507
16178	1	16201
19547	2	19619
18454	1	18562
20851	0	20846
22937	4	22630
14353	0	14322
19881	0	19689
22011	0	21936
12026	1	12405
20927	0	20913
14892	4	14808
19355	1	19353
16518	2	11546
13566	0	13549
21131	2	11185
20716	3	20728
17468	2	17482
17669	1	17675
13281	2	12545
16445	2	11184
11991	1	12200
17357	2	11518
22287	2	11324
14336	0	14322
21994	0	21936
15075	0	15070
11979	3	22121
17501	1	17539
21328	0	21311
20636	3	13093
22518	2	13393
23074	1	23166
11818	1	11863
13156	0	12504
11487	0	11412
12997	3	11542
20939	0	20846
23820	4	23743
21207	0	21163
24072	3	24067
23633	1	23632
13429	1	13451
24260	0	24226
22583	1	22615
14359	0	14324
13211	2	11188
21977	0	21936
23695	0	23656
18684	0	18631
11431	1	11430
20104	0	20081
11514	3	13046
12731	0	12736
19958	1	19967
20922	0	20846
13139	0	12504
16473	0	16447
22566	0	22558
22583	0	11251
16918	1	16919
18280	1	18279
22475	0	11256
12114	0	11985
20920	2	11365
14342	0	14324
19547	2	11243
11575	0	11412
19685	2	11367
15072	2	15111
15900	0	15898
18449	1	18620
14324	3	13460
22890	0	22630
16456	0	16447
20946	0	20909
19935	0	19689
11983	3	12390
24345	2	11331
20903	2	11365
13052	2	11402
12420	1	12446
18393	3	11340
16465	0	16447
17786	3	17836
23444	1	23497
13164	1	13203
23790	0	23743
22356	0	22288
14120	1	14119
11460	4	11412
20929	0	20909
11525	3	11559
21791	0	21718
14703	0	14669
23323	1	23322
19913	3	19914
13912	1	13951
21526	0	21521
20218	2	11237
23279	1	23278
16118	3	21262
22202	1	22214
23350	2	23369
20934	0	20904
18987	1	19266
20017	1	20016
18152	1	18151
12881	2	12991
12185	0	11985
16426	1	16441
21370	0	21309
16982	4	16507
13395	3	13045
20806	1	20827
20908	2	11336
15901	0	15857
17473	2	11329
11518	3	21055
11182	3	13048
21549	0	21553
20275	0	20217
16987	1	16985
21308	2	11323
20775	2	11237
15594	1	15593
12051	0	11983
12504	3	13036
21353	0	21309
23674	0	17712
11900	3	22294
19885	0	19867
22171	0	15715
15884	0	15857
24259	0	24227
11252	2	11332
23370	0	23371
20258	0	20217
22440	4	11256
12524	0	12503
23064	1	23157
17070	4	16507
22159	0	22147
12034	0	11983
21483	1	21500
15607	4	15266
11365	3	13031
18872	1	19150
24118	0	24119
18427	0	15070
18886	1	19166
19868	0	19867
20361	2	11517
11274	0	11257
24242	0	24227
15857	2	11920
12139	0	11983
20241	0	20217
13169	0	12733
22423	4	11256
12057	0	11985
23197	0	22630
12017	0	11983
16145	3	16316
24347	0	23652
20058	2	11396
17878	0	17842
20042	4	19983
13878	3	24125
24158	0	17361
12122	0	11983
20224	0	20217
22559	2	11400
19915	3	19910
12877	1	12885
12480	2	12481
16935	0	16507
19958	0	19959
23180	0	22630
11356	3	20726
17861	0	17842
23468	0	23418
18500	0	18393
15857	3	11340
24369	1	24434
13281	2	11553
16528	2	11914
12105	0	11983
21372	0	21305
16918	0	16507
18298	1	18297
20029	0	19983
18667	1	18669
11983	2	12382
18180	4	18011
18483	0	18393
11272	1	11299
14943	0	14919
22494	4	11256
22289	3	15701
22317	1	22344
17358	2	17353
21355	0	21305
11632	0	11412
11733	4	11412
20689	0	20680
11525	2	11551
19996	4	19981
20199	1	20206
22991	1	23084
16187	0	16243
15325	1	15480
14926	0	14919
12076	0	11981
20711	2	11514
22518	2	11246
11737	0	11412
11252	2	17427
21338	0	21305
16043	0	16015
15360	0	15265
23847	0	23743
21602	0	21599
20367	2	11683
17847	2	11365
23992	1	24027
12059	0	11981
14489	3	14508
17521	0	17504
16159	0	16144
15985	0	15952
19565	4	19547
21321	0	21305
16026	0	16015
15343	0	15265
14678	1	14717
18413	0	15070
12666	0	12661
21050	0	20846
11531	2	11553
21775	0	21720
16275	0	16243
20081	2	20176
23650	0	23653
20266	0	20215
19309	2	11390
16119	2	16137
12042	0	11981
20680	2	17483
18699	0	18631
12734	2	11683
23933	0	23887
22256	0	22230
20905	2	11390
11703	0	11412
19548	4	19547
22368	1	22384
18405	1	18520
21340	0	21167
23183	1	23232
24326	0	24325
20974	0	20904
14331	0	14327
22505	1	22504
23854	1	23852
21758	0	21720
17144	4	16507
11768	0	11763
22361	0	22230
13819	0	13801
20860	0	20843
18501	0	15070
20414	0	20367
17665	2	15104
20970	0	20916
20079	2	15896
14945	0	14915
13416	2	11247
22630	2	12823
22518	2	15113
12130	0	11981
20925	0	20841
12937	3	20671
15414	0	15265
15674	3	15698
20883	2	11903
12880	2	12682
18484	0	15070
11533	0	11527
19655	0	11360
20397	0	20367
14419	0	14327
18486	1	18591
14928	0	14915
17232	4	16507
22144	3	13048
11755	1	11754
24119	2	24210
18426	0	18393
23218	0	23178
20605	2	11515
20361	2	12619
18344	2	13395
12805	2	11683
17110	4	16507
11392	3	13046
17357	3	11904
23900	0	23897
23542	0	13619
20949	0	20904
14995	1	14994
24404	0	24227
23542	0	23418
20941	0	20914
18980	1	19260
11364	3	13877
22320	0	22301
12179	0	11983
12570	2	11672
21363	0	21303
22518	2	11864
22227	2	22250
23525	0	13619
24400	1	24464
11515	3	22122
20932	0	20904
16669	1	16667
23525	0	23418
20924	0	20914
18414	0	18388
15686	1	15710
24474	3	16214
15009	0	14986
17198	4	16507
12162	0	11983
24396	0	24227
14564	0	14514
15726	1	15742
15368	0	15263
20906	2	11336
11490	1	11506
24274	0	24227
20195	2	11406
22557	3	16214
11365	3	24066
13435	0	13416
18397	0	18388
17368	2	11356
22327	1	22353
20720	0	20710
11940	0	11927
12077	1	12272
20911	2	11331
14325	3	14406
19632	0	19547
24379	0	24227
14547	0	14514
22580	0	22559
15135	4	15053
19883	0	19867
15351	0	15263
24272	1	24320
17685	0	17684
13240	1	13279
16504	2	11394
11519	3	16205
18631	2	19538
12733	2	11516
14356	0	14325
22318	1	22343
11887	2	11582
12504	2	11552
18831	1	19111
13418	1	13462
23658	0	23651
14641	1	14640
17351	2	11356
24017	0	23985
21206	0	16118
20238	0	15053
19542	3	19662
24362	0	24227
14530	0	14514
22563	0	22559
13668	1	13751
17672	1	17678
23416	3	13046
17881	0	17847
14339	0	14325
18895	0	18631
11550	3	19963
12684	1	12706
15223	4	15053
21189	0	16118
19635	4	19559
17245	1	17243
18181	4	18133
20913	2	20992
21796	1	21904
13786	3	13782
20965	0	20902
22573	1	22606
18878	0	18631
23214	1	23262
15187	0	15051
15952	2	11903
16444	3	16500
17873	0	17847
21172	0	16118
14919	2	14983
20712	2	20732
18505	0	15053
21304	2	11900
18861	0	18631
21635	1	21676
16130	0	15952
13794	2	11247
19694	1	19711
17856	0	17847
15189	4	15053
15978	0	15970
16250	1	16281
12878	2	12992
13152	0	12733
11524	0	11525
16139	0	15952
17729	2	11246
16446	2	11240
11769	0	11762
12161	0	11984
11517	3	20727
20362	2	11554
20913	2	11327
20901	0	20920
18488	0	15053
12187	0	11981
19983	2	11336
19597	4	19547
15153	0	15051
11613	3	13012
21617	0	21599
20940	0	20902
23848	4	23846
14515	3	14596
13135	0	12733
22389	4	11256
24078	0	24072
13677	0	13619
18949	0	18631
16891	1	16889
20633	2	11403
21350	0	21310
17986	0	17786
17844	0	17842
11485	0	11473
14898	4	14835
13281	2	11179
12737	2	11365
13133	2	11182
15984	0	15972
22530	0	22518
18356	0	18347
15761	1	15760
18091	0	17786
15857	2	11680
19016	1	19296
14418	1	14438
21333	0	21310
24387	1	24450
11179	3	13025
19563	4	19547
12803	0	12805
13109	1	13122
23537	1	23565
14667	1	14666
21708	2	15927
12136	0	11984
18790	1	19070
23887	2	12386
22957	1	22929
18074	0	17786
11588	3	20727
21470	3	20722
21316	0	21310
16452	1	16476
21169	0	21165
13239	1	13267
11249	3	21097
11771	1	11825
15876	2	11317
11900	3	12739
12119	0	11984
12733	2	11329
23067	1	23160
12504	2	11365
22566	0	15715
19550	0	19547
11259	0	11253
20636	2	14484
11520	3	13046
13133	2	11316
17959	4	17786
20968	0	20905
20361	3	17463
22576	1	22609
15202	1	15203
24209	2	11615
21751	1	21858
20921	2	20990
11237	3	24125
11437	1	11436
13281	2	11663
23346	2	11331
21720	2	11514
18040	0	17786
15857	3	12389
13211	2	12989
20387	1	20591
13133	2	12605
24119	2	11459
14940	0	14920
11530	3	11558
12025	0	11981
17735	1	17761
22392	2	22550
23453	0	23414
18047	4	17786
20939	0	20903
12732	2	11402
14028	1	14027
16447	2	12622
12190	0	11984
13802	0	13801
20752	0	20710
16350	0	13619
12008	0	11981
24076	2	24069
20439	1	20537
23610	0	23606
23436	0	23414
20636	2	11585
11187	3	13047
20922	0	20903
16507	2	16526
16209	3	13047
16361	1	16396
18229	4	18297
13401	1	13409
17361	2	17356
20904	2	16021
21358	0	21308
22520	1	22536
22287	2	11515
23419	0	23414
18409	0	18393
16261	0	16145
23201	0	23178
20202	1	20209
18364	0	18345
13619	2	11551
14852	1	14851
15328	1	15483
13052	2	11459
21315	0	21311
23665	1	23707
22127	3	22123
21726	1	21834
21341	0	21308
12471	2	11324
17697	0	17689
21194	0	21163
12895	2	12939
11254	2	11336
18474	0	18391
11864	3	23519
16144	2	16213
20418	1	20522
18388	3	13044
18392	0	18393
16244	0	16145
22409	1	22408
19006	0	18631
21564	3	15579
12027	1	12229
15247	0	15115
12997	3	13022
20955	1	20982
14681	1	14720
24021	1	24057
15770	0	15719
16446	2	11187
18631	2	11459
18148	0	17786
22138	2	11393
20392	1	20501
11267	0	11251
11256	2	13067
12891	2	11611
22962	1	22973
15753	0	15719
15110	3	16208
12504	3	13093
15719	2	11318
16350	0	16331
20945	0	20844
15334	0	15263
12504	2	11178
11251	2	11328
16328	3	13045
11985	2	11683
20973	0	20919
20856	0	20917
14948	0	14918
24000	0	23985
11670	3	12742
14537	0	14452
17363	2	17352
11389	3	20722
17111	1	17110
19866	1	19892
20928	0	20844
15317	0	15263
21782	1	21888
20608	2	19675
19448	4	18631
23986	2	11547
20694	0	20679
11530	2	11550
18746	2	17727
19756	1	19816
15712	2	11514
21574	0	13416
15051	2	15108
13053	2	11394
18489	1	18594
17842	2	11317
14931	0	14918
18304	1	18303
14561	0	14515
20774	2	19682
19330	0	18631
20952	0	20907
21269	2	11364
14353	1	14393
15874	2	11351
23672	0	23652
14625	0	14452
19435	0	18631
13097	2	11401
19547	2	19623
18499	0	18389
24403	1	24467
19313	0	18631
14082	4	13801
19698	0	19686
18844	0	18631
17667	2	11602
20927	0	20917
23655	0	23652
14451	2	14464
21382	1	21457
13295	1	13319
21100	2	21124
11183	3	13040
13936	1	13975
15729	1	15745
20367	2	12545
11256	3	11308
12801	0	12805
18482	0	18389
24226	2	20173
11675	3	11558
16449	2	11358
20041	1	20040
18827	0	18631
20732	3	18382
11412	2	11618
17473	2	17481
14615	4	14452
13619	2	11364
15717	2	13363
20923	0	20902
16817	0	16507
24071	3	24067
19502	4	18631
21207	0	21167
11253	2	11324
16158	1	16221
14550	0	14517
18465	0	18389
21718	3	11904
18810	0	18631
21522	3	11340
20715	3	18382
12779	1	12778
15618	1	15617
24265	0	24225
13335	0	13281
21079	0	21063
16473	0	16451
22566	0	22562
20012	4	19983
15838	4	15812
13930	0	13801
19547	2	11247
19752	0	19689
14934	1	14964
23175	2	11329
20812	0	20774
13440	0	13281
17363	2	11554
13211	2	12481
20953	0	20842
15281	0	15265
24324	0	24325
17507	1	17545
18457	0	18389
21178	0	21165
20963	0	20910
24248	0	24225
16456	0	16451
14930	0	14919
11983	3	12394
16421	0	16414
20201	0	20079
11336	3	14506
13913	0	13801
18167	4	17786
23217	1	23265
20795	0	20774
13423	0	13281
16461	0	16446
18421	0	17361
20936	0	20842
15825	0	15812
11520	3	22121
21049	1	21057
15717	2	11403
20715	2	20735
20912	2	19670
12805	2	12545
23775	4	23773
20778	0	20774
13618	0	13619
20934	0	20908
23986	3	13275
11482	0	11474
19982	0	19983
16413	0	16414
14944	0	14911
20844	2	11403
11161	2	11183
18117	1	18118
15672	2	11678
21330	0	21311
22413	4	22392
18964	1	19244
17713	2	13059
22708	1	22811
15857	2	12729
12689	0	12504
12790	4	12504
17424	0	17425
12504	3	13040
20716	2	11676
22396	4	22392
24267	0	24221
13642	0	13281
21165	3	15701
12995	3	13011
15644	0	15266
11888	2	11919
11365	3	13035
19877	0	19686
22164	0	22146
21685	2	11237
15857	2	11924
21167	2	16116
19351	1	19350
14888	4	14452
23805	4	23868
18793	1	19073
11526	2	11677
11279	0	11256
14180	1	14179
12562	2	11544
16455	1	16479
24162	0	24119
18471	0	15070
24273	0	24223
15786	2	15791
11791	0	11761
24223	2	11367
11903	3	12742
14770	0	14452
14871	4	14452
16793	1	16792
11249	3	11542
11814	1	11860
24078	1	24086
11262	0	11256
16628	4	16507
17879	0	17847
21789	1	21898
24145	0	24119
18454	0	15070
20229	0	20216
22579	1	22612
11774	0	11761
11440	1	11439
23358	0	23346
16589	1	16588
20910	2	11336
16469	0	16444
23758	0	23743
14762	0	14452
24227	2	16209
14943	0	14923
21355	0	21309
18446	0	15070
17849	0	17841
20688	0	20680
23604	2	11618
17515	0	17473
11525	2	11555
16594	4	16507
18062	1	18061
14097	4	13801
11672	3	21545
18322	0	17786
11311	3	22294
23972	3	11558
14926	0	14923
23687	0	15717
21338	0	21309
18429	0	15070
16518	2	16519
18478	0	17361
21343	0	21304
11473	2	11518
14489	3	14512
23670	0	15717
17752	0	17729
20225	0	15053
21321	0	21309
18412	0	15070
13675	0	13619
18461	0	17361
21286	0	21272
11526	2	11356
19547	2	11544
20921	2	11919
11802	0	11764
23650	0	23657
16347	1	16399
21326	0	21304
21809	1	21922
24380	1	24444
17165	1	17164
19521	0	18631
15857	2	15925
17735	0	17729
15420	1	15571
17018	1	17019
17368	2	11681
20080	2	19924
20974	0	20908
14168	4	13801
13281	2	13330
11190	3	12999
22172	0	22144
11785	0	11764
18768	0	18746
19309	2	12683
15193	4	15053
14050	0	13801
20970	0	20920
14151	4	13801
21109	1	21121
22155	0	22144
23810	1	23809
18492	0	15053
12130	0	11985
18873	0	18746
22569	0	22557
23605	3	14407
15176	4	15053
20458	0	20367
20357	1	20358
22965	1	22976
12877	0	12881
18475	0	15053
14288	0	14280
18856	0	18746
20119	0	19983
21044	2	11330
22287	3	22294
20279	0	15053
22912	1	22911
13065	3	20728
14933	0	14914
15058	0	15053
12982	0	12881
14239	4	13801
20441	0	20367
14925	0	14924
23881	4	23757
11527	2	11676
12732	2	11325
14016	0	13801
11326	3	20726
18458	0	15053
18839	0	18746
20102	0	19983
21522	2	11680
11472	0	11473
18496	0	18390
11523	3	23600
19735	0	19689
17468	2	13274
23910	1	23948
19759	1	19819
21811	1	21918
14565	1	14595
22528	0	22392
23526	2	12387
17361	3	20722
17471	0	17467
24077	2	20060
12905	0	12504
18479	0	18390
23657	2	13363
24119	2	11516
12948	0	12881
18450	0	15053
13805	1	13842
11257	2	11254
20084	0	20080
17359	2	11518
22511	0	22392
18631	2	19542
15250	1	15258
20907	2	11515
17492	2	11243
19701	0	19689
11810	0	11762
21481	1	21493
21720	2	13799
23212	0	23179
21719	1	21828
24073	2	11185
15295	0	15266
20711	2	11681
13298	1	13322
11573	2	11336
22905	4	22630
20411	1	20516
11273	0	11254
15312	1	15467
13055	2	11679
22639	0	22630
20809	0	20775
13141	0	12504
21303	2	12621
16765	4	16507
16355	0	16330
21059	1	21080
23382	1	23402
12420	0	11985
13049	1	13070
20413	1	20573
20965	0	20906
13557	0	13551
19687	2	11923
16748	4	16507
16338	0	16330
22564	2	11683
16626	4	16507
11238	3	23599
20267	0	20218
18202	4	18283
20935	0	20921
11761	2	11314
20861	0	20913
16337	0	13619
12773	1	12771
14937	1	14967
13107	0	12504
18679	1	18678
22235	0	22227
21518	1	21517
21718	2	13616
14941	0	14912
11365	3	13011
16507	2	11240
21306	2	13274
18631	2	11516
15226	1	15227
19427	1	19426
11331	3	13035
24011	0	23986
17261	2	11311
23327	0	22630
17842	2	11240
16613	0	16507
11445	4	11412
11613	3	13016
16464	0	16449
11417	1	11416
18504	0	18388
14212	0	13801
14256	1	14255
17095	1	17094
14333	0	14326
19703	0	19685
18846	1	19123
17187	0	16507
18860	1	19139
11253	3	11338
20633	2	11407
15876	2	11187
13385	0	13379
22963	0	22630
20741	2	13065
24227	2	24345
12879	2	11313
12504	2	11235
11428	4	11412
22661	1	22765
16450	2	11187
18487	0	18388
20367	2	11179
13052	2	12939
11179	3	13029
12879	2	11663
22946	0	22630
16412	2	11391
17813	1	17830
11411	4	11412
13434	1	13454
11369	2	11400
20264	0	19983
12734	2	11179
11415	0	11412
24270	0	24224
14283	0	13801
12834	1	12858
18631	2	12939
15952	2	11586
15053	2	11237
16337	0	16331
21163	3	11339
15369	0	15266
11477	1	11493
20247	0	19983
11259	0	11257
19547	2	19680
20968	0	20909
13154	0	12733
24253	0	24224
14352	0	14322
18734	0	18672
22314	1	22340
20215	2	13365
19880	0	19689
15055	1	15062
20960	0	20919
12733	2	11683
15723	0	15719
17405	0	17385
18490	0	15053
23355	0	23347
23985	2	11324
13133	2	11670
12439	1	12465
12733	2	12622
15352	0	15266
17438	2	11516
20814	1	20835
16466	0	16445
20842	2	11336
13053	2	11585
22391	4	11256
14335	0	14322
22919	4	22630
14940	0	14924
12960	1	12977
21993	0	21936
11794	0	11764
12030	1	12232
12025	0	11985
17388	0	17385
15679	0	15672
17843	2	11333
14478	2	11367
16323	2	11245
11412	2	11675
12805	2	11179
23453	0	23418
13548	0	13549
11486	0	11412
20608	2	14739
13052	2	11329
22496	4	11256
20939	0	20907
11487	0	11473
17241	1	17240
12732	2	11406
18442	0	18393
19650	0	11369
11758	3	12933
17126	4	16507
17843	2	11683
13601	1	13612
15952	2	15103
12008	0	11985
21709	2	20990
16037	1	16103
17843	2	12622
23436	0	23418
17497	2	11185
19855	0	19689
16472	0	16447
20922	0	20907
21710	0	21708
17360	3	16214
18425	0	18393
17008	0	16507
23201	1	23249
11531	3	11542
23541	0	13619
24403	0	23652
20921	2	11679
18419	0	17361
16910	4	16507
23541	0	23418
11991	0	11985
21358	0	21312
15423	0	15266
15071	2	11758
19870	2	13792
16246	1	16278
23419	0	23418
15787	1	15790
16449	2	11549
18408	0	18393
16161	0	16144
16991	0	16507
13619	2	11555
20909	2	11324
21806	1	21923
24386	0	23652
18212	4	18301
16893	4	16507
21341	0	21312
21194	0	21167
21167	2	11367
11705	0	11412
11351	3	20671
11636	1	11651
18797	0	18631
20085	0	19983
18203	4	18055
24369	0	23652
11985	2	11553
17425	2	11978
21035	0	20846
18347	2	11979
23020	0	22630
12997	3	13026
16260	0	16243
24377	0	24345
18352	0	18344
23313	1	23312
12027	0	11981
11161	2	11240
12130	1	12320
15134	4	15053
12696	1	12715
18780	0	18631
20904	2	19542
16449	2	11683
17440	1	17451
14563	0	14669
23003	0	22630
13550	2	13591
23346	2	11364
12132	0	11981
18786	1	19067
21362	1	21437
22960	1	22885
20617	0	20603
21163	2	11331
12010	0	11981
11949	1	11974
11317	3	20671
16964	4	16507
21164	2	12876
22589	0	22560
20080	2	20168
12504	2	11182
18777	1	19057
11251	2	11332
11767	1	11822
22874	1	22875
20859	0	20902
22415	0	11256
20603	2	11548
12115	0	11981
17358	2	12608
11927	2	11244
14948	0	14922
12033	0	11983
15649	4	15266
17363	2	17356
17668	0	17667
18137	4	17786
22225	0	22226
22518	2	11978
23461	0	23416
20018	4	19981
22154	1	22181
20240	0	20217
12098	0	11981
21365	0	21303
15051	2	15112
14931	0	14922
15105	3	24066
21470	2	11403
16065	0	16015
12016	0	11983
20022	0	19981
16551	1	16550
21738	1	21845
21814	0	21720
20948	0	20906
13332	2	11237
14936	0	14917
21936	2	11408
16827	1	16825
23672	0	23656
12081	0	11981
21348	0	21303
20912	2	16023
20005	0	19981
19547	2	19627
18499	0	18393
21797	0	21720
12186	0	11981
12511	1	12534
20636	2	11402
23913	1	23951
18389	3	18615
20927	0	20921
23655	0	23656
19679	2	11364
21331	0	21303
21483	0	21470
17269	1	17286
12878	2	12622
11749	4	11412
22311	0	22303
18482	0	18393
21780	0	21720
17065	0	16507
17514	0	17502
12170	0	11985
17166	4	16507
18288	1	18287
21314	0	21303
20923	0	20906
15253	1	15261
18465	0	18393
17171	1	17170
12984	1	12987
12153	0	11985
18909	1	19187
19481	1	19480
11665	2	11239
23851	4	23743
15053	2	11668
13054	3	11558
20367	2	20604
22206	0	22201
24471	3	24408
17153	0	16507
17254	4	16507
23986	2	24062
22230	2	22388
17031	0	16507
15342	0	15265
13396	3	16205
23834	4	23743
23385	1	23405
20963	0	20914
11906	3	11917
14347	0	14327
14938	0	14913
14452	2	14451
11240	3	21118
19547	2	11601
14930	0	14923
12504	2	13089
16507	2	11350
17857	0	17786
11320	3	13046
22255	0	22230
16461	0	16450
15325	0	15265
14330	0	14327
14921	0	14913
22489	0	11256
12189	0	11981
18846	0	18631
24143	0	17361
17119	0	16507
19547	2	19306
20230	0	19983
24138	1	24178
20941	0	20841
11365	3	18382
17840	0	17786
22360	0	22230
21163	3	11904
20712	2	11181
16817	1	16816
20934	0	20912
21822	0	21718
17358	3	16214
14944	0	14915
11161	2	11187
12172	0	11981
18829	0	18631
18402	0	18391
24126	0	17361
24149	0	24210
22896	1	22895
15719	2	15807
20924	0	20841
21555	2	11323
15056	0	15053
15986	0	15972
21548	2	11394
18934	0	18631
14558	1	14589
21720	3	11904
18894	1	19174
21308	2	11331
16569	1	16568
19421	1	19419
11369	2	11510
15161	0	15053
12504	3	13044
18343	2	13395
24132	0	24210
22125	3	15700
23462	0	23415
15300	0	15265
17806	0	17786
15969	0	15972
18476	1	18581
22319	0	22301
18917	0	18631
23468	1	23517
11474	2	11510
24214	0	17361
12995	3	13015
11888	2	11923
18755	0	18746
23445	0	23415
20931	0	20904
11681	3	20722
11985	2	11984
13153	1	13192
11243	3	21118
18900	0	18631
11187	3	13027
13915	0	13801
20633	2	12940
13562	0	13550
14897	4	14827
19873	0	19870
23688	0	17712
17486	2	17489
20179	1	20187
21548	3	21552
20457	1	20554
11307	3	21055
17796	4	17786
24273	0	24227
19005	0	18631
15786	2	15795
21936	2	11355
20841	2	20992
12988	3	13268
23418	2	15108
11623	2	11517
13282	1	13306
21324	0	21312
20615	0	20367
23671	0	17712
24378	0	24227
14546	0	14514
21203	0	21164
17189	1	17188
18349	2	11333
11914	3	11915
13398	1	13405
14946	0	14911
16264	1	16291
11985	2	11179
11256	2	11408
15058	1	15065
12504	2	11613
23691	0	23657
21307	0	21312
20598	0	20367
18826	0	18746
15199	4	15051
23358	0	23350
12442	1	12468
24361	0	24227
21075	0	21060
23545	1	23573
21707	0	21709
14631	1	14630
16954	1	16952
20841	2	11327
23910	0	23887
22143	2	11607
15081	0	15051
11276	0	11252
20215	2	11515
23902	0	23897
15182	4	15051
13167	0	13133
11490	0	11476
17368	2	11551
12881	2	11523
11514	3	14506
13884	1	13889
16050	0	15952
19606	0	19547
21167	3	15701
18015	4	17786
22133	3	22135
17497	2	17495
24005	1	24041
14515	2	12608
14918	2	14983
22230	3	17834
17298	0	16507
24009	0	23986
21343	0	21308
20711	2	11872
16033	0	15952
13801	2	11237
15169	0	15051
17712	2	11331
11331	3	12742
20632	0	20635
21936	2	13128
21633	0	21599
21139	0	21131
11344	2	11357
17361	2	11188
12693	1	12716
18002	0	17786
21326	0	21308
20912	2	11327
21068	1	21086
16016	0	15952
23418	2	11404
17880	0	17786
24474	2	19674
20271	0	20218
21616	0	21599
11190	3	13003
12047	0	11984
20675	3	20673
20682	2	11517
21599	2	11317
19579	4	19547
17863	0	17786
17273	0	16507
20254	0	20218
11665	2	11670
13281	2	11240
12520	0	12504
14340	0	14321
13133	2	11243
24075	2	11588
12030	0	11984
17872	0	17786
13051	2	11245
17968	0	17786
21332	0	21310
23652	2	11518
11402	3	12742
17517	0	17473
19987	1	19986
12850	0	12827
12733	2	12545
15751	1	15750
12135	0	11984
20237	0	20218
15672	2	11979
13334	0	13281
12013	0	11984
20958	0	20919
14933	0	14918
11763	2	11367
12118	0	11984
23881	4	23761
20220	0	20218
11527	2	11680
13910	1	13948
21688	2	21706
18721	4	18678
11996	0	11984
13345	0	13332
16583	0	16507
13210	0	13211
20710	2	17361
11159	2	11176
15952	2	15965
23057	1	23150
12101	0	11984
23603	0	23604
11657	0	11573
23606	2	11516
11320	3	22121
12610	2	12618
14939	0	14920
20913	2	17483
21063	2	12485
17582	0	17548
17324	1	17326
21351	0	21306
12881	2	11336
19639	4	19603
20195	3	24067
20685	0	20681
12042	1	12243
20640	0	20633
18231	4	18107
18357	0	18343
21615	1	21657
11256	2	13799
16447	2	12683
21303	2	11336
21305	2	11249
12149	1	12335
21334	0	21306
19888	0	19870
22303	2	11515
11408	3	22121
11252	2	11182
17670	0	17548
18980	0	18746
11367	3	19964
19646	0	19547
14535	0	14517
21553	2	12385
15339	0	15266
19871	0	19870
11507	3	16208
16330	2	11365
17436	2	11979
19983	2	20070
21282	0	21269
11676	3	20727
12123	1	12314
12689	1	12709
18963	0	18746
13052	2	11520
19369	0	18631
17388	1	17397
14518	0	14517
15322	0	15266
21355	1	21431
18631	2	12675
13053	2	13065
24367	1	24431
20861	0	20917
19775	1	19835
15717	2	11517
18946	0	18746
13360	2	11663
22530	0	22392
20856	0	20844
21203	0	16118
20846	2	11245
23652	2	11331
20966	0	20917
23694	0	23652
14941	0	14916
15729	0	15717
11365	3	13015
21309	2	11903
20846	2	21044
17847	2	11670
19560	1	19559
18929	0	18746
11331	3	13039
11334	3	20728
22513	0	22392
15410	0	15266
17513	0	17466
20083	2	13793
11929	2	11403
20651	0	20636
23897	2	11547
16121	1	16124
12574	1	12593
20909	2	11515
13104	0	13099
12192	0	11984
19703	0	19689
14553	0	14452
18135	4	17786
14654	4	14452
17060	1	17061
24155	1	24197
18440	1	18626
20945	0	20905
14929	0	14911
17426	0	17425
24083	0	24075
20238	0	20217
12504	2	11239
20218	2	20349
13496	0	13281
20711	2	11364
12175	0	11984
14536	0	14452
16121	0	11526
20927	0	20844
18431	0	18391
20928	0	20905
14494	0	14486
18122	0	17786
19446	1	19447
13479	0	13281
12158	0	11984
19411	1	19410
13559	0	13551
14519	0	14452
18000	0	17786
14560	0	14515
15722	1	15743
11200	0	11161
19430	4	18631
20880	2	11510
18734	1	18743
24077	2	11367
18294	1	18293
21690	0	21685
14058	1	14057
15889	3	23599
18347	2	11365
14543	0	14515
21200	0	21165
20602	2	11678
12640	0	12504
22254	2	11511
20968	0	20913
14352	0	14326
22945	1	22932
24075	2	17496
13567	0	13281
18088	0	17786
15291	0	15263
23355	0	23351
24258	0	24223
20182	1	20190
18046	1	18045
14526	0	14515
16466	0	16449
21072	0	21061
23986	2	23985
20741	2	11459
14335	0	14326
16323	2	11249
21277	1	21291
13285	1	13309
11678	3	15700
15274	0	15263
21171	0	21163
20956	0	20908
24241	0	24223
16045	1	16113
23293	1	23292
13801	2	13091
13274	3	15700
20280	0	20215
20233	1	20300
17473	3	15700
24221	2	11523
15973	1	15991
17412	4	17386
21521	3	11340
21386	1	21461
21354	0	21167
24154	0	24209
16596	4	16507
22948	0	22630
17689	3	12394
19388	4	18631
14323	0	14321
14915	2	14984
20263	0	20215
21078	0	21063
23548	1	23576
16472	0	16451
18801	1	19081
21576	0	13416
16411	2	11249
12769	1	12768
21563	1	21567
20844	2	11330
21337	0	21167
23467	0	23414
13796	2	11510
19633	4	19601
15084	1	15100
21630	0	21600
11765	0	11763
13816	0	13801
13887	1	13892
15827	1	15826
17857	0	17843
15075	1	15090
20709	1	20713
23450	0	23414
23418	2	11514
16449	2	11903
23371	3	14407
21613	0	21600
22938	4	22630
16575	1	16574
20909	2	11678
24227	2	11330
21346	0	21311
15411	0	15265
20731	3	13036
18437	0	15072
17840	0	17843
13567	0	13549
11886	0	11887
22289	2	11355
22301	2	11515
11481	0	11474
18505	0	18391
12997	3	13030
22139	3	24125
20742	2	11394
15053	2	15242
22288	2	11324
18352	0	18348
12504	2	11402
22921	4	22630
13645	1	13727
13281	2	11350
15719	2	12481
18297	4	17786
11161	2	11244
15681	0	15672
21329	0	21311
21071	1	21089
15277	0	15263
18420	0	15072
17552	1	17609
16549	0	16507
18488	0	18391
12132	0	11985
21720	2	11551
13658	0	13281
11394	3	15700
18403	0	15072
17806	0	17843
24266	0	24221
20747	0	20741
21167	2	21304
18312	1	18311
23804	4	23743
20859	0	20906
17361	3	18608
14290	0	14280
12115	0	11985
24404	0	24345
11819	0	11763
23770	4	23767
13641	0	13281
18263	4	17786
15365	0	15263
11576	0	11412
11255	0	11254
11256	2	11331
22225	0	22230
20964	0	20906
24249	0	24221
17151	1	17150
23787	4	23743
14791	4	14452
21708	2	11910
13227	0	13211
22459	0	11256
12098	0	11985
13053	2	11402
24388	0	23652
21555	2	11514
13624	0	13281
11586	3	19662
15348	0	15263
20608	2	11173
24396	0	24345
12025	1	12404
12504	2	12825
19341	1	19340
20948	0	20910
23689	0	23657
14673	0	14452
14637	1	14636
16947	1	16946
20716	2	20731
19309	2	11187
18250	0	17786
11239	3	22294
14704	0	14669
17690	1	17699
18824	0	18746
12081	0	11985
20087	0	19983
23897	2	11978
24014	0	23985
24221	2	11336
13470	2	11365
12907	0	12504
23449	0	23415
20940	1	20977
15331	0	15263
16023	3	20673
13054	2	11607
19462	4	18631
13619	2	11588
23774	0	23743
16262	0	16243
22226	2	11350
12785	0	12504
22630	2	11331
24379	0	24345
22399	1	22398
23413	2	14739
14106	0	13801
12186	0	11985
20636	2	11406
22228	2	11236
23329	1	23328
20269	1	20336
12504	2	11670
12880	2	11190
14687	0	14669
23997	0	23985
11474	3	11522
14478	3	13048
23432	0	23415
12890	0	12504
18421	0	18390
15070	2	15103
23388	0	23371
16245	0	16243
24362	0	24345
24127	0	24119
22262	0	22254
18338	0	17786
14492	0	14486
18912	0	18746
14639	0	14452
13991	4	13801
21936	3	13461
14670	0	14669
15419	0	15263
19449	0	18631
23897	2	11173
20923	0	20910
22641	0	22630
21279	0	21270
19309	2	11321
12045	1	12246
12131	1	12414
20901	0	20904
23197	0	23179
21618	1	21660
18632	0	18630
12908	0	12891
11613	3	12996
23215	0	22630
23686	0	15717
22479	0	22392
20732	3	22123
15975	0	15970
11394	3	16318
19309	2	11671
20775	2	11331
11360	2	11589
13050	2	13066
20400	1	20507
17469	2	15575
20367	2	20608
14079	4	13801
12733	2	11179
23180	0	23179
20735	3	20727
22688	1	22792
23198	0	22630
23669	0	15717
17751	0	17729
11280	0	11252
22644	1	22748
18494	0	15072
21555	3	17834
11725	1	11724
20472	1	20562
15857	2	11664
14184	4	13801
13400	0	13051
15009	1	15008
11179	3	13009
20073	3	24065
12123	0	11983
16446	2	11358
20904	2	16326
14343	1	14383
20920	2	15110
17470	2	17481
23181	0	22630
17734	0	17729
19487	1	19486
11263	0	11252
18477	0	15072
17880	0	17843
22562	2	20349
19686	2	11554
21358	1	21434
22226	2	11618
17588	1	17645
20123	0	20080
22585	0	22557
20903	2	15110
16711	0	16507
17717	0	17729
18460	0	15072
17863	0	17843
20679	2	20675
22558	2	12608
16782	1	16783
14944	0	14919
23996	0	23986
20106	0	20080
17872	0	17843
18039	4	18040
14900	4	14839
12661	2	12675
15715	2	12608
22568	0	22557
20690	0	20680
14949	0	14914
11526	2	11551
18443	0	15072
18407	0	18390
14491	0	14487
16804	4	16507
22444	4	22392
16581	0	16507
22303	3	11340
11530	3	11542
14932	0	14914
22208	0	22201
17256	4	16507
14831	4	14452
16504	2	11325
17713	2	11323
12995	3	13019
13379	2	13058
21521	2	11680
11513	3	11542
20931	0	20908
17260	0	16507
23831	0	23743
17371	0	17365
21572	0	21564
19694	0	19687
12570	3	11558
15952	2	16022
20249	0	19983
11187	3	13031
11199	1	11219
16669	0	16507
16449	2	11179
22410	4	22392
14268	0	13801
13527	2	11900
14462	3	22135
18478	0	18390
13379	2	11903
14818	0	14452
23585	2	11609
17548	2	11511
24227	3	13460
21131	2	21159
17121	0	16507
17469	2	17482
22362	0	22230
20232	0	19983
11779	1	11831
22698	0	22630
20745	0	20741
18461	0	18390
16504	2	11459
16119	2	13787
18432	0	15053
24072	2	11185
22498	4	22392
21348	1	21425
11367	3	15699
24261	0	24226
20185	1	20193
20884	2	11903
12881	2	12682
18485	0	15070
16258	0	16145
14234	0	13801
21978	0	21936
14420	0	14327
20260	0	20216
22681	0	22630
13529	0	13379
15400	1	15552
18217	4	18081
20808	0	20775
16474	0	16447
21280	1	21294
23464	0	23415
22584	0	11251
20198	0	19983
22268	1	22284
20959	0	20911
11276	0	11256
11263	1	11290
21205	1	21255
24244	0	24226
22887	4	22630
20243	0	20216
11365	3	13877
21961	0	21936
14889	0	14452
15108	3	24065
15901	0	15898
15976	1	15994
11454	0	11412
17499	2	11367
21389	1	21464
16457	0	16447
22567	0	11251
20913	2	11608
18436	0	18390
20942	0	20911
20633	2	11334
18995	1	19273
23551	1	23579
21944	0	21936
14872	0	14452
15251	0	15053
12879	2	11240
18804	1	19084
21343	0	21312
23552	0	23415
22357	0	22288
23343	0	22630
14565	0	14514
11437	0	11412
20889	0	20846
22234	0	22227
13106	0	12504
16730	4	16507
14170	1	14169
17492	2	12727
14927	1	14957
11941	0	11927
15234	0	15053
21326	0	21312
20912	2	11331
20617	0	20367
17355	3	11340
22392	2	11609
23535	0	23415
15715	3	16214
23418	2	11408
19684	1	19705
14548	0	14514
15078	1	15093
23037	1	23130
16331	2	11381
15216	1	15217
13551	2	11867
19417	1	19416
11190	3	13007
21357	0	21304
18435	0	15053
22359	1	22375
18396	1	18511
17361	2	12481
11527	2	11550
16013	1	16018
18472	1	18578
12878	2	11313
14357	0	14322
11665	2	11674
20882	1	20893
11816	0	11764
13059	3	24117
18203	4	18303
18418	0	15053
16844	4	16507
19428	4	18631
17749	0	17729
21074	1	21092
20919	2	11394
12570	2	11900
12173	1	12359
11367	3	16317
22160	0	22147
17361	2	11326
20914	2	20992
21629	0	21564
11799	0	11764
18052	1	18051
11275	0	11257
22267	1	22285
13549	2	11334
20453	1	20551
13170	0	12733
17361	2	11676
24269	0	24224
13140	1	13179
20902	2	11394
14933	0	14922
17054	4	16507
11787	0	11762
19309	3	11522
21612	0	21564
18506	0	15053
16831	0	16507
16932	4	16507
23076	0	22630
11636	0	11623
12881	2	11556
11258	0	11257
20225	0	20217
13153	0	12733
22407	4	11256
15265	2	15575
11159	2	11180
19993	1	19992
11770	0	11762
12001	0	11983
20636	2	11516
20363	2	11554
18489	0	15053
17438	3	17464
23354	0	23347
23059	0	22630
20026	4	19983
12732	2	12622
19689	2	13619
20058	2	13799
24142	0	17361
14947	0	14914
19766	0	19689
12106	0	11983
13136	0	12733
18631	2	11256
14939	0	14924
15072	2	15099
13055	2	11903
17020	4	16507
17693	1	17702
12429	1	12455
18181	4	18011
16797	0	16507
17425	2	13060
23452	0	23418
17473	2	11183
11486	0	11473
12089	0	11983
11412	3	11557
11734	4	11412
11394	3	13045
20272	1	20339
17970	0	17786
15771	1	15778
24014	1	24050
14245	1	14246
19992	4	19983
22478	4	11256
12504	2	11914
12072	0	11983
21339	0	21305
17436	2	17460
17667	2	17681
16885	0	16507
19547	2	11365
12682	3	22121
20846	2	20914
14901	4	14846
23355	1	23363
19983	2	20074
23985	3	11340
22461	4	11256
21061	2	11367
14669	2	11515
23985	2	11869
21322	0	21305
20908	2	11324
12055	0	11983
21621	1	21663
17467	2	17482
18401	0	17361
11700	4	11412
16444	2	11184
23657	2	23654
12504	3	13024
21320	1	21398
20120	0	20081
20861	0	20921
17490	3	24125
11237	3	23519
20742	2	14484
22582	0	22558
14358	0	14324
18274	1	18273
20966	0	20921
23694	0	23656
11888	2	11903
16877	1	16876
15658	0	15266
11365	3	13019
12026	0	11981
18683	0	18631
20103	0	20081
11687	0	11412
15880	0	15857
11331	3	13043
22565	0	22558
20233	0	20215
18070	1	18069
17591	1	17648
16351	0	13619
11574	0	11412
12009	0	11981
24077	2	24069
20398	0	20367
21533	0	21521
21807	0	21718
20034	4	19981
14929	0	14915
12734	2	11403
21725	0	21720
23219	0	23178
20602	2	11548
17357	2	12608
18438	1	18549
13906	1	13945
16334	0	13619
20861	1	20876
16446	3	16499
18468	0	15070
20381	0	20367
20636	2	11329
20571	3	15699
13381	1	13388
22288	2	11515
18492	0	18391
21790	0	21718
21284	0	21269
23202	0	23178
12097	0	11981
17519	0	17502
17094	4	16507
23349	2	23369
22311	0	22230
13053	2	11459
13360	2	13090
19313	1	19322
15381	0	15265
23772	0	23743
11360	2	19672
22304	0	22301
18475	0	18391
21773	0	21718
11412	2	11549
11518	3	20722
12163	0	11983
23185	0	23178
20907	2	11336
17798	4	17786
18419	0	18390
21796	0	21720
18458	0	18391
15802	1	15808
20635	2	11402
17182	4	16507
11806	0	11763
12146	0	11983
11404	3	18382
17846	0	17841
21205	0	21164
15053	3	18613
19884	0	19867
11202	1	11222
18880	1	19160
24258	0	24227
17752	0	17713
24073	2	14739
16330	2	11182
24165	0	17361
20805	0	20776
20963	0	20841
24363	0	24227
14531	0	14514
21188	0	21164
17712	2	18666
16351	0	16331
23843	0	23743
15335	0	15263
20956	0	20912
24241	0	24227
19676	0	19678
11782	1	11834
16119	2	16125
17735	0	17713
11709	1	11708
24346	0	24227
16334	0	16331
15318	0	15263
22142	0	22146
20753	0	20739
21351	1	21428
11922	3	11917
12110	1	12301
14323	0	14325
24363	1	24428
20857	0	20914
21948	1	22040
23931	1	23968
19867	2	11588
18757	0	18631
15403	1	15555
19471	1	19470
15167	4	15051
22231	0	22228
20970	0	20904
23647	4	23627
24329	0	24227
23467	0	23418
14937	0	14913
21208	1	21258
19762	1	19822
15115	2	11585
15979	1	15997
17857	0	17847
15190	4	15053
16330	2	11666
14074	1	14073
20775	2	13616
15937	0	15857
16460	0	16450
12054	1	12252
23418	2	11518
23450	0	23418
11888	3	11917
23887	3	11339
18845	0	18631
19699	0	19686
23455	0	23413
18807	1	19087
21163	2	11555
20941	0	20902
17840	0	17847
20455	0	20367
24079	0	24072
17581	0	17548
16443	0	16450
21820	1	21912
16320	3	16316
17357	3	16214
12504	2	11406
13281	2	11354
23661	1	23704
16450	2	11358
18828	0	18631
22301	3	11340
11161	2	11248
15137	0	15051
20776	2	11179
23438	0	23413
18427	0	18388
20924	0	20902
20846	2	11546
15156	4	15053
12473	1	12478
17564	0	17548
17386	2	13068
21720	2	11555
17847	3	15579
11903	3	22122
11719	0	11412
12154	0	11981
18811	0	18631
19685	2	11920
20906	2	11324
15120	0	15051
14515	3	11522
16507	3	11366
18399	1	18514
22362	1	22378
18410	0	18388
17806	0	17847
24266	0	24225
17956	1	17955
11370	2	11396
21167	2	21308
13686	1	13770
20859	0	20910
17361	3	18612
18916	0	18631
16559	1	16558
15225	0	15051
19968	0	19962
21317	0	21310
20813	0	20774
23924	0	23897
11785	1	11837
11256	2	11335
23654	2	13363
11367	3	16211
20964	0	20910
24249	0	24225
13051	3	13408
11680	3	20722
11998	0	11984
22518	2	11397
15050	0	14986
21555	2	11518
17936	0	17786
20363	2	11664
23612	2	23606
16462	0	16446
23907	0	23897
13143	1	13182
22668	1	22772
20948	0	20914
18391	3	13275
11984	3	12391
20901	1	20999
12129	0	11981
20605	2	20631
20716	2	20735
15033	0	14986
19983	2	11190
15191	0	15051
22261	1	22278
12434	0	11985
19654	0	11360
20725	3	13046
11483	0	11474
13214	2	11179
14336	1	14375
12086	0	11984
11900	3	13048
16504	2	11516
15972	2	13878
12112	0	11981
20220	1	20287
21638	0	21599
20217	2	11510
15070	2	15107
11537	1	11565
18944	1	19223
12069	0	11984
21819	1	21924
21373	1	21448
23909	0	23887
18345	2	15896
12878	2	12980
17473	2	17493
11249	3	19662
20807	1	20828
23535	1	23563
17729	2	11234
18413	0	18388
23652	2	18666
20901	0	20908
23418	2	11331
23341	0	22630
21319	0	21306
12908	0	12895
11613	3	13000
17358	2	11356
23985	3	12389
23780	1	23779
11979	3	13038
12157	0	11984
21762	1	21871
16323	2	11900
22165	0	22146
13211	2	11554
11280	0	11256
16145	2	16213
18501	0	18388
12891	2	12941
11988	1	12197
22237	1	22247
19687	2	13330
23358	1	23366
12140	0	11984
11179	3	13013
22148	0	22146
23789	4	23868
21205	0	16118
16507	2	11358
23346	2	11185
21325	0	21308
16243	3	13329
15373	0	15265
14487	3	12391
16447	2	11187
11263	0	11256
18484	0	18388
17880	0	17847
17729	3	11189
13426	1	13448
24146	0	24119
15750	4	15719
20613	0	20604
13281	2	13395
15664	1	15663
20958	0	20846
15936	1	15947
12157	1	12343
21188	0	16118
11476	3	11522
13619	2	15243
20446	1	20545
22585	0	22561
15356	0	15265
20951	0	20917
12738	2	11518
17863	0	17847
11360	2	15110
17712	3	11189
14944	0	14923
18973	0	18631
15015	1	15014
11546	3	12475
21373	0	21306
24074	2	11588
11655	1	11660
21555	2	11331
16155	0	16144
22568	0	22561
14949	0	14918
20111	0	20079
11588	3	19910
15051	2	11900
20841	2	17483
20882	0	20883
11182	3	12475
12012	0	11984
17955	4	17786
18934	1	19214
21125	2	21131
13693	0	13619
14932	0	14918
18214	4	18243
20094	0	20079
20466	1	20593
21344	0	21304
20797	1	20819
16463	0	16445
17753	0	17729
12946	0	12878
13676	0	13619
20921	2	20173
20891	1	20899
24263	0	18347
21327	0	21304
11187	3	13035
11685	2	11394
19574	0	19547
11656	0	11573
17736	0	17729
20885	2	11245
17848	1	17883
21063	2	11607
22714	0	22630
15983	0	15972
20710	2	11356
13659	0	13619
16353	1	16394
14169	4	13801
20883	2	11517
18631	2	11313
13054	2	13063
20912	2	17483
11947	1	11971
22630	2	23175
24246	0	18347
14528	0	14515
20122	1	20163
24163	1	24205
21470	2	21507
16989	1	16988
22697	0	22630
13360	2	11240
23887	3	11904
18198	4	18044
23418	3	11904
14551	0	14517
24229	0	18347
11254	2	11324
19867	2	13792
21208	0	21167
19887	0	19870
11761	2	11245
20861	0	20844
19397	1	19396
21605	1	21647
11252	2	11243
21554	3	21562
19983	2	13365
14270	1	14269
22593	0	20711
19732	1	19792
22565	0	15715
17841	2	11514
12997	3	13010
20966	0	20844
18857	0	18746
19645	0	19547
18861	1	19141
16474	0	16451
20849	0	20842
14534	0	14517
21191	0	21167
20959	0	20915
16883	1	16882
14934	0	14914
12983	0	12881
20355	2	11177
11181	3	13268
22576	0	20711
18063	4	17786
22631	1	22735
14599	0	14515
17385	2	11350
18258	1	18257
19689	2	15099
15822	4	15812
16457	0	16451
21174	0	21167
23415	2	11519
23840	4	23791
20942	0	20915
11891	1	11898
21574	0	21564
20796	0	20774
12738	2	11331
16635	1	16634
14770	1	14769
18441	0	18389
13302	0	13281
20973	0	20907
21345	1	21421
20856	0	20905
20885	2	11513
22555	2	15110
15728	0	15717
18151	4	17786
21100	2	11179
11344	2	11365
11369	3	19662
18029	4	17786
19641	4	19603
18424	0	18389
17360	2	11518
22870	1	22871
13285	0	13281
12057	1	12255
15674	2	11356
20908	2	11515
21210	0	21163
12570	2	13059
23458	0	23416
15296	0	15266
11527	2	11554
12487	3	12501
15952	2	11517
13990	4	13801
24082	0	24075
12568	0	12504
12878	2	11317
12095	0	11981
14357	0	14326
21193	0	21163
23441	0	23416
20058	2	12730
11864	3	24125
12774	4	12504
20927	0	20905
14345	0	14324
22889	4	22630
11394	3	23519
17255	1	17254
15084	0	15072
18182	4	18137
15689	0	15674
19020	1	19299
15072	2	11586
15246	0	15115
13478	0	13281
13558	0	13551
13125	0	12504
13133	2	12540
21176	0	21163
18402	1	18517
17466	2	11330
11804	0	11763
14328	0	14324
13211	2	13274
17473	2	17469
12504	2	12939
21328	0	21303
19928	3	19916
16450	3	16499
11266	0	11251
24234	0	24221
13108	0	12504
15899	1	15910
12639	0	12504
20906	2	11918
11545	3	22294
12517	0	12504
21385	0	21311
16145	2	13395
23354	0	23351
24257	0	24223
23985	2	11389
21071	0	21061
21063	2	11554
12624	1	12642
19547	2	11235
11534	1	11566
12847	0	12827
15051	2	11392
18892	1	19171
16330	2	11239
21368	0	21311
19433	1	19432
11254	3	11338
21370	0	21167
17333	1	17341
15115	2	11508
20742	2	13065
13051	3	11558
13393	3	13047
22964	0	22630
22264	1	22281
19686	2	11184
13052	2	11394
13697	0	13281
15421	0	15263
12830	0	12827
20751	1	20764
23605	2	11618
13053	2	12939
21353	0	21167
18646	0	11256
12060	1	12258
22947	0	22630
20223	1	20290
11375	0	11370
11190	3	13040
14927	0	14923
13680	0	13281
21382	0	21303
21339	0	21309
15404	0	15263
11256	3	13069
21376	1	21451
19535	4	18631
16145	2	12940
21600	3	15579
14419	1	14439
11981	2	11664
18629	0	11256
23466	0	23414
13478	0	13549
23538	1	23566
18306	0	17786
14910	0	14923
15282	1	15437
18791	1	19071
14471	2	11978
12586	0	12570
13663	0	13281
15593	4	15266
21322	0	21309
19518	4	18631
21164	3	11339
21287	0	21272
18481	0	18389
15852	1	15853
12504	3	13028
11527	2	11367
20216	2	13365
11595	0	11596
15817	1	15816
15035	4	14986
12569	0	12570
24227	2	24223
12946	0	12504
12079	1	12275
23356	0	23347
22230	2	11902
18396	0	15070
23024	1	23117
12816	3	12812
20776	2	13330
15849	0	15812
20083	2	11923
18464	0	18389
23695	1	23737
16565	1	16564
14986	2	15045
16523	2	11188
14047	4	13801
15053	2	11331
11812	0	11761
12995	3	12999
13232	0	13211
12026	0	11985
19505	0	18631
17022	4	16507
19890	1	19911
21600	2	11324
15018	4	14986
16015	2	11600
11346	0	11344
19890	0	19686
19383	0	18631
13642	0	13619
20971	0	20920
13053	2	11329
18428	0	17361
18914	0	18631
23418	2	23602
13929	0	13801
23606	3	14407
12009	0	11985
20015	0	19983
12160	1	12346
16536	4	16507
22680	0	22630
16331	2	11682
13136	1	13176
14034	0	13801
20954	0	20920
11815	1	11879
14135	4	13801
14929	0	14919
12904	1	12924
21128	2	21158
16162	1	16192
17009	0	16507
13912	0	13801
14951	0	14911
18420	0	17361
19471	0	18631
18467	0	15070
24158	0	24119
20937	0	20920
12696	0	12504
21063	2	11367
12097	0	11985
12700	1	12720
20910	2	11324
22585	0	20711
21554	2	11514
24387	0	23652
17519	0	17506
15952	2	16136
18403	0	17361
14122	0	13801
20425	0	20367
17141	1	17140
14943	0	14911
15115	2	11321
19451	1	19450
11412	2	11553
19678	2	11243
14000	0	13801
14773	4	14452
18637	0	18630
24013	0	23985
22559	3	11189
19786	1	19846
14550	0	14452
22568	0	20711
20086	0	19983
20800	1	20822
16972	1	16973
20050	2	11307
12949	0	12881
18213	4	18073
16261	0	16243
12784	0	12504
14926	0	14911
24378	0	24345
14098	1	14097
20080	2	13362
16937	1	16936
15660	0	15266
14655	0	14452
15672	3	13044
20635	2	11406
20715	2	11676
11360	2	11516
11689	0	11412
14686	0	14669
24077	2	15108
23004	0	22630
15717	2	11554
14088	0	13801
16244	0	16243
12767	0	12504
24361	0	24345
13382	0	13527
16173	1	16198
20843	2	11173
20400	0	20367
20956	0	20916
11530	2	11514
18417	0	15053
16787	1	16786
15279	0	15266
17360	3	11904
18470	0	15070
20383	0	20367
24272	0	24223
22590	0	22557
17218	4	16507
21608	1	21650
24225	3	11522
18400	0	15053
11248	3	11542
16339	0	16330
15262	0	15266
22313	0	22230
18388	3	13276
16528	2	11585
20970	0	20908
18453	0	15070
20366	0	20367
14354	0	14321
14874	0	14452
23690	0	23653
14937	0	14917
14710	1	14738
23418	2	23415
22236	0	22227
21548	2	11325
16468	0	16444
12504	2	12565
23673	0	23653
17184	4	16507
18390	3	18615
19680	2	11364
13167	1	13206
16715	4	16507
20454	0	20367
20711	2	11185
14925	0	14912
24079	0	24076
15719	2	11550
18459	0	15072
20234	0	20218
22312	0	22303
13074	0	12504
14533	0	14514
16597	0	16507
16698	4	16507
16243	2	11979
13296	1	13320
11764	2	11762
20846	2	11550
15898	3	11558
14847	4	14452
17049	0	16507
18968	1	19247
12154	0	11985
13050	2	11517
14516	0	14514
20693	0	20682
20603	2	13065
18471	0	18388
11525	2	11356
16446	2	11903
23605	2	11244
16786	4	16507
20904	2	11394
22230	2	11394
16563	0	16507
19875	0	19869
17752	1	17782
20964	0	20914
18454	0	18388
14263	4	13801
13051	3	13412
16742	1	16740
17137	0	16507
20739	2	11367
16668	0	16507
24254	0	24224
24210	3	24125
16462	0	16450
12586	1	12606
11514	3	19914
21685	3	14510
21555	2	11872
13796	2	11547
20422	1	20582
18867	1	19147
23604	3	14407
17740	1	17777
24153	1	24194
18446	0	18388
16651	0	16507
16528	2	16525
11269	0	11254
24237	0	24224
20841	2	11608
11358	3	13875
14515	2	11600
20909	2	11365
20636	3	13329
13214	2	11183
17500	2	13799
19943	1	19955
23859	1	23858
23698	0	23651
18474	0	15053
14287	0	14280
16339	1	16368
15336	0	15266
20214	0	19983
24325	3	11340
23415	2	12381
21556	2	11323
18429	0	18388
12106	1	12298
20935	0	20909
15158	4	15053
24220	0	24224
20259	0	20216
24359	1	24425
17005	4	16507
18720	4	18674
21532	0	21521
11685	2	11585
11515	3	12933
16050	1	16084
17670	0	17666
22422	0	22392
15115	2	11402
21784	1	21891
15319	0	15266
23463	0	23415
21711	0	21708
11515	3	16316
11365	3	12999
18412	0	18388
24350	1	24415
18424	1	18537
17467	2	13274
16412	2	11245
11675	2	11514
20242	0	20216
11331	3	13023
20847	1	20864
11992	0	11985
19983	2	11328
21718	2	11510
15424	0	15266
16142	2	11403
11613	3	13004
15145	0	15053
24076	2	20060
15302	0	15266
13550	2	11188
23446	0	23415
23656	2	13363
22566	0	11251
19983	2	11678
20905	2	11679
11603	3	12933
12733	2	11187
15407	0	15266
13563	0	13550
16772	4	16507
22446	4	11256
18672	2	11543
17438	2	17436
19962	2	11508
11809	0	11762
15285	1	15440
11179	3	13017
18794	1	19074
20926	1	21022
20710	2	11681
23330	4	22630
15233	0	15053
21325	0	21312
15390	0	15266
20616	0	20367
22493	0	22392
15053	2	12380
17297	1	17301
13050	2	11330
15889	3	22294
11351	3	22135
17548	2	17667
19870	2	19928
11792	0	11762
20613	0	20608
17502	2	17531
17843	2	11187
11179	3	20722
16860	4	16507
11412	2	11529
23212	0	22630
22518	2	19724
15082	0	15072
20951	0	20921
21076	0	21060
21579	1	21592
18343	2	11179
23698	1	23740
21804	1	21915
17466	2	15575
11815	0	11764
17013	1	17012
13235	0	13214
21373	0	21310
11520	3	13038
11629	0	11621
16209	3	18382
24477	0	24474
15786	2	13795
16142	2	16209
20960	0	20907
20216	2	11515
17359	2	12608
14949	0	14922
16336	0	13619
11994	0	11981
20111	0	20083
11655	0	11412
16948	4	16507
20842	2	11324
17847	2	11333
18631	2	11183
21060	3	11189
12163	1	12349
14940	0	14912
22399	0	11256
21104	1	21114
17089	1	17088
13472	0	13470
14932	0	14922
21361	0	21305
13619	2	11409
20094	0	20083
13080	1	13088
24010	0	23986
15933	1	15943
12732	2	11394
16463	0	16449
22556	0	22560
17713	2	11331
11391	3	13408
11242	3	17322
17847	2	12622
21709	2	11179
22655	1	22759
14332	1	14372
16182	0	16144
12000	1	12208
14915	2	11585
19959	3	19965
11252	3	11338
11981	2	11237
12000	0	11983
20635	2	11516
16504	2	11683
23993	0	23986
11187	3	13039
16507	2	16518
23428	0	23416
23537	0	23415
17881	0	17786
12732	2	12683
16504	2	12622
12484	2	12483
12065	0	11981
15752	4	15719
13054	2	13067
19989	0	19981
17361	2	20731
16174	0	16144
23905	1	23941
22710	1	22814
21781	0	21720
21315	0	21303
12048	0	11981
17510	0	17504
22850	1	22851
12904	0	12892
22127	3	15699
11254	2	11328
18213	4	18317
16157	0	16144
18466	0	18393
21764	0	21720
22308	1	22334
22161	0	22143
15715	2	11356
17150	4	16507
23582	0	13619
15586	0	15266
16336	0	16331
18712	4	18631
12997	3	13014
23582	0	23418
16411	2	11367
12503	2	11190
20060	3	24066
22009	0	21936
18194	4	18033
12883	0	12880
20959	0	20919
18449	0	18393
21747	0	21720
15722	0	15719
23687	0	23654
21129	2	11185
22203	2	11551
11539	0	11527
17481	3	22122
13052	2	11585
21992	0	21936
15073	0	15070
20942	0	20919
23670	0	23654
21386	0	21303
17015	0	16507
20119	0	20081
19677	2	11365
12878	2	11187
11485	0	11412
21521	2	11367
18441	0	18393
23415	2	11873
11597	2	11612
20947	0	20914
13065	3	18382
20973	0	20911
18417	1	18531
21975	0	21936
23693	0	23656
21369	0	21303
16119	2	11246
12504	2	11520
20102	0	20081
21556	2	21553
11244	3	18382
18182	4	18007
15309	0	15265
23801	4	23743
18424	0	18393
16471	0	16447
18264	1	18263
20930	0	20914
22473	0	11256
17360	2	17349
23540	0	13619
18709	1	18708
19547	2	11910
23676	0	23656
23540	0	23418
17361	2	11550
14553	0	14517
21210	0	21167
14776	1	14775
15292	0	15265
23784	4	23743
19933	0	19689
15221	1	15220
19870	2	11365
12997	2	11179
18813	0	18631
12095	0	11985
11630	1	11645
15301	0	15265
23788	0	23743
20968	0	20844
14536	0	14517
21193	0	21167
12810	2	11914
20635	2	11329
14362	0	14325
15212	1	15210
21789	0	21718
20927	0	20909
11761	2	11867
21553	2	11190
13424	0	13416
22557	3	11189
18796	0	18631
14486	3	14506
15284	0	15265
11511	3	12739
13051	2	11607
13053	2	11520
23872	4	23743
14519	0	14517
21176	0	21167
18217	4	18118
16165	0	16142
18901	0	18631
21772	0	21718
21141	0	21130
11943	1	11968
18442	1	18553
13619	2	11356
18779	0	18631
14684	0	14669
16695	1	16694
17510	1	17542
15267	0	15265
21281	0	21167
13619	2	14739
24234	0	24225
21547	0	21553
23754	0	23743
16971	1	16969
13211	2	11184
18884	0	18631
13055	2	13066
23695	0	23652
21310	2	11903
23672	0	17712
19869	2	11243
21524	0	21470
13618	1	13702
20857	0	20841
20972	0	20912
24257	0	24227
17841	2	11331
21688	2	12619
20256	0	20217
23887	2	23897
16771	1	16770
12522	0	12503
20280	1	20347
23048	1	23141
16015	2	11336
18867	0	18631
24325	3	12389
13105	0	13099
23683	0	15717
15051	2	11396
12032	0	11983
24164	0	17361
23359	0	23350
20804	0	20776
12128	0	11983
23655	0	17712
16545	1	16544
13417	1	13442
20963	0	20902
23460	0	23416
18192	4	18118
21745	1	21851
22152	0	15715
19686	2	11188
20955	0	20912
19547	2	11589
24240	0	24227
14930	0	14911
20239	0	20217
12505	0	12503
23195	0	22630
23296	4	22630
13497	0	13281
13659	1	13741
17684	2	17689
11369	2	11364
21059	0	21060
11596	2	11600
21167	3	11904
23443	0	23416
18432	0	18391
11190	3	13044
20938	0	20912
17441	0	17438
11509	3	20671
12120	0	11983
20222	0	20217
12471	2	11613
17263	1	17280
15166	4	15051
23466	0	23418
17786	2	11514
12185	0	11981
24139	0	17361
21938	1	22030
19590	0	19547
21370	0	21305
12103	0	11983
20850	1	20867
15071	2	11238
11748	4	11412
12504	3	13032
16017	0	15952
19686	2	11672
21353	0	21305
14478	2	11331
20368	1	20481
22392	2	22518
18091	1	18089
24259	0	24223
20408	1	20513
20904	2	11317
21304	2	11331
15952	2	11684
20108	1	20151
20742	2	11459
12995	3	13003
21131	3	19325
16530	1	16531
19556	0	19547
15358	0	15265
21372	0	21167
15136	0	15051
17864	0	17786
16917	1	16916
24242	0	24223
11187	3	13015
17563	0	17548
12057	0	11981
16415	0	16412
23344	0	23346
15983	0	15952
18751	0	18746
16523	2	12481
11403	3	12742
15341	0	15265
17518	0	17473
21355	0	21167
15119	0	15051
17365	2	11667
20948	0	20841
12664	0	12661
21048	0	20846
11516	3	24066
20264	0	20215
24113	1	24115
12014	0	11984
11195	1	11215
22230	2	14484
14951	0	14915
23931	0	23887
15151	1	15150
19546	4	19547
24156	0	24210
15881	1	15891
15324	0	15265
21338	0	21167
17501	0	17473
23468	0	23414
20571	3	22123
17946	1	17945
20221	0	20218
17472	2	13273
14425	0	14327
20247	0	20215
11997	0	11984
11364	3	18382
21554	2	11518
21632	1	21674
23914	0	23887
17936	0	17847
11803	1	11878
15307	0	15265
21321	0	21167
23843	1	23842
12067	1	12408
16450	2	11903
17223	0	16507
14943	0	14915
14739	3	23519
23985	2	11556
12102	0	11984
17358	2	17349
20910	2	11678
13301	0	13281
11980	0	11984
20923	0	20841
14450	0	14451
15412	0	15265
21164	2	11551
20653	0	20635
14417	0	14327
20608	2	11588
15383	1	15536
22658	1	22762
13281	3	13413
14926	0	14915
12085	0	11984
13284	0	13281
18421	0	15072
22318	0	22301
22158	0	22144
18353	0	18345
19012	0	18631
11573	2	11515
12068	0	11984
17602	1	17659
20081	2	12817
21969	1	22060
17558	1	17615
19021	0	18631
22203	2	17727
11531	2	11549
24385	0	24227
23651	2	18666
17695	0	17689
11530	2	11518
17549	0	17548
19647	0	19547
16943	1	16942
21318	0	21306
20886	0	20846
11356	3	13046
20958	1	20998
18053	4	18054
22590	0	22561
19004	0	18631
12661	2	11317
21269	2	11332
15072	3	18608
11867	3	16317
15231	0	15053
20951	0	20844
18136	1	18135
18842	0	18746
24377	0	24227
23020	1	23114
22578	0	22559
12436	1	12462
15070	3	13275
15349	0	15263
19983	2	12674
11551	3	16211
14124	0	13801
18348	2	11333
11173	3	21097
20970	0	20912
14354	0	14325
18947	0	18746
23690	0	23657
17749	0	17713
22288	2	11552
20887	0	20883
18825	0	18746
21204	0	16118
13055	2	11403
20058	2	20065
24360	0	24227
16148	0	16142
23653	2	11331
23682	1	23724
15730	0	15717
12570	2	12823
16209	3	16211
23414	2	14739
18930	0	18746
23673	0	23657
21389	0	21306
17514	0	17466
11510	3	13048
20633	3	20671
12881	2	11190
21187	0	16118
20958	0	20907
18808	0	18746
13166	0	13133
24343	0	24227
23678	0	23652
14925	0	14916
20911	2	20992
12486	0	12492
14090	0	13801
11513	3	14506
13099	2	11584
18847	1	19127
23215	0	23179
17603	0	17548
18913	0	18746
22497	0	22392
20857	1	20877
14514	2	12608
21170	0	16118
21554	2	11331
13051	2	11367
13149	0	13133
22642	0	22630
20710	2	20732
23198	0	23179
18896	0	18746
12994	1	12998
18631	2	11240
21164	2	11364
11342	2	11353
15683	1	15711
20608	2	11401
12881	2	11324
19001	0	18746
14520	0	14452
20911	2	11327
23181	0	23179
12091	1	12284
11633	1	11648
15414	1	15566
17879	0	17786
18415	0	18391
22463	0	22392
18924	1	19204
21207	0	21269
17532	3	17525
21556	3	17834
12142	0	11984
17984	0	17786
14544	0	14515
21201	0	21165
23769	1	23770
13341	0	13281
15247	1	15255
20854	0	20842
17386	2	11682
18398	0	18391
12735	2	11365
17881	0	17843
12519	0	12504
22528	0	22518
20842	2	11515
24246	1	24295
23984	1	24022
20959	0	20842
11920	3	12812
20124	0	20080
14527	0	14515
13879	3	13875
21184	0	21165
19983	2	20058
15309	1	15464
21311	2	13363
23346	2	11864
23897	2	11401
20680	2	20675
18072	0	17786
22005	1	22096
18173	4	17786
21164	3	21118
13429	0	13281
20942	0	20842
17950	0	17786
11982	1	12194
13621	1	13705
11466	4	11416
20935	0	20913
12832	0	12827
20861	0	20905
12117	0	11984
17497	2	11364
19934	2	15242
16447	3	14511
23548	0	23526
20966	0	20905
22288	2	11365
17927	1	17934
19387	1	19386
11888	2	11887
11365	3	13003
15685	1	15707
20919	2	20990
11421	1	11420
11675	2	11518
12100	0	11984
11235	3	24125
20362	2	11550
11331	3	13027
18038	0	17786
16788	4	16507
19372	4	18631
16505	0	16504
12695	0	12504
23531	0	23526
21936	2	20768
22445	1	22444
23414	2	11519
15348	1	15580
20902	2	20990
18987	0	18746
23451	0	23414
13281	2	13619
13054	2	11514
20230	0	20215
12889	3	21552
13800	0	13801
18022	1	18021
13154	1	13193
20846	2	11367
13568	0	13549
14760	1	14759
23608	0	23606
23836	4	23837
23434	0	23414
21043	0	13050
16653	0	16507
23787	4	23784
19866	0	19689
14252	0	13801
22303	2	13060
11185	3	23600
16451	2	11365
20362	3	20365
21209	0	21163
23417	0	23414
18406	0	18389
24262	0	24226
11797	0	11761
20604	2	11394
23199	0	23178
13530	0	13379
21313	0	21311
18404	0	15072
20684	0	20636
19547	2	19672
11472	0	11412
21192	0	21163
12831	1	12855
15876	2	11663
18472	0	18391
16142	2	16213
20960	0	20911
14535	1	14570
24245	0	24226
11780	0	11761
22888	4	22630
21270	2	16116
11176	3	24125
21962	0	21936
11994	0	11985
15688	0	15674
20923	1	21018
18387	0	15072
24250	0	24221
11249	3	12933
18631	2	11187
20914	2	11608
18455	0	18391
19937	0	19689
11978	3	15697
13625	0	13281
21361	0	21309
18247	4	17786
18863	1	19144
24095	2	11900
11184	3	19916
15409	0	15266
11265	0	11251
24233	0	24221
22556	0	22564
11438	0	11412
23353	2	11585
22023	1	22114
18237	4	18125
18438	0	18391
20774	2	13799
24372	0	23652
13652	1	13735
18393	2	18389
15332	0	15263
15392	0	15266
12880	2	11365
21634	0	21600
16411	2	11237
12484	2	12487
18335	4	17786
23998	0	23985
23641	1	23640
12065	0	11985
19016	0	18746
14535	0	14452
17361	2	17352
21815	1	21925
24355	0	23652
21522	2	11514
16015	2	11393
15315	0	15263
20606	2	19675
17361	2	20735
12769	0	12504
24363	0	24345
12960	0	12878
15654	1	15653
18409	0	18389
19686	2	11245
16507	2	11395
15386	1	15539
21572	0	13416
20885	2	12542
14671	0	14669
18791	0	18746
12048	0	11985
11404	3	20728
14518	0	14452
16967	4	16507
20934	1	21024
21280	0	21270
15298	0	15263
19328	0	18631
12752	0	12504
24346	0	24345
22652	1	22755
12943	0	12878
18392	0	18389
14623	0	14452
22161	0	22147
16950	4	16507
20037	0	19983
12050	1	12248
14542	0	14515
24260	0	18347
12997	3	13018
12504	2	11390
18497	0	18389
19311	0	18631
19412	4	18631
17561	1	17618
19878	0	19689
11551	3	13877
14829	4	14452
11573	2	11759
20367	2	11334
11161	2	11232
19696	0	19686
17519	1	17524
13566	0	13281
18746	2	11173
12019	0	11983
13435	1	13455
17841	2	11872
23832	4	23830
21936	3	16214
19874	0	19869
23077	0	22630
11256	2	13063
11539	0	11531
12840	0	12504
24161	0	24209
18480	0	18389
14711	0	14452
14063	4	13801
16447	2	11358
15266	2	15575
20609	0	20605
17038	4	16507
20125	0	19983
12002	0	11983
15952	2	11391
11525	2	11336
16815	0	16507
19399	0	18631
18395	0	15070
23060	0	22630
15853	4	15812
19500	4	18631
13053	2	12545
11251	2	11324
22227	2	11618
19934	2	11351
23542	0	23524
19000	1	19280
19983	2	11979
18463	0	18389
20973	0	20915
14694	0	14452
17156	1	17154
20108	0	19983
22590	0	20711
16014	2	11600
19991	0	19981
13097	2	11613
17864	0	17843
23043	0	22630
16471	0	16451
22559	2	12608
23685	1	23727
16555	1	16554
20010	4	19983
23525	0	23524
20846	2	11664
17360	2	17353
12503	2	11678
20107	0	20080
13928	0	13801
20405	1	20586
12090	0	11983
14029	4	13801
12666	1	12671
20810	0	20774
17729	2	11673
17361	2	11554
16903	0	16507
19487	0	18631
18444	0	15072
20961	0	20910
21692	1	21701
24119	2	11618
20090	0	20080
15588	0	15266
15929	1	15940
15684	0	16411
16459	0	16446
11718	4	11412
22651	1	22756
20944	0	20910
20636	2	11394
23882	4	23818
22204	0	22203
13639	1	13721
13333	0	13051
17870	1	17902
19689	2	19913
18715	1	18714
14486	3	14510
20710	2	11177
19877	0	19869
20741	2	11394
17372	0	17365
24114	2	12481
17139	0	16507
14815	4	14452
20696	1	20708
11872	3	16316
16361	0	16330
22258	0	22230
18419	0	15072
20045	0	19981
20083	2	20173
18927	1	19207
19441	1	19440
20716	2	11404
20938	1	21007
16754	4	16507
11480	1	11496
12661	2	11240
15953	0	15952
22394	4	22392
18672	2	11173
24265	0	24221
20746	0	20741
18498	0	15072
20972	0	20916
14088	1	14087
12771	4	12504
16927	1	16926
20354	1	20359
13640	0	13281
16323	2	12823
17105	0	16507
11351	3	18382
20361	2	11249
15642	0	15266
11515	3	13047
13822	1	13859
16701	1	16700
20399	0	20367
20963	0	20906
14836	1	14835
24248	0	24221
20776	2	20775
16538	4	16507
20955	0	20916
17210	0	16507
14930	0	14915
12950	1	12968
11344	2	11402
13623	0	13281
20199	0	19983
22482	4	22392
11334	3	18382
24119	3	11522
16619	0	16507
11451	4	11412
16447	3	16499
11596	2	11604
20382	0	20367
13624	1	13708
14218	0	13801
13281	2	13379
14327	2	14448
11190	3	13048
20938	0	20916
23666	0	23651
17193	0	16507
20715	2	20731
14768	0	14452
14869	4	14452
11247	3	11542
18631	2	19323
23448	0	23415
15674	2	15715
21382	0	21311
20182	0	19983
16504	2	11179
22465	4	22392
11317	3	18382
22312	0	22230
18437	0	18390
23445	1	23498
12878	2	11354
11260	0	11256
13360	3	11366
23874	4	23743
12610	2	11240
18452	0	15070
24143	0	24119
17855	0	17841
20227	0	20216
17786	2	11518
11161	2	11179
21387	0	21306
17970	1	17969
11408	3	13038
11473	3	11522
23832	4	23777
23431	0	23415
17078	4	16507
18420	0	18390
16467	0	16444
17361	2	11367
16609	4	16507
23756	0	23743
20743	0	20712
24126	0	24119
19547	2	15110
16161	1	16230
14856	0	14452
22261	0	22254
12621	3	13038
23332	4	22630
13694	0	13281
23536	0	23415
20270	0	19983
12147	0	11983
11937	0	11929
24345	2	20675
11421	0	11412
21206	0	21164
20686	0	20680
20859	0	20841
13054	2	11408
20601	1	20619
18403	0	18390
14474	0	14475
12740	2	11364
14191	4	13801
17713	2	17727
17753	0	17713
24074	2	14739
23685	0	15717
12995	3	13007
20601	0	20367
21136	1	21147
16014	2	11547
17362	2	12481
20964	0	20841
19689	2	19726
15363	1	15516
14532	0	14514
21189	0	21164
19882	1	19929
24214	0	24119
11817	0	11764
15952	2	16010
13237	0	13214
11187	3	13019
21181	1	21231
15857	2	11331
17736	0	17713
13801	2	11900
17841	2	11364
23668	0	15717
15201	0	15053
17750	0	17729
23344	0	23350
11279	0	11252
20920	2	11394
11377	0	11344
23293	0	22630
20223	0	15053
12960	0	12504
18410	0	15070
21172	0	21164
14183	4	13801
18459	0	17361
20281	0	20216
21630	0	21564
20919	2	11919
11800	0	11764
16449	2	11517
21324	0	21304
11476	2	11364
15071	2	15109
12913	0	12893
14951	0	14919
13619	2	11523
17733	0	17729
11262	0	11252
12943	0	12504
20903	2	11394
17879	0	17843
22290	0	22288
22711	0	22630
24330	0	24227
21709	2	17709
11930	1	11955
21613	0	21564
20902	2	11919
11783	0	11764
20122	0	20080
23285	0	22630
21381	0	21312
15293	1	15448
21307	0	21304
16402	1	16407
17716	0	17729
13281	2	11903
23794	1	23793
11766	0	11764
16916	4	16507
21364	0	21312
15155	0	15051
23456	0	23413
23636	4	23622
21164	2	11555
19652	1	19664
15174	4	15053
13137	0	12733
24236	0	24224
22026	1	22117
15602	1	15601
21579	0	21564
14705	1	14755
18473	0	15053
16470	0	16447
22230	2	11589
21347	0	21312
18204	4	18060
20277	0	15053
23439	0	23413
13099	2	11320
23884	1	23885
20439	0	20367
17565	0	17548
18353	0	18349
11473	2	11514
16449	2	12940
16145	2	16144
21378	0	21304
22429	1	22428
18456	0	15053
16781	0	16507
16882	4	16507
15121	0	15051
18494	0	18390
17370	0	17365
15072	2	14469
19733	0	19689
17466	2	13274
20422	0	20367
21522	2	11758
19640	4	19583
19641	4	19587
15226	0	15051
21318	0	21310
18439	0	15053
16764	0	16507
22630	2	22838
23986	3	11340
23925	0	23897
13549	2	11188
18477	0	18390
21270	2	11367
12443	0	11985
21269	2	11336
15072	3	18612
12732	2	11187
20744	1	20757
22595	0	22560
23352	0	23348
14914	2	11553
16747	0	16507
18460	0	18390
12632	1	12650
11808	0	11762
18431	0	15053
16255	1	16305
18680	4	18631
17131	1	17130
17331	1	17338
11510	3	21562
20058	2	20069
12435	0	11985
20967	0	20921
22718	1	22822
13528	0	13379
18443	0	18390
21523	0	21470
21178	1	21228
20807	0	20775
20612	0	20608
21389	0	21310
20958	0	20911
20604	2	14484
13469	1	13480
22886	4	22630
13619	2	11336
17870	0	17841
12418	0	11985
19983	2	11873
20950	0	20921
21960	0	21936
23678	0	23656
14925	0	14920
19787	0	19689
19003	1	19283
15686	0	15674
12486	0	12496
18667	0	18631
19517	1	19516
11326	3	20722
22630	2	14462
20087	0	20081
21506	0	21470
15864	0	15857
22029	1	22120
21985	1	22076
20933	0	20921
23661	0	23656
24209	2	17495
14164	1	14163
11993	0	11981
13372	0	13368
17003	1	17002
12611	1	12614
20888	0	20846
23608	1	23618
16777	1	16776
14939	0	14912
19689	2	11513
11621	2	11364
18633	0	18631
20093	0	20083
23325	0	22630
20380	1	20490
21774	0	21718
22138	3	22141
17532	3	17529
12892	2	12941
23186	0	23178
15768	4	15719
19701	0	19685
11179	3	21267
11251	3	11338
13529	1	13539
13801	3	13896
19869	2	11357
22645	1	22749
20854	0	20846
21757	0	21718
11282	0	11257
18485	0	18388
12003	1	12210
20846	2	20902
18643	0	11256
20959	0	20846
18215	4	18109
22944	0	22630
16649	1	16648
13134	1	13173
21740	0	21718
24166	0	17361
23897	2	11405
20910	2	11979
15951	1	15960
11345	1	11348
19983	2	11552
20942	0	20846
12504	3	13012
17869	0	17842
24268	0	24224
22586	0	22558
20935	0	20917
20861	0	20909
16014	2	11173
22840	1	22841
11324	3	20673
13395	3	20726
19309	2	11903
20112	0	20079
12880	2	11556
13825	1	13862
18993	1	19274
20966	0	20909
24251	0	24224
11365	3	13007
17149	1	17148
22502	4	11256
23686	0	23654
15721	0	15719
19983	2	20196
11331	3	13031
20095	0	20079
20393	1	20585
22232	0	22228
12423	1	12449
17436	2	11516
16464	0	16445
18417	0	18391
14333	0	14322
12944	1	12961
20906	2	11365
23669	0	23654
21936	2	11323
20266	1	20333
15938	0	15857
20605	2	11678
24008	1	24044
23451	0	23418
12878	2	11248
17225	1	17224
20606	2	14739
18400	0	18391
23743	2	11240
11186	3	24066
12088	0	11983
15921	0	15857
14529	0	14515
23434	0	23418
20710	3	13045
23787	4	23788
23539	0	13619
23613	0	23605
17666	2	17681
20919	2	11679
23694	0	17712
18707	0	18631
15878	1	15887
23539	0	23418
23745	4	23822
21813	1	21933
17486	2	11175
23353	2	23348
21209	0	21167
15904	0	15857
23417	0	23418
16447	2	11549
18406	0	18393
14477	0	14478
18699	1	18698
21134	0	21128
18812	0	18631
20907	2	11324
12087	1	12281
20902	2	11679
11551	3	22123
21192	0	21167
11336	3	18613
12159	0	11983
20960	0	20915
18162	0	17786
22301	2	11239
18795	0	18631
20741	2	14484
14340	1	14380
21033	0	20846
22230	2	22303
24250	0	24225
16258	0	16243
20405	0	20367
21064	0	21063
20249	0	20215
21140	0	21130
17585	1	17642
15951	0	15952
12121	0	11981
18778	0	18631
19547	2	11516
13882	3	23600
15977	1	15995
23908	0	23897
18442	0	18389
15858	0	15855
24233	0	24225
19983	2	11365
14696	1	14730
20232	0	20215
24221	2	11515
20615	0	20603
16056	0	15952
11613	3	13041
11933	1	11958
18432	1	18543
23224	1	23271
20734	3	13036
22562	2	11400
15296	1	15451
20780	0	20774
12878	2	11866
18425	0	18389
20857	0	20902
18199	4	18333
12113	0	11981
12521	0	12503
11533	1	11570
16039	0	15952
21528	0	21522
12484	2	12491
21375	0	21305
15397	0	15265
13124	2	11396
11991	0	11981
22204	1	22215
21522	2	11518
24210	2	11188
23884	0	23743
13332	2	13059
20962	0	20902
23459	0	23416
17923	1	17931
18408	0	18389
12096	0	11981
23371	3	13460
11757	0	11412
16063	0	16015
16535	1	16534
21718	2	11681
11355	3	16515
20092	1	20133
19646	1	19657
23442	0	23416
11322	3	24117
13054	2	11331
21346	0	21303
13395	3	20673
23986	3	12389
15715	2	11364
12079	0	11981
11740	0	11412
16046	0	16015
16504	2	11236
12037	1	12240
17502	3	15699
22326	0	22303
12504	2	11394
18497	0	18393
17373	0	17368
11161	2	11236
11805	0	11763
12036	0	11984
14992	0	14986
13627	0	13281
21329	0	21303
14240	1	14239
24475	0	24227
13055	2	11517
16412	2	11550
11508	3	18382
18480	0	18393
22149	0	22146
12504	2	12683
11788	0	11763
12910	1	12932
21386	0	21311
19684	0	19685
11927	2	11240
18463	0	18393
12635	1	12653
18337	4	17786
23291	0	22630
21130	3	19325
11256	2	11323
21369	0	21311
13565	1	13583
22630	3	15736
18347	2	11520
11251	2	11678
20752	0	20739
18468	0	18388
17864	0	17847
18037	1	18035
15874	2	15889
14531	1	14567
22721	1	22825
12626	1	12643
12802	2	12384
17252	4	16507
13065	3	22123
11547	3	12475
13698	0	13281
20920	2	14484
17856	1	17914
15422	0	15263
13223	1	13255
15857	2	11388
18751	1	19032
11663	3	17327
16907	1	16906
19626	3	21562
18451	0	18388
20961	0	20914
20948	0	20902
14936	0	14913
11376	0	11370
20195	2	11516
18324	0	17786
12997	2	11187
13681	0	13281
22147	3	13048
14816	1	14815
20903	2	14484
20083	2	11183
15405	0	15263
20646	0	20633
16459	0	16450
15323	0	15265
18434	0	18388
20944	0	20914
16178	0	16145
20050	2	11588
21340	0	21306
12587	0	12570
15141	1	15140
15388	0	15263
22230	2	22250
23585	2	13882
17935	0	17847
18346	0	18343
12170	0	11981
23425	1	23478
19686	2	19922
17357	2	17349
18290	0	17786
16144	3	11340
17531	3	15699
14484	3	21552
16170	0	16145
11331	3	13007
13660	0	13619
20083	2	20177
18932	0	18631
15120	1	15128
14696	0	14452
12153	0	11981
21767	1	21875
12900	0	12893
19558	0	19547
20732	3	15699
17804	0	17786
22583	0	22559
13532	1	13542
16153	0	16145
22648	1	22752
13643	0	13619
20972	0	20920
14153	4	13801
14547	1	14579
13694	1	13777
18915	0	18631
14031	4	13801
19489	0	18631
20216	2	11365
19874	0	19686
11679	3	20722
11179	3	13001
13619	2	16386
13626	0	13619
20955	0	20920
15086	0	15071
23175	2	11679
11190	3	21562
24227	2	13363
18898	0	18631
11344	2	11406
17471	1	17477
13555	1	13574
16449	3	14511
20362	2	11664
20845	0	20844
22133	2	11355
24159	0	24119
14708	1	14735
18735	1	18742
22664	0	22630
21129	2	21155
20938	0	20920
15069	0	15071
14018	0	13801
23416	2	15108
11713	1	11711
15214	4	15051
20951	0	20905
11255	1	11284
12878	2	11358
20943	0	20915
13828	1	13865
20904	2	20990
12610	2	11244
18347	2	11333
18996	1	19277
18986	0	18631
20610	0	20608
11983	2	11179
22392	2	13882
21387	0	21310
19612	0	19547
12426	1	12452
17436	3	17462
21073	0	21060
20926	0	20915
18128	0	17786
12507	1	12547
12950	0	12881
12849	1	12872
12682	3	13038
11256	3	11337
18344	2	15896
13286	0	13281
18807	0	18746
23774	1	23773
19969	1	19974
13165	0	13133
11367	3	24067
22230	2	11325
14327	3	14407
20691	0	20679
13383	0	13527
18013	4	17786
17976	1	17975
16761	1	16760
23989	1	24025
17665	2	11323
22994	1	23087
11888	2	11330
20081	2	11618
21532	1	21543
13469	0	13470
18837	1	19117
15952	2	16014
16523	2	11550
11187	3	13023
18118	4	17786
18644	1	18662
15280	0	15266
22484	4	22392
23873	1	23872
18464	1	18572
11983	2	11663
24473	0	24227
20363	3	17836
21272	2	16116
17874	0	17841
14220	0	13801
17362	2	11330
16179	0	16144
14341	0	14326
13998	1	13997
21137	0	21131
16837	1	16836
11684	3	15700
18101	4	17786
21324	0	21308
15071	2	15113
19310	0	18631
22586	0	15715
21177	0	21163
14951	0	14923
16209	3	20728
17979	4	17786
24230	0	24226
19869	2	19924
22230	2	11459
21798	1	21905
19547	2	12565
22588	1	22619
15673	0	15674
20846	2	19670
13051	2	13067
12622	3	17323
12045	0	11984
23691	0	23653
24209	3	11522
21307	0	21308
16709	0	16507
22237	0	22227
21936	2	16023
18914	1	19194
13340	0	13281
20853	0	20842
20252	0	20218
18272	1	18271
12518	0	12504
14858	0	14452
11281	1	11310
24073	2	11588
12028	0	11984
11250	0	11251
17966	0	17786
23541	0	23524
21636	0	21600
20959	0	20903
13878	3	13875
16510	0	16504
21310	2	13363
14291	0	13801
12623	0	12504
17410	4	17386
12848	0	12827
13822	0	13801
22147	2	11184
11245	3	14506
20235	0	20218
20618	0	20606
16507	2	11509
18435	1	18546
12011	0	11984
16470	0	16451
11358	3	17323
13075	0	12504
21619	0	21600
12734	2	11903
20942	0	20903
12504	3	13069
12831	0	12827
20917	2	19670
21167	2	21272
13097	2	11243
21378	0	21308
21685	3	16214
18358	0	18348
20283	0	20216
21632	0	21564
18303	4	17786
20250	1	20317
21600	2	11365
11799	1	11847
17361	2	11184
14896	4	14824
17209	1	17208
20361	2	11550
12099	0	11984
11984	2	11403
22292	0	22288
19649	1	19660
16983	1	16982
15906	1	15918
20610	1	20622
23986	2	11873
20911	2	17483
21615	0	21564
12893	3	12933
20363	2	12567
12674	3	15699
15072	3	18616
19637	4	19603
19596	1	19595
22595	0	22564
22435	1	22434
22914	0	22630
14470	0	14472
11887	2	11318
11257	2	11336
11665	2	11666
20784	1	20793
16187	0	16142
24020	1	24055
18168	0	17786
23357	0	23347
21556	2	11872
21332	0	21306
15354	0	15266
11622	0	11623
23178	3	11340
19867	2	11365
24238	0	24224
13233	0	13211
20910	2	11365
15350	1	15503
11365	3	19964
13671	1	13754
15337	0	15266
18448	0	18389
20958	0	20915
13216	0	13211
16905	0	16507
23928	1	23965
18954	1	19234
19367	0	18631
20683	0	20636
15320	0	15266
17569	1	17626
22724	1	22828
21377	0	21309
11993	0	11985
18944	0	18746
21278	0	21167
18754	1	19035
22864	1	22865
17847	2	11398
14454	1	14458
15303	0	15266
23692	0	23652
14939	0	14916
13997	4	13801
11872	3	13047
15631	4	15266
21360	0	21309
16871	0	16507
18404	0	17361
19455	0	18631
18927	0	18746
24142	0	24119
11571	0	11572
15408	0	15266
16507	2	11322
17511	0	17466
20081	2	13793
20649	0	20636
23377	0	23371
11621	3	11189
13102	0	13099
23675	0	23652
14551	0	14452
24371	0	23652
18387	0	17361
11190	3	13028
13565	0	13551
12750	1	12749
24081	0	24075
14927	0	14911
17496	3	24066
18502	0	18389
19340	4	18631
22430	4	11256
13494	0	13281
16959	0	16507
12064	0	11985
14534	0	14452
24354	0	23652
20846	2	20906
13801	2	11396
18500	0	15072
11161	2	11159
14565	0	14669
19421	0	18631
20049	4	19983
14598	1	14614
11394	3	24125
14910	0	14911
24094	1	24103
15083	0	15072
11526	2	11519
13477	0	13281
14483	3	18382
20053	0	19983
20880	2	11238
21215	0	21165
18483	0	15072
11630	0	11621
19983	2	11556
12756	4	12504
11198	0	11161
15671	1	15690
22586	0	22562
12504	3	13016
20605	2	11548
12751	0	12504
17360	2	12608
15858	1	15867
14550	1	14582
16449	3	16499
20112	0	20083
24158	1	24198
20909	2	15110
21283	0	21272
20973	0	20842
15876	2	11403
20020	4	19981
12638	0	12504
17361	3	13046
19703	1	19722
22971	0	22630
20966	0	20913
14950	0	14919
19695	0	19686
24073	2	17496
11356	3	14506
20095	0	20083
20971	0	20908
24256	0	24223
18030	1	18029
20675	3	22121
15845	0	15812
22258	1	22275
20019	0	19983
21070	0	21061
11538	0	11531
24160	0	24209
12504	2	12740
13548	0	13281
16913	1	16912
20954	0	20908
16518	2	16011
24239	0	24223
17309	0	16504
23348	2	11680
19986	4	19981
23674	0	23653
18201	4	18329
11939	0	11929
20570	3	17529
18645	0	11256
16452	0	16444
12504	2	11585
16709	1	16708
20937	0	20908
24222	0	24223
23532	1	23560
18990	1	19270
21782	0	21720
14800	1	14799
11676	3	13047
17168	4	16507
11573	2	11365
13110	0	13097
19309	2	13330
13796	2	11238
20438	0	20367
18628	0	11256
21972	1	22063
17413	1	17412
17361	2	11615
12692	0	12504
23431	1	23484
21765	0	21720
20604	2	11402
12073	1	12269
17368	2	11523
23829	0	23743
16682	4	16507
18200	4	18049
23416	2	11514
20421	0	20367
16447	2	11903
24264	1	24312
17786	3	14596
16560	4	16507
20903	2	11508
22303	2	11324
18426	0	15072
14807	0	14452
20116	1	20157
20775	2	11246
18840	1	19120
20635	2	11394
20907	2	11678
11256	2	11514
17033	0	16507
17134	4	16507
18647	1	18665
18444	0	17361
20850	0	20843
18491	0	15070
16264	0	16145
14540	1	14573
20904	2	11919
23459	1	23511
11811	0	11761
14891	4	14805
12898	0	12893
11526	3	11557
12121	0	11985
15053	2	12876
11345	0	11344
20710	2	11588
20956	0	20904
16547	0	16507
11245	3	24065
16648	4	16507
24081	1	24089
24165	0	24119
14146	0	13801
17483	3	22123
20059	0	20058
23351	2	11680
17059	1	17058
15663	4	15266
17222	4	16507
11613	3	13045
20686	1	20698
14797	4	14452
11270	0	11254
13214	2	11358
13052	2	11679
20110	0	19983
18401	0	15072
24264	0	24221
16530	0	16507
22511	1	22510
11527	2	11518
11552	3	14506
20857	0	20906
12804	2	11683
12113	0	11985
22630	2	11864
21375	0	21309
20032	1	20033
16130	0	16119
20962	0	20906
24247	0	24221
14789	4	14452
21380	0	21304
12058	1	12256
12733	3	12742
22457	0	11256
24385	0	24345
12096	0	11985
11947	0	11927
23607	0	23612
23424	0	23413
20262	0	15053
19983	2	20363
14554	0	14514
15142	4	15053
18498	0	17361
24119	2	11358
13425	0	13416
23665	0	23651
17328	1	17334
22558	3	11189
12079	0	11985
11930	0	11927
20775	2	11514
23447	0	23415
20181	0	19983
21272	2	11367
18396	0	18388
14104	0	13801
15715	3	11189
20226	0	20216
20775	2	11864
20253	1	20320
14685	0	14669
24076	2	15108
19021	1	19300
24267	1	24315
15230	4	15053
14476	3	13048
24406	1	24470
20710	2	20716
23430	0	23415
24360	0	24345
22260	0	22254
17960	1	17959
18910	0	18746
23178	3	12389
22289	2	16023
15718	1	15732
14668	0	14669
17368	2	11336
11370	2	11388
19639	4	19575
11529	2	11514
19684	0	19689
11793	0	11762
22883	1	22882
21602	1	21644
23195	0	23179
12523	0	12503
24343	0	24345
17512	0	17503
12906	0	12891
11234	3	21551
23684	0	15717
23314	4	22630
22477	0	22392
11256	2	11327
11514	3	18613
18467	0	18388
20964	0	20902
17272	0	17261
23631	1	23630
20478	0	20367
11872	3	20728
16271	1	16297
11776	0	11762
12074	1	12268
13236	0	13214
24075	2	24071
12506	0	12503
18907	1	19188
23196	0	22630
23667	0	15717
15353	1	15506
22460	0	22392
13674	1	13757
11985	2	12387
21624	0	21599
22392	2	11979
19772	0	19689
23074	0	22630
12504	2	12821
23689	0	23653
17442	0	17438
13219	0	13214
19983	2	11182
11261	0	11252
20918	0	20921
22560	2	20349
19755	0	19689
17572	1	17629
18428	1	18540
22727	1	22831
21340	0	21310
24114	2	11550
16810	4	16507
12570	2	11331
18757	1	19038
20949	0	20913
22230	2	22254
15070	2	15099
18346	0	18347
20078	0	20083
23994	0	23986
21167	2	13274
19686	2	19926
17357	2	17353
12474	0	11985
20932	0	20913
19983	2	20176
11331	3	13011
18106	1	18105
20021	0	20051
15070	2	16388
14672	1	14743
16802	4	16507
11381	3	24408
14327	2	14322
23976	1	23982
20681	2	13274
12661	2	11248
22201	2	11864
18470	0	18388
21128	2	11323
13099	2	11381
15592	1	15591
12436	0	11983
13161	0	12504
22588	0	22558
14128	1	14127
11245	3	13408
15984	0	15952
22289	2	11514
17848	0	17786
18453	0	18388
20846	2	11351
12665	0	12661
17369	0	17365
11179	3	13005
13619	2	16390
19692	0	19687
13055	2	11334
13281	2	11509
23018	1	23111
11574	1	11581
19580	1	19579
23175	2	11683
14488	3	14505
15051	2	11758
21063	2	11331
22571	0	22558
16447	2	11179
16141	0	16144
12428	0	11983
24157	0	24210
18187	4	18279
21748	0	21720
15674	2	11401
19685	2	15108
17241	0	16507
24114	3	19964
19937	1	19949
16357	0	13619
15343	1	15497
21129	2	21159
11412	2	11517
19934	2	13616
18696	4	18631
17008	1	17005
18204	4	18255
20633	2	11517
20846	2	16023
23631	0	23622
20951	0	20909
13058	3	20722
16504	2	11187
11334	3	22123
20943	0	20919
19962	3	19961
21731	0	21720
18459	0	18390
23697	0	23651
16340	0	13619
12519	1	12553
21638	1	21680
11365	3	15699
19765	1	19825
11317	3	22123
21976	0	21936
20926	0	20919
23680	0	23651
13552	1	13570
20806	0	20775
20712	3	13045
21337	1	21415
22582	0	11251
11391	3	13046
20957	0	20911
21959	0	21936
20636	3	13130
20739	2	13396
20086	0	20081
20913	2	11336
11452	0	11412
20735	3	13047
16455	0	16447
20608	2	11682
22565	0	11251
20911	2	11608
20940	0	20911
24239	1	24288
15629	4	15266
19507	1	19506
21942	0	21936
11368	1	11379
24075	2	11186
15249	0	15053
19648	0	19547
20284	0	19983
21936	3	22130
20885	2	11237
11435	0	11412
20847	0	20844
21975	1	22066
16023	3	22121
23434	1	23487
16145	2	13790
14154	1	14153
21131	2	21155
22564	2	22560
19017	0	19309
16357	0	16331
11540	0	11412
23533	0	23415
14520	0	14517
21177	0	21167
15115	3	14407
23416	2	11408
20198	0	20195
21560	0	21555
23751	4	23743
21573	1	21586
19869	2	19928
24119	2	11923
12062	0	11985
20119	1	20160
15268	0	15265
18142	1	18141
22562	2	11514
16340	0	16331
16069	1	16097
15215	0	15053
20935	0	20844
11761	2	11237
19614	0	19547
24068	3	24065
16149	0	16142
20853	0	20846
22161	0	15715
21756	0	21718
14543	1	14576
14355	0	14322
22459	1	22458
19883	0	19689
11685	2	11520
18763	0	18631
12997	3	13002
16411	2	13799
21312	2	13274
12789	1	12788
23887	2	11240
13124	2	11510
11511	3	13048
18462	0	18393
20959	0	20907
12570	2	12567
21739	0	21718
13053	2	11240
20912	2	20992
21508	2	11391
22561	2	11237
16417	0	16411
20689	1	20701
16446	2	11517
17361	2	11404
17261	2	11584
19983	2	11613
18445	0	18393
20942	0	20907
14299	1	14319
20083	2	11618
23662	0	23652
11681	3	13046
11251	2	17724
15051	2	13799
20947	0	20902
23444	0	23416
21378	0	21312
20223	0	20217
17363	3	16214
16181	0	16144
12995	3	13044
17035	4	16507
11999	0	11983
12702	1	12723
18103	4	17786
23057	0	22630
20930	0	20902
23427	0	23416
18416	0	18391
17366	2	11183
12104	0	11983
11982	0	11983
11240	3	18382
18086	4	17786
23040	0	22630
13342	0	13281
14359	1	14399
12169	0	11981
18399	0	18391
12736	2	11365
12087	0	11983
12903	0	12892
20256	1	20323
17474	0	17467
23357	0	23351
20960	0	20842
19685	2	19727
15920	0	15857
21185	0	21165
23433	0	23418
24255	0	24225
22320	1	22346
23461	0	23526
12152	0	11981
18833	1	19114
22160	0	22143
18355	0	18344
12683	3	23600
12070	0	11983
21993	1	22084
21522	3	12475
11275	0	11253
23452	1	23505
15315	1	15470
14185	1	14183
18448	0	18393
12953	1	12971
20277	0	20217
12833	0	12827
21133	0	21128
23415	2	11190
17548	2	11670
12053	0	11983
21320	0	21305
17515	0	17506
18694	4	18631
18056	0	17786
13474	1	13483
11698	4	11412
11258	0	11253
22286	0	22289
20635	2	14484
23549	0	23526
15103	3	18382
11519	3	13046
16420	0	16414
22303	2	11381
23662	1	23741
21385	0	21303
20118	0	20081
23932	0	23887
11367	3	12475
15624	1	15623
21339	0	21167
15356	1	15509
21785	1	21892
17043	1	17042
24076	2	11514
11613	3	20673
12804	2	12545
21813	0	21718
23692	0	23656
11685	2	11683
21368	0	21303
18681	0	18631
21520	0	21470
20101	0	20081
11336	3	19963
17716	1	17721
15308	0	15265
16504	3	16515
21322	0	21167
20025	0	19981
23452	0	23414
16470	1	16493
12504	2	13065
17729	2	11336
17359	2	17349
15038	4	14986
22287	3	12394
17575	1	17632
23675	0	23656
20614	0	20603
17348	2	11390
15413	0	15265
22561	2	11400
15952	2	11188
12007	0	11981
21359	1	21467
13281	2	13363
11190	3	13032
21805	0	21718
23435	0	23414
20952	0	20916
20635	2	11585
17207	0	16507
14927	0	14915
19869	2	11365
18502	0	18393
16446	2	12619
23217	0	23178
22564	2	11903
11764	2	11323
20214	0	20215
17468	2	12823
19677	2	11516
22326	0	22230
11331	3	18382
21189	1	21239
20363	3	20365
14362	1	14402
20716	3	13036
15396	0	15265
21374	0	21305
12504	2	11321
20846	2	20910
21788	0	21718
23663	0	23651
11249	3	16515
14910	0	14915
18258	0	17786
23200	0	23178
19014	1	19294
17517	0	17502
15004	4	14986
17789	0	17786
11314	3	18382
18970	1	19250
17446	1	17457
15379	0	15265
20880	2	11242
12562	2	11390
12504	2	12610
11582	3	23599
17816	1	17833
22302	0	22301
17696	0	17689
22138	2	11670
18473	0	18391
12504	3	13020
21771	0	21718
11781	0	11761
24390	1	24454
23183	0	23178
20714	0	20715
11597	2	11547
22591	0	22561
20973	0	20846
15952	2	11672
23371	2	11175
22159	0	15715
17386	2	11239
18456	0	18391
21323	0	21308
21754	0	21718
14950	0	14923
20712	3	20726
16330	2	16387
14991	0	14986
11903	3	13877
18248	4	17786
13051	2	11408
20971	0	20912
22574	0	22561
24256	0	24227
20216	2	11613
18988	0	18631
11187	3	13003
14350	0	14327
17750	0	17713
18439	0	18391
20888	0	20883
15346	1	15500
20803	0	20776
20961	0	20841
14230	1	14229
21186	0	21164
21936	2	11331
16445	2	11331
24164	1	24204
20954	0	20912
24239	0	24227
18971	0	18631
12881	2	11365
23674	0	23657
17733	0	17713
13332	2	11510
15198	0	15053
23999	0	23985
18809	0	18746
20944	0	20841
24084	1	24092
24344	0	24227
15316	0	15263
21641	1	21683
15719	2	15112
20937	0	20912
16210	3	13040
24222	0	24227
11508	3	20671
17391	0	17385
17604	0	17548
11473	2	11364
14641	0	14452
23652	2	20675
17716	0	17713
12733	2	11903
18792	0	18746
15165	4	15051
11369	2	19675
13150	0	13133
24327	0	24227
16411	2	11331
13595	1	13605
23204	1	23252
22711	1	22815
15717	2	15734
12753	0	12504
12504	2	12878
16016	1	16019
17587	0	17548
18897	0	18746
20057	1	20061
23351	2	11550
20712	2	13064
22593	0	22557
18775	0	18746
21285	0	21272
23416	2	11518
22588	0	15715
19697	0	19686
14806	1	14805
18880	0	18746
17843	2	11903
21208	0	21269
22576	0	22557
18758	0	18746
22171	0	22144
12841	0	12504
17712	2	17723
15051	2	11331
23178	2	11365
14910	1	14953
22571	0	15715
18863	0	18746
20855	0	20842
11365	3	13044
11526	2	11336
24398	0	24227
16925	1	16923
13926	1	13965
18631	2	11549
13334	1	13348
17562	0	17548
18069	4	17786
11376	1	11386
15118	0	15051
18728	1	18740
24264	0	24225
20857	0	20910
23696	1	23738
11518	3	21552
20811	0	20774
18349	2	18343
12737	2	11402
23922	0	23897
23837	1	23836
20962	0	20910
17848	0	17843
24247	0	24225
11678	3	20722
21380	0	21308
24226	2	13363
21167	2	12876
15206	0	15051
14947	1	14977
20091	0	20080
20967	0	20905
20696	0	20682
20794	0	20774
16460	0	16446
23905	0	23897
23585	2	11394
20920	2	20990
12495	0	12490
18428	0	15072
12571	1	12590
18900	1	19180
18887	1	19168
13698	1	13781
23345	2	11331
19680	2	11356
21163	2	11551
15031	0	14986
17506	2	11330
20950	0	20905
16667	4	16507
17500	2	17495
12574	0	12504
16443	0	16446
16266	0	16145
20903	2	20990
17791	1	17790
12084	0	11984
23585	2	12683
18249	1	18247
11983	2	11240
14899	4	14831
20217	2	11238
20712	2	11588
11367	3	13040
14987	1	14985
16650	4	16507
18393	3	13044
18986	1	19267
18391	3	18614
14148	0	13801
12067	0	11984
20196	3	13366
18343	2	15896
11530	2	11185
16172	0	16142
11370	2	11392
20274	0	20218
11529	2	11518
18362	1	18381
23416	2	11331
23347	2	11543
13281	2	12989
12050	0	11984
12895	2	11903
21317	0	21306
12906	0	12895
22848	1	22849
20079	2	11237
15069	1	15087
16637	0	16507
24227	2	20674
16738	4	16507
23764	1	23763
11317	3	24408
14236	0	13801
12155	0	11984
20257	0	20218
22163	0	22146
20013	1	20012
13801	3	13880
12878	2	11903
20200	0	19983
20103	1	20144
20245	0	20216
11394	3	20722
12956	1	12974
12138	0	11984
11520	3	14506
16145	2	11403
16507	3	17323
18187	4	18015
23388	1	23408
20183	0	19983
13477	1	13486
11261	0	11256
20228	0	20216
14202	0	13801
20611	0	20604
21388	0	21306
21709	2	11358
19025	0	18746
21186	0	16118
17264	1	17281
20949	0	20917
20907	2	11979
13500	1	13518
20884	2	11367
24072	2	11588
21371	0	21306
15393	0	15266
20435	1	20535
19008	0	18746
17866	0	17842
20634	0	20636
19677	2	12565
11323	3	22121
18422	0	18391
13393	3	16316
20932	0	20917
11693	1	11692
11331	3	13015
17362	2	17352
20109	0	20079
12695	1	12717
11680	3	21552
15376	0	15266
14327	2	14326
13691	0	13619
21163	2	11364
19983	2	11670
23683	0	23654
12504	3	13130
19000	0	18746
20636	2	13395
14620	4	14452
13238	0	13214
20092	0	20079
24328	1	24334
24227	2	24325
11887	2	11245
16846	4	16507
22588	0	22562
21192	1	21242
15359	0	15266
12944	0	12878
14921	1	14954
13674	0	13619
19774	0	19689
20888	1	20895
20919	2	20173
11801	0	11764
12141	0	11984
18983	0	18746
13221	0	13214
24261	0	18347
16450	2	11517
23991	1	24028
21325	0	21304
14488	3	14509
19531	1	19530
22571	0	22562
18973	1	19253
16359	1	16384
21061	2	11607
19870	2	19920
17548	2	11243
13657	0	13619
17366	2	11240
20902	2	20173
21999	1	22090
21614	0	21564
17843	2	11179
11784	0	11764
12015	0	11985
20958	0	20842
14485	0	14452
11412	2	11521
24244	0	18347
24393	1	24457
24162	0	24209
22594	0	22564
20951	0	20913
19396	4	18631
14134	1	14133
22695	0	22630
19962	3	19965
18631	2	18746
12804	2	11179
21163	3	21118
23416	3	11904
15238	1	15241
24145	0	24209
20031	1	20030
22577	0	22564
18166	1	18165
13533	0	13281
22591	0	20711
22230	2	22287
17847	2	11325
23547	0	23526
16446	3	14511
16900	4	16507
19987	0	19983
23044	0	22630
11675	2	11185
11548	3	22123
22287	2	11365
21555	2	11677
11981	2	12384
21747	1	21854
18192	4	18029
18447	0	18389
20957	0	20915
21130	2	11323
15608	1	15607
17362	2	11554
16450	2	12940
14556	0	14452
22574	0	20711
13661	1	13744
22201	2	11547
21163	3	13897
16782	0	16507
23027	0	22630
19687	2	15099
17684	2	11184
16455	0	16451
15820	4	15812
23413	2	11519
19994	4	19983
11613	3	13025
18430	0	18389
20940	0	20915
24114	2	11367
18016	1	18015
22951	1	22940
18391	3	11340
18142	0	17786
16988	4	16507
21710	0	21688
19349	0	18631
13598	1	13608
16528	2	11553
17786	2	17841
14487	3	14510
23019	0	22630
11572	2	11582
20777	0	20774
21693	0	21688
14563	0	14515
19332	0	18631
15076	0	15070
12040	0	11983
11369	2	11409
18357	0	24227
15952	2	11245
21208	0	21163
21211	0	21272
22579	0	22560
15252	0	15115
18405	0	18389
22593	1	22622
22555	2	11589
20603	2	11394
14355	0	14326
11919	3	13045
22289	2	11331
12997	3	13006
14997	0	14986
21276	0	21270
21191	0	21163
22146	2	11356
11978	3	17458
14360	0	14321
21720	2	11177
13929	1	13968
11272	0	11251
13337	1	13351
13051	2	11331
20846	2	11518
15687	0	15674
24250	1	24298
17368	2	17382
12020	1	12224
11281	0	11251
11599	3	21562
21174	0	21163
17689	2	17705
14343	0	14321
19936	0	19689
23005	1	23098
22288	2	22388
17089	0	16507
23662	0	23656
19926	3	19916
12878	2	11179
15626	0	15266
15070	2	20072
19630	4	19548
18500	0	17361
19023	0	18746
13102	1	13115
11264	0	11251
20947	0	20906
24232	0	24221
22630	2	11173
11582	3	21562
23770	4	23743
20973	0	20903
20939	0	20916
17713	2	11352
12995	3	13048
17419	0	17386
13836	0	13801
12504	2	11512
12515	1	12550
12177	0	11985
21383	0	21311
14483	3	20671
21579	0	13416
17351	2	11316
21634	1	21677
18483	0	17361
23178	3	14597
20930	0	20906
21069	0	21061
20922	0	20916
15380	1	15533
14853	4	14452
17055	0	16507
21765	1	21872
21366	0	21311
18457	0	15072
15181	1	15180
22569	1	22602
23858	4	23743
19870	2	11357
12169	0	11985
20794	1	20839
21127	0	21130
13695	0	13281
14283	1	14303
11476	2	11405
22475	1	22474
22630	2	11307
18631	3	11189
20687	0	20680
21349	0	21311
18404	0	18390
20960	0	20846
22945	0	22630
11373	0	11370
22513	0	11256
12152	0	11985
16212	3	16208
21741	0	21718
18355	0	18348
13678	0	13281
15584	0	15266
17143	0	16507
12570	2	11311
19890	0	19869
20080	2	11183
15402	0	15263
20643	0	20633
22262	0	22230
18387	0	18390
18360	0	18343
15672	2	11394
16576	4	16507
23824	4	23743
16204	3	19965
16655	1	16654
19689	2	11391
18402	0	15070
16175	0	16145
14337	0	14327
13619	2	13792
12584	0	12570
13661	0	13281
24150	0	17361
21320	0	21309
18411	0	15070
19516	4	18631
21173	0	21164
11867	3	22294
12839	0	12504
23612	3	12394
14710	0	14452
14320	0	14327
14293	0	14280
12732	2	11683
23282	4	22630
14986	2	11390
11515	3	21545
13644	0	13281
12944	0	12504
21303	2	11556
13052	2	12545
18394	0	15070
20972	0	20904
20081	2	11923
20776	3	11189
20106	1	20147
14045	4	13801
21750	1	21859
24102	0	24095
19503	0	18631
15168	0	15053
20846	2	11331
17362	3	19966
20955	0	20904
13640	0	13619
24213	1	24218
18426	0	17361
22460	1	22461
23350	2	11680
17359	2	17353
15684	0	22144
11529	3	11559
21365	0	21312
14709	1	14750
21936	2	17483
11369	2	11356
12007	0	11985
15151	0	15053
12910	0	12504
22678	0	22630
11190	3	13036
20938	0	20904
12577	1	12596
21099	1	21111
13623	0	13619
24112	2	11356
20952	0	20920
14133	4	13801
23435	0	23418
14927	0	14919
21050	1	21058
14210	1	14209
17049	1	17048
16507	2	12619
20089	0	20080
21564	2	11313
17425	2	11316
15136	1	15134
20278	0	15053
21374	0	21309
12504	2	11325
23695	0	17712
20931	1	20975
23440	0	23413
13801	2	11404
14286	1	14306
22661	0	22630
13979	1	13985
18354	0	18349
16323	2	16328
11764	2	11677
20279	0	20217
14910	0	14919
13058	3	18608
21135	0	21128
15986	0	15952
17517	0	17506
23423	0	23413
20261	0	15053
24139	0	24119
16144	2	11367
18921	1	19201
18935	1	19217
12160	0	11983
14099	4	13801
17366	2	11350
19970	0	19962
18635	0	18630
15969	0	15952
14478	2	11323
23218	0	22630
20084	0	19983
15416	1	15569
11448	1	11447
22506	4	22392
22691	1	22795
15676	1	15693
20244	0	15053
17465	0	17469
16610	1	16608
18395	0	18388
18349	2	11179
12947	0	12881
21304	2	11323
20406	0	20367
20718	0	20710
20715	2	11404
16523	2	11184
17472	2	15575
21323	0	21312
12504	2	11459
14915	2	11553
14346	1	14386
14475	3	13048
20971	0	20916
11187	3	13007
19700	0	19689
16242	0	16243
13403	0	13051
20389	0	20367
13549	2	13591
15756	1	15754
16130	1	16135
20616	0	20603
16057	0	15952
19633	4	19553
18820	1	19101
21470	2	11680
18444	0	18390
20954	0	20916
23682	0	23651
21311	2	13274
17209	0	16507
14938	0	14922
17435	0	17436
12019	1	12223
17305	0	16507
18415	0	15053
13619	2	11511
16040	0	15952
20605	2	14484
15302	1	15457
17871	0	17841
12419	0	11985
20906	2	15110
21640	0	21599
16416	0	16411
20937	0	20916
20777	1	20786
20750	0	20712
24223	3	11522
18398	0	15053
23372	1	23392
19603	4	19547
24213	0	24210
16064	0	16015
18451	0	15070
17854	0	17841
11321	3	12742
17297	0	16507
21623	0	21599
23688	0	23653
11508	3	24408
16128	0	15952
20428	1	20529
17360	2	11356
19983	2	11243
22593	0	22561
16047	0	16015
16466	1	16490
11540	0	11526
20925	0	20911
18434	0	15070
22327	0	22303
11331	3	13877
18362	0	18347
22211	0	22201
23671	0	23653
20269	0	19983
18388	3	18615
11353	3	19914
12154	1	12339
24221	3	14597
22576	0	22561
12570	2	11392
15717	2	11550
19702	0	19685
18498	0	18390
15884	0	15874
22310	0	22303
22560	2	11900
17497	2	11409
20712	2	11324
23309	0	22630
11336	3	19914
13072	0	12504
20855	0	20846
21598	0	21599
11365	3	13048
20921	2	11903
22941	4	22630
22015	0	21936
13076	1	13084
18631	3	19325
21478	1	21501
20357	0	19983
22301	2	19306
16444	3	15736
20215	2	11979
18096	1	18095
21998	0	21936
13619	2	11190
24386	1	24451
18957	1	19237
16445	3	16500
20943	0	20846
21173	0	16118
24076	3	24067
18349	2	18347
12737	2	11406
11467	4	11420
21724	0	21718
15717	3	20365
18452	0	18388
20962	0	20914
17848	0	17847
14946	0	14920
13340	1	13354
21380	0	21312
17589	0	17548
17135	0	16507
23985	2	24059
14118	1	14117
12810	2	12821
20926	0	20846
13380	1	13386
20037	1	20036
20967	0	20909
24252	0	24224
24210	2	11550
15876	2	15896
20647	0	20633
12495	0	12494
16731	1	16730
12881	2	11182
15904	0	15898
21210	0	21269
20378	1	20488
20950	0	20909
24235	0	24224
12486	0	12484
16504	2	11248
20907	2	11365
15333	1	15487
16144	3	16211
23696	0	23651
17502	2	11514
24227	2	11684
18472	0	15053
20684	0	20681
11517	3	12742
16448	0	16445
20276	0	15053
22904	1	22902
16145	3	11340
21554	2	11323
11464	4	11412
20933	0	20909
11256	2	11551
12144	1	12330
21530	0	21521
11807	1	11853
24000	1	24034
18455	0	15053
23986	2	11186
12095	1	12288
22523	1	22552
21718	2	11238
20920	2	11679
18185	4	18157
15905	0	15857
18438	0	15053
19668	3	19662
21281	0	21269
20936	1	21027
15143	0	15053
19983	2	11406
12442	0	11985
20974	0	20921
20903	2	11679
17125	1	17124
20641	1	20660
16450	3	14511
17486	2	16022
23374	0	23371
20403	1	20510
20262	0	20217
15955	1	15963
22444	4	11256
11807	0	11762
11394	3	20726
12425	0	11985
24368	0	23652
23986	2	11320
18912	1	19191
17673	0	17667
11530	2	11323
19983	2	20050
20218	2	11551
20614	0	20367
16507	3	17327
11278	0	11257
16414	2	11549
20717	1	20736
11790	0	11762
20611	0	20608
12182	0	11984
18024	0	17786
21388	0	21310
16015	2	12727
12504	3	13000
20117	0	20083
22561	2	11514
11318	3	13408
23303	1	23302
20935	0	20905
20243	1	20310
20949	0	20921
21074	0	21060
22410	4	11256
20775	2	11551
16997	1	16996
16939	0	16507
21371	0	21310
11627	0	11621
17865	0	17842
20100	0	20083
20858	0	20902
19610	1	19609
20932	0	20921
11331	3	13019
21376	0	21305
24345	2	13068
11992	0	11981
17362	2	17356
20109	0	20083
18112	0	17786
12471	3	12475
16120	0	11526
11653	0	11412
11754	4	11412
24119	2	11179
20692	0	20679
11364	3	12739
17466	2	17531
17729	2	11584
15070	2	13363
16445	2	11900
23053	1	23147
11378	0	11369
22498	4	11256
23612	2	11608
21359	0	21305
17310	1	17319
20092	0	20083
22559	2	11364
11636	0	11412
11887	2	11249
11529	2	11551
20000	4	19981
15364	1	15517
17997	4	17786
18222	4	18109
14289	1	14309
13685	1	13768
12080	0	11981
16180	0	16144
11256	2	11364
21342	0	21305
15364	0	15265
13281	2	11517
23426	0	23416
20883	2	11249
21102	0	21063
18205	4	18109
19870	2	19924
16411	2	11900
12063	0	11981
16163	0	16144
13281	2	11867
11412	2	11525
21361	0	21167
21964	1	22057
17405	1	17406
15419	1	15572
22694	1	22798
17468	2	11327
21779	0	21720
20270	0	20215
11789	0	11763
20909	2	11979
13801	2	13876
12046	0	11981
21313	0	21303
17508	0	17504
12902	0	12892
20965	0	20919
22630	2	11364
11243	3	13048
24330	0	24325
13819	1	13856
14986	2	11313
20960	0	20903
17148	4	16507
11772	0	11763
22365	0	22230
13823	0	13801
12502	0	12504
11240	3	20671
18710	4	18631
20904	2	11903
17664	0	17665
18631	2	11179
11330	3	15700
21521	3	12475
11981	2	12388
21620	0	21600
21718	2	11185
18447	0	18393
20957	0	20919
23685	0	23654
15720	0	15719
12134	0	11981
11531	2	11517
23414	2	11190
13932	1	13971
11537	0	11527
11893	0	11887
23442	1	23495
12881	2	11613
24119	2	21596
11613	3	13029
16419	0	16414
18172	1	18171
18430	0	18393
20940	0	20919
23668	0	23654
19959	3	19961
21384	0	21303
15406	0	15263
13393	3	20671
17500	2	11514
21127	1	21142
23546	0	13619
20775	2	11364
23375	1	23395
17866	1	17911
21336	0	21311
11985	2	11403
15854	0	15855
23413	2	11873
23546	0	23418
20945	0	20914
18495	0	18391
15030	0	14986
11394	3	20673
12183	0	11983
18287	4	17786
11675	2	11323
15389	0	15263
20431	1	20532
15072	2	11184
21367	0	21303
11572	2	11586
11401	3	15700
14452	2	14488
14194	1	14193
11179	3	13042
20928	0	20914
11762	2	11872
24128	1	24168
23538	0	13619
12691	1	12714
15013	0	14986
12192	1	12379
24400	0	24227
23538	0	23418
16807	1	16806
15372	0	15263
15952	2	11249
15081	1	15096
15290	0	15265
18466	0	18389
22579	0	22564
18405	0	18393
11185	3	15700
13234	0	13211
18274	0	17786
20081	2	11175
11763	2	11323
15020	4	14986
11454	1	11453
24383	0	24227
22584	0	22559
15355	0	15263
19385	0	18631
19486	4	18631
14360	0	14325
20477	1	20566
18449	0	18389
12137	0	11981
18794	0	18631
13217	0	13211
24021	0	23985
21179	1	21229
22567	0	22559
17789	0	17847
22554	2	16204
24119	2	23369
22162	0	22146
16355	1	16381
13627	0	13619
17689	2	17709
14890	4	14801
14343	0	14325
18899	0	18631
16422	0	16414
11351	3	22294
13914	0	13801
14015	4	13801
15347	0	15263
16679	1	16678
18777	0	18631
15227	4	15053
18960	1	19240
11597	2	11608
20947	0	20910
24232	0	24225
22145	0	22146
19351	0	18631
11925	3	11917
20939	0	20920
20969	0	20902
21986	1	22077
16504	2	11358
23651	2	11331
18882	0	18631
23693	0	23652
20355	2	12816
12504	2	11516
20779	0	20774
17877	0	17847
14923	2	14983
20930	0	20910
11243	3	23599
23378	0	23371
20922	0	20920
14103	4	13801
12622	3	21552
21527	0	21522
18865	0	18631
13103	0	13099
23676	0	23652
11317	3	22294
23011	1	23104
15115	2	11240
17179	1	17178
12504	2	12805
20961	0	20902
17860	0	17847
15053	3	13275
20086	1	20127
15982	0	15970
19439	0	18631
21730	1	21839
11528	0	11525
20953	0	20912
18970	0	18631
11773	0	11762
16323	2	11392
11507	3	23519
12191	0	11981
18848	0	18631
19601	4	19547
17385	2	11245
15336	1	15490
20918	0	20905
21043	0	21044
14665	1	14664
20944	0	20902
21165	3	11904
14362	0	14321
14621	1	14620
19933	0	13619
20936	0	20912
18953	0	18631
21354	0	21310
11515	3	18382
12147	1	12333
22518	2	11507
20725	3	20727
13416	2	13468
22289	2	11364
18360	0	18347
12997	3	13039
11199	0	11161
18672	2	18736
24112	3	19961
20710	2	11519
21337	0	21310
23350	2	11550
16209	3	19964
22592	0	22557
20910	2	15110
18774	0	18746
22926	1	22925
20194	0	20196
13132	0	13133
21138	0	21131
22517	0	22518
22587	0	15715
17421	0	17386
17435	1	17448
24074	2	17496
15264	0	15266
21060	2	11607
14924	2	14918
20606	2	11320
14476	2	11331
18218	4	18121
20972	0	20908
22575	0	22557
21344	1	21422
17425	2	11186
15972	3	11557
18950	1	19231
18506	1	18611
23359	0	23346
22230	3	12394
21129	3	19325
13217	1	13249
22570	0	15715
15235	4	15051
17862	0	17786
17963	4	17786
19309	2	12940
20955	0	20908
24240	0	24223
13064	3	22123
20608	2	20631
11753	1	11752
11245	3	21097
17516	0	17473
22434	4	22392
17845	0	17786
16453	0	16444
11243	3	22123
11237	3	13001
20938	0	20908
14842	0	14452
23001	1	23095
18956	0	18631
21356	0	21306
20173	3	22121
21564	2	11317
13098	1	13112
20943	0	20903
12736	2	11402
12504	2	11329
16451	2	12622
16578	4	16507
22722	0	22630
15326	1	15481
11927	2	11391
20219	0	20218
22557	2	11393
14825	0	14452
20712	2	11515
21379	0	21308
11995	0	11984
16454	0	16451
22421	0	22392
12504	2	11679
21814	1	21934
12004	1	12401
20926	0	20903
20605	2	13065
23827	1	23826
15071	2	11584
20908	2	11678
13299	0	13281
21362	0	21308
21315	1	21393
12088	1	12282
11325	3	17323
20678	0	20682
16666	4	16507
17499	2	17495
18468	1	18575
20923	0	20919
17465	0	17473
16265	0	16145
13368	2	11246
20905	2	11919
15896	3	13038
13688	1	13771
11600	3	12475
12083	0	11984
12899	0	12893
16886	1	16887
14652	1	14650
11251	2	11613
13282	0	13281
21345	0	21308
11673	3	18613
17755	1	17783
20250	0	20216
22156	0	22144
11187	3	13011
16248	0	16145
18351	0	18345
12066	0	11984
19686	2	19723
20195	3	13366
14003	1	14001
13053	2	11679
20215	2	11365
12183	1	12369
20362	2	11331
15085	0	15071
20273	0	20218
11476	2	11356
12049	0	11984
22288	3	22294
23225	1	23272
12905	0	12895
23417	1	23471
21167	2	11327
18352	1	18371
21381	0	21304
18120	1	18119
20949	0	20844
18840	0	18746
11948	0	11927
12113	1	12304
11369	2	19683
17469	2	13274
14223	4	13801
14952	0	14918
16518	2	11246
23688	0	23657
20203	1	20210
21364	0	21304
15051	2	11555
11519	3	14506
16767	0	16507
20932	0	20844
22228	2	22251
18823	0	18746
15304	0	15266
20246	0	15053
11540	0	11530
20925	0	20915
21211	1	21261
14935	0	14918
13218	1	13248
18928	0	18746
23671	0	23657
21347	0	21304
15070	3	18614
13049	0	13051
11474	2	11173
20264	1	20331
18806	0	18746
19334	0	18631
19594	1	19593
15287	0	15266
13164	0	13133
13368	2	11864
19702	0	19689
22227	2	11586
16855	0	16507
18638	1	18656
18911	0	18746
19687	2	19669
11551	3	13040
22495	0	22392
18458	1	18566
22014	1	22104
17473	2	16022
18789	0	18746
20080	2	11618
13147	0	13133
16472	1	16496
24114	3	13129
20931	0	20917
23659	0	23652
21550	0	21554
14636	4	14452
23196	0	23179
21063	2	21061
17513	0	17503
15051	2	15072
18894	0	18746
15375	0	15266
20362	3	17836
21136	0	21131
11777	0	11762
14619	4	14452
12732	2	11179
23078	1	23170
16821	0	16507
24075	3	24067
23896	1	23935
20033	4	19983
11257	2	11324
17384	1	17395
18725	4	18698
12881	2	11402
24227	2	11554
22587	0	22562
17754	1	17771
12661	2	11663
21554	3	17834
23643	4	23626
19773	0	19689
14946	0	14924
17443	0	17438
16414	2	16412
18083	4	17786
13220	0	13214
21199	0	21165
13339	0	13281
20852	0	20842
20967	0	20913
20016	4	19983
15842	4	15812
24210	2	11554
22570	0	22562
18284	1	18283
22561	2	20349
12495	0	12498
19756	0	19689
21302	0	21309
16909	0	16507
18442	0	17361
20957	0	20842
23540	0	23524
24243	0	18347
14525	0	14515
20958	0	20903
21182	0	21165
21309	2	13363
20950	0	20913
11165	0	11161
20196	2	13365
12486	0	12488
16117	1	16122
17404	0	17386
18171	4	17786
13427	0	13281
23448	1	23501
18425	0	17361
20940	0	20842
16448	0	16449
17713	2	11600
20933	0	20913
11256	2	11555
20916	2	19670
17387	0	17386
23283	1	23282
24397	1	24461
21554	2	11677
20021	1	20020
17363	2	11518
20682	2	13274
24127	0	24209
20424	1	20526
13162	0	12504
20810	1	20831
20079	2	11245
12693	0	12504
23529	0	23526
12794	4	12504
17503	2	11330
21060	2	11367
14365	0	14324
23844	4	23750
12759	1	12758
24085	0	24075
20605	2	11402
19693	0	19687
11190	3	13016
18985	0	18746
22555	2	11516
13145	0	12504
11360	2	11679
22572	0	22558
19353	4	18631
21749	0	21720
18006	1	18005
14348	0	14324
12481	3	19963
21487	1	21504
17513	1	17541
22642	1	22746
20851	0	20843
19983	2	20054
24209	2	11555
16544	4	16507
22896	0	22630
20690	0	20636
21732	0	21720
15952	3	11558
15680	0	15672
11530	2	11677
17118	4	16507
23418	2	11551
17261	2	11515
23001	0	22630
16348	1	16375
12504	3	13004
24166	0	24119
11795	0	11761
20602	2	11394
19919	3	19914
20775	2	11555
13220	1	13252
12733	2	11403
22984	0	22630
21190	0	21163
20858	0	20906
11578	0	11572
21820	0	21720
24243	0	24226
11778	0	11761
24210	2	11367
15647	4	15266
21376	0	21309
13801	3	11339
12731	0	12733
18302	1	18301
20914	2	11336
15907	0	15857
18671	1	18673
15672	2	11187
15070	3	11340
20912	2	11608
11245	3	11542
20058	2	11364
17849	1	17896
14947	0	14923
12504	2	12728
11672	3	24408
21943	0	21936
17185	1	17184
21359	0	21309
13367	1	13373
18450	0	15070
17853	0	17841
19891	0	19867
18499	0	17361
17843	2	11403
20946	0	20906
11529	2	11555
20648	0	20636
24231	0	24221
13426	0	13416
22995	1	23088
16975	0	16507
12080	0	11985
17076	4	16507
14651	4	14452
24370	0	23652
16465	0	16444
23666	1	23708
17071	0	16507
15613	4	15266
21342	0	21309
23850	0	23743
14627	1	14626
20604	2	12545
18482	0	17361
19547	2	13468
20929	0	20906
20842	2	11190
16331	2	16330
12385	3	15700
23752	4	23743
11673	3	19662
12504	2	11923
12063	0	11985
17756	0	17729
24353	0	23652
11343	2	11358
20229	0	15053
14682	1	14721
21167	3	11339
11524	0	11412
14189	4	13801
18404	1	18518
23347	2	11364
18465	0	17361
15638	1	15637
21125	3	14406
12734	2	11517
17486	2	11517
16941	0	16507
12046	0	11985
20052	0	19983
23187	1	23236
11551	3	15699
22555	2	11329
23840	4	23743
24344	0	24345
17492	2	11394
12907	0	12891
20601	0	20603
14621	0	14452
21556	2	11352
18345	2	11607
18457	0	17361
18772	0	18746
20035	0	19983
11334	3	13036
20479	0	20367
11252	2	11329
11331	3	21562
14054	0	13801
22500	4	11256
12507	0	12503
12890	0	12891
12134	0	11985
21063	3	21097
23298	4	22630
23075	0	22630
19983	2	20217
11240	3	24408
22201	2	11555
11537	0	11531
20462	0	20367
19937	0	13619
15970	3	11557
23418	2	11364
12838	0	12504
18490	1	18595
11613	3	13033
12805	2	11517
20607	0	20605
11743	0	11412
16049	0	16015
20123	0	19983
11715	1	11714
23058	0	22630
14999	1	14998
20445	0	20367
12116	1	12307
18984	1	19264
24230	1	24279
19695	1	19712
12937	3	16317
20775	3	11189
15717	2	11664
20846	2	20841
16032	0	16015
20106	0	19983
17019	4	16507
18500	0	18390
17862	0	17843
20803	1	20825
23041	0	22630
11179	3	13046
20096	1	20137
24398	0	24345
14452	2	11459
11675	2	11677
12879	2	12619
20437	0	20367
11709	0	11412
17842	2	11391
17475	0	17467
18483	0	18390
17845	0	17843
17368	2	11190
23785	1	23783
11370	2	11242
21306	2	11331
11249	3	21118
12081	1	12276
20088	0	20080
11873	3	13877
19371	1	19370
12071	0	11983
18641	1	18659
15070	2	14469
11350	3	13048
11526	2	16126
11716	4	11412
18461	1	18569
15952	2	12542
14200	1	14199
17039	1	17038
22202	0	22203
13331	0	13051
14645	1	14644
12137	0	11985
18490	0	15070
16015	2	11873
12441	0	11985
11243	3	24408
11277	0	11254
11390	3	11542
17238	4	16507
23347	2	11177
12688	1	12710
16359	0	16330
17363	3	11904
17508	1	17546
20043	0	19981
11316	3	13048
19686	2	15108
20081	2	20173
14246	4	13801
21800	1	21908
24077	2	11514
21354	1	21432
20969	0	20906
18631	2	13090
22577	1	22610
16504	2	11362
21951	1	22044
16752	4	16507
16342	0	16330
23916	0	23887
14331	0	14324
20744	0	20741
17225	0	16507
11764	2	11872
24223	2	11978
13065	3	15699
13619	2	12727
12504	2	11870
17103	0	16507
17204	4	16507
11394	3	17323
11531	3	11559
15640	0	15266
13806	1	13843
14709	0	14669
20710	2	11389
19547	2	11321
23899	0	23887
20961	0	20906
11528	0	11529
20953	0	20916
23681	0	23651
11946	0	11927
12191	0	11985
19678	2	11516
20197	0	19983
22327	0	22230
17807	0	17786
11449	4	11412
20918	0	20909
14692	0	14669
20638	0	20635
20944	0	20906
14216	0	13801
20775	2	11181
22955	1	22931
23971	0	23972
18426	0	18390
20936	0	20916
17191	0	16507
23664	0	23651
20749	0	20712
15030	1	15028
21195	1	21245
20180	0	19983
22310	0	22230
23338	4	22630
11369	2	12385
20226	1	20293
24212	0	24210
11432	4	11412
23744	1	23742
18491	0	18388
12997	3	13043
24112	3	19965
21379	1	21454
20773	0	20775
23429	0	23415
11331	3	12999
22293	0	22230
22592	0	22561
20083	2	20169
23855	4	23743
12380	3	22121
22259	0	22254
15859	1	15868
23534	0	23415
20268	0	19983
17878	0	17786
20199	0	20195
21308	2	11401
11419	0	11412
11864	3	13875
16456	1	16480
21204	0	21164
14924	2	14922
24274	0	24224
23412	0	23415
18401	0	18390
22575	0	22561
12738	2	11364
18989	0	18631
11240	3	12812
14351	0	14327
22558	3	11340
17751	0	17713
24072	2	14739
15216	0	15053
12585	1	12604
20889	0	20883
20251	0	19983
20962	0	20841
19687	2	19726
17861	0	17786
11350	3	23599
17271	0	17261
21790	1	21899
21187	0	21164
14356	0	14322
20363	2	11323
19407	1	19406
11268	0	11252
18972	0	18631
20356	0	19983
17734	0	17713
21688	3	14510
12737	2	12622
12827	2	11240
19598	0	19547
24119	2	17709
16351	1	16378
11984	2	12387
14513	0	14514
21170	0	21164
11623	2	11237
19935	0	13619
14339	0	14322
14327	2	14444
11798	0	11764
18955	0	18631
13218	0	13214
17392	0	17385
16447	2	11517
21356	0	21310
17717	0	17713
12878	2	11350
11260	0	11252
20943	0	20907
12736	2	11406
19654	0	11369
19867	2	19920
13151	0	13133
24328	0	24227
11403	3	21118
19934	2	11510
21379	0	21312
15053	2	11551
17999	4	17786
12504	2	11683
20926	0	20907
22586	0	11251
13134	0	13133
12504	2	12622
16914	4	16507
21362	0	21312
23454	0	23413
14327	3	13460
17473	2	17502
15857	2	12482
20901	0	20917
20913	2	11324
17265	0	16507
18087	4	17786
22572	0	15715
16897	4	16507
23669	1	23711
20683	0	20681
13343	0	13281
21345	0	21312
23437	0	23413
16447	2	12940
18351	0	18349
13644	1	13728
11520	3	19914
11360	2	12541
11369	2	16520
18356	0	18344
23420	0	23413
24249	1	24323
24222	1	24276
21110	1	21122
19691	0	19687
14452	2	14468
20675	3	13038
23897	2	11320
17952	0	17786
18053	4	17786
17810	0	17842
23415	2	11365
12136	0	11981
23923	0	23897
21167	2	11331
16356	0	13619
21381	0	21308
16341	1	16369
11665	2	11390
20110	0	20081
15207	0	15051
17935	0	17786
12805	2	12566
21272	2	11331
21270	2	12384
12119	0	11981
21138	1	21149
14952	0	14922
22201	3	22224
14276	1	14275
18678	4	18631
18141	4	17786
21364	0	21308
17672	0	17667
21517	4	21470
19425	1	19424
21331	1	21409
11364	3	15699
20738	0	20742
20925	0	20919
18493	1	18598
17368	2	17366
22518	2	22546
22681	1	22785
14935	0	14922
18308	1	18307
21347	0	21308
13049	0	13055
21472	1	21474
21818	0	21720
20602	2	14484
18357	0	24345
24233	1	24282
19501	1	19500
21352	0	21303
11324	3	20722
20636	2	20681
20085	0	20081
20916	2	16023
13099	2	11666
15053	2	11364
18503	0	18393
12995	3	13032
15776	0	15719
15322	1	15478
20739	2	20768
16173	0	16142
13097	2	11585
20931	0	20921
23428	1	23481
14148	1	14147
19640	4	19579
23606	2	11236
23659	0	23656
21335	0	21303
13370	0	13368
21487	0	21470
13299	1	13323
15674	2	11336
17357	2	11356
17367	0	17366
11530	3	11339
23307	1	23306
20712	2	12621
18486	0	18393
23986	2	11865
11524	1	11560
11377	0	11369
17069	0	16507
16156	0	16142
20045	1	20044
17518	0	17502
17469	2	11668
16356	0	16331
11257	2	11328
20965	0	20846
22422	0	11256
18469	0	18393
23184	0	23178
15766	4	15719
17501	0	17502
14988	4	14986
12783	1	12782
21709	2	21706
15622	1	15621
17841	2	11173
19867	2	11357
20852	0	20846
22160	0	15715
20967	0	20917
21755	0	21718
11872	3	18382
20776	2	11403
13675	1	13758
16331	2	16387
14938	1	14968
22288	2	11902
20612	0	20604
12028	1	12230
20957	0	20846
14942	0	14913
16446	2	11184
15265	2	11237
18440	0	18391
20950	0	20917
21738	0	21718
14934	0	14923
20908	2	11979
20909	2	14484
20840	0	20841
13619	2	11682
20940	0	20846
17867	0	17842
18231	4	18311
22493	0	11256
19678	2	12565
18423	0	18391
20933	0	20917
23661	0	23652
21721	0	21718
16243	2	11394
24147	0	17361
12523	1	12556
20945	0	20841
11251	2	11914
11329	3	15700
21826	0	21718
17850	0	17842
20856	0	20914
12176	0	11981
14490	0	14488
16243	3	16318
23684	0	23654
24130	0	17361
15321	0	15265
15042	4	14986
20928	0	20841
20093	0	20079
12504	2	13053
11508	3	22135
14556	0	14517
18938	0	18631
12945	0	12878
21809	0	21718
23855	4	23853
20742	2	13395
21312	2	11331
12995	2	11331
23667	0	23654
21691	0	21685
17473	2	11517
22129	3	15700
18776	0	18746
17499	2	11514
11190	3	13020
24262	0	18347
20952	0	20904
15973	0	15972
15283	0	15263
22572	0	22562
11282	0	11253
21304	2	11173
13568	0	13281
13936	0	13801
23019	1	23112
18759	0	18746
24245	0	18347
14892	4	14809
16518	2	11547
14451	2	14461
11513	3	19662
14452	2	11516
11530	2	11681
15275	0	15263
13566	0	13550
23692	0	17712
21936	2	11185
15831	0	15812
11929	2	11607
12504	3	13008
12801	0	12802
16459	1	16483
24146	0	24209
22560	3	16214
20276	0	20217
21132	0	21128
16268	1	16294
17389	0	17386
13395	3	20722
13534	0	13281
16797	1	16796
15220	4	15051
22592	0	20711
23675	0	17712
17805	0	17847
19850	1	19859
20636	2	11179
21190	0	21167
21793	1	21902
11918	3	11915
24260	0	24227
20858	0	20910
14359	0	14325
14950	0	14911
13602	1	13613
22165	1	22191
14679	0	14452
18793	0	18631
14297	1	14317
20633	3	13129
15203	4	15051
22575	0	20711
12731	0	12737
14598	0	14515
21164	3	13897
11675	3	11339
21062	0	21063
12504	2	12732
13096	0	13097
16330	2	11248
20362	2	17727
22147	2	11607
15072	2	15112
15085	0	15051
15186	4	15051
12166	1	12352
23906	0	23897
23348	2	11672
20946	0	20910
24231	0	24225
16054	0	15952
23208	1	23255
20732	3	13036
22560	2	11400
11360	2	11362
17786	3	17837
12660	1	12668
12527	1	12539
23888	1	23893
20929	0	20910
11477	0	11476
20715	2	11872
16037	0	15952
21526	0	21522
18864	0	18631
19617	4	19547
15395	0	15265
20715	3	13036
15015	0	14986
12799	4	12747
17810	1	17827
21637	0	21599
11526	2	11190
16413	0	16411
15981	0	15970
19679	2	12564
18631	2	11403
21330	0	21308
24384	1	24448
17169	1	17168
15378	0	15265
11596	2	11389
23672	1	23714
17473	2	11330
21277	0	21270
16533	0	16507
15857	2	12726
21549	0	21554
20275	0	20218
14361	0	14321
23840	4	23747
12051	0	11984
12907	0	12895
11517	3	13047
19583	4	19547
21375	0	21167
13619	3	12389
20367	2	17482
11252	2	11333
19869	2	11516
20258	0	20218
14344	0	14321
20284	0	20215
11803	0	11763
12034	0	11984
23583	1	23592
12890	0	12895
11365	3	13032
14224	1	14223
20842	2	11678
16621	0	16507
11406	3	12742
20215	2	11613
22293	0	22287
14517	3	11522
17483	3	15699
16600	4	16507
22969	1	22980
20241	0	20218
11613	3	13037
23345	2	11185
11786	0	11763
12017	0	11984
16145	3	16317
24227	2	11184
21384	0	21311
16444	2	11331
17878	0	17843
16604	0	16507
22916	1	22915
20606	2	11381
20224	0	20218
17789	1	17788
23923	1	23962
12504	2	11256
12879	2	11334
12480	2	12482
23771	4	23868
19958	0	19960
11356	3	20727
21128	3	19325
11588	3	13047
21367	0	21311
24075	2	11552
22450	4	22392
17861	0	17843
21334	1	21412
16587	0	16507
17862	0	17847
23211	1	23258
18420	1	18534
14903	4	14855
14186	0	13801
22263	0	22254
21372	0	21306
13696	0	13281
23607	0	23604
11675	2	11681
15231	1	15230
19983	2	20355
15420	0	15263
12504	2	12545
15246	0	15071
11324	3	22121
11983	2	12383
17845	0	17847
14360	1	14400
13128	3	22121
11374	0	11370
24084	0	24072
17586	0	17548
24236	1	24285
11654	2	11511
21355	0	21306
13809	1	13846
13679	0	13281
22517	1	22534
20606	2	11515
15403	0	15263
14066	1	14064
16675	0	16507
14178	0	13801
11525	2	11552
20644	0	20633
17492	2	17493
13416	3	13460
18361	0	18343
16451	2	12683
22518	2	11247
22124	3	22121
18879	0	18746
21338	0	21306
12585	0	12570
15360	0	15266
15386	0	15263
13302	1	13326
13416	3	11366
12891	3	12933
14161	0	13801
20920	2	20173
18984	0	18746
13222	0	13214
12504	2	12679
14489	3	14509
16159	0	16145
18288	0	17786
18862	0	18746
22201	2	11238
21321	0	21306
15343	0	15266
11364	3	13044
12945	0	12504
16142	3	11340
23386	1	23406
13658	0	13619
14144	0	13801
20903	2	20173
20081	2	20177
20266	0	20216
18967	0	18746
20969	0	20910
22590	1	22626
22687	0	22630
22581	0	22559
22696	0	22630
20974	0	20905
13641	0	13619
16523	2	11599
11768	0	11764
18950	0	18746
24228	0	18347
22301	2	11398
21278	0	21269
14941	1	14971
11316	3	11308
20860	0	20844
18683	1	18682
21207	0	16118
12911	0	12504
12881	2	12939
22679	0	22630
23051	1	23144
14945	0	14916
13624	0	13619
20953	0	20920
20843	2	11316
18933	0	18746
20925	0	20842
15970	2	11903
22517	0	22392
15674	3	15699
11182	3	12996
15070	2	19629
20918	0	20913
22230	2	11508
20913	2	11515
21168	1	21218
14260	1	14259
12877	0	12878
22662	0	22630
14928	0	14916
20936	0	20920
11527	2	11323
14117	4	13801
23218	0	23179
14514	2	11324
16884	4	16507
20949	0	20905
16873	1	16872
20941	0	20915
24075	2	11365
21573	0	21564
15877	0	15876
12997	3	13047
19686	2	19918
12179	0	11984
21711	0	21688
12570	2	11673
21363	0	21304
13281	2	11367
16015	2	11556
18636	0	18630
21522	2	11677
22227	2	22251
21962	1	22054
20932	0	20905
22392	2	11516
11331	3	13003
20924	0	20915
20433	1	20589
12162	0	11984
21694	0	21688
14564	0	14515
19338	4	18631
15036	1	15034
16749	0	16507
16850	4	16507
14132	1	14131
22490	4	22392
14452	2	12565
22290	1	22296
11365	3	24067
16117	0	11526
15785	0	15786
20007	1	20006
11257	2	11251
14325	3	14407
13381	0	13527
16745	1	16744
14547	0	14515
22580	0	22560
18631	2	19539
24111	0	24114
23582	0	23585
12733	2	11517
14356	0	14326
15059	1	15066
22531	0	22518
11268	0	11256
11983	2	11391
18416	0	15053
16061	1	16091
16842	4	16507
24017	0	23986
17847	2	11179
11329	3	13045
20885	2	11900
22563	0	22560
11273	0	11251
22147	2	11367
17786	3	13275
14339	0	14326
18428	0	18390
21130	2	11177
11872	3	16211
20735	3	18382
20751	0	20712
24224	3	11522
18399	0	15053
16323	2	14462
20710	3	20722
16825	4	16507
21175	0	21163
22230	2	11187
19983	3	12394
18767	0	19309
11158	0	11159
11334	3	15699
20943	0	20911
24228	0	24226
17843	2	11517
19867	2	19924
24227	2	11615
21945	0	21936
20965	0	20903
20610	0	20604
15671	0	15674
22168	1	22194
20844	2	19670
14495	0	14487
19024	0	18746
17500	2	11364
24158	0	24209
11509	3	24408
19885	1	19904
16707	0	16507
15884	1	15894
20859	1	20878
17436	3	17458
14919	2	14984
20926	0	20911
13837	0	13801
24210	2	11615
16507	2	17303
20883	2	11367
19007	0	18746
23539	0	23524
24327	0	24325
16690	0	16507
20957	0	20903
17139	1	17138
17473	2	17506
14289	0	13801
11524	0	11526
11769	0	11763
13053	2	11903
13820	0	13801
11517	3	20728
20901	0	20921
13470	2	11516
24346	1	24412
19740	1	19800
11613	3	13013
13073	0	12504
21617	0	21600
20940	0	20903
18882	1	19161
24078	0	24073
19886	0	19689
22016	0	21936
14272	0	13801
16504	2	11663
22719	0	22630
20915	2	19670
13803	0	13801
21350	0	21311
21936	3	22122
19882	0	19869
16450	2	11184
18356	0	18348
20602	2	13065
14341	0	14322
22925	4	22630
21999	0	21936
18301	4	17786
22702	0	22630
14452	2	14472
11179	3	13026
21333	0	21311
13554	0	13549
17444	1	17455
24077	3	24067
19869	2	19920
22497	0	11256
15115	3	11366
12136	0	11985
14364	0	14324
21366	1	21441
13051	2	13063
20732	3	12475
21316	0	21311
13550	2	11331
11475	0	11412
22912	0	22630
16261	1	16288
13231	1	13278
12119	0	11985
12733	2	11330
23009	1	23101
15369	0	15263
12815	3	12812
23812	0	23743
21554	2	11872
13133	2	11317
11620	0	11623
15248	0	15115
23791	4	23743
22158	1	22185
13231	0	13211
22463	0	11256
20908	2	11365
20618	0	20602
17499	2	13799
16145	3	16211
21556	2	12889
20743	0	20741
15352	0	15263
13655	1	13738
24400	0	24345
14677	0	14452
11530	3	11559
11794	0	11761
24226	2	11367
11243	3	22294
14478	2	11364
14708	0	14669
17004	4	16507
19918	3	19914
21531	0	21521
11175	3	19914
12806	2	11237
19365	0	18631
20939	0	20904
12732	2	11403
23778	0	23743
16266	0	16243
22455	0	11256
12789	0	12504
24383	0	24345
18358	0	18344
12995	3	13036
12190	0	11985
12073	0	11983
12150	1	12336
14691	0	14669
16886	0	16507
11207	1	11226
11187	3	13048
20922	0	20904
22462	4	11256
20179	0	19983
12056	0	11983
13995	4	13801
17518	0	17506
13050	2	11607
11671	3	24408
21358	0	21309
16869	0	16507
18292	1	18291
13812	1	13849
19453	0	18631
16145	2	11367
11257	2	11332
23375	0	23371
22203	3	22224
23219	0	22630
12039	0	11983
17501	0	17506
17389	1	17398
21341	0	21309
16852	0	16507
23662	0	17712
18432	0	15070
12895	2	12940
21305	2	11323
12484	3	12501
12144	0	11983
20246	0	20217
14083	4	13801
16331	2	16391
11978	3	21097
12512	0	12503
22428	4	11256
16957	0	16507
23202	0	22630
12022	0	11983
11751	1	11749
14452	3	14510
24352	0	23652
18393	3	13276
14486	3	12392
14942	0	14917
20883	2	11664
24163	0	17361
15081	0	15072
12127	0	11983
20420	1	20580
23185	0	22630
20742	2	19681
20011	0	19981
18481	0	15072
11628	0	11621
15900	1	15911
22230	2	11618
13068	3	22122
21377	0	21305
21936	2	15243
13211	2	11514
22589	0	22557
14944	1	14974
12504	2	11179
15055	0	15051
18464	0	15072
16821	1	16820
11252	2	11390
16451	2	16444
22562	2	12608
22288	2	14484
21708	2	11553
19616	1	19615
14948	0	14919
20712	2	11365
12176	0	11985
13379	2	11249
17363	2	17353
16024	0	15952
15608	0	15266
21360	0	21305
16507	2	11318
20694	0	20680
20017	0	19983
11530	2	11551
20001	4	19981
16015	2	12605
13213	1	13245
14562	1	14593
17842	2	11318
13700	1	13784
14931	0	14919
11515	3	20728
22448	4	22392
16048	0	16015
11190	3	13024
18435	0	15070
20952	0	20908
21269	2	11365
19984	4	19981
22212	0	22201
23672	0	23653
17159	0	16507
11180	3	24065
12064	0	11981
12504	2	11313
23887	2	11179
11725	0	11412
20603	2	11679
16031	0	16015
20774	2	11173
21688	2	16116
18418	0	15070
17264	0	16507
14353	0	14327
23835	0	23743
13157	1	13196
23655	0	23653
20253	0	19983
12878	2	12619
11946	1	11972
17509	0	17504
11326	3	13046
22261	0	22230
20679	2	13068
15051	2	15243
12801	0	12806
11244	3	13048
14336	0	14327
14822	0	14452
11675	3	11559
21763	0	21720
18364	1	18384
20602	2	11402
11412	2	11619
20236	0	19983
22366	0	22230
12609	1	12613
20947	0	20841
13619	2	11365
16445	3	15736
15674	3	13044
23827	0	23743
16680	4	16507
18506	0	15070
20419	0	20367
11253	2	11325
11403	3	13877
18355	1	18374
14950	0	14915
20858	0	20914
21744	1	21853
21746	0	21720
17132	4	16507
22401	0	22392
24076	2	11185
20930	0	20841
20971	0	20904
23810	0	23743
20848	0	20843
18489	0	15070
11538	0	11527
15857	2	11307
14424	0	14327
13619	2	13593
19547	2	11248
14635	1	14634
12504	2	12736
12804	2	12566
18349	2	13395
22588	0	11251
11323	3	13038
23607	1	23616
18457	0	18390
20954	0	20904
23414	2	11873
11209	1	11230
20946	0	20914
22325	0	22301
13497	1	13515
17220	4	16507
12184	0	11983
14686	1	14744
17386	2	11365
22571	0	11251
17996	1	17995
14427	1	14445
24009	1	24045
11520	3	22122
20937	0	20904
22495	1	22494
20929	0	20914
11763	2	11872
11473	2	11356
14876	0	14452
17786	2	11173
16118	3	21267
24401	0	24227
20934	0	20909
22562	3	16214
13440	0	13416
18402	0	18388
11945	0	11927
21330	0	21312
20916	2	11331
17359	3	11340
21072	1	21090
20260	0	15053
23422	0	23413
17713	2	13060
17502	3	17525
24384	0	24227
14552	0	14514
18411	0	18388
15140	4	15053
17690	0	17684
14361	0	14325
19969	0	19962
13423	0	13416
20604	2	15131
11928	0	11927
15205	4	15051
20243	0	15053
19547	3	19662
24367	0	24227
18394	0	18388
15070	2	11176
18348	2	11179
21167	2	12384
23871	4	23743
20717	0	20710
11723	1	11722
14344	0	14325
15209	0	15051
18422	0	15053
11365	3	13036
21272	2	12384
16015	2	11613
15228	4	15053
21194	0	16118
11344	2	11325
11675	2	11551
15880	0	15874
24095	2	11315
11414	4	11412
12426	0	11985
11985	3	12391
18883	0	18631
11526	2	11678
15192	0	15051
16507	2	11615
13923	1	13962
12562	2	11545
17878	0	17847
15211	4	15053
20906	2	11394
14924	2	14983
11527	2	11514
11791	0	11762
17304	0	16507
16835	0	16507
12737	2	11394
23312	4	22630
15175	0	15051
16144	2	13396
11927	2	11322
21639	0	21599
17861	0	17847
20476	0	20367
13157	0	12733
19920	3	19910
19655	1	19667
22161	1	22188
17602	0	17548
11774	0	11762
24073	2	24071
21372	0	21310
18493	0	15053
21780	1	21889
12737	2	12683
23688	1	23730
21622	0	21599
19685	2	11185
13140	0	12733
22394	4	11256
14943	0	14924
17440	0	17438
24084	0	24076
16127	0	15952
21812	1	21931
20841	2	11324
17359	2	11356
21355	0	21310
18476	0	15053
17849	0	17842
19585	4	19547
15181	0	15053
22230	2	11244
11490	0	11473
11525	2	11556
17386	2	11178
16328	3	22121
21605	0	21599
12881	2	11520
18361	0	18347
15786	3	15747
21619	1	21661
21472	0	21470
14926	0	14924
17531	3	17525
21338	0	21310
17974	0	17786
17079	1	17078
20710	2	20712
18888	1	19167
19402	1	19400
15148	4	15051
15883	0	15874
19869	3	19910
11513	3	12742
21321	0	21310
20473	1	20563
20645	1	20663
16164	0	16144
23897	2	11247
16414	2	11403
12127	1	12318
20969	0	20914
18062	0	17786
22586	1	22625
15857	2	15926
19555	0	19547
17392	1	17401
20974	0	20909
17713	3	11189
12047	0	11981
16147	0	16144
12107	0	11984
19779	1	19839
19309	3	19325
11519	3	19914
13232	1	13262
20282	1	20350
13281	2	11237
12663	0	12661
20970	0	20921
18631	2	11354
14945	0	14920
16725	1	16724
12030	0	11981
18687	0	18631
19564	1	19563
23418	2	11185
21061	2	11331
20925	0	20846
23646	0	23622
22569	0	22558
19547	2	11679
23930	0	23887
24155	0	24210
23414	2	11365
20918	0	20917
11234	3	24125
11240	3	22135
14928	0	14920
16355	0	13619
12013	0	11981
21128	2	11185
23844	4	23868
17879	1	17913
21044	2	11331
11182	3	17322
18815	1	19094
20844	2	16023
23629	0	23622
21811	0	21718
20949	0	20909
22134	0	22133
20941	0	20919
21729	0	21720
19960	3	19961
14902	4	14847
23223	0	23178
11527	2	11677
20078	0	20079
16338	0	13619
11996	0	11981
21363	0	21308
18496	0	18391
20932	0	20909
22392	2	11520
15857	2	11872
20905	2	20173
18414	0	18393
20924	0	20919
23206	0	23178
21529	0	21521
23530	0	13619
21164	3	13877
20842	2	11979
21321	1	21399
13283	0	13281
17471	0	17468
18479	0	18391
15677	1	15694
14356	1	14397
11369	2	11588
18397	0	18393
18170	0	17786
11887	2	11237
20720	0	20715
20051	2	20054
20084	0	20081
24230	0	18347
20911	2	11336
11179	3	14506
11508	3	16317
20606	2	11682
22580	0	22564
18631	2	19543
22555	2	11179
23649	4	23640
15775	0	15719
20363	2	11331
13550	2	11872
23658	0	23656
20603	2	11923
13133	2	11508
24073	2	11186
19888	0	19867
20967	0	20844
18085	1	18086
21302	1	21465
17519	0	17466
18050	1	18049
23179	2	11613
22563	0	22564
20363	2	11681
16319	3	16211
20809	0	20776
21522	3	13329
24077	2	20195
21281	1	21295
16355	0	16331
13289	1	13313
19871	0	19867
20950	0	20844
15339	0	15263
20710	3	20726
21175	0	21167
20776	2	12619
16036	1	16105
23297	1	23296
18433	0	18389
21685	2	12608
19867	2	19928
20965	0	20907
13619	2	11609
11394	3	16205
22560	2	11514
16338	0	16331
20933	0	20844
15322	0	15263
17944	1	17943
20740	0	20742
23552	1	23580
20774	2	11551
18761	0	18631
19876	1	19898
19958	0	17362
16058	1	16087
22235	0	22228
11548	3	15699
19335	0	18631
20957	0	20907
14941	0	14913
18866	0	18631
11524	0	11530
24227	2	19674
21737	0	21718
23677	0	23652
14928	1	14958
15314	0	15263
15831	1	15830
14549	0	14515
20608	2	11678
23038	1	23131
11390	3	18613
11613	3	13017
18504	0	18389
20940	0	20907
16579	1	16578
20367	2	13274
12192	0	11981
18849	0	18631
19703	0	19686
24078	0	24077
23660	0	23652
12726	3	17529
23765	4	23822
20945	0	20902
19423	0	18631
24083	0	24072
11996	1	12204
18487	0	18389
17361	3	16214
13649	1	13731
12175	0	11981
18832	0	18631
14452	2	14476
11179	3	13030
21075	1	21093
12099	1	12291
20928	0	20902
23425	0	23416
17556	1	17613
12758	4	12504
21101	0	21063
24352	1	24418
11356	3	18613
11173	3	16515
19459	1	19456
21352	1	21429
12062	0	11981
16162	0	16144
23612	2	11409
14053	4	13801
11369	2	11401
23604	2	11245
18815	0	18631
17418	4	17386
23783	4	23781
21949	1	22041
11525	2	11182
24270	0	24225
20269	0	20215
13935	0	13801
12901	0	12892
15053	2	11238
24254	1	24302
11325	3	21552
19983	3	13366
21268	0	21272
24329	0	24325
13133	2	11321
18462	0	18389
21183	0	21165
20968	0	20910
24253	0	24225
12150	0	11981
11166	0	11161
15712	2	11356
11771	0	11763
17405	0	17386
16057	1	16088
11409	3	16515
20800	0	20774
13416	2	11683
16466	0	16446
15299	1	15454
12504	2	12659
18445	0	18389
21166	0	21165
23351	2	11331
12133	0	11981
16951	1	16950
11978	3	22122
17388	0	17386
15070	2	20064
23413	2	11190
16053	1	16100
21352	0	21311
18054	0	17786
11892	0	11887
20633	2	11676
20939	0	20908
11487	0	11474
20635	2	11179
15813	0	15812
16418	0	16414
12995	3	13040
21383	0	21303
16458	0	16446
21335	0	21311
19310	1	19316
20739	2	11327
11344	3	11366
20922	0	20908
21710	0	21709
12694	0	12504
21100	2	11517
13664	0	13281
20361	2	11900
21366	0	21303
23913	0	23887
15306	0	15265
21320	0	21167
22287	2	11520
16562	4	16507
21548	2	11903
21622	1	21664
13647	0	13281
22303	2	11243
22405	0	22392
21349	0	21303
23415	2	11402
15371	0	15263
19749	1	19809
23896	0	23887
20652	0	20635
20972	1	20987
15250	0	15115
23433	0	23414
24255	0	24221
19882	0	19686
20404	1	20511
11813	0	11761
22169	0	22146
15070	3	13044
14792	0	14452
11762	2	11323
16528	2	11358
22230	2	22226
13630	0	13281
20597	2	11517
15394	0	15265
20680	2	13060
18505	0	18388
12997	3	13027
11729	1	11728
16249	0	16145
21286	0	21167
18352	0	18345
19011	0	18631
17361	2	17495
15013	1	15012
11796	0	11761
18256	0	17786
12994	0	12997
17515	0	17502
17365	2	11249
15002	4	14986
17787	0	17786
15377	0	15265
17800	1	17817
16451	2	11187
19491	1	19490
11267	0	11256
20842	2	15927
24150	0	24119
11919	3	11911
11350	3	22294
18994	0	18631
11779	0	11761
15855	2	13059
20633	2	11355
14985	4	14986
12896	0	12504
22589	0	22561
20080	2	20169
23524	2	14739
21374	0	21167
11251	2	11333
16616	4	16507
14119	4	13801
18881	0	18631
24325	2	11182
14948	0	14923
11685	2	11679
18977	0	18631
17363	2	17357
11183	3	19916
22647	0	22630
11530	2	11555
21365	0	21304
18638	0	18630
22133	2	11331
20886	0	20883
14931	0	14923
20906	2	14484
16507	2	11672
21728	1	21835
11370	2	11173
13697	0	13619
14207	4	13801
20952	0	20912
18969	0	18631
21100	2	12485
17864	1	17888
23672	0	23657
14085	4	13801
21348	0	21304
17731	1	17759
22238	1	22248
21521	2	11514
19547	2	19628
24074	2	11552
24325	2	11316
13680	0	13619
15717	2	15112
18952	0	18631
20636	2	11403
20636	3	20673
23655	0	23657
12504	2	11667
21331	0	21304
15898	2	11240
24113	0	24114
11203	1	11223
13214	3	13275
18790	0	18746
19578	0	19547
17740	0	17729
21324	1	21402
13148	0	13133
17037	1	17035
20910	2	11394
22718	0	22630
15987	0	15972
15716	1	15738
12848	0	13124
11509	3	22294
13663	0	13619
11452	1	11451
14072	0	13801
14173	4	13801
11163	1	11170
17514	0	17503
18895	0	18746
11412	2	11623
21314	0	21304
23349	2	11550
17365	2	11867
20710	2	13064
20638	1	20657
22591	0	22557
18773	0	18746
20923	0	20907
13368	2	11234
13131	0	13133
15952	2	11668
11253	2	11329
11783	1	11835
12831	0	13124
21323	0	21304
20712	3	20722
18878	0	18746
24345	3	18382
22574	0	22557
11323	3	21552
18756	0	18746
13050	2	13063
11187	3	12999
15053	2	15052
14038	0	13801
12882	0	12881
15404	1	15556
22569	0	15715
23986	2	24063
16805	0	16507
18861	0	18746
21556	2	12385
20124	0	19983
22445	0	22392
11267	1	11294
14938	0	14914
22152	0	22144
19757	0	19689
20240	1	20307
20841	2	11515
14930	0	14924
17199	1	17198
12504	2	13090
18067	4	17786
15980	1	15998
19681	3	18382
22304	1	22330
19547	2	12541
21990	1	22080
14904	4	14851
14921	0	14914
19740	0	19689
18808	1	19088
20941	0	20842
19879	1	19901
12735	2	11402
20712	2	11182
11369	2	19671
22301	2	11459
16771	0	16507
20934	0	20913
12570	2	11600
22944	1	22888
23986	2	11365
23800	1	23799
18155	4	17786
14931	1	14961
21165	2	12876
20924	0	20842
18033	4	17786
20925	0	20903
22927	4	22630
17502	3	17529
13289	0	13281
15683	0	16411
11526	2	11548
15082	1	15097
23041	1	23134
20912	2	11515
15122	1	15129
18037	0	17786
13163	0	12504
17368	2	11873
12504	3	13045
21214	0	21163
22403	0	22392
15300	0	15266
22363	1	22379
18400	1	18515
20716	2	11681
17504	2	11330
24267	0	24226
12572	0	12504
24074	2	11365
11999	1	12207
11986	1	12195
12082	0	11984
20814	0	20775
13146	0	12504
16770	4	16507
21308	2	12621
12995	3	13016
16360	0	16330
11365	3	13040
21078	1	21096
20931	0	20905
12177	1	12363
14349	0	14324
13527	2	11547
14247	4	13801
15907	0	15898
23743	3	11340
11526	2	11682
13562	0	13551
20797	0	20775
17486	2	17490
16449	2	11176
14332	0	14324
20272	0	20218
11354	3	13877
14878	0	14452
12893	2	11903
22363	0	22288
11867	3	13268
11336	3	21545
13054	2	11551
16635	0	16507
16736	4	16507
11914	3	11916
14946	0	14912
20255	0	20218
19997	1	19996
21522	2	20732
14885	4	14452
19689	2	19869
22985	0	22630
17847	2	11240
16469	0	16449
20087	1	20128
23179	2	11670
15071	2	11519
22968	0	22630
24208	1	24215
22210	1	22221
11360	2	11183
14200	0	13801
12834	0	12827
18227	4	18125
11685	3	11557
20276	1	20343
17531	3	17529
12728	3	14736
14423	1	14442
17497	2	17496
22951	0	22630
14249	1	14250
15330	1	15484
11416	4	11412
18853	1	19134
21343	0	21309
11473	2	11523
19869	3	19914
20842	2	11365
15391	0	15266
19006	0	18746
20632	0	20636
20843	2	11190
20200	0	20195
21063	3	11339
11989	1	12198
21633	0	21600
18219	4	18125
14288	0	13801
15597	4	15266
21326	0	21309
16837	0	16507
22559	3	11340
20633	3	11340
23072	1	23164
18417	0	15070
21625	1	21667
15374	0	15266
18466	0	17361
24070	3	24065
21616	0	21600
13159	0	12733
22413	4	11256
17085	1	17084
20974	0	20913
19885	0	19689
18317	4	17786
11190	3	13004
12047	0	11985
23371	2	11602
18495	0	15053
22558	2	11613
19730	1	19790
18400	0	15070
12880	2	11402
15357	0	15266
21556	3	21551
11313	3	21551
18278	1	18277
13557	1	13594
16518	2	11181
13142	0	12733
22396	4	11256
14340	0	14322
14945	0	14924
19868	0	19689
16925	0	16507
12030	0	11985
18981	0	18746
17393	0	17385
22569	0	22562
20949	1	20980
15340	0	15266
14790	1	14789
19655	0	11369
12135	0	11985
13933	0	13801
18074	1	18073
15668	4	15266
14928	0	14924
17595	1	17652
11782	0	11764
12013	0	11985
18441	0	17361
13549	2	11331
15928	0	15857
20686	0	20636
14933	0	14919
22484	4	11256
11475	0	11473
19960	3	19965
17013	0	16507
12118	0	11985
11527	2	11681
11622	0	11412
14866	1	14865
11996	0	11985
18424	0	17361
20002	0	19983
21363	0	21312
24143	0	24209
22531	0	22392
13371	1	13376
13097	2	11516
20015	1	20014
13385	1	13392
12619	3	22135
16424	1	16439
12140	1	12417
16166	0	16144
20107	0	19983
20914	2	11324
22589	0	20711
23603	0	23605
24391	0	23652
17438	3	17461
16898	4	16507
19985	0	19983
16540	1	16538
19482	4	18631
17361	3	20727
23042	0	22630
24126	0	24209
14947	0	14911
17471	0	17472
22148	1	22175
14676	0	14452
22303	3	17834
19983	2	17493
17368	2	11365
14707	0	14669
20090	0	19983
16127	0	16119
23675	1	23717
14653	1	14651
19972	1	19977
16881	4	16507
23025	0	22630
16265	0	16243
22393	1	22391
24382	0	24345
18357	0	18344
22555	2	11183
18393	2	15072
21521	2	11758
14690	0	14669
11693	0	11412
11473	2	11336
18884	1	19164
18871	1	19152
11523	3	17323
17847	2	11187
24214	0	24209
13051	2	11514
23008	0	22630
16248	0	16243
24365	0	24345
12015	0	11981
24325	2	11910
19547	2	11362
12621	3	22122
20404	0	20367
13673	1	13755
22138	2	11910
20040	4	19981
22594	0	22560
18409	0	15072
20689	0	20636
11676	3	20728
18433	0	18393
15074	0	15070
11786	1	11838
20608	2	11548
17363	2	12608
20965	0	20911
12038	0	11983
23000	0	22630
20682	2	11331
18474	0	15070
20023	4	19981
22577	0	22560
12114	1	12305
18392	0	15072
13053	2	13066
11892	1	11899
17665	2	11543
11888	2	11550
16343	0	16330
15407	1	15559
24394	0	23652
20027	0	19981
22144	2	11356
14358	0	14321
11577	0	11572
21819	0	21720
11270	1	11297
14941	0	14917
20218	2	14739
11365	3	13016
23677	0	23656
23748	1	23747
11331	3	13040
20475	0	20367
15983	1	16001
16053	0	16015
20917	2	16023
11613	3	13021
18504	0	18393
22989	1	23082
21802	0	21720
17840	1	17906
17087	0	16507
17188	4	16507
12192	0	11985
23660	0	23656
20775	2	11356
15624	0	15266
21336	0	21303
14693	0	14669
18811	1	19091
17492	2	11516
20945	0	20906
24083	0	24076
12504	2	11240
22316	0	22303
13281	2	11188
20968	1	21005
18487	0	18393
22561	2	12608
14487	3	14506
12175	0	11985
20083	2	16022
15786	2	11234
14537	0	14514
16601	0	16507
15972	2	11350
15837	1	15836
20603	2	12545
11179	3	13034
18481	0	17361
16811	1	16810
20928	0	20906
17175	0	16507
19686	3	19910
14851	4	14452
11369	2	11405
17053	0	16507
12158	0	11985
23586	0	13619
23783	4	23785
15590	0	15266
22366	1	22382
23856	4	23743
18464	0	17361
14517	2	11388
23586	0	23418
11529	2	11356
20079	2	11664
13690	1	13774
24221	2	11979
11350	3	13036
12878	2	11391
17036	0	16507
20858	0	20841
19879	0	19869
20968	0	20914
12180	1	12366
14352	0	14327
22511	0	11256
12150	0	11985
18868	0	18631
21555	2	11352
17141	0	16507
18344	2	11607
20252	0	19983
13560	1	13578
12570	2	11978
16168	1	16196
20910	2	14484
15196	4	15053
22260	0	22230
19547	2	11175
16466	0	16450
16507	2	17340
23822	4	23743
13147	1	13186
22672	1	22776
14335	0	14327
11667	3	20726
20918	1	21015
12133	0	11985
18851	0	18631
21125	2	21152
12902	1	12922
24148	0	17361
20235	0	19983
20946	0	20841
11412	2	11680
18450	0	18388
21171	0	21164
20461	0	20367
19936	0	13619
11514	3	24066
20939	0	20912
17500	2	11185
16504	2	11350
12177	0	11981
18834	0	18631
20122	0	19983
23650	0	15717
15183	0	15053
23280	4	22630
16458	0	16450
24131	0	17361
24154	0	24210
20929	0	20841
15717	2	11331
22518	2	11365
20224	1	20291
15061	0	15053
20739	2	11331
20770	1	20772
20922	0	20912
12735	2	11325
20774	3	11189
18939	0	18631
21553	2	11394
21305	2	11547
12845	1	12869
19872	1	19895
18817	0	18631
11404	3	13036
16957	1	16956
20844	2	11331
15150	4	15051
23467	0	23415
20953	0	20904
11488	1	11504
23792	0	23743
15974	0	15972
11765	0	11764
18922	0	18631
17385	2	11237
20633	2	20674
19309	2	11509
15149	0	15053
23034	1	23128
23450	0	23415
24270	1	24318
20936	0	20904
20633	3	12389
12737	2	11187
21346	0	21312
13393	3	18382
13567	0	13550
12471	2	11683
23693	0	17712
21553	3	21552
12997	3	13031
15324	1	15477
22288	2	11325
18352	0	18349
22561	3	16214
11762	2	11677
20846	2	20992
21270	2	13364
23334	4	22630
21329	0	21312
20259	0	15053
23421	0	23413
23676	0	17712
16142	2	11367
13430	1	13452
17547	0	17548
22584	1	22616
20617	0	20608
17506	2	17531
22138	2	22140
23216	0	22630
20450	1	20549
11910	3	21118
19733	1	19793
15204	4	15051
20242	0	15053
20080	2	20173
21167	2	21305
12504	2	11187
18347	2	11179
20859	0	20907
17470	2	15575
11319	3	21118
15019	1	15018
15717	3	17836
21304	2	11401
20846	2	11327
23915	0	23887
23179	2	11243
13211	2	11872
20363	2	17727
17363	2	17361
24474	2	11409
22288	2	11459
17739	1	17763
15086	0	15051
23887	2	11403
17521	1	17527
11998	0	11981
14409	0	14327
21365	0	21308
16055	0	15952
13053	2	11403
16451	2	11325
23898	0	23887
13165	1	13204
11588	3	24066
15069	0	15051
13476	0	13470
21309	2	13274
14936	0	14922
19687	2	11554
24014	0	23986
21348	0	21308
20716	2	11872
16038	0	15952
14701	1	14753
18347	2	20173
12736	2	11394
21521	2	11518
20637	0	20635
18354	0	18345
11741	1	11739
14919	2	11585
19013	0	18631
20748	0	20712
20636	2	11407
12504	2	11671
23997	0	23986
14416	1	14436
21331	0	21308
20917	2	11327
19689	2	19926
16062	0	16015
24211	0	24210
11331	3	15699
20710	2	11190
11762	2	11356
12736	2	12683
18490	0	18388
21621	0	21599
22151	1	22178
18788	1	19068
13371	0	13368
14492	0	14487
21488	0	21470
12052	0	11984
11951	1	11975
17995	4	17786
17990	0	17786
21314	0	21308
20923	0	20911
20969	0	20841
11520	3	18613
11253	2	11333
17361	3	11522
20901	0	20905
21506	0	21507
11360	2	11240
21319	0	21303
22209	0	22201
18632	0	18631
20267	0	19983
12035	0	11984
17877	0	17786
18345	2	11355
18726	4	18702
13050	2	13067
19700	0	19685
22557	3	11340
11343	2	11240
19736	1	19796
20735	3	20728
18221	4	18089
20710	2	11324
12018	0	11984
17860	0	17786
11573	2	11585
17069	1	17068
20362	2	11323
20919	2	11903
22013	0	21936
20963	0	20919
14938	0	14918
15726	0	15719
11246	3	13268
16843	1	16842
11256	2	12889
12123	0	11984
16507	2	11355
20918	0	20844
22635	1	22739
17497	2	13365
17470	2	17482
14668	1	14712
22157	0	22143
14338	0	14322
20902	2	11903
21996	0	21936
12117	1	12308
14921	0	14918
22630	2	11600
24370	1	24435
17467	2	11307
20123	0	20081
16639	1	16638
20941	0	20846
11489	0	11412
14774	1	14773
21171	0	16118
22585	0	22558
12735	2	11406
13333	0	13332
15247	0	15071
20934	0	20917
21722	0	21718
14944	0	14920
20218	2	11600
19644	4	19603
20924	0	20846
22568	0	22558
20925	0	20907
20690	0	20681
11526	2	11552
11919	3	20722
20645	0	20633
21936	2	20675
14491	0	14488
18407	0	18391
20200	1	20207
18362	0	18343
14850	1	14849
22954	1	22939
21308	2	11336
17570	0	17548
19687	2	11367
11369	2	11515
20461	1	20595
21214	0	21167
14557	0	14517
12810	2	11394
20714	0	17361
17385	2	11668
15785	0	15717
13281	2	13526
12892	3	12933
17351	2	17354
16142	3	16211
15305	0	15265
13638	1	13722
19651	0	19547
14540	0	14517
12995	3	13020
19876	0	19870
14679	1	14718
20890	0	20846
22301	3	17834
20931	0	20909
11681	3	20727
17259	1	17258
11670	3	13048
15952	2	16023
17215	1	17214
18968	0	18746
19024	1	19303
15288	0	15265
21302	0	21167
20842	2	14484
13055	2	11607
14523	0	14517
23184	1	23233
18406	1	18521
22369	1	22385
16169	0	16142
13416	2	21596
14555	1	14586
13430	0	13281
18951	0	18746
20943	0	20842
17466	2	11514
21285	0	21167
14470	0	14452
17809	0	17842
21168	0	21165
13054	2	11555
11317	3	11308
16144	3	13040
20745	0	20742
23657	2	11331
13360	2	11237
13535	0	13281
14946	0	14916
16213	3	16211
18157	4	17786
17109	1	17108
13563	1	13581
24072	2	11186
20926	0	20842
14453	0	14452
15815	0	15812
18689	1	18688
20260	0	20217
18487	1	18592
20914	2	11515
19983	2	13362
22675	1	22779
13109	0	13099
14558	0	14452
17671	0	17667
19689	2	11363
23659	0	17712
21521	3	13329
12905	1	12925
23464	0	23416
14515	2	11324
16905	1	16904
23532	0	23526
23603	1	23617
11276	0	11257
22555	2	13468
14934	0	14911
12983	0	12878
20243	0	20217
18245	4	17786
14330	1	14370
20050	2	11328
13501	0	13281
12180	0	11984
18022	0	17786
14541	0	14452
18123	4	17786
19356	4	18631
20603	2	11179
18436	0	18391
20933	0	20905
12124	0	11983
19917	3	19910
18127	0	17786
18760	0	18631
11888	2	11607
21380	1	21455
13564	0	13551
11519	3	20727
18760	1	19041
20776	2	17352
14565	0	14515
11478	0	11476
20856	0	20902
12662	0	12504
12503	2	11317
14517	3	14596
11526	2	11365
18647	0	18631
24139	1	24182
18110	0	17786
16528	2	15794
23418	2	11409
14548	0	14515
16427	1	16442
24273	1	24321
20605	2	11394
20974	0	20917
15821	1	15820
11190	3	13008
21357	0	21305
22519	1	22533
15296	0	15263
16323	2	11978
11527	2	11551
24263	0	24223
12750	0	12504
13530	1	13540
21077	0	21061
12628	0	12504
12078	0	11981
13281	2	11245
15920	1	15922
14340	0	14326
17786	2	17894
11330	3	11911
12567	3	16515
15362	0	15265
23206	1	23277
21376	0	21167
11278	0	11253
24246	0	24223
14345	0	14321
22289	3	17837
11981	3	12392
21065	1	21083
12504	3	12996
15345	0	15265
17522	0	17473
21359	0	21167
24159	0	24209
20117	0	20079
12164	1	12350
17466	2	11327
11476	2	11190
24229	0	24223
14328	0	14321
14920	2	14984
20268	0	20215
14933	0	14923
11787	0	11763
12908	1	12928
11514	3	21545
18701	0	18631
14517	2	12384
11356	3	19963
17505	0	17473
21342	0	21167
20100	0	20079
24328	0	24325
19689	2	19686
21635	0	21600
16509	0	16504
16251	1	16282
22942	1	22881
11159	2	11181
20251	0	20215
11770	0	11763
15952	2	15970
13821	0	13801
23797	4	23834
11328	3	15700
15051	2	11978
21063	2	11551
21825	0	21718
23915	1	23952
17145	1	17144
18941	1	19221
16243	2	16322
14947	0	14915
21618	0	21600
21573	0	13416
18319	4	17786
16060	1	16090
20914	2	11678
13804	0	13801
21470	3	14506
21351	0	21311
15416	0	15265
13916	1	13955
15299	0	15263
18442	0	15072
16571	0	16507
11535	0	11527
11891	0	11887
22206	1	22218
14421	0	14327
11486	0	11474
20741	2	13395
21601	0	21600
18357	0	18348
14102	1	14101
21564	2	11553
11818	0	11761
16941	1	16940
23220	0	23178
14821	4	14452
19511	0	18631
11394	3	13046
21334	0	21311
15282	0	15263
18425	0	15072
21553	2	14484
18493	0	18391
24474	3	12389
20885	2	11323
18285	4	17786
23612	3	14407
15387	0	15263
14895	4	14821
12682	3	22122
14178	1	14177
18408	0	15072
24271	0	24221
20688	0	20636
16537	0	16507
14040	0	13801
17842	3	11340
14813	4	14452
18476	0	18391
17486	2	11509
14295	0	14280
17553	0	17548
11621	2	11511
15011	0	14986
20636	2	12940
16791	1	16790
13646	0	13281
23068	1	23161
20965	0	20915
23587	1	23595
15370	0	15263
17467	2	17483
20632	1	20654
21576	1	21589
14695	0	14452
21612	1	21654
18272	0	17786
12570	2	11364
18846	0	18746
13629	0	13281
19739	1	19799
24381	0	24227
22582	0	22559
18150	0	17786
15353	0	15263
22228	2	11615
19484	4	18631
14128	0	13801
14358	0	14325
24401	0	24345
23694	0	23657
14678	0	14452
14779	4	14452
11365	3	13020
16507	2	11249
13215	0	13211
24019	0	23985
14452	2	11317
17736	1	17762
18829	0	18746
11331	3	13044
19983	2	13793
12912	0	12504
24364	0	24227
22565	0	22559
17787	0	17847
23418	2	11356
13625	0	13619
24384	0	24345
23418	2	14739
21270	2	11327
18934	0	18746
14661	0	14452
14013	4	13801
21533	0	21522
17274	1	17290
14483	3	13048
20945	0	20910
11336	3	15698
22663	0	22630
12504	2	11244
12773	0	12504
23219	0	23179
11251	2	11394
24367	0	24345
13604	0	13281
18917	0	18746
18722	4	18685
22501	0	22392
20848	1	20865
16444	2	12608
11179	3	13038
13055	2	11367
20928	0	20910
22646	0	22630
21284	0	21270
23376	0	23371
14101	4	13801
23202	0	23179
19686	3	19914
21525	0	21522
13101	0	13099
17519	0	17503
13379	2	11664
13281	2	12481
23691	0	15717
18972	1	19251
11360	2	19673
12983	0	12504
13619	3	23599
15980	0	15970
19437	0	18631
13696	0	13619
14182	0	13801
13439	1	13458
22629	0	22630
20419	1	20523
11944	1	11969
20680	2	11511
23185	0	23179
22147	2	22146
16345	0	16330
19599	4	19547
11356	3	19910
12878	2	11395
18499	0	15072
20051	2	11365
24080	0	24072
20884	2	11664
23808	1	23807
14909	4	14875
18482	0	15072
16507	2	17344
13551	2	13588
22532	0	22518
18409	1	18524
11197	0	11161
16506	1	16513
17966	1	17965
11193	1	11213
24474	2	12889
11412	2	11684
21687	0	21685
20908	2	15110
20956	0	20913
13274	3	22121
19676	0	19679
18465	0	15072
23863	1	23862
22558	2	11243
22585	0	15715
24072	2	17496
22466	4	22392
17877	0	17843
11888	2	11367
22573	0	22557
20695	0	20680
11336	3	16316
14323	0	14326
19686	2	16389
19757	1	19817
18229	4	18310
22568	0	15715
20959	1	21031
17860	0	17843
16389	3	19916
20953	0	20908
14185	0	13801
14937	0	14914
21939	1	22031
14514	3	14597
19689	2	11607
24142	0	24209
20271	0	19983
14333	1	14373
11938	0	11929
20606	2	20631
16691	0	16507
21101	0	21100
16792	4	16507
24345	2	11401
14492	1	14499
22432	4	22392
19309	2	11513
14290	0	13801
20936	0	20908
14840	0	14452
17578	1	17635
19699	0	19687
21354	0	21306
20254	0	19983
20369	1	20482
21383	1	21458
20941	0	20903
17366	2	16209
24079	0	24073
12997	3	13035
22720	0	22630
16320	3	16317
22288	2	11329
20710	2	11515
18338	1	18337
18798	1	19078
21337	0	21306
11161	2	11249
20237	0	19983
22367	0	22230
16657	0	16507
14451	2	11176
20924	0	20903
20282	0	20216
14256	0	13801
22000	0	21936
11679	3	14506
20920	2	11919
22703	0	22630
21936	2	20732
12914	0	12893
14806	0	14452
13555	0	13549
14924	2	14914
22291	0	22288
11394	3	22121
20220	0	19983
24077	2	11185
21564	2	11179
24266	0	24226
22909	4	22630
20265	0	20216
16263	0	16145
21167	2	21309
21983	0	21936
20903	2	11919
12737	2	11325
20859	0	20911
17361	3	18613
19879	0	19686
13534	0	13379
12897	0	12893
17017	1	17016
21565	1	21568
20813	0	20775
23469	0	23415
15051	3	14407
11256	2	11336
12504	2	11541
20964	0	20911
16647	4	16507
24249	0	24226
20248	0	20216
16246	0	16145
24164	0	24119
21966	0	21936
11767	0	11764
11998	0	11985
16324	0	16323
11905	0	11888
21100	2	11554
16462	0	16447
12167	1	12353
22572	0	11251
14488	3	12391
16523	2	16527
17093	1	17092
20948	0	20915
20231	0	20216
21580	0	21564
21949	0	21936
18251	4	17786
14229	4	13801
13503	1	13521
21348	0	21312
22362	0	22288
16528	2	16522
16867	1	16866
11442	0	11412
20725	3	13047
22659	1	22763
17869	1	17891
12086	0	11985
24376	0	23652
15969	1	15989
21379	0	21304
21564	2	11663
21563	0	21564
15053	2	11543
16454	0	16447
12732	3	12742
21331	0	21312
20917	2	11331
11316	3	17525
17811	1	17828
20217	2	11511
23918	1	23955
19687	2	13786
16184	1	16241
12841	1	12866
12178	0	11984
19458	1	19457
12069	0	11985
21362	0	21304
18440	0	15053
16866	4	16507
19450	4	18631
21970	1	22061
21314	0	21312
24345	2	20074
17473	2	17494
21131	3	14406
18413	0	18389
20923	0	20915
20367	2	19324
21936	2	11551
13694	0	13619
12832	1	12856
20901	0	20909
22201	2	11523
23353	2	11549
19983	2	11325
14675	0	14669
22854	1	22855
11613	3	13001
21345	0	21304
18423	0	15053
15053	3	11340
15774	1	15782
15285	0	15266
24350	0	24345
22312	1	22338
22165	0	22147
14627	0	14452
21634	0	21564
19686	2	19719
16853	0	16507
12473	0	12471
11573	2	11589
16731	0	16507
11280	0	11257
18501	0	18389
19315	0	18631
18843	1	19124
16504	2	12940
11179	3	13014
22148	0	22147
12023	0	11983
14634	4	14452
20710	2	11678
24016	0	23986
18184	4	18149
17511	0	17503
12905	0	12891
23986	2	11589
16016	0	16014
15373	0	15266
24079	1	24087
24165	0	24209
14487	3	12392
22157	0	22147
20355	2	11365
17239	1	17238
13050	2	11327
17786	3	13881
18484	0	18389
11263	0	11257
15856	0	15857
17684	2	17710
14338	0	14326
21167	2	11323
13158	0	12733
22580	1	22613
18200	4	18273
14921	0	14922
17042	4	16507
13281	2	13396
12006	0	11983
11775	0	11762
15672	3	15700
24074	2	24071
16819	0	16507
20842	2	13065
23064	0	22630
24073	3	24067
22585	0	22562
20712	2	11190
15356	0	15266
11764	2	11356
11624	0	11623
23546	0	23524
11539	1	11562
20934	0	20921
14952	0	14914
19771	0	19689
12111	0	11983
12504	2	11354
14944	0	14924
16924	0	16507
11756	4	11412
20437	1	20536
11989	0	11983
19995	0	19981
20014	4	19983
21787	0	21720
22568	0	22562
18268	1	18267
14450	1	14456
15799	1	15804
11526	2	11556
12047	1	12247
11919	3	20726
18713	1	18712
14935	0	14914
19754	0	19689
12094	0	11983
18634	0	18631
20882	0	20884
16907	0	16507
11739	4	11412
23538	0	23524
22203	3	11340
14780	1	14779
17277	1	17293
13052	2	11903
15225	1	15224
18064	1	18063
15592	0	15266
21344	0	21305
11634	1	11649
12077	0	11983
13909	1	13949
21198	1	21248
16504	2	11330
11722	4	11412
12995	3	13024
20931	0	20913
15053	2	14739
20711	2	11613
13900	1	13939
12694	1	12713
21327	0	21305
19881	0	19869
11187	3	13036
15717	2	18666
17472	2	17482
16209	3	13036
18406	0	17361
17361	2	11518
15970	2	11517
21360	1	21435
20883	2	11518
16159	0	16243
21936	2	11364
18705	0	18631
16445	2	11364
11714	4	11412
15674	2	11678
20125	0	20081
22201	2	11336
22230	3	13976
13160	0	12504
22928	0	22630
22587	0	22558
12792	4	12504
18775	1	19055
12842	1	12865
14363	0	14324
15854	1	15865
12484	2	11325
12031	0	11981
20108	0	20081
11254	2	11325
13143	0	12504
20750	0	20741
22570	0	22558
22479	0	11256
11573	2	11402
23052	1	23145
14346	0	14324
21302	0	21305
16509	1	16516
15646	0	15266
17348	2	13330
11579	0	11412
15351	1	15504
16411	2	11364
19689	2	11367
20849	0	20843
18874	1	19154
20841	2	11336
16549	1	16548
20403	0	20367
17747	1	17784
16542	4	16507
24160	1	24201
21812	0	21718
22894	0	22630
11534	0	11529
14934	0	14915
21730	0	21720
14329	0	14324
15678	0	15672
18393	2	17361
11476	2	11515
17116	4	16507
20203	0	19983
21555	2	12889
11324	3	13038
19935	0	19869
23794	0	23743
16451	3	16499
18473	0	15070
13128	3	13038
23415	2	11520
14408	0	14327
20386	0	20367
21795	0	21718
14772	0	14452
21708	2	20990
20604	2	12728
12879	2	11245
22316	0	22230
17267	1	17284
18441	0	18390
14517	2	13059
18409	0	17361
18456	0	15070
20369	0	20367
22309	0	22301
20856	0	20906
24147	0	24119
20880	3	11340
13379	2	11237
21778	0	21718
21167	2	13364
12168	0	11983
20854	1	20871
17868	0	17841
16981	0	16507
17082	4	16507
20912	2	11336
22630	2	13056
18424	0	18390
13527	2	11584
17365	2	11367
23760	0	23743
21272	2	13364
18392	0	17361
24130	0	24119
21312	2	11323
23336	4	22630
12982	1	12985
12151	0	11983
11190	3	13012
21357	0	21309
23678	0	17712
14553	0	14514
21210	0	21164
17851	0	17841
23865	0	23743
24074	2	11186
19889	0	19867
18497	0	17361
24263	0	24227
11527	2	11555
15952	2	11518
23767	4	23743
20412	1	20517
11674	3	21545
14357	0	14327
17074	4	16507
23689	0	15717
12078	0	11985
15222	0	15053
11173	3	21118
11252	2	11512
11467	4	11449
15611	4	15266
20968	0	20841
23661	0	17712
14536	0	14514
21193	0	21164
24209	2	11551
18431	0	15070
19872	0	19867
20602	2	12545
18480	0	17361
16921	1	16920
20927	0	20906
11761	2	11864
24246	0	24227
14345	0	14325
13065	3	13036
12143	0	11983
23750	4	23743
17740	0	17713
23201	0	22630
17754	0	17729
13050	2	11408
20227	0	15053
13053	2	11517
16331	2	11520
24351	0	24227
14519	0	14514
21176	0	21164
21165	3	11339
14187	4	13801
23345	2	11364
18463	0	17361
17361	2	11681
24229	0	24227
14328	0	14325
11979	3	15698
12126	0	11983
21328	0	21304
20217	2	13365
18762	0	18631
20741	2	19681
17737	0	17729
21688	2	21715
11266	0	11252
15172	4	15051
20907	2	11394
22356	1	22372
11240	3	13048
11480	0	11476
17950	1	17949
23838	4	23743
23289	0	22630
17502	2	12482
21554	2	11352
18343	2	11607
16145	2	13396
18745	0	18631
21636	1	21678
20477	0	20367
12170	1	12356
24013	1	24048
14947	0	14919
11552	3	12933
11903	3	21562
18850	0	18631
16047	1	16082
21061	3	21097
15159	0	15051
11254	3	11339
23460	0	23413
18208	4	18063
20946	0	20902
15178	4	15053
20460	0	20367
11535	0	11531
20719	1	20723
13551	2	11551
24345	2	11324
22662	1	22766
17499	2	11185
11517	3	18382
23971	0	23887
11741	0	11412
11699	1	11698
18833	0	18631
23443	0	23413
18343	3	18382
21606	0	21599
20929	0	20902
18432	0	18388
12984	0	12881
15060	0	15053
20443	0	20367
13151	1	13190
17569	0	17548
21708	2	11354
15247	0	15051
21339	0	21310
16030	0	16015
11182	3	21551
19569	4	19547
20846	2	20919
13478	0	13550
11344	2	11179
17562	1	17619
24271	0	24225
19983	2	20079
20426	0	20367
20738	0	20710
14108	1	14107
18747	1	19028
21322	0	21310
23652	3	18382
11707	0	11412
16013	0	16015
11478	1	11494
23929	0	23897
18481	0	18390
18057	4	18058
18322	1	18321
12504	3	13029
22315	1	22341
15952	2	11331
11979	3	16316
11588	3	18382
11247	3	21118
24227	2	24224
15213	0	15051
23356	0	23348
22230	2	11903
18505	0	15070
20418	0	20367
11252	2	11325
24260	1	24308
12440	1	12466
14486	3	11522
18464	0	18390
24209	2	11364
20083	2	15896
11471	4	11432
19653	1	19665
14986	2	15046
24474	2	11336
14629	1	14628
11365	3	13024
20776	2	11237
14706	1	14756
17924	0	17786
23343	1	23342
11331	3	13048
18488	0	15070
12439	0	11985
11178	3	13005
11488	0	11474
17236	4	16507
21270	2	11331
11175	3	19662
17361	3	11904
24077	2	24074
17990	1	17989
20608	2	14484
18435	0	18388
12422	0	11985
14929	0	14920
21128	2	21159
22303	3	12394
15930	1	15941
19887	1	19907
20636	2	11334
22288	2	11520
16247	1	16279
18418	0	18388
23657	2	18666
13281	2	11546
16339	0	13619
16412	2	11404
23828	4	23868
19653	0	19547
17202	4	16507
13051	2	11551
20892	0	20846
13054	2	12824
17363	2	11356
20943	1	21023
18180	4	18004
21063	3	11189
23911	1	23949
14943	0	14912
19464	1	19463
23679	0	23651
11412	2	11554
13475	0	13470
22170	0	22146
17689	2	11509
17358	3	11340
23811	4	23868
23604	2	11607
23329	0	22630
17805	0	17786
11356	3	19914
19755	1	19815
22707	1	22812
18506	0	18388
14926	0	14912
24080	0	24076
22518	2	11239
20196	2	11243
17500	2	11409
20635	2	11407
13903	1	13942
20603	2	15131
15053	2	11600
21210	0	16118
15251	1	15259
18489	0	18388
19547	2	11183
15755	4	15719
21363	1	21438
20963	0	20846
21193	0	16118
20956	0	20917
15759	0	15719
18778	1	19058
11519	3	18613
21130	2	21155
17277	0	17261
11665	3	11557
15738	4	15719
23814	1	23813
20197	0	20195
15210	4	15053
21176	0	16118
24272	0	24224
13383	1	13389
16160	0	16144
22573	0	22561
22879	1	22878
18127	1	18125
20116	0	20079
20857	0	20919
20846	2	17483
16339	0	16331
14739	3	13046
20934	0	20844
20633	2	12388
21787	1	21895
20970	0	20909
23647	4	23632
14354	0	14322
19391	1	19390
13698	0	13619
16143	0	16144
22518	2	15106
20679	2	12682
14937	0	14918
15725	0	15719
11425	1	11424
14452	2	14517
20099	0	20079
13701	1	13785
12735	2	12622
19596	0	19547
16468	0	16445
22449	1	22448
11240	3	22123
23418	2	11523
19983	2	11516
13681	0	13619
17390	0	17385
18390	3	18616
19680	2	11365
20082	0	20079
23455	0	23418
12732	2	11903
20731	3	13045
17270	1	17287
20941	0	20907
11489	0	11473
24345	3	24408
24079	0	24077
15988	0	15972
20742	2	11403
20715	2	11356
18226	4	18121
23371	2	15103
18026	1	18025
18728	0	18631
20917	2	17483
16444	3	11337
14533	0	14515
11515	3	15699
23438	0	23418
11764	2	11763
21685	2	11173
13051	2	11364
18427	0	18393
20924	0	20907
23805	4	23804
12687	1	12707
11552	3	19914
15263	2	11515
16243	2	16302
23371	3	23410
21213	0	21167
14516	0	14515
14325	3	13460
16451	2	11549
18410	0	18393
13235	1	13277
20415	1	20520
20911	2	11324
20859	0	20915
19773	1	19833
20906	2	11679
14539	0	14517
21196	0	21167
15844	4	15812
19875	0	19870
19889	1	19932
20964	0	20915
16146	0	16144
12433	0	11983
13051	3	13413
18166	0	17786
21037	0	20846
13395	3	15697
20253	0	20215
14522	0	14517
16462	0	16451
12069	1	12265
21068	0	21063
12029	0	11981
20948	0	20919
23988	1	24024
20801	0	20774
20742	2	16209
22555	2	13395
12940	3	16318
22230	2	11179
23457	0	23414
16451	2	11683
17503	2	17531
18051	4	17786
18446	0	18389
18823	1	19104
16528	2	16526
15862	0	15855
23413	2	11365
22027	1	22118
20236	0	20215
13332	2	11600
13806	0	13801
13214	2	11184
21165	2	11331
20784	0	20774
12827	2	12875
19689	2	19934
18429	0	18389
20712	2	20725
20259	0	20217
12117	0	11981
18895	1	19175
17260	1	17278
18676	4	18631
17670	0	17667
18139	4	17786
23463	0	23416
18221	4	18313
14452	3	11522
23897	2	11182
18412	0	18389
15658	1	15657
18413	0	18393
12573	0	12504
12100	0	11981
15390	1	15543
20901	0	20913
21688	2	11355
22665	1	22769
21163	3	13877
21319	0	21311
21802	1	21929
14056	1	14055
22562	2	11364
19331	0	18631
21198	0	21163
20974	0	20844
23446	0	23416
20602	2	11179
21350	0	21303
21564	2	21600
20745	1	20758
15251	0	15115
13563	0	13551
15952	2	12380
11402	3	22123
18501	0	18393
15774	0	15719
12762	4	12504
16171	0	16142
11809	0	11763
13631	0	13281
20846	2	11364
11179	3	13018
21333	0	21303
23836	4	23834
18184	4	18153
13283	1	13307
16507	2	11363
12880	2	12622
15273	0	15265
11271	0	11251
21287	0	21167
20362	2	11681
11367	3	23600
13050	2	11331
24226	2	20674
20710	2	12621
18484	0	18393
17469	2	11396
15757	0	15719
13399	1	13406
17516	0	17502
16154	0	16142
11792	0	11763
17502	2	17532
21316	0	21303
15338	0	15263
16417	1	16432
24262	0	24223
11474	2	11389
22558	2	11678
12443	1	12469
21272	2	11327
21076	0	21061
19004	1	19284
14514	2	11613
18240	0	17786
23182	0	23178
24004	0	23985
21746	1	21856
12504	2	11358
23583	0	13619
15715	2	11678
16955	1	16953
21373	0	21311
15361	0	15265
19452	4	18631
23583	0	23418
12746	1	12745
20216	2	11516
23689	1	23731
11536	0	11525
14949	0	14923
12884	0	12880
13885	1	13890
15344	0	15265
21358	0	21167
23609	1	23619
20650	0	20636
15071	2	11613
14940	0	14913
22203	2	11873
18328	0	17786
13472	0	13471
14932	0	14923
11412	2	11664
13685	0	13281
20907	2	14484
23974	1	23979
21344	0	21309
15409	0	15263
14739	3	22121
16463	0	16450
22556	0	22561
15327	0	15265
21341	0	21167
18503	0	18389
12995	3	13028
23612	2	12820
12898	1	12918
11252	3	11339
21327	0	21309
15392	0	15263
11187	3	13040
12846	0	12504
16209	3	13040
18486	0	18389
14069	4	13801
12174	0	11981
17361	2	17349
18294	0	17786
16118	3	15701
13054	2	13068
19527	0	18631
20635	2	13395
15040	4	14986
17366	2	11517
19405	0	18631
15421	1	15573
17361	2	11872
13664	0	13619
19745	1	19806
17351	2	13524
18931	1	19211
21275	0	21272
20965	0	20842
18936	0	18631
18469	0	18389
17548	2	11870
21315	0	21304
11179	3	11542
21689	0	21685
22127	3	15700
12031	0	11985
19562	0	19547
11484	1	11500
11254	2	11329
16558	4	16507
15971	0	15972
13647	0	13619
14056	0	13801
14157	4	13801
14092	1	14091
18919	0	18631
15837	0	15812
13124	2	11173
13934	0	13801
14035	4	13801
20816	0	20774
17506	3	15697
12997	3	13015
14409	1	14429
18757	0	18746
19493	0	18631
16705	1	16704
19878	0	19686
12731	1	12741
13630	0	13619
12883	0	12881
20959	0	20920
17841	3	11340
13416	2	11350
14934	0	14919
14788	0	14452
17365	2	11237
13917	0	13801
17466	2	17483
20003	0	19983
15829	0	15812
24345	2	11515
17481	3	22123
24163	0	24119
19378	4	18631
14022	0	13801
20942	0	20920
14123	4	13801
12701	0	12504
23327	1	23326
13532	0	13281
18845	0	18746
12879	2	11249
16044	1	16110
16014	2	11247
11360	3	11366
18408	0	17361
21777	1	21886
20973	0	20912
20856	0	20910
14948	0	14911
20846	2	17727
17974	1	17973
18642	0	18630
23789	4	23820
22133	2	20768
20091	0	19983
11344	2	11370
22573	0	20711
16128	0	16119
22412	0	22392
20842	2	15110
14110	0	13801
12954	0	12881
19687	2	11188
11369	2	11336
18205	4	18061
12481	3	21118
22301	3	12394
14931	0	14911
14660	0	14452
18348	2	15896
24112	2	11336
15680	1	15709
18347	3	11522
20967	1	21009
24326	1	24332
15301	0	15266
15648	0	15266
18017	4	17786
15367	1	15520
18492	0	15070
20470	1	20560
19881	0	19686
20927	0	20910
11761	2	11868
11237	3	24065
15284	0	15266
18475	0	15070
20388	0	20367
15979	0	15970
16414	2	11903
14774	0	14452
21328	0	21308
19776	1	19836
16344	0	16330
15267	0	15266
20458	1	20555
17805	0	17843
11266	0	11256
16632	4	16507
24234	0	24226
21547	0	21554
11378	1	11410
18458	0	15070
12838	1	12862
24260	0	24223
14359	0	14321
14231	4	13801
11934	1	11959
23695	0	23653
21553	2	11325
16473	0	16444
11463	4	11414
13393	3	21562
20256	0	20218
14342	0	14321
14862	0	14452
11276	1	11303
23798	1	23797
12032	0	11984
15072	2	15108
13096	0	12504
11240	3	11308
16720	4	16507
16456	0	16444
14930	0	14912
16598	4	16507
20239	0	20218
14845	0	14452
15674	2	11979
11931	0	11927
14485	1	14497
22441	0	22392
24147	1	24188
13079	0	12504
11596	2	11601
11434	4	11412
12570	2	11238
24345	2	11678
19689	2	12823
12120	0	11984
20222	0	20218
21382	0	21308
19309	2	12729
19314	1	19319
24073	2	11552
11515	3	16211
16585	0	16507
24476	1	24480
20608	2	13065
21636	0	21564
11530	2	11356
19983	2	20083
19870	3	19914
24095	2	11173
15719	2	15796
12103	0	11984
21370	0	21306
21330	0	21304
14835	4	14452
20909	2	11394
11508	3	22294
11777	1	11829
17261	2	11544
21619	0	21564
14167	0	13801
12504	3	13033
21353	0	21306
20748	1	20761
16673	0	16507
24259	0	24224
20183	1	20191
11187	3	15699
18359	0	18343
20709	0	20712
12636	1	12654
15581	4	15266
22159	0	22144
18496	0	15053
12995	3	13004
18877	0	18746
11365	3	13028
23887	2	11334
15358	0	15266
13286	1	13310
17433	1	17434
18038	1	18036
11274	0	11254
15180	4	15053
14525	1	14609
24242	0	24224
15266	2	11331
20846	2	11608
13053	2	11334
11678	3	14506
18342	0	18343
11760	0	11762
20914	2	11365
21182	1	21232
18479	0	15053
15974	1	15992
21548	2	11517
23344	0	23347
18860	0	18746
21555	2	12385
14292	0	14280
15341	0	15266
20948	0	20842
20283	0	15053
13332	2	11173
19637	4	19567
17842	2	11607
14142	0	13801
20264	0	20216
14929	0	14924
23549	1	23577
17355	2	11394
19007	1	19287
12736	2	11325
12014	0	11985
18965	0	18746
19521	1	19520
12737	3	12742
18843	0	18746
22427	0	22392
15324	0	15266
23468	0	23415
20058	2	12682
19739	0	19689
12504	2	11602
20680	2	12674
13281	2	11550
11798	1	11884
20247	0	20216
16892	0	16507
11997	0	11985
18948	0	18746
14925	1	14955
22532	0	22392
21685	2	11364
13051	2	11555
11314	3	11308
16794	4	16507
20843	2	17460
15307	0	15266
12909	0	12504
23537	0	23526
14943	0	14916
23353	2	23369
14485	0	14489
19415	1	19414
12504	2	12891
20910	2	11679
16875	0	16507
11980	0	11985
18931	0	18746
20923	0	20842
14450	0	14452
21732	1	21838
22515	0	22392
15412	0	15266
17515	0	17466
20384	1	20494
11525	2	11548
14244	1	14243
13281	3	13414
20911	2	11515
22660	0	22630
14926	0	14916
11814	0	11762
14555	0	14452
11763	2	11677
16892	1	16893
23216	0	23179
20715	2	11681
16857	1	16856
21311	2	11323
13533	1	13543
19968	1	19979
16659	0	16507
24073	2	11365
24098	1	24106
22434	4	11256
15875	0	15876
13498	0	13281
14489	3	14505
14538	0	14452
22556	0	20711
14532	1	14600
23009	0	22630
13619	2	13882
11531	2	11550
13138	1	13177
20956	0	20921
16358	0	13619
11530	2	11519
14521	0	14452
21692	0	21688
17348	2	11350
11527	2	11185
11634	0	11621
11356	3	13047
22992	0	22630
22590	0	22562
22421	0	11256
16444	2	11356
19991	1	19990
16341	0	13619
22844	1	22845
11887	2	11900
20116	0	20083
23352	0	23345
20024	4	19981
22578	0	22560
19983	2	12675
15070	3	13276
22879	0	22630
13829	1	13866
20970	0	20913
22302	1	22328
18939	1	19218
14354	0	14326
14945	0	14912
22518	2	15110
21310	2	13274
21307	1	21390
14937	0	14922
20099	0	20083
20887	0	20884
24015	0	23986
12427	1	12453
20371	0	20367
13914	1	13952
16468	0	16449
20079	2	13799
12562	2	11350
12570	2	12824
14928	0	14912
12948	1	12965
14920	2	11585
11257	3	11338
20270	1	20337
22967	0	22630
20082	0	20083
21165	3	21118
23999	1	24036
17229	1	17228
23542	0	23415
20941	0	20911
19990	4	19981
21803	0	21720
11763	2	11356
14925	0	14917
14493	0	14487
20374	1	20485
17665	2	17679
13281	2	11363
22007	1	22098
16806	4	16507
22950	0	22630
22317	0	22303
21786	0	21720
20924	0	20911
23525	0	23415
15761	0	15719
17364	0	17368
12132	1	12415
17172	4	16507
15927	3	17529
22900	1	22899
16358	0	16331
11984	2	11664
13551	2	11181
22300	0	22303
14287	0	13801
18471	0	18393
21769	0	21720
11342	2	11354
20608	2	11402
11677	3	21552
17155	4	16507
21318	1	21396
20859	0	20919
16341	0	16331
15370	1	15523
22940	4	22630
15715	3	11340
15215	1	15214
19884	0	19689
22014	0	21936
20964	0	20919
18454	0	18393
12737	2	11683
15727	0	15719
11624	1	11639
17037	0	16507
17138	4	16507
12142	0	11985
19983	2	16326
22238	0	22228
19880	0	19869
14344	1	14384
14989	1	14988
23021	0	22630
18448	0	17361
20854	0	20843
21555	3	21551
22923	4	22630
21997	0	21936
19547	2	11350
12029	0	11985
17589	1	17646
20124	0	20081
23457	0	23418
13552	0	13549
11490	0	11412
18446	0	18393
22495	0	11256
21723	0	21718
13214	2	11188
11937	1	11962
12729	3	17529
18436	1	18547
23698	0	23656
21980	0	21936
15952	2	11900
18405	0	15072
24268	0	24221
18429	0	18393
22862	1	22863
20935	0	20914
20861	0	20906
12117	0	11985
24406	0	24345
23545	0	13619
17497	2	11365
23545	0	23418
21936	2	13064
14558	0	14517
24251	0	24221
20710	2	11552
11365	3	13004
23789	4	23743
14793	4	14452
18412	0	18393
18631	2	11509
19938	0	19689
11675	2	11519
24389	0	24345
12100	0	11985
12161	0	11981
23528	0	13619
11331	3	13028
24390	0	23652
21554	2	12889
23528	0	23418
18417	0	18388
24119	2	11188
11613	3	13009
11906	2	11925
15146	4	15053
18502	0	17361
14541	0	14517
21198	0	21167
21794	0	21718
13429	0	13416
19983	2	11683
22562	3	11189
14706	0	14669
18801	0	18631
17002	4	16507
20089	0	19983
24223	2	11336
15289	0	15265
19983	2	12622
23024	0	22630
18400	0	18388
23776	0	23743
16264	0	16243
14685	1	14724
24381	0	24345
22308	0	22301
17532	3	15700
13568	0	13550
14689	0	14669
11179	3	13022
18784	0	18631
16985	4	16507
15272	0	15265
11993	1	12201
12803	0	12802
23007	0	22630
20278	0	20217
24364	0	24345
13074	1	13082
12054	0	11983
17516	0	17506
14672	0	14669
23677	0	17712
16968	4	16507
11179	3	20727
24262	0	24227
20261	0	20217
12527	0	12503
23929	1	23966
12639	1	12657
18955	1	19235
23217	0	22630
15401	1	15553
23318	4	22630
23688	0	15717
12037	0	11983
19547	2	19673
23660	0	17712
13789	3	13782
22229	0	22226
20968	0	20902
23465	0	23416
12893	2	12940
13052	2	13066
15786	2	11356
20960	0	20912
24245	0	24227
11536	0	11529
22725	1	22829
20244	0	20217
12510	0	12503
21720	2	11511
17056	4	16507
23200	0	22630
12020	0	11983
23671	0	15717
14490	1	14496
21470	3	19914
20842	2	11329
22143	2	11356
14072	1	14071
11178	3	15697
16911	1	16910
18631	2	11188
21064	0	21060
23078	0	22630
13796	2	11365
12052	1	12250
13402	0	13051
20604	2	11179
14940	0	14917
23178	3	15736
17446	0	17438
22288	3	12394
23346	2	11678
12125	0	11983
16685	1	16684
14820	1	14819
18805	1	19085
23183	0	22630
20009	0	19981
11265	0	11252
11242	3	17327
11479	0	11476
17786	3	11340
18237	4	18126
17492	2	11183
12190	0	11981
18393	3	18615
12108	0	11983
15287	1	15441
18393	2	18390
20195	2	16022
11652	0	11412
11317	3	12475
11187	3	13044
15154	4	15051
12484	2	12488
20710	2	11365
12174	0	11985
17361	2	17353
18631	2	11322
21358	0	21305
15380	0	15265
20362	2	11364
19677	2	13330
18409	0	18390
14483	3	22294
17845	1	17908
23779	4	23868
23415	2	11394
21315	0	21308
20079	2	11331
21771	1	21879
21341	0	21305
15363	0	15265
21377	0	21167
17869	0	17786
11254	2	11333
18474	0	18388
13536	1	13546
16144	2	16210
22210	0	22201
18392	0	18390
11473	2	11405
17157	0	16507
17568	0	17548
15988	0	15952
11723	0	11412
12997	3	13019
16029	0	16015
15346	0	15265
17523	0	17473
21360	0	21167
18497	0	18390
17262	0	16507
17373	0	17365
21720	2	11190
13141	1	13180
19696	0	19687
21476	1	21491
15855	2	11173
19685	2	11555
12019	0	11984
22589	1	22620
17507	0	17504
20920	2	11903
16451	2	11179
22259	0	22230
11256	2	13064
12432	0	11983
22203	2	11556
24161	0	24210
15329	0	15265
18480	0	18390
17245	0	16507
14334	0	14327
21386	0	21308
20234	0	19983
12002	0	11984
24345	3	11340
22364	0	22230
17844	0	17786
23635	0	23622
24474	3	24481
12504	2	11175
20903	2	11903
11251	2	11325
13832	1	13869
19701	1	19718
18463	0	18390
20973	0	20916
14948	0	14915
17363	2	17349
11667	3	16205
14455	0	14451
12430	1	12456
19678	2	19681
14422	0	14327
14931	0	14915
12090	0	11984
20810	0	20775
16507	2	11664
17729	2	11674
18347	2	13395
17361	2	11555
23333	1	23332
20273	1	20340
23778	1	23777
19973	1	19978
21936	2	11401
19555	1	19553
21963	0	21936
22323	0	22301
15952	2	11526
18850	1	19131
17571	0	17548
11456	0	11412
19547	2	19620
17980	1	17979
22569	0	11251
19026	0	18631
23356	1	23364
18389	3	18608
20927	0	20914
18841	1	19121
17843	3	11340
20740	0	20710
15253	0	15053
24119	2	19324
17554	0	17548
19652	0	19547
19877	0	19870
23877	1	23876
20891	0	20846
18391	3	13044
16028	1	16073
22287	2	11325
13630	1	13712
19009	0	18631
15075	0	15071
11412	2	11615
15236	0	15053
20956	0	20844
17357	3	11340
21328	0	21312
18847	0	18746
14524	0	14517
21181	0	21167
24382	0	24227
16170	0	16142
21207	0	21164
14550	0	14514
11551	3	21262
17688	0	17684
15373	1	15526
11676	3	18382
11182	3	23519
19704	0	19685
23695	0	23657
11627	1	11642
20602	2	15131
11444	1	11443
18466	1	18621
21209	0	16118
19618	0	19547
22392	2	13395
18830	0	18746
14347	1	14387
20746	0	20742
21079	0	21060
16153	0	16142
24365	0	24227
20367	2	20597
22566	0	22559
22301	2	11317
14342	0	14325
18036	4	17786
17592	1	17649
11515	3	13048
21192	0	16118
12629	1	12646
20963	0	20907
14669	2	11394
14930	0	14916
20916	2	20992
15718	0	15717
11983	3	12391
16421	0	16411
24227	3	16214
13052	2	11403
13397	0	13281
11940	1	11965
18439	1	18550
21685	2	21704
21507	2	12482
18918	0	18746
22157	0	15715
22558	2	17724
18019	4	17786
21206	1	21256
16447	3	16500
16445	2	12608
11596	2	11605
14922	2	14983
22518	2	13878
20889	1	20897
20715	2	20732
23666	0	23652
15715	2	17724
22555	2	11549
12735	2	11394
23448	0	23416
13380	0	13281
16040	1	16107
15173	0	15051
21382	0	21312
18437	0	18391
20934	0	20905
20227	0	20217
11679	3	19914
12003	0	11983
17365	2	11188
21370	0	21310
18006	0	17786
18107	4	17786
20916	2	11327
23431	0	23416
13395	3	13046
12735	2	12683
17847	2	11903
18420	0	18391
24144	0	17361
11654	2	11243
17583	0	17548
12504	3	13037
12147	0	11984
19870	2	11183
21353	0	21310
18090	4	17786
21206	0	21165
20686	0	20681
19600	1	19599
20859	0	20842
18403	0	18391
14474	0	14476
12740	2	11365
20711	2	11247
21603	1	21645
18359	0	18347
12524	0	12504
21304	2	11336
18094	0	17786
18344	2	11355
12995	3	13008
22288	2	11394
15244	0	15051
20964	0	20842
17972	0	17786
11316	3	17322
14532	0	14515
21189	0	21165
20776	2	11245
12629	0	12504
22164	0	22143
15952	2	16011
12139	0	11984
15051	2	15052
11187	3	13020
18342	0	18347
19867	3	19910
18077	0	17786
23344	0	23351
11279	0	11253
17684	3	13461
16344	1	16372
16144	2	11514
15072	2	11758
21172	0	21165
20948	0	20846
12612	0	12504
12837	0	12827
12122	0	11984
11623	2	11510
21324	0	21305
23932	1	23969
18958	1	19238
14951	0	14920
16633	1	16632
19394	4	18631
11262	0	11253
24230	0	24223
23553	0	23526
22134	1	22137
18429	1	18541
12045	0	11981
19763	1	19823
22728	1	22832
20122	0	20081
12105	0	11984
11239	3	23519
21307	0	21305
21343	0	21167
22557	2	11670
13214	2	12989
21102	0	21100
18758	1	19039
22868	1	22869
12700	0	12504
16023	3	13038
20252	0	20215
19685	2	11181
14943	0	14920
23179	2	15045
12028	0	11981
12504	2	12895
18992	0	18746
20923	0	20846
15312	0	15265
21326	0	21167
13050	3	13069
23456	0	23414
20689	0	20681
14274	0	13801
20235	0	20215
13805	0	13801
17694	1	17703
14926	0	14920
12622	3	16515
12011	0	11981
18668	0	18631
15115	2	12619
23439	0	23414
22017	1	22108
21602	0	21600
23221	0	23178
11680	3	14506
11473	2	11515
24210	2	17495
15772	1	15779
12605	3	16515
13556	0	13549
18494	0	18391
21792	0	21718
17370	0	17366
21286	0	21269
11531	2	11554
11256	2	12824
21507	3	21514
11802	0	11761
23650	0	23654
23204	0	23178
21318	0	21311
22561	2	11364
22306	0	22301
18477	0	18391
11665	2	11313
15862	1	15871
11785	0	11761
11470	4	11428
23187	0	23178
11181	3	24125
15874	2	11324
15072	3	18613
18269	4	17786
17865	1	17917
23352	0	23349
22578	0	22564
13801	2	11364
23656	2	11331
18460	0	18391
20970	0	20917
14995	0	14986
18197	4	18041
21332	0	21303
19431	1	19430
15354	0	15263
13055	2	11408
15195	1	15194
15414	0	15266
17517	0	17466
18034	1	18033
24238	0	24221
17754	0	17713
18443	0	18391
24020	0	23985
14557	0	14452
14658	4	14452
20807	0	20776
14078	1	14077
18134	0	17786
21044	2	11327
15337	0	15263
19468	4	18631
20958	0	20912
12791	0	12504
14933	0	14911
12982	0	12878
17870	0	17842
14662	0	14452
19704	1	19721
12486	0	12497
13500	0	13281
24003	0	23985
18813	0	18746
14540	0	14452
13416	3	17461
20113	0	20079
13596	0	13281
24348	0	24227
20931	0	20844
15320	0	15263
11515	3	22123
15072	2	13799
11890	1	11895
23536	1	23564
18414	0	18389
15280	1	15435
14645	0	14452
24133	1	24176
18796	0	18746
14523	0	14452
18768	1	19048
14554	0	14669
15303	0	15263
19333	0	18631
19434	4	18631
14078	0	13801
12757	0	12504
14939	0	14913
24351	0	24345
12948	0	12878
19686	2	11758
18397	0	18389
15815	1	15814
11621	2	11365
18779	0	18746
20606	2	11678
20613	1	20625
22230	2	11403
21574	1	21587
15672	2	13395
20120	1	20161
19701	0	19686
23359	1	23367
23658	0	23652
11357	3	19910
15715	2	11873
15295	0	15263
20711	2	11678
13801	3	13897
24081	0	24072
19522	4	18631
14530	0	14515
12845	0	12504
12504	2	11903
18485	0	18389
16322	3	16316
11531	2	11367
11762	2	11588
13554	0	13281
12034	1	12236
15139	0	15051
11403	3	16211
11530	2	11336
21167	3	21118
24085	1	24093
21099	0	21063
24225	2	11523
17063	1	17062
14051	4	13801
15896	3	22122
17416	4	17386
13828	0	13801
18466	0	15072
17869	0	17843
24268	0	24225
12804	2	11517
20267	0	20215
22515	1	22514
20861	0	20910
15717	2	11510
20681	2	17483
20636	2	20633
20112	0	20080
21580	0	13416
21522	2	11356
20815	0	20774
13214	2	12481
21936	2	13068
23926	0	23897
11364	3	21262
18344	2	11331
20966	0	20910
18449	0	15072
24251	0	24225
21167	3	13897
22142	1	22173
11365	3	13008
21065	0	21063
11164	0	11161
21710	1	21713
17729	2	11247
12161	0	11985
11331	3	13032
12504	2	12387
20095	0	20080
16688	4	16507
20798	0	20774
17842	2	11237
22705	1	22809
16464	0	16446
20080	2	15896
19935	0	19934
14515	3	14597
23349	2	11331
12503	2	12541
14837	4	14452
20913	2	11678
11240	3	22294
21167	2	11551
11330	3	17323
18441	0	15072
20605	2	11679
17844	0	17843
20969	1	21028
12878	2	11249
11890	0	11887
11485	0	11474
24227	2	11510
11186	3	24067
13054	2	11519
24119	2	12481
12088	0	11984
20884	2	11518
20257	1	20324
22016	1	22107
22263	0	22230
22416	4	22392
18424	0	15072
16553	0	16507
12803	0	12806
20710	3	13046
16172	1	16224
13662	0	13281
23613	0	23606
13796	2	11235
14702	0	14452
11588	3	20728
15664	0	15266
11683	3	21267
24270	0	24221
23654	2	18666
20751	0	20741
21134	0	21129
14294	0	14280
21606	1	21648
17385	2	11900
12568	0	12570
13645	0	13281
12910	0	12895
20221	0	19983
11510	3	17322
23413	2	11402
23817	1	23816
22504	4	22392
16641	0	16507
16412	2	13616
11259	0	11254
19547	2	19677
22229	0	22230
14240	0	13801
20968	0	20906
24253	0	24221
17503	3	15699
19880	0	19686
13535	0	13379
20960	0	20916
24474	2	11588
14790	0	14452
22301	2	11240
13281	2	11664
13628	0	13281
20204	0	19983
22632	1	22736
15357	1	15510
13678	1	13761
20249	0	20216
16247	0	16145
13792	3	19910
16323	2	11242
24225	2	11336
23453	0	23415
19475	1	19474
14489	3	12391
18442	0	18390
11265	0	11256
11543	3	13782
20232	0	20216
24148	0	24119
14206	0	13801
17348	2	11330
17576	1	17633
18631	2	12481
22125	3	13038
19766	1	19826
22731	1	22835
21943	1	22034
15717	2	11323
20780	0	20775
12894	0	12504
23436	0	23415
16472	0	16444
18425	0	18390
16614	4	16507
11670	3	12475
24131	0	24119
22266	0	22254
12484	2	12492
22557	2	11914
21375	0	21306
15397	0	15266
23541	0	23415
15423	0	15263
11675	2	11336
20570	3	15700
17852	0	17841
12877	0	12504
23419	0	23415
17368	2	13882
22645	0	22630
18408	0	18390
18110	1	18109
19021	0	18746
24095	2	14483
23201	0	23179
23690	0	15717
21315	0	21312
20079	2	11335
12982	0	12504
20245	0	15053
13238	1	13269
22558	2	11365
21194	0	21164
21167	2	11364
13695	0	13619
14205	4	13801
12757	1	12756
17473	2	15575
21167	2	21163
19004	0	18746
11177	3	24065
13242	0	13214
22724	0	22630
12737	2	11179
21346	0	21304
15715	2	11365
11681	3	16316
23673	0	15717
17755	0	17729
21272	2	11364
12997	3	13023
20228	0	15053
24072	2	11552
13678	0	13619
23389	1	23409
21635	0	21564
16025	1	16071
11161	2	11237
11805	0	11764
13225	0	13214
23022	1	23115
21329	0	21304
20355	2	11190
18407	0	15053
17738	0	17729
12948	0	12504
11267	0	11252
20908	2	11394
11256	2	13068
22716	0	22630
13661	0	13619
14070	0	13801
14171	4	13801
21618	0	21564
19941	1	19953
23857	1	23856
15347	1	15501
11788	0	11764
16938	4	16507
21386	0	21312
16017	0	16014
24166	0	24209
16337	1	16366
20464	1	20557
19507	0	18631
11251	2	11329
22699	0	22630
13644	0	13619
20973	0	20920
24000	0	23986
21601	0	21564
21564	2	11517
11256	2	11324
21369	0	21312
23887	2	11395
23461	0	23413
22265	1	22282
20633	2	16023
19769	1	19829
20217	2	11365
11791	1	11882
15051	2	15109
11990	0	11983
13796	2	11182
22677	1	22782
18898	1	19178
18478	0	15053
16803	0	16507
16904	4	16507
21554	2	12385
21720	2	11678
22443	0	22392
23652	3	24408
23530	0	23524
20961	0	20915
20948	0	20903
14936	0	14914
20444	0	20367
11519	3	12933
18461	0	15053
16887	4	16507
19547	2	19624
22630	2	11324
16459	0	16451
15323	0	15266
18499	0	18390
12810	2	11923
11519	3	16316
20944	0	20915
19738	0	19689
19698	0	19687
18389	3	18612
15857	2	11173
15283	1	15438
19689	2	19918
24136	1	24179
20774	2	11523
22230	2	22251
16769	0	16507
13054	2	12889
18482	0	18390
22287	2	11329
23438	1	23491
14158	1	14157
17473	2	17482
21046	0	13050
17531	3	15700
23637	0	23622
17362	2	11518
20923	0	20903
15080	0	15070
21577	1	21590
18465	0	18390
15788	0	15786
19704	0	19689
18436	0	15053
19361	1	19360
21212	0	21163
19891	1	19912
20732	3	15700
15857	3	13976
22583	0	22560
18672	2	11178
24265	0	24226
12440	0	11985
21982	0	21936
20972	0	20921
24072	2	11365
13533	0	13379
21528	0	21470
22419	1	22418
20812	0	20775
13144	0	12504
21195	0	21163
15281	0	15266
12776	4	12504
12161	1	12347
20963	0	20911
24017	1	24051
24248	0	24226
14347	0	14324
22891	4	22630
11179	3	13002
21965	0	21936
20955	0	20921
20710	2	11666
14930	0	14920
21553	2	12622
11344	2	11407
16163	1	16193
15905	0	15898
15201	1	15200
18040	1	18039
20795	0	20775
11458	0	11412
16461	0	16447
16323	2	11673
19940	0	19689
18236	4	18123
14330	0	14324
11469	4	11424
20938	0	20921
23666	0	23656
20633	2	11514
22361	0	22288
18723	4	18686
20778	0	20775
13110	0	12504
20742	2	11334
11586	3	21562
20904	2	20991
19697	1	19715
14944	0	14912
11161	2	11184
21387	0	21311
20098	0	20083
21073	0	21061
23903	1	23939
16467	0	16449
17370	1	17378
23418	2	11588
12504	3	13041
11256	3	11338
19669	3	19662
17695	1	17706
23862	4	23743
11240	3	12739
12082	1	12397
14363	1	14403
20859	0	20846
21762	0	21718
11474	2	11507
20605	2	11923
20260	1	20327
12995	3	13012
24002	1	24038
20606	2	12540
20964	0	20846
23744	0	23743
22949	0	22630
11985	2	11981
13469	0	13471
17028	1	17029
23352	1	23361
22164	0	22147
21745	0	21718
15952	2	16015
16993	1	16992
11187	3	13024
16953	4	16507
19867	3	19914
14538	1	14602
21997	1	22088
19873	0	19867
12472	0	12471
20847	0	20841
14452	2	11683
11279	0	11257
18103	4	18104
14537	1	14571
20841	2	11190
16024	1	16070
23456	1	23509
15319	1	15474
17874	0	17842
24273	0	24224
13626	1	13709
16445	2	11352
21131	2	21152
17058	4	16507
22890	1	22889
15595	4	15266
11329	3	20673
21324	0	21309
21470	2	21496
18415	0	15070
14951	0	14924
11262	0	11257
14880	1	14879
24230	0	24227
20229	0	20217
20110	1	20150
20218	2	13365
12736	2	11683
12045	0	11985
23691	0	23654
12005	0	11983
21307	0	21309
15628	1	15627
22237	0	22228
23358	0	23347
18398	0	15070
16443	1	16475
20030	4	19983
12736	2	12622
18447	0	17361
16469	0	16445
21554	3	21551
18262	1	18261
12110	0	11983
19689	2	13799
21560	1	21561
19689	2	11355
12028	0	11985
17024	4	16507
22490	4	11256
11250	0	11252
14334	1	14374
23456	0	23418
20688	0	20681
20901	0	20844
14452	3	12392
18430	0	17361
12093	0	11983
20716	2	11356
17579	1	17636
13379	2	12380
12011	0	11985
11738	4	11412
18729	0	18631
11597	2	11247
20451	1	20548
16518	2	16520
23439	0	23418
21311	2	11331
12881	2	11870
22482	4	11256
17112	4	16507
21343	0	21305
23544	0	13619
11473	2	11519
21378	0	21309
11620	0	11412
23544	0	23418
12181	0	11983
20283	0	20217
22465	4	11256
21139	0	21128
12099	0	11985
21326	0	21305
23527	0	13619
20912	2	11324
18974	1	19254
18405	0	17361
17469	2	11327
23527	0	23418
22292	0	22289
20427	0	20367
20271	0	20215
12836	1	12859
12164	0	11983
11190	3	13000
16444	2	11364
11678	3	13038
15973	0	15952
22561	3	11189
16977	0	16507
18800	0	18631
20088	0	19983
13274	3	13038
23352	0	23353
16263	0	16243
20410	0	20367
16014	2	11365
20254	0	20215
11665	2	11667
15662	0	15266
21599	2	11664
24474	3	21562
12587	1	12607
23357	0	23348
23025	1	23118
15956	0	15952
11691	0	11412
23652	2	11515
14487	3	11522
15863	0	15855
21757	1	21865
24238	0	24225
16246	0	16243
12135	0	11981
20237	0	20215
11190	3	21055
16061	0	15952
19944	1	19956
18451	1	18559
17666	2	11323
11365	3	19965
20402	0	20367
15075	0	15051
20038	4	19981
18448	0	18390
20958	0	20916
14933	0	14915
17439	0	17436
21936	2	11515
12118	0	11981
20606	2	11548
20220	0	20215
12526	0	12503
19935	1	19946
17361	2	12608
17362	3	11904
16044	0	15952
11326	3	20727
17876	1	17918
20113	0	20083
12380	3	19662
18472	0	15070
20385	0	20367
17875	0	17841
21339	1	21416
11472	0	11474
11159	2	11173
18425	1	18538
24227	3	11522
23919	1	23956
20710	2	20741
12101	0	11981
17098	4	16507
12728	3	15700
16068	0	16015
15385	0	15265
18455	0	15070
17858	0	17841
23530	0	23418
21817	0	21720
18631	2	11249
23692	0	23653
14939	0	14917
12167	0	11983
20361	3	12394
24210	3	11522
21351	0	21303
14062	1	14061
14321	3	14406
16051	0	16015
20915	2	16023
18438	0	15070
21800	0	21720
23675	0	23653
17085	0	16507
17186	4	16507
11810	0	11763
11394	3	13038
14810	1	14809
21334	0	21303
24225	3	14597
12881	2	12622
17785	4	17786
23851	4	23850
11252	2	11179
24081	0	24076
17496	3	24067
12878	2	11924
22314	0	22303
18631	3	12389
22154	0	22146
18485	0	18393
21783	0	21720
17756	0	17713
23795	4	23868
23313	0	22630
20081	2	16022
11367	3	19961
20846	2	20907
14535	0	14514
21600	2	11179
15051	2	11515
20361	2	11364
19983	2	20067
17173	0	16507
21580	1	21593
11526	2	11520
13072	1	13094
21270	2	11185
23414	2	11394
17152	4	16507
13052	2	11517
23584	0	13619
24350	0	24227
14518	0	14514
23584	0	23418
12504	3	13017
18473	0	18388
11527	2	11356
17869	0	17847
17156	0	16507
20861	0	20914
16449	3	16500
20740	1	20755
21177	0	16118
20856	0	20841
24209	2	11352
23841	1	23840
17361	3	13047
18456	0	18388
20966	0	20914
16119	2	11178
11365	3	13012
15800	1	15805
20908	2	14484
11527	3	11557
11331	3	13036
18186	4	18109
11551	3	17322
15194	4	15053
24256	0	24224
15410	0	15263
20651	0	20633
16464	0	16450
24160	0	24210
15381	1	15534
18439	0	18388
23348	2	11331
12575	1	12594
14333	0	14327
12503	2	12545
18312	0	17786
11253	3	11339
21936	2	11328
20720	0	17361
14327	2	11314
21167	2	11555
17844	0	17847
24239	0	24224
12734	2	11396
24227	2	11514
18954	0	18631
23749	1	23750
13054	2	11523
12005	1	12211
17795	1	17794
17227	0	16507
11764	2	11588
23278	4	22630
15141	0	15051
20927	0	20841
14454	0	14451
18431	0	18388
15160	4	15053
24222	0	24224
19691	1	19708
18937	0	18631
16445	3	11337
15246	0	15051
17664	0	17548
21821	1	21928
15952	2	16125
13796	2	11239
17373	1	17381
12158	0	11981
15164	0	15053
20715	3	13045
18920	0	18631
15229	0	15051
22852	1	22853
21285	0	21269
13801	2	13893
23768	1	23767
19547	2	19681
15876	2	11672
20960	0	20920
11256	2	11515
12735	2	11187
15212	0	15051
16413	1	16429
23355	0	23348
20850	0	20844
13551	2	13580
16330	2	11175
11811	0	11762
14741	3	14506
14452	3	14596
20844	2	20992
11526	3	11558
11412	2	11676
20618	0	20367
17947	4	17786
20956	0	20905
13548	0	13550
17473	3	15697
20909	2	20990
22403	1	22402
24221	2	11520
20615	0	20608
11613	3	13046
17504	2	17531
17268	1	17285
20196	2	11365
21078	0	21060
20857	0	20907
22288	2	11187
12484	2	12496
20712	2	14484
11981	2	11600
21375	0	21310
20932	1	20976
18035	4	17786
20844	2	11327
18349	2	15896
13291	0	13281
20218	2	11515
23656	2	18666
21718	2	11336
20915	2	20992
18116	0	17786
11307	3	17458
12699	1	12721
17582	1	17639
20696	0	20679
23424	0	23414
18631	2	12619
13059	3	16515
13474	0	13470
15213	1	15211
13471	2	11508
20096	0	20083
13054	2	11336
21346	0	21308
20776	2	19682
22692	1	22796
20004	4	19981
18001	4	17786
18396	0	18389
16184	0	16144
15327	1	15582
11161	2	11241
11983	2	11237
24221	2	16326
21329	0	21308
20915	2	11327
15972	2	11509
18977	1	19257
18488	0	18388
13550	2	13592
23457	1	23520
13369	0	13368
20617	0	20604
11903	3	15699
22594	1	22623
