1860	2	9062
1505	0	1506
3418	0	3393
1195	3	1347
9103	3	585
674	4	303
4001	0	3989
9091	3	4044
6213	1	6234
183	0	178
3332	2	3328
10631	0	6249
4835	3	450
192	0	178
8785	1	8784
4703	3	4725
5558	1	5559
303	3	553
1757	0	1681
8971	0	8911
3161	3	1965
4847	0	4829
5924	1	5950
3984	0	3989
470	0	710
10366	2	2712
9818	0	9801
6249	3	2352
169	2	3551
2271	0	2264
10388	0	10366
9067	0	9069
1740	0	1681
7202	0	7204
10673	1	10681
9069	3	585
4332	3	2352
4538	1	4631
6106	0	6051
3865	0	3502
5288	1	5286
9432	0	9429
10366	2	10417
2306	3	280
1208	0	1195
749	0	707
7073	0	7039
644	0	303
10371	0	10366
38	1	80
4835	3	584
8776	4	8620
8413	0	8404
9374	0	9366
8657	1	8656
3848	0	3502
5719	3	86
10770	0	5979
2878	0	2698
1191	0	1195
3500	0	3501
732	0	707
2874	1	3103
9739	0	9726
8284	0	8239
8658	0	8620
6902	1	6992
4146	3	3669
8532	3	8542
5405	0	5173
1877	0	1878
6445	0	6344
3438	0	3396
8846	1	8871
8267	0	8239
10761	3	1493
7180	3	962
8641	0	8620
2966	0	2698
8597	3	960
6550	0	6344
7067	4	7041
6428	0	6344
9753	0	9718
10064	0	4146
10761	3	1843
1842	2	6266
10622	0	10614
480	1	517
2273	1	2287
8855	0	8841
5554	4	5524
2949	0	2698
10390	0	10362
10366	3	1862
214	1	259
6533	0	6344
10230	1	10232
10835	1	10834
7175	2	5797
1216	1	1284
2443	1	2453
6420	0	6344
6516	0	6344
8188	0	8164
10710	0	10614
423	0	418
7090	0	6344
10013	0	177
5541	0	5524
5642	4	5524
10703	0	10685
297	2	10082
9108	3	2113
6499	0	6344
2263	3	2035
8552	3	8566
4582	1	4670
9795	3	1343
10693	0	10614
1472	3	1092
5625	4	5524
3303	3	173
2755	0	2699
10010	1	10038
10379	0	10364
4104	3	4177
2205	2	10415
279	2	10415
1501	3	447
9811	0	9460
7069	4	7037
8834	3	2256
3284	0	3180
7064	0	7037
10162	4	10102
1359	3	2196
10460	3	557
7298	0	7175
9366	3	8356
8487	0	8404
8382	3	9991
2737	3	297
10589	0	10573
706	3	821
10482	0	10460
1862	2	5488
3267	0	3180
876	3	86
3875	1	3937
8470	0	8404
10189	0	10185
837	3	818
5409	1	5408
4102	2	4173
5293	4	5176
9735	0	9719
9246	4	9194
1880	3	1553
1467	4	1375
7367	0	7322
5726	0	5719
8453	0	8404
1219	1	1287
8494	1	8513
4836	0	4832
4862	0	4829
3514	1	3531
9879	1	9926
5276	4	5176
1674	3	1092
4736	3	4751
9389	1	9406
9804	3	2207
2262	3	169
7350	0	7322
10875	1	10874
8450	1	8466
5005	2	5021
10195	0	10187
8219	0	8218
4217	0	4147
1673	0	1672
9233	0	9194
10666	1	10675
9788	3	1093
1851	1	1855
1247	1	1314
8940	3	9011
7088	0	7039
5263	0	5176
4585	1	4673
473	0	705
10434	3	445
9216	0	9194
352	4	299
445	2	5025
8269	1	8324
5055	1	5054
5501	2	1968
760	0	708
2208	0	2209
4010	0	3986
8531	1	8537
9199	0	9194
8218	3	8236
7172	3	7167
10952	1	10951
8299	0	8239
5718	3	5741
579	2	6268
9120	1	9159
743	0	708
9999	3	2296
3504	3	3814
8290	0	8218
3993	0	3986
9105	3	279
8256	0	8242
10573	3	2296
5066	4	5029
8282	0	8239
10446	0	10435
5555	1	5554
1519	0	1507
8167	2	1972
8273	0	8218
3640	0	3559
1857	2	9063
9329	0	9318
1359	3	2009
714	0	706
4861	0	4830
9458	2	3257
3180	3	3298
452	1	490
10692	1	10725
3623	0	3559
484	0	711
10941	0	10761
8552	3	2097
7247	1	7264
1529	0	1359
9638	1	9696
4844	0	4830
8430	3	1861
3398	0	3394
303	3	663
410	0	299
9748	0	9723
6567	1	6808
9065	3	175
467	0	711
7194	1	7199
1648	3	175
5440	1	5438
4498	0	4332
4104	3	1091
986	0	966
2699	3	2737
834	3	872
1920	0	1881
4703	3	297
3421	0	3396
8447	0	7174
2357	1	2363
5810	0	5747
7408	1	7605
7070	0	7040
9788	3	556
4115	0	4254
9233	1	9232
8183	0	8169
5727	0	5718
106	1	126
9800	3	1093
10163	1	10162
9821	0	9804
1894	0	1470
730	1	785
2875	0	2699
1891	0	1879
7178	3	2206
4002	2	1863
3537	0	3504
4070	2	1973
5438	4	5176
10363	3	584
8281	0	8240
813	2	8155
5465	3	1965
10363	2	3550
2858	0	2699
7081	4	7042
2047	3	2113
1	3	97
8264	0	8240
2963	0	2699
6253	1	6261
2315	0	2306
7214	1	7223
7108	1	7141
8405	0	7174
9786	2	2828
650	1	649
5140	4	5029
8247	0	8240
9596	0	9588
177	3	172
2946	0	2699
9065	3	6270
9265	0	9194
1398	1	1397
2049	3	282
9364	3	9409
10762	0	10761
10669	0	10664
4835	2	4898
9790	3	169
4327	3	277
2929	0	2699
1475	1	1498
3308	0	3300
5729	0	5714
9717	3	9842
3630	1	3711
6916	0	6851
4189	0	4177
4558	0	4492
2597	4	2355
483	1	520
9949	1	9970
10465	0	10460
9014	3	817
9072	0	9068
1745	0	1680
10128	4	10102
7232	3	438
10234	3	543
2468	0	2462
7322	3	8101
9065	2	3550
837	3	444
6899	0	6851
4915	1	4919
880	0	876
140	2	1480
11079	1	11105
1004	0	965
6055	1	6068
3549	2	2429
8218	3	962
5093	0	5029
1691	0	1359
4845	0	4829
3300	3	3332
314	1	313
7209	3	2816
3729	4	3504
5979	3	2816
7333	0	7322
987	0	965
7253	0	7237
455	0	704
2040	2	5021
7089	4	7040
3712	4	3504
4391	3	96
10234	3	88
1675	3	169
4072	0	4070
6341	3	3973
577	2	9062
9101	0	9102
7236	0	7237
5059	0	5029
10929	1	10928
10004	1	10031
5698	4	5699
3594	0	3504
7161	3	2372
5928	0	5925
1517	0	2210
10441	0	10440
7481	1	7678
2437	0	2355
1762	0	1359
5131	1	5130
278	2	2088
3577	0	3504
218	0	181
4472	3	167
1867	0	1359
11028	1	11027
6344	3	277
1745	0	1359
7168	2	3338
3988	2	4046
709	0	711
4856	0	4835
8958	0	8911
10018	0	9996
8549	2	2712
9738	0	9722
1153	1	1152
5751	1	5774
4011	0	4002
4104	3	583
3164	3	171
207	1	253
3091	2	3550
4839	0	4835
6248	2	6259
3302	3	295
4282	3	4328
6052	2	912
1359	3	1635
7380	1	7578
10389	0	9069
198	1	243
1200	1	1268
2292	2	9063
8453	1	8469
5747	3	5805
4105	1	4125
9947	3	174
3772	1	3818
4291	2	4298
10372	0	9069
873	2	3328
4432	3	1558
2942	1	3051
614	0	303
4588	1	4676
7088	0	6344
2948	1	3134
9824	0	9799
8272	1	8327
1516	0	1508
9186	2	4046
8620	3	89
7817	1	8009
8912	0	8906
2259	3	280
2848	0	2698
5766	0	5746
8494	0	8481
1691	1	1774
4070	3	535
9807	0	9799
10690	0	177
6395	1	6636
5375	0	5173
3986	3	277
7484	1	7681
10873	0	10761
9194	3	450
8259	0	8245
8486	0	8481
9588	3	175
2046	3	2109
7920	1	8086
1249	0	1195
7273	3	445
4547	0	4495
10480	0	10460
3418	0	3397
3489	1	3488
1984	1	1988
5341	0	5173
4072	1	4084
4446	1	4465
2616	0	2355
4530	0	4495
9017	1	9040
9641	1	9699
303	3	557
5446	0	5173
7322	3	4210
1451	4	1359
4847	0	4833
8404	2	8505
4002	3	1094
8750	1	8751
478	0	704
6373	0	6344
4015	0	3985
9319	3	292
2520	0	2496
1240	1	1308
1907	0	1359
9723	2	3257
1438	0	1359
7453	0	7322
7411	1	7608
749	0	711
8604	0	8597
10325	0	10234
2097	2	5484
5468	3	2578
1890	0	1359
1524	0	1506
10234	3	169
1728	0	1680
733	1	788
9706	2	3257
9794	2	3281
5980	3	275
732	0	711
1884	3	1553
10234	3	3552
1862	2	9062
4589	0	4493
6051	3	141
4773	0	4753
9379	0	9365
8284	0	8243
6865	0	6854
1995	0	1359
9113	0	9107
5465	3	1859
7759	1	7968
1877	0	1882
8534	0	8532
1404	0	1359
444	2	5021
4399	0	4332
4572	0	4493
2694	2	2689
4756	0	4753
1359	2	1357
8267	0	8243
2704	1	2711
7190	0	7179
10366	3	577
9065	3	1842
9469	0	9457
6249	3	7162
11069	0	10761
5525	1	5522
7111	1	7144
5504	0	5501
9753	0	9722
5539	1	5538
8480	3	8509
4382	0	4332
3319	0	3303
22	1	64
4555	0	4493
6426	1	6666
3980	0	3502
171	2	3551
10390	0	10366
4116	0	4104
5744	3	2206
169	2	6267
8817	4	8818
759	0	303
7240	1	7258
6936	0	6854
4733	3	4722
8242	3	8356
9144	0	9105
4538	0	4493
7172	3	2097
217	0	177
8430	3	279
9741	0	9717
3230	2	3254
3311	0	3303
6039	0	6038
3607	1	3717
1681	3	1346
6919	0	6854
9963	0	8382
751	0	303
1250	0	1194
486	1	523
5233	0	5176
5835	1	5861
9115	0	9103
88	2	4969
2985	0	2698
9407	2	9404
734	0	303
1233	0	1194
1359	3	911
9822	0	9788
3994	0	4002
1734	0	10460
4180	0	4175
5005	3	444
4736	3	3332
8269	0	8239
2156	1	2184
2968	0	2698
1882	3	2090
2440	1	2449
6552	0	6344
2263	3	295
7113	0	7094
6110	0	6038
7064	0	7041
9805	0	9788
9819	0	9804
9069	3	4724
3488	4	3477
5613	4	5523
7212	3	169
2951	0	2698
1204	0	1192
745	0	704
10589	0	10577
6535	0	6344
2035	2	3550
810	2	2088
8444	0	8438
5304	0	5176
7096	0	7094
4279	3	2101
8624	4	8620
4408	0	4391
5596	4	5523
8404	3	167
5468	3	297
8921	0	8906
1853	2	1863
5982	3	530
728	0	704
6518	0	6344
656	1	655
25	1	67
9735	0	9723
5701	4	5702
10712	0	10614
8957	1	8990
7178	3	169
4947	0	4940
203	0	177
5579	1	5578
2478	0	2477
8904	0	8906
6246	3	450
9313	0	9310
6083	4	6038
2262	3	173
720	0	704
5005	2	5025
9998	3	5521
1673	0	1676
10381	0	10364
4227	1	4246
10021	0	9999
4107	0	4102
1471	3	169
5718	3	2578
2140	0	1359
1194	3	1347
3167	3	174
10362	3	169
1258	0	1192
1970	2	1972
10711	0	10687
3568	0	3502
5425	4	5176
10004	0	9999
352	4	303
2595	4	2355
172	2	3550
3182	1	3203
8597	3	911
5763	0	5747
460	0	703
6293	1	6326
1359	3	1879
10694	0	10687
8482	2	1543
5408	4	5176
1469	1	1478
8218	3	8240
2742	0	2737
8237	3	172
10367	3	3173
3994	1	4067
2945	1	3054
1881	3	1492
6936	1	7026
7121	0	7092
2115	0	1359
9814	1	9836
748	0	707
1519	0	1511
2358	3	297
8907	2	4098
1195	3	172
2320	1	2343
10685	3	539
2219	0	1507
11084	0	10761
8287	0	8238
7212	3	5459
2264	3	169
731	0	707
4861	0	4834
9464	1	9529
5007	2	5021
8218	3	8374
4118	1	4138
10580	0	10575
9065	2	1863
4227	0	4104
8270	0	8238
5939	0	5926
2847	1	3096
10573	2	4276
2535	1	2574
9460	3	141
4844	0	4834
7923	1	8089
6271	2	6259
4175	2	4173
410	0	303
5184	4	5173
5115	1	5114
835	0	834
7799	1	7997
702	0	705
4849	0	4829
10366	2	2826
4391	3	1092
688	1	689
5289	4	5173
4012	0	3986
9097	3	9092
3594	0	3561
377	4	301
4449	1	4468
8479	3	174
10439	3	1843
3597	0	3502
9736	0	9722
1881	3	821
5272	4	5173
292	2	3325
3995	0	3986
7373	1	7572
4181	0	4102
3577	0	3561
191	1	237
360	4	301
2683	4	2623
6038	2	6080
7836	1	8024
11129	1	11150
7252	0	7172
917	3	450
463	1	500
2259	3	2297
8281	0	8244
3768	0	3504
3984	1	4058
9025	1	9047
7170	2	1968
3195	0	3180
1469	0	1470
5319	0	5176
7414	1	7611
9817	0	9793
3559	3	570
8153	3	2578
2408	0	2407
8482	2	1356
8264	0	8244
4446	0	4433
756	0	705
7848	0	7322
4970	3	2352
10614	3	10686
412	0	299
8256	1	8311
338	1	337
7168	3	7164
2736	2	446
8295	0	8236
3856	0	3504
717	0	303
8247	0	8244
5764	0	5746
4102	3	1642
7831	0	7322
6347	0	6342
9489	0	9460
8486	0	8404
5225	0	5173
8252	0	8239
2053	1	2073
8278	0	8236
8722	0	8620
7242	0	7235
3839	0	3504
4831	3	817
2375	3	86
5908	0	5747
9472	0	9460
5729	0	5718
8235	0	8239
10366	3	821
2012	3	2035
2934	0	2698
6916	0	6855
9495	1	9559
4733	3	294
3822	0	3504
1685	0	1681
9008	2	9002
145	0	144
7243	1	7261
6899	0	6855
2121	1	2132
2917	0	2698
7806	0	7322
6866	1	6956
6501	0	6344
4332	3	4373
5896	3	563
690	4	303
9744	0	9720
5926	3	174
4147	3	140
8697	0	8620
10687	3	2816
8798	4	8620
1004	0	969
9625	1	9683
4845	0	4833
7789	0	7322
703	3	93
9102	3	821
6484	0	6344
1859	2	5484
2296	2	4276
7061	0	7042
2879	1	3106
9384	0	9364
8680	0	8620
987	0	969
563	2	564
277	2	11151
742	0	705
7066	0	7037
455	0	708
7212	2	7224
1756	0	1681
2273	0	2259
1458	1	1457
5473	1	5483
4943	0	4904
9097	2	1863
8179	0	8166
1908	0	1878
3397	3	1488
4577	0	4492
9897	1	9943
9367	0	9364
8663	0	8620
8775	1	8774
9060	2	9089
4926	0	4904
1739	0	1681
5434	4	5173
2869	1	3014
5468	3	1346
4560	0	4492
9428	3	169
8171	0	8166
3173	2	5488
3516	0	3501
10130	4	10102
2021	0	2012
10578	2	10610
8692	0	8678
8260	0	8237
5799	3	585
6941	0	6853
10366	2	1968
8154	0	8166
8483	0	8479
9746	0	9716
9738	0	9726
28	1	70
6419	1	6660
1006	0	965
9867	0	9460
5563	0	5524
10061	3	2135
3302	3	3332
3246	0	3228
3164	3	175
8960	1	8993
10117	0	10102
10362	3	279
9366	3	444
7043	4	7039
1359	3	1639
8404	3	4733
8947	0	8941
989	0	965
9460	3	1861
757	0	303
9868	0	9850
6474	1	6715
1159	1	1158
10621	0	10614
8854	0	8841
2272	0	2260
10389	0	10362
2758	1	2795
5828	1	5855
9961	0	8382
9851	0	9850
5466	3	583
5191	1	5190
9426	3	1861
5536	4	5524
2049	3	583
9107	3	279
10372	0	10362
1162	4	969
3894	1	3956
8240	3	175
9812	0	9798
4156	1	4169
2046	3	2113
7882	1	8136
2483	0	2476
10084	0	10061
1921	0	1470
3180	3	2257
2772	0	2736
1366	0	1359
10000	1	10028
10573	3	450
4121	1	4141
7854	1	8037
1862	2	10087
1359	3	2257
3167	3	1841
1510	0	1509
10588	0	10573
188	0	181
7512	1	7709
4847	0	4837
214	0	178
870	2	8507
7468	1	7665
8166	3	95
5563	1	5562
4852	0	4832
10188	0	10185
746	0	418
1220	0	1194
378	0	299
5929	1	5953
1594	0	1575
9026	0	9014
1665	1	1666
4015	0	3989
2747	0	2736
1858	2	10051
729	0	418
6038	3	534
1577	0	1575
1852	3	576
7376	1	7575
9806	0	9804
3502	3	2371
2097	2	5488
10202	1	10223
8854	1	8879
284	2	6259
10117	1	10116
2383	1	2402
2695	0	2699
6249	3	1555
9869	1	9916
712	0	418
10157	0	10102
5747	3	5972
8292	0	8237
3502	3	277
9800	3	4724
10865	1	10864
9890	0	9460
3345	1	3374
8818	3	963
585	2	10415
9104	3	175
535	2	9002
3568	0	3559
4282	3	4279
1681	3	277
9820	0	9796
6251	0	6246
6150	1	6237
4916	0	4914
8275	0	8237
9102	3	447
2326	1	2349
9105	2	3337
4575	1	4663
7044	0	7042
2259	3	447
4280	3	2093
8272	0	8242
9803	0	9796
8480	3	2097
8258	0	8237
3397	3	175
9365	3	2205
6377	1	6617
8620	3	5517
10761	3	6173
8255	0	8242
4281	0	4279
6250	3	2100
1485	2	1480
217	0	181
1440	0	1359
9741	0	9721
3230	2	3258
4543	0	4492
5048	4	5029
2065	0	2046
3414	0	3394
1509	2	1543
5359	0	5176
560	3	581
6924	0	6853
1760	1	1836
4985	0	4980
4526	0	4492
2464	0	2355
9013	1	9037
935	0	917
9729	0	9716
1528	0	1359
2042	2	8835
179	3	282
2953	1	3056
1406	0	1359
9378	1	9397
4073	1	4087
9822	0	9792
4401	0	4332
6907	0	6853
917	3	962
527	2	5487
7293	0	6249
4743	3	585
9814	0	9802
4509	0	4492
9628	1	9686
5884	1	5883
918	0	917
1882	3	2094
1470	3	813
10384	0	10367
10717	0	10685
11071	0	10761
8831	0	8818
5013	0	5007
9805	0	9792
5061	0	5029
4384	0	4332
6890	0	6853
10362	2	10418
1881	2	1966
1472	3	295
745	0	708
10700	0	10685
3597	0	3559
9105	3	2113
1227	1	1295
4214	0	4104
8182	0	8169
563	2	7224
2535	0	2355
6273	1	6306
4735	3	4722
2682	4	2619
6248	3	1337
1599	0	1359
2874	0	2699
9790	2	3278
728	0	708
7052	0	7040
9294	4	9194
5149	0	5029
10153	1	10152
2518	0	2355
1525	0	1509
1894	0	1881
3243	0	3229
733	0	703
2372	2	6259
2228	1	2249
1252	0	1194
8911	3	8931
203	0	181
1690	0	1680
2046	3	450
3826	1	3825
5458	3	2097
2197	3	1340
3226	0	3229
716	0	703
373	1	374
4189	0	4104
7063	4	7042
11125	0	10761
3996	0	4002
9260	4	9194
8382	3	95
10431	0	10438
347	4	301
5115	0	5029
4904	3	3094
6422	1	6663
1107	1	1106
3508	0	177
8851	0	8842
9754	0	9714
2945	0	2699
10386	0	10363
4850	0	4832
8963	1	8996
7098	1	7131
885	0	876
2358	3	167
9140	0	9102
5926	3	97
5122	4	5029
9737	0	9714
2065	1	2084
3633	0	3504
10369	0	10363
1761	0	1680
3307	0	3300
9247	0	9194
8184	0	8165
5728	0	5714
8218	3	8244
6915	0	6851
9802	3	1093
3303	2	1863
2463	4	2462
6250	3	169
1602	0	1359
10699	0	10686
2275	0	2263
10499	1	10554
3180	3	139
2726	2	5487
5831	1	5858
5746	2	5797
303	3	537
7246	0	7235
748	0	711
3775	1	3804
5751	0	5746
1509	3	1557
1585	0	1359
3998	0	3989
4332	3	4430
2258	0	2263
8287	0	8242
8844	1	8868
8265	0	8236
1690	0	1359
2204	2	8835
731	0	711
2769	0	2737
2292	2	8506
3897	1	3959
3339	0	3302
10023	0	9999
4563	0	4332
8415	0	4733
2143	1	2171
751	1	829
1562	3	1553
5720	3	2578
3164	3	1842
8270	0	8242
7438	1	7635
1673	0	1359
10585	0	10574
7287	1	7304
10759	3	4998
4970	3	583
6103	0	6051
10006	0	9999
8940	3	1343
4546	0	4332
1359	3	273
4849	0	4833
7793	0	7322
3514	0	3501
8259	1	8314
3234	0	3227
294	2	1543
5927	0	5925
4282	3	872
6939	0	6853
4529	0	4332
10848	4	10761
10767	0	5979
3266	2	3551
1761	0	1359
2699	3	3095
10919	1	10918
818	2	3328
1359	3	1562
7776	0	7322
9736	0	9726
2584	0	2355
9874	0	9850
5121	1	5120
1882	3	297
3396	3	2578
3504	3	3501
4000	0	3985
7172	3	7204
7759	0	7322
3986	3	4042
486	0	706
2505	0	2496
813	2	7224
10712	0	177
7864	0	7322
10432	3	174
2935	1	3049
5896	2	4046
7084	0	7040
6458	1	6699
1143	1	1142
2672	0	2355
4702	3	172
9817	0	9797
441	2	5026
10818	0	10761
9790	3	9842
3485	0	3475
2742	1	2779
5759	0	5744
3173	2	9062
7070	0	177
4833	3	169
8295	0	8240
9796	2	3257
4290	2	4298
8552	3	8550
7758	1	7970
1902	1	1941
10277	1	10311
4177	3	551
2638	0	2355
8252	0	8243
10276	0	10234
6254	0	6249
8842	3	8841
8278	0	8240
8405	0	8471
4831	3	821
5396	4	5173
9475	0	9798
10759	3	139
6923	1	7013
4578	1	4666
8834	2	8835
4540	0	4493
8489	0	4733
8235	0	8243
2654	1	2653
7172	2	3679
9610	0	9588
8430	2	3551
3883	0	3504
2062	0	2047
10460	3	541
3180	3	86
1379	4	1359
4350	0	4332
720	1	775
4563	0	4495
4523	0	4493
445	2	9063
10496	0	10460
1359	3	86
4840	0	4831
4332	3	4377
5362	4	5173
1346	2	6265
7474	1	7671
1878	3	1095
5747	3	873
909	2	3160
9299	1	9298
4999	2	5003
2306	3	2305
3875	0	3504
4546	0	4495
6930	0	6851
5928	0	5799
2522	1	2561
4845	0	4837
1916	0	1882
10479	0	10460
1859	2	5488
5244	0	5173
4306	1	4310
1763	1	1839
3858	0	3504
2322	0	2305
4529	0	4495
1878	2	1967
1860	2	10416
9104	3	1842
640	1	639
7066	0	7041
6389	0	6344
4736	3	4735
9429	3	450
10462	0	10460
5227	0	5173
7212	3	3666
7364	0	7322
7369	1	7569
5723	0	5719
8834	3	280
1908	0	1882
2262	3	1092
4332	3	539
3841	0	3504
9631	1	9689
7469	0	7322
8480	2	910
6372	0	6344
313	4	301
7347	0	7322
3397	3	1842
2936	0	2698
3302	3	169
1359	3	1509
7921	0	7322
5468	3	4733
5759	1	5782
7452	0	7322
8720	4	8724
9318	3	97
1230	1	1298
7330	0	7322
1194	3	172
1119	0	969
4568	1	4657
3831	4	3504
7401	1	7598
692	4	303
8252	1	8308
8153	2	8155
7435	0	7322
7089	4	177
2358	3	2371
7811	1	8006
1965	2	2091
4069	0	4070
3989	3	873
6248	2	1356
9751	0	9715
3268	3	169
2231	1	2252
4109	0	4102
3419	0	3393
9743	0	9725
8395	0	8381
4904	3	4143
5467	0	4733
7418	0	7322
2358	3	277
9137	0	9103
1260	0	1192
8814	4	8780
8287	0	8218
9734	0	9715
9468	0	9457
9714	2	9847
5747	3	1841
5725	0	5715
2196	3	1331
10951	4	10761
6249	3	807
10367	2	2712
1864	0	1359
8604	1	8613
1574	1	1643
1243	0	1192
2272	0	2264
662	0	303
10389	0	10366
6055	0	6038
5245	4	5176
4858	0	4830
6249	3	2096
3866	0	3502
10367	2	10417
1226	0	1192
6193	1	6219
4180	0	4102
480	0	707
10372	0	10366
1880	3	1350
4512	0	4332
11039	4	10761
6139	4	6038
8694	0	8678
1000	0	966
2699	3	277
8414	0	8404
9433	0	9426
6251	1	6258
4841	0	4830
2879	0	2698
7106	0	7092
7190	1	7195
10502	1	10557
9812	0	9802
321	4	299
983	0	966
4904	3	89
9788	3	540
7742	0	7322
1566	0	1562
8183	0	8153
451	0	705
8224	0	8216
2862	0	2698
5801	3	531
10387	1	10408
6446	0	6344
175	2	3327
4779	0	4755
8695	1	8704
7075	4	177
10440	3	3173
817	2	1543
1880	3	1484
3231	0	3228
1470	3	870
4922	0	4901
5924	0	5926
6429	0	6344
6109	0	6038
4578	0	4495
9068	3	4724
1728	1	1806
10623	0	10614
1359	2	2036
2047	3	2097
4736	3	4682
10588	0	10577
4733	3	3173
5372	0	5173
7290	1	7307
9751	1	9780
4561	0	4495
2053	0	1882
6022	3	818
9075	0	9060
10321	1	10345
3997	0	3986
219	0	177
3517	0	3504
8262	1	8317
378	0	303
8261	0	8240
4831	3	447
299	3	1095
10711	0	10614
2387	0	2375
177	3	1095
4020	0	3988
202	0	177
8153	3	8169
3302	2	3274
5279	1	5277
4980	3	4992
10694	0	10614
7327	1	7526
5569	1	5568
466	0	303
4003	0	3988
5457	2	5460
185	0	177
3334	2	3327
9069	2	5798
272	2	4969
398	1	397
2700	0	2698
1759	0	1680
8627	1	8626
5979	3	572
3502	3	3664
848	1	864
6461	1	6702
6913	0	6851
9820	0	9800
583	2	4275
1512	0	1509
5466	3	4722
8908	0	8907
10590	0	10573
4734	0	4736
4436	1	4455
8490	0	8482
3633	0	3561
1470	3	1488
1511	3	1551
1970	3	541
8818	3	2256
4787	0	4753
9803	0	9800
3180	3	3229
969	3	280
95	2	8155
8410	1	8427
1905	1	1944
8263	0	8236
1881	3	1553
7232	3	556
9426	3	873
4586	0	4493
9376	0	9365
4770	0	4753
403	0	301
9741	0	9725
3230	2	3262
1882	3	1964
8286	0	8238
4433	3	1335
1675	3	1092
2263	3	169
7904	0	7322
2372	2	3551
3303	3	1340
10177	1	10176
3709	4	3504
6249	3	3332
386	0	301
1672	3	169
5200	4	5173
560	3	585
4703	3	578
6166	0	6038
9132	0	9108
10432	3	1841
10925	1	10924
1738	1	1815
6038	3	2095
1857	2	10417
9729	0	9720
4332	3	299
7215	0	7209
6270	2	6259
2228	0	1359
9217	0	9194
353	4	299
9822	0	9796
1759	0	1359
9947	3	963
8972	0	8911
5556	4	5523
4954	1	4968
2525	1	2564
4145	0	4146
5652	4	5523
9107	2	3337
2296	2	9062
8218	3	275
6158	0	6038
9369	1	9391
4011	0	3986
5247	0	5176
336	4	299
9805	0	9796
9014	3	5741
5471	0	5468
8955	0	8911
5947	0	5747
6451	1	6693
641	4	303
9511	0	9460
9810	0	9791
5992	0	5980
5644	4	5523
2682	4	2623
1487	2	1480
9126	1	9165
1724	0	1681
8938	0	8911
2379	1	2399
2891	1	3110
7161	3	7162
2299	0	1359
4972	3	277
1858	2	9063
9375	0	9366
3849	0	3502
3985	3	813
5526	0	5523
5757	0	5744
574	2	4273
9514	1	9578
628	0	303
733	0	707
1470	2	1480
9599	0	9460
1707	0	1681
1511	2	1543
3194	0	3180
5365	1	5362
306	0	299
1841	2	9063
1899	0	1880
4733	2	8506
9331	0	9319
450	2	9062
8638	4	8620
5610	4	5523
2096	2	5025
3346	1	3377
716	0	707
9465	0	9458
3177	0	3180
10092	1	10098
2845	0	2698
708	3	820
9069	2	2712
9754	0	9718
5449	0	5176
10386	0	10367
8438	3	4978
4385	0	299
8625	0	8620
9321	3	9319
8856	0	8841
1501	3	138
6378	1	6620
9362	3	169
5811	0	5747
5251	1	5250
9737	0	9718
10587	1	10603
10369	0	10367
9069	2	10417
9714	3	2207
8184	0	8169
5728	0	5718
6915	0	6855
4838	0	4831
5744	3	3666
1246	0	1195
5799	3	3411
8189	0	8164
5355	0	5173
9792	2	3278
8216	2	913
424	0	418
10388	0	9065
4703	3	4713
1192	2	1351
3317	1	3351
303	3	541
807	2	3326
7495	1	7692
1229	0	1195
8172	0	8164
5338	0	5173
11086	1	11099
9519	0	9458
7079	4	6344
9818	0	9789
9804	2	2828
86	2	3160
10371	0	9065
8265	0	8240
2964	0	2699
8471	3	3091
1699	1	1780
10998	1	10997
8488	0	8482
7062	4	6344
7168	3	138
9787	2	2828
9383	0	9364
8679	0	8620
5609	4	5524
3504	2	3550
1578	1	1605
5806	0	5805
2947	0	2699
3180	3	277
10585	0	10578
10139	0	10102
1000	1	1061
4942	0	4904
5645	1	5644
8969	0	8941
10783	0	5979
8698	1	8707
9142	0	9102
29	0	1
1359	3	277
7170	3	2094
4849	0	4837
9739	0	9714
4925	0	4904
9850	3	3673
7275	0	7273
5465	3	1843
6537	1	6778
4327	2	1863
6927	0	6344
3906	0	3502
1521	0	1506
12	0	1
6458	0	6344
10460	3	2371
7174	3	170
199	0	178
7036	4	7037
577	2	10416
2473	1	2474
4908	0	4904
7293	1	7310
117	0	1
7742	1	7952
5799	3	3090
3889	0	3502
4863	0	4829
2737	2	2825
4000	0	3989
5454	2	5461
7059	4	7039
182	0	178
486	0	710
9639	0	9460
10769	1	10793
6163	1	6181
2691	2	2689
4830	3	280
10112	4	10102
1005	0	965
8800	4	8620
3872	0	3502
4846	0	4829
3163	3	175
9744	0	9460
6305	0	6250
9588	3	911
9720	3	1343
6105	1	6118
6409	1	6650
9817	0	9801
3977	0	3502
418	2	446
988	0	965
8950	1	8983
7212	3	2113
836	3	871
8383	3	8381
2221	0	2211
2061	1	2081
7292	0	6249
4733	3	168
5946	0	5925
7934	1	8100
6288	0	6250
6933	0	6854
6105	0	6051
5518	3	271
971	0	965
9800	2	9847
10495	1	10551
7161	2	1356
5929	0	5925
3771	1	3801
2768	0	2699
1893	0	1878
1977	1	1981
8621	1	8619
7178	3	2113
9475	0	9802
7055	0	7039
1395	4	1359
5007	3	1095
9791	3	1343
8283	0	8239
7046	1	7045
727	0	708
5939	0	5747
8386	0	8383
9819	0	9788
5213	0	5176
10837	0	10761
8266	0	8239
1721	1	1800
1472	3	275
11034	1	11033
4492	3	585
4840	0	4835
1884	3	1350
10437	3	3091
5196	0	5176
3303	3	295
10002	0	9996
10274	1	10307
6929	1	7019
8249	0	8239
4332	3	1348
10719	1	10752
3610	1	3728
6532	0	6344
420	3	442
9749	0	9723
2737	2	1349
10179	0	10102
5502	3	5518
4828	0	4830
1903	0	1470
10761	3	11093
9732	0	9723
2699	3	818
4111	1	4131
5719	2	1863
7218	0	7212
9946	0	9947
10908	0	10761
5636	0	5524
10395	0	10364
1886	0	1470
9107	3	2113
2229	0	2209
9484	1	9548
9800	3	2207
2700	0	177
10333	1	10356
10891	0	10761
9817	1	9839
1471	3	1092
7072	0	6344
7179	3	2206
3302	3	173
6603	0	6344
2261	0	2262
7080	0	7037
2699	2	2821
5327	1	5326
9813	0	9794
4565	0	4495
8260	0	8245
2578	2	9062
8678	2	8716
7274	3	445
583	2	5487
8291	0	8237
4548	0	4495
4143	2	4909
5760	0	5747
5403	1	5402
9751	0	9719
7168	3	1858
8479	2	1543
3167	3	292
7046	0	7037
8248	0	8240
535	2	9063
8274	0	8237
9137	0	9107
4531	0	4495
5743	0	5747
6932	1	7022
9734	0	9719
9424	3	138
5388	4	5176
5725	0	5719
10442	0	10435
3269	0	3268
113	1	134
7178	3	7187
2930	0	2699
115	0	1
10578	3	10573
821	2	3327
7233	3	2206
8431	0	8429
8444	1	8460
3617	1	3695
8471	2	8507
9125	0	9102
2913	0	2699
4858	0	4834
1746	0	1680
9822	0	9719
4104	3	140
3575	0	3504
480	0	711
9740	0	9721
5997	0	5979
3834	1	3833
2518	1	2558
2896	0	2699
4841	0	4834
141	2	1480
1729	0	1680
9805	0	9719
150	1	161
1422	0	1359
9795	2	3281
5925	3	89
9380	0	9365
7210	3	2816
321	4	303
1195	2	1354
9802	3	4724
1197	0	1194
9092	3	3173
4009	1	4032
178	3	282
9425	3	447
4746	3	4748
1712	0	1680
7212	3	450
8175	0	8167
9821	0	9792
2051	1	2070
5077	0	5029
1904	0	1879
6866	0	6851
9363	0	9365
6052	2	6080
4757	0	4753
9336	0	9318
2114	1	2125
8289	0	8218
9303	0	9194
10367	2	3550
721	0	706
1470	3	874
6855	3	1348
4070	3	92
4383	0	4332
8620	3	585
6485	1	6726
1887	0	1879
8166	2	1972
1581	1	1608
3696	4	3504
7174	3	280
7859	1	8040
10992	1	10990
4117	0	4104
7117	1	7150
2769	1	2806
7178	3	450
9093	0	9092
5043	0	5029
5144	4	5029
2197	3	2206
4735	3	811
2760	0	2739
9457	2	3257
9999	3	2097
219	0	181
7056	4	7040
9742	0	9717
1882	3	1350
5911	1	5921
9609	0	9588
4514	0	4332
8382	3	961
8261	0	8244
3180	3	871
1002	0	966
1746	0	1359
1359	2	296
3988	3	4042
1471	3	450
1918	0	1470
8429	3	1861
8360	0	8218
1251	0	1194
10667	0	6249
202	0	181
5035	0	5029
9276	4	9194
10362	3	450
4497	0	4332
9592	0	9588
5131	0	5029
985	0	966
1729	0	1359
10433	3	4288
5013	1	5023
2741	1	2832
4070	3	576
1901	0	1470
5471	1	5480
185	0	181
10772	1	10796
100	1	120
2735	0	2739
8859	1	8882
1712	0	1359
969	3	1089
968	0	966
3750	4	3504
4924	0	4901
4585	0	4332
5720	3	277
6913	0	6855
6412	1	6653
5502	2	1351
9820	0	9804
5904	0	5901
738	1	792
7363	0	7322
89	2	9063
8908	0	8911
10362	3	584
10368	0	10363
3632	0	3504
1470	3	1492
3501	3	1486
1511	3	1555
4568	0	4332
8552	3	1093
9803	0	9804
4828	1	4866
5085	1	5084
2264	3	450
1359	3	2294
9808	0	9799
8263	0	8240
4332	3	169
10769	0	10761
6051	2	3260
3725	4	3504
10982	1	10981
485	0	303
9381	0	9364
9069	3	280
7055	0	6344
4834	2	1357
8286	0	8242
6867	0	6853
7387	1	7586
2263	3	173
3607	0	3504
3646	1	3700
468	0	303
6932	0	6851
10022	0	9999
4574	0	4492
2613	4	2355
709	1	766
6850	0	6853
565	2	3218
2702	0	2698
3590	0	3504
3183	0	3178
5506	0	5500
2916	1	3114
3321	0	3302
4557	0	4492
5468	3	175
2495	0	2355
5714	3	3091
3508	1	3525
811	2	10456
2053	0	2049
3513	0	3501
2226	0	2210
9752	0	9726
10575	2	10610
8381	3	2035
4514	0	4495
6938	0	6853
2147	1	2175
3304	0	3302
3561	3	582
2478	0	2355
2579	4	2355
2743	0	2737
2928	1	3047
870	2	3551
9810	0	9795
10811	0	10759
4497	0	4495
6921	0	6853
9873	0	9850
5719	3	5742
2461	0	2355
1493	2	11151
4833	3	96
3999	0	3985
9793	3	3677
7161	3	7166
8173	1	8213
3540	1	3554
5980	3	450
9117	0	9102
1891	0	1359
7252	0	7237
7180	3	2296
9632	0	9588
10711	0	177
9707	2	3257
5300	0	5173
733	0	711
9824	0	9787
8911	3	8939
1359	3	818
9816	0	9797
1899	0	1884
10777	0	10759
95	2	10066
2269	0	2260
10694	0	177
8535	0	8532
716	0	711
3324	1	3375
9643	0	9460
9807	0	9787
7299	0	7174
2654	0	2355
9389	0	9362
5163	0	5029
911	2	4909
8254	0	8238
6091	1	6092
10367	2	2826
2889	1	3156
10501	0	10460
9754	0	9722
4218	1	4237
7403	0	7322
5290	4	5173
9626	0	9460
1866	0	1359
6051	3	450
9372	0	9362
2046	3	2097
10275	0	10234
2372	2	2429
6858	0	6851
8480	3	174
8842	3	8902
7508	0	7322
4830	3	821
2355	3	961
9334	0	177
9737	0	9722
4539	0	4493
1470	2	1968
10258	0	10234
2355	2	2429
4838	0	4835
6561	1	6802
9618	0	9460
8224	0	7041
2061	0	2047
8447	1	8463
9317	0	177
5468	3	5465
10721	0	10686
7253	0	7172
11068	1	11066
10388	0	9069
4522	0	4493
1192	2	1355
10205	1	10226
3769	0	3504
630	0	303
9601	0	9460
8403	1	8416
5361	4	5173
8381	3	909
3180	2	3278
9818	0	9793
7236	0	7172
6903	0	6854
10371	0	9069
4505	0	4493
7322	3	2104
735	0	303
5927	0	5799
9069	3	577
4904	3	1492
425	1	448
7204	3	2095
6886	0	6854
5467	0	5465
8552	3	585
1680	3	813
718	0	303
8382	3	2815
2847	0	2698
5765	0	5746
8493	0	8481
4002	3	277
3441	0	3393
9507	0	9457
10696	0	10686
596	0	303
8858	0	8841
2952	0	2698
9339	0	9321
3840	0	3504
7243	0	7235
7914	1	8080
4280	3	438
4832	3	817
701	0	303
5748	0	5746
10994	0	10761
7097	0	7094
4786	0	4753
9490	0	9457
2007	2	2687
7359	1	7559
9365	3	9410
5183	0	5176
1701	0	10460
10896	4	10761
750	0	706
3905	0	3502
8516	3	271
2935	0	2698
6488	1	6729
6519	0	6344
9322	0	9321
1248	0	1195
8911	3	5719
3483	1	3482
5663	4	5552
7036	4	7041
8957	0	8940
4392	0	4391
2772	1	2809
6250	3	6272
4948	0	4940
2918	0	2698
4863	0	4833
5749	1	5772
6502	0	6344
1231	0	1195
2737	2	2829
5161	1	5160
7172	3	7212
6060	0	6038
8557	0	8552
4702	3	4718
8522	0	8515
1005	0	969
1106	4	969
5723	1	5735
7041	2	1863
704	3	817
7212	2	1357
5747	2	5865
9750	0	9715
2901	0	2698
10382	0	10364
4846	0	4833
4904	3	821
3985	3	175
5445	0	5173
6485	0	6344
4108	0	4102
2536	0	2496
10967	4	10761
9136	0	9103
988	0	969
6590	0	6344
9733	0	9715
7212	2	9062
10365	0	10364
9186	3	1550
4944	0	4904
5428	0	5173
1843	2	5484
10775	1	10799
103	1	123
1438	1	1436
1909	0	1878
92	2	4969
971	0	969
6573	0	6344
10695	0	10687
9068	3	5456
4927	0	4904
7212	3	962
2011	0	1359
583	2	9061
5896	3	441
303	3	708
7078	4	7039
2116	0	1359
9814	0	9786
7084	0	177
8283	0	8243
1994	0	1359
8693	0	8678
1488	2	9062
1525	0	1359
3344	1	3370
4724	2	8160
2739	3	2814
9819	0	9792
5533	1	5532
4571	0	4493
7178	3	962
1675	3	1556
2444	0	2355
8266	0	8243
1977	0	1359
9868	0	9460
5490	3	5033
10581	0	10575
9746	0	9460
224	0	177
10089	2	446
10363	3	279
171	2	3218
848	0	836
3318	0	3303
4554	0	4493
8249	0	8243
7390	1	7589
9851	0	9460
10362	2	2831
4176	2	4173
3510	0	3502
3897	0	3504
6349	0	6341
758	0	303
2737	2	1353
8428	0	8430
11051	0	10761
9144	1	9182
6250	2	6264
6935	0	6854
2065	0	1359
4828	0	4834
752	1	801
5350	4	5176
394	0	303
741	0	303
10460	3	94
11034	0	10761
1913	1	1952
6212	1	6243
6918	0	6854
4291	2	4046
9962	0	8382
96	2	2727
4187	0	4175
2052	0	1882
1180	4	969
3511	1	3528
821	2	10418
5005	3	2205
3996	0	3986
10765	1	10790
6159	1	6178
361	4	301
7889	1	8058
9793	3	1343
1508	3	272
9999	3	3093
4830	3	447
6901	0	6854
6913	1	7003
2197	3	169
3581	0	3502
280	2	4276
5256	4	5173
7080	0	7041
11122	0	10761
5215	0	5176
2699	2	2825
344	4	301
9813	0	9798
8451	0	8438
3302	2	3335
2141	1	2168
5292	1	5293
2198	3	1489
1146	4	969
3564	0	3502
5421	4	5176
2262	3	295
308	0	299
5239	4	5173
409	4	299
9426	3	450
6205	0	6038
4447	0	4433
8941	3	9010
327	4	301
9823	1	9845
744	0	704
6214	0	6038
3630	0	3504
7172	3	1093
2017	0	2009
5303	0	5176
5404	4	5176
9069	2	2826
5222	4	5173
3164	2	3160
7046	0	7041
8248	0	8244
3300	2	1863
4777	1	4813
4837	3	4832
1133	0	969
5465	3	4722
396	0	299
3632	0	3561
6246	2	296
8279	0	8236
415	4	301
1470	3	1549
9362	3	3666
10442	0	10439
10362	2	1355
2058	0	2048
484	0	703
10447	0	10434
379	0	299
4221	1	4240
10572	0	10573
9312	0	9310
10718	0	10687
2156	0	1359
8262	0	8236
5582	0	5523
2766	0	2737
9748	0	9715
9456	0	9460
5944	1	5966
6086	0	6038
4106	0	4102
730	0	418
467	0	703
9740	0	9725
362	0	299
9102	3	3090
1881	3	1964
2139	0	1359
8382	3	1636
2749	0	2737
1197	1	1265
9521	0	9458
3988	2	1863
3607	0	3561
1654	1	1661
6564	1	6805
3567	0	3502
2305	3	1485
9438	0	9429
5502	2	2831
818	2	868
9103	3	821
5572	4	5523
1214	0	1195
4104	3	2372
5762	0	5747
468	0	710
9504	0	9458
9891	0	9460
2355	3	2494
3590	0	3561
9789	2	2828
9102	3	1346
8481	2	1543
9789	3	9846
8681	0	8620
8782	4	8620
2227	0	1359
5466	3	3173
6153	4	6038
9821	0	9796
4904	3	447
6866	0	6855
7773	0	7322
2274	0	2259
5745	0	5747
9588	3	541
4495	3	450
9097	3	1859
9362	3	9411
3561	3	3672
2932	0	2699
2496	3	88
5470	0	5468
7756	0	7322
9069	3	821
3638	0	3502
1575	3	1632
4493	3	4680
9510	0	9460
1359	3	1680
8941	2	9002
1963	2	3160
1	3	89
1892	0	1878
8647	0	8620
7861	0	7322
2477	3	585
4945	0	4941
146	3	172
2915	0	2699
5833	0	5747
1486	2	1480
610	1	609
9999	3	2101
5377	0	5176
4544	0	4492
8519	0	8516
7844	0	7322
5626	4	5523
10637	1	10660
2048	3	2112
9747	0	9716
6491	1	6732
2898	0	2699
5360	0	5176
4986	0	4980
9133	0	9104
4527	0	4492
883	1	900
3591	1	3721
7161	3	2096
7827	0	7322
4901	3	2138
9730	0	9716
5721	0	5716
10438	3	1843
9116	0	9104
9729	0	9460
2986	0	2699
969	3	1093
9860	1	9907
8218	3	2109
9713	0	9716
7092	2	3551
7273	3	140
11061	1	11060
8941	3	447
973	0	965
10002	0	177
5639	0	5523
10870	1	10871
2209	3	174
5896	3	551
4854	0	4831
2157	1	2185
5828	0	5805
5890	1	5889
9947	3	1642
763	0	705
476	0	708
6113	1	6120
10368	0	10367
4002	3	2294
5622	0	5523
4070	3	4097
10168	4	10102
9428	3	962
8215	2	913
1359	3	2298
9069	2	1968
8493	0	8404
10387	0	9065
8481	2	1356
6872	0	6344
141	2	9002
755	0	705
10367	3	9069
8220	0	8217
7078	4	6344
4332	3	4495
8962	0	8939
3180	2	3335
5133	0	5029
10370	0	9065
738	0	705
5924	0	5747
6386	0	6344
9996	3	280
1359	3	1493
8945	0	8939
152	0	144
4703	3	586
11108	1	11131
5907	0	5747
450	2	3325
10574	3	450
1629	2	9404
10988	1	10987
6270	2	6267
6943	0	6344
5902	1	5923
1194	3	1095
5890	0	5747
8412	1	8422
9738	0	9714
2756	1	2793
5635	1	5634
10010	0	9998
2047	3	174
1878	3	1347
8809	0	8620
7276	3	7283
96	2	7159
2530	1	2567
8728	1	8729
9027	0	9014
10440	3	445
8676	4	8640
9060	3	172
9810	0	9799
1916	1	1955
9024	0	6249
1099	0	969
1578	0	1575
5464	0	4733
3999	0	3989
7178	3	7167
8381	3	295
3330	2	3328
4002	3	818
585	2	6268
4833	3	450
3777	1	3805
1755	0	1681
5747	2	5922
8178	0	8166
9824	0	9791
9719	3	1343
9816	0	9801
2269	0	2264
7048	0	7037
1738	0	1681
10586	0	10574
2925	1	3043
9103	3	447
8841	2	1349
9807	0	9791
6104	0	6051
9389	0	9366
10363	3	2296
9874	0	9460
9269	1	9268
9799	2	9847
3515	0	3501
7161	3	3332
9812	0	9786
6021	0	6022
4719	3	563
2020	0	2012
10577	2	10610
8552	3	8615
8259	0	8237
577	2	5484
4833	3	584
9892	0	9850
9372	0	9366
10849	4	10761
2046	3	2101
3173	2	10416
181	3	179
4780	1	4816
10768	0	5979
8954	1	8987
2110	2	5025
274	2	8160
9737	0	9726
1878	3	1965
9365	3	3669
8166	2	4046
9875	0	9850
10832	4	10761
3397	3	2578
8385	0	8383
2354	1	2356
3183	1	3220
2506	0	2496
536	2	4969
2066	0	2046
201	0	181
1842	2	3550
7211	0	7210
5822	1	5849
10062	0	4146
470	0	706
10759	3	1843
3180	2	3282
9818	0	9797
8445	0	7174
6870	1	6959
5552	4	5524
2271	0	2260
8394	1	8399
10388	0	10362
184	0	181
4732	0	4733
834	3	169
10758	1	10784
2736	2	1349
9797	2	3257
1512	0	1359
9813	0	9721
10059	1	10065
10371	0	10362
1390	0	1359
3441	0	3397
9806	0	9792
8186	0	8164
6050	1	6065
4185	1	4200
10363	2	10418
4150	1	4163
5640	4	5524
10277	0	10234
1867	1	1873
10701	0	10685
8510	2	8507
7180	3	2113
7181	1	7201
1472	3	820
8550	3	8566
8490	0	4733
750	0	710
177	3	274
10260	0	10234
5623	4	5524
10684	0	10685
3581	0	3559
2753	0	2699
8218	3	580
10153	0	10102
10686	3	8617
1501	3	175
9807	1	9829
10432	3	1341
2771	0	2736
7067	4	7037
3564	0	3559
753	0	418
1601	0	1575
1363	4	1359
10435	3	4288
4334	0	4332
8223	1	8234
1236	0	1194
2841	0	2699
704	3	821
2754	0	2736
9750	0	9719
3630	0	3561
736	0	418
4439	0	4332
9332	1	9351
3316	1	3357
8852	0	8842
9136	0	9107
1219	0	1194
5937	1	5960
821	2	5482
7047	4	7042
9733	0	9719
9509	0	9457
9065	2	10418
9244	4	9194
1843	2	5488
5099	0	5029
4077	1	4090
1203	1	1271
2263	3	1092
4834	3	2097
9863	1	9910
9492	0	9457
9998	3	1862
9388	0	6249
1672	3	1092
9199	1	9198
8818	3	280
3300	3	1340
6548	1	6789
3303	3	169
7174	3	8367
5978	1	5999
6504	1	6745
9821	0	9719
9231	0	9194
8549	3	8567
9814	0	9790
3303	2	3327
2097	2	10416
7086	1	7085
3567	0	3559
9966	1	9987
9819	0	9796
7436	0	7322
1359	2	1967
10612	1	10638
706	3	817
10612	0	6249
224	0	181
1711	0	1680
9197	0	9194
3396	3	175
3443	1	3473
9335	0	9318
1261	0	1192
8288	0	8218
9735	0	9715
7760	1	7969
11074	4	10761
1471	2	1495
7273	3	7284
4017	0	4002
5064	4	5029
1854	1	1856
7901	1	8067
1484	2	1480
1517	0	1507
2358	3	960
1244	0	1192
195	0	179
8271	0	8218
3638	0	3559
11057	4	10761
6475	1	6716
4859	0	4830
1227	0	1192
4080	1	4093
8254	0	8218
2759	1	2796
8553	0	8549
1881	3	1350
4513	0	4332
7172	3	963
3499	4	3475
6344	3	6340
9622	1	9680
2533	1	2570
4842	0	4830
8359	0	8218
3904	1	3967
4332	3	1840
2669	4	2355
6906	0	6853
541	2	5021
9813	0	9802
4496	0	4332
3498	0	3477
3482	4	3475
984	0	966
1918	0	1881
7743	0	7322
10814	1	10823
2217	0	2212
8184	0	8153
3625	0	3502
4230	0	4104
409	4	303
6929	0	6855
6889	0	6853
7203	3	3408
8678	3	8545
818	2	1543
5500	3	441
3621	1	3739
4332	3	96
7726	0	7322
1901	0	1881
224	1	270
3608	0	3502
4923	0	4901
4213	0	4104
4584	0	4332
5670	4	5566
2534	0	2355
9460	3	9798
3617	0	3502
1598	0	1359
1889	0	1879
5466	3	815
396	0	303
10895	1	10894
7278	0	7276
8279	0	8240
7180	3	450
2517	0	2355
3600	0	3502
7814	0	7322
5007	3	2205
3518	0	3504
9815	0	9789
10447	0	10438
379	0	303
10572	0	10577
2622	0	2355
8262	0	8240
2063	0	2047
4146	3	2352
4783	1	4819
3583	0	3502
2388	0	2375
8818	2	8835
8403	0	7174
362	0	303
3314	0	3300
3303	2	3274
4833	2	1357
3578	1	3651
4004	0	3988
5458	2	5460
6931	0	6851
26	0	1
8490	1	8502
9736	0	9714
2701	0	2698
3306	0	3300
3850	1	3914
966	3	1091
2739	2	446
5727	0	5714
9721	3	3677
5224	4	5173
10472	1	10527
5393	1	5392
6914	0	6851
3302	2	1863
9821	0	9800
4258	1	4268
10234	3	271
10463	0	10460
2274	0	2263
8598	0	8595
9029	1	9051
2225	0	2210
2882	1	3020
3561	3	3676
7245	0	7235
6897	0	6851
9824	0	9714
2496	3	92
3162	2	82
6249	3	5975
3985	3	1094
10062	1	10068
1575	3	1636
5211	0	5173
5312	4	5173
96	2	8155
9809	0	9795
1	3	93
4188	1	4203
1892	0	1882
2296	2	10416
4153	1	4166
6020	3	2254
9807	0	9714
10850	1	10848
9792	3	3677
3178	2	3218
7292	0	7172
2292	2	10051
5265	1	5264
7331	0	7322
2698	3	1092
5221	1	5220
5979	3	450
7251	0	7237
9631	0	9588
7905	0	7322
1257	1	1325
4176	3	1642
9747	0	9720
1024	0	966
3504	3	3973
5299	0	5173
2397	2	10051
6339	0	6344
5458	3	3671
5666	4	5559
8939	3	1343
1862	2	6265
9253	1	9252
3166	0	3167
9475	0	9786
2903	0	2698
9133	0	9108
7234	0	7237
3233	0	3227
7888	0	7322
2774	0	2739
676	4	303
169	2	4275
9730	0	9720
10440	3	10435
9104	3	1346
3693	4	3504
9362	3	450
5721	0	5720
5655	0	5523
10234	3	2044
3896	0	3504
9060	2	4275
1760	0	1359
817	2	3328
9116	0	9108
8973	0	8911
5984	1	6010
2836	1	2994
2757	0	2739
450	2	10416
9713	0	9720
7056	4	177
9379	1	9398
3678	2	5788
9121	0	9103
7323	1	7523
973	0	969
9335	1	9354
11012	1	11011
3879	0	3504
1743	0	1359
8286	1	8341
4854	0	4835
9818	0	9720
1742	0	1681
8956	0	8911
10016	0	9996
5940	1	5963
9512	0	9460
5993	0	5980
5454	3	1188
4002	3	2298
3162	3	171
8471	2	3551
10373	0	10366
1882	2	1967
1725	0	1681
7119	0	7094
3300	3	295
9795	3	3677
10817	0	10761
10918	4	10761
9069	3	4826
10387	0	9069
3850	0	3502
3177	1	3200
7846	0	7322
5758	0	5744
6551	1	6792
6507	1	6748
8152	1	8157
1896	1	1935
1708	0	1681
11023	4	10761
9068	3	9087
2306	3	1488
10370	0	9069
9332	0	9319
10228	2	4098
3244	0	3230
4104	3	445
10367	3	10362
8482	3	447
612	0	303
5768	1	5791
9969	1	9990
3776	0	8166
7301	0	7174
10783	1	10807
1883	0	1880
8910	0	8906
6248	3	280
8492	0	8481
714	1	769
10989	4	10761
8857	0	8841
8429	2	3551
3882	0	3504
8483	0	8471
6027	0	6020
5373	0	5173
9738	0	9718
8237	3	140
915	3	297
8257	0	8245
10234	3	568
8840	0	8841
7904	1	8070
2155	0	1359
1247	0	1195
8217	2	913
4545	0	4495
5075	1	5074
10389	0	9065
5979	3	2491
6249	3	6272
3189	1	3207
4102	3	3675
10617	1	10661
2736	2	2829
8556	0	8552
10695	0	10614
4528	0	4495
6348	1	6358
10372	0	9065
1382	1	1381
3566	0	3502
532	2	2088
186	0	177
345	0	303
5151	1	5150
8734	1	8735
7204	3	1485
4511	0	4495
917	3	873
1195	3	274
3987	0	3988
7048	0	7041
3396	3	1842
4147	3	295
4703	3	269
1507	3	1556
2046	3	816
3180	2	1863
1905	0	1359
9819	0	9719
9812	0	9790
5994	0	5979
4719	3	567
3168	1	3171
4733	3	583
4104	3	2352
577	2	5488
4291	3	277
2046	3	2105
1726	0	1680
7273	3	441
4473	0	4472
9377	0	9365
4771	0	4753
1993	0	1359
6369	1	6611
1101	0	969
3890	0	3502
1709	0	1680
383	4	301
4570	0	4493
4754	0	4753
8598	1	8607
3873	0	3502
7095	1	7128
4187	0	4102
5261	4	5176
9721	3	1343
3317	0	3303
8620	3	1858
4553	0	4493
10664	3	174
9091	3	4744
3509	0	3502
2222	0	2211
370	0	301
6155	4	6038
3167	3	89
2736	2	1353
3581	1	3654
4733	3	2006
4399	1	4419
5819	1	5869
8218	3	450
8240	3	8356
4536	0	4493
7212	3	1857
9801	2	9847
458	0	705
337	4	299
9806	0	9796
5007	3	5027
6917	0	6854
4290	2	4046
6248	3	577
8415	0	8482
2195	0	1359
1852	3	1857
320	4	299
9792	3	1343
9113	0	9103
1565	0	1562
6038	2	3283
3429	0	3396
2752	0	2699
9495	0	9460
2300	0	1359
1418	1	1417
9820	0	9788
1562	3	175
4921	0	4901
2921	1	3040
715	0	303
9478	0	9460
3625	0	3559
6108	0	6038
408	4	299
9803	0	9788
7295	0	7175
2306	3	175
2097	2	5025
7210	3	169
1093	2	5026
10315	1	10339
2051	0	2046
10718	0	10614
8905	0	8911
1260	1	1328
9750	0	9723
2016	0	2009
2266	0	1359
3608	0	3559
6091	0	6038
3559	3	2095
391	4	299
284	3	3173
8971	0	8940
9714	3	1093
8622	4	8620
9706	3	175
3227	2	1966
5594	4	5523
3617	0	3559
316	1	315
9733	0	9723
473	0	303
3423	1	3453
9065	3	444
277	2	3548
140	2	4969
5577	4	5523
286	0	284
2046	3	174
3227	2	3255
960	2	2429
3600	0	3559
5433	0	5176
3502	3	2042
2698	3	531
1632	2	10082
2701	0	177
6081	4	6038
179	3	274
6604	0	6344
4260	0	4256
3583	0	3559
9996	3	5521
10019	0	9999
6455	1	6696
9814	0	9794
5564	0	5523
2860	0	2699
5879	4	5747
1549	2	1543
9520	0	9458
9819	0	9800
9793	3	2372
4177	3	2206
2223	0	2210
2843	0	2699
5761	0	5747
8489	0	8482
3437	0	3394
9503	0	9458
10692	0	10687
9788	2	2828
5406	4	5176
5465	3	3173
2614	1	2613
7049	4	7042
8595	3	8616
10265	1	10298
4970	3	173
9486	0	9458
8970	0	8941
5389	4	5176
4104	2	4251
746	0	707
4289	0	4290
3164	3	277
2931	0	2699
1517	0	1511
8432	0	8429
10123	0	10102
2196	3	140
2736	3	2814
2960	1	3060
6928	0	6344
8940	2	9002
8953	0	8941
9803	1	9826
5271	0	5176
13	0	1
3302	3	1340
1732	1	1809
729	0	707
9060	3	3669
4944	0	4941
2914	0	2699
4859	0	4834
703	3	813
1340	2	3326
4152	0	4146
7471	1	7668
6165	0	6038
9460	2	9847
6911	0	6344
1194	3	1343
6442	0	6344
712	0	707
8552	3	8595
7907	1	8073
9640	0	9460
4842	0	4834
534	2	3218
8404	3	3091
9339	0	177
7179	3	1629
8777	0	8620
6894	0	6344
8292	1	8347
6425	0	6344
7172	3	2256
9996	2	10051
9623	0	9460
10996	1	10995
10061	3	277
8444	0	7174
9322	0	177
3860	1	3924
9071	0	7212
1676	3	140
10437	3	1843
9337	0	9318
3393	3	294
7204	3	440
8225	0	8217
9606	0	9460
7357	1	7556
7274	3	807
303	3	529
748	0	703
972	0	965
9460	3	9802
1492	2	11147
1191	1	1262
1906	0	1880
8818	3	447
7204	3	7206
8185	0	8164
11051	1	11050
7212	3	1483
8279	0	8244
9094	0	9092
731	0	703
7168	2	1968
8168	0	8164
3193	0	3180
4147	3	539
7057	4	7040
10073	0	10061
9815	0	9793
982	1	1042
8262	0	8244
4444	0	4433
5721	1	5732
141	2	9063
8361	0	8218
1472	3	450
4853	0	4837
220	0	178
10668	0	6249
4929	1	4937
5499	0	5502
7276	3	444
177	2	2712
1670	2	8835
10234	3	141
844	0	837
5464	0	5465
8961	0	8939
10363	3	450
9593	0	9588
6345	0	6342
4021	0	3989
4384	0	299
8250	0	8239
6246	2	6265
6931	0	6855
10761	3	530
7897	1	8064
1359	3	1554
4829	3	817
9736	0	9718
5906	0	5747
8533	3	8546
10180	0	10102
966	3	1095
821	2	6267
10186	0	10185
6914	0	6855
4183	0	4176
1508	3	93
3490	4	3477
4855	1	4884
3584	1	3657
8450	0	8404
6897	0	6855
2230	0	2209
9801	3	2207
9104	3	277
7076	0	7042
9817	0	9789
392	1	391
2047	3	585
1366	1	1365
7073	0	6344
8796	4	8620
9809	0	9799
9609	1	9667
10770	0	10761
4282	3	1348
7824	1	8015
1674	3	450
1914	0	1878
2213	0	2209
6482	0	6344
10687	3	450
11082	1	11104
5925	3	585
7292	0	7176
10875	0	10761
9382	0	9364
7246	1	7265
6248	3	821
5466	3	2726
673	1	672
2259	3	1488
4146	3	2035
2737	3	139
3566	0	3559
8678	3	8712
740	0	705
7210	2	7224
1008	1	1068
2013	0	2010
6531	1	6772
28	0	1
9475	0	9790
5030	1	5032
10440	3	10439
5507	0	5500
10856	1	10854
10436	3	820
11	0	1
1012	0	965
1453	4	1359
2054	0	2049
559	0	560
7216	0	7210
2019	0	2012
116	0	1
2695	1	2705
9121	0	9107
10362	3	2101
2355	3	87
9259	1	9258
5982	3	5979
3164	2	82
1525	1	1544
9744	0	9716
1436	4	1359
4332	3	1336
9967	0	9947
3426	1	3456
8241	0	8237
99	0	1
4498	0	4495
8944	1	8977
6382	1	6623
4770	1	4806
7829	1	8120
3162	3	175
438	2	10415
9364	3	444
6304	0	6250
1419	4	1359
4531	1	4625
7180	3	7167
9950	0	9947
4948	1	4962
5281	1	5280
8298	0	8245
9806	0	9719
5799	3	447
2954	1	3138
2775	0	2699
464	0	711
7438	0	7322
1841	2	3550
8820	0	8818
4279	3	2207
4283	2	10456
4332	3	531
9798	3	1343
2270	0	2260
5011	0	5007
1411	4	1359
10387	0	10362
4970	3	872
850	1	867
10367	3	10366
444	2	10417
7421	0	7322
93	2	2727
8238	3	2494
1359	3	1501
4904	3	4940
1883	0	1884
8180	0	8169
1696	0	1680
5534	4	5524
4970	2	4969
10370	0	10362
7404	0	7322
1888	0	1879
9320	0	9318
3878	1	3940
2260	3	551
1679	0	1680
7509	0	7322
8509	2	8507
10268	1	10301
9060	3	4718
7387	0	7322
1471	3	275
995	1	1054
8216	2	8232
10259	0	10234
8256	0	8218
9743	0	9717
4101	0	4104
11042	4	10761
3410	2	1543
7492	0	7322
914	1	938
3227	2	2828
9129	0	9105
1919	0	1470
5805	2	5865
322	1	321
2744	0	2739
7190	0	7232
2770	0	2736
5691	4	5692
9998	2	1968
11025	4	10761
10024	0	9998
277	2	10826
9460	3	2207
965	3	909
10434	3	4288
174	2	5026
813	2	3325
1902	0	1470
1235	0	1194
715	0	710
186	0	181
2260	3	96
4220	0	4147
5120	4	5029
9787	3	169
10007	0	9998
576	2	9063
8218	2	1863
5635	0	5524
1885	0	1470
3561	3	139
9814	0	9717
2228	0	2209
1218	0	1194
10634	0	6249
759	0	706
11012	0	10761
9508	0	9457
9322	1	9341
7217	0	6249
140	2	5026
6439	1	6680
4569	0	4332
4155	0	4104
9812	0	9794
3226	1	3235
9387	0	6249
8905	0	5719
9194	3	9310
9226	4	9194
751	0	706
3504	3	86
7212	3	438
7172	3	1345
8404	3	86
10978	0	10761
4552	0	4332
9370	0	6249
6880	0	6855
8958	0	8940
881	1	897
734	0	706
1522	0	1507
4949	0	4940
3503	0	3504
1179	1	1178
583	2	10415
8393	0	8381
4835	2	1357
10370	1	10400
3599	0	3504
9102	3	175
4535	0	4332
985	1	1045
6863	0	6855
8169	3	2294
1023	0	966
8523	0	8515
2259	3	175
6038	3	1335
1359	3	1664
188	0	177
6883	1	6973
5466	3	2352
2305	2	1351
2773	0	2739
3591	0	3504
3184	0	3178
3692	4	3504
4904	3	565
7842	1	8028
5805	2	1356
8253	0	8242
5454	2	82
2048	3	2096
174	2	3550
2756	0	2739
7212	3	1861
3574	0	3504
4158	0	4104
8245	3	8355
10366	3	6270
5947	0	5926
4541	0	4492
9806	0	9800
3491	0	3475
337	4	303
5046	4	5029
1911	0	1879
8239	3	172
175	2	9064
4433	2	2712
1744	1	1820
6922	0	6853
9429	3	873
6882	0	6851
4983	0	4980
9130	0	9104
4524	0	4492
320	4	303
933	0	917
3559	3	1965
9727	0	9716
1526	0	1359
6394	1	6634
177	3	282
7768	1	7975
8174	0	8167
9820	0	9792
6905	0	6853
9633	0	9588
7068	0	177
4507	0	4492
2445	0	2355
1026	0	966
916	0	917
10366	2	3550
1701	1	1783
4229	0	4104
2478	1	2485
8272	0	8238
408	4	303
9803	0	9792
2651	4	2355
5160	4	5029
6888	0	6853
9616	0	9588
5454	3	2107
5357	1	5356
3511	0	3502
9808	0	9787
6350	0	6341
7300	0	7174
372	0	301
5905	1	5915
8255	0	8238
391	4	303
2533	0	2355
6871	0	6853
6246	3	1337
2759	0	2739
8237	3	575
4922	1	4931
7050	0	7040
171	2	868
4728	3	2044
9999	3	10058
5926	3	280
9373	0	9362
5147	0	5029
2516	0	2355
10672	0	10664
4188	0	4175
1346	2	4273
3227	2	3259
560	3	577
338	0	301
2472	4	2460
1728	0	1359
8235	1	8300
284	3	2372
169	2	2429
5911	0	5901
3517	1	3534
627	4	303
3582	0	3502
7370	0	7322
2686	4	2651
2048	2	2088
11123	0	10761
108	1	127
8549	3	8575
9814	0	9798
5113	0	5029
3303	2	3335
3506	0	177
9752	0	9714
2045	0	2047
4848	1	4878
10384	0	10363
3749	4	3504
883	0	876
5240	4	5173
4534	1	4628
2410	0	2407
9138	0	9102
4951	1	4965
3753	0	3504
7452	1	7649
5676	4	5578
3631	0	3504
3732	4	3504
9996	3	7164
8182	0	8165
2268	0	1359
5984	0	5982
1194	3	274
4472	3	277
2682	4	2615
3837	4	3504
7322	3	535
933	1	955
10697	0	10686
5591	0	5523
698	4	303
3614	0	3504
5328	4	5173
10462	1	10517
1904	0	1359
9785	0	9793
5744	2	5797
7244	0	7235
746	0	711
702	0	303
5749	0	5746
3425	0	3393
8678	3	4097
1887	0	1359
10818	0	10810
11075	1	11074
9323	0	9321
3824	0	3504
8510	2	3551
729	0	711
685	0	303
2767	0	2737
6038	2	1356
6515	1	6756
10431	0	10434
8413	0	4733
7291	0	7172
2919	0	2698
10716	1	10749
1232	0	1195
10583	0	10574
712	0	711
4332	3	909
2750	0	2737
9074	0	9069
9522	0	9458
4493	3	557
8552	2	2712
3312	1	3358
5926	3	93
2902	0	2698
7791	0	7322
6486	0	6344
8552	3	89
1215	0	1195
6570	1	6811
9505	0	9458
4743	3	1549
10846	4	10761
1507	3	1670
5429	0	5173
2885	0	2698
7774	0	7322
7112	0	7092
2275	0	2259
10718	0	177
6469	0	6344
1198	0	1195
6249	2	6268
9488	0	9458
6366	1	6607
4703	3	4705
303	3	533
8665	0	8620
972	0	969
2947	1	3132
9823	0	9797
9014	3	3668
1906	0	1884
1509	3	1553
5564	1	5565
3985	2	4046
2868	0	2698
3998	0	3985
7757	0	7322
2258	0	2259
2231	0	2212
2698	3	1637
3639	0	3502
2503	0	2496
8296	0	8245
10934	4	10761
4322	0	4282
8648	0	8620
10710	0	177
2374	0	2358
6442	1	6683
5395	0	5173
8404	2	910
7074	4	7041
4911	0	4904
2214	0	2212
2670	0	2355
2262	3	2296
464	0	418
9815	0	9797
8453	0	8437
4430	2	5026
1519	0	2211
7483	1	7679
10776	0	10759
8404	3	1485
2355	3	2372
6444	0	6344
10693	0	177
7845	0	7322
8156	0	8166
9428	3	438
8485	0	8479
2049	3	2112
9642	0	9460
4256	2	4275
6038	2	1974
9612	1	9670
1978	0	1359
4449	0	4432
8677	0	8678
7277	0	7172
9794	2	3257
10364	3	2205
9747	0	9460
9998	2	10051
697	1	696
1886	1	1925
7045	4	7039
9625	0	9460
2415	1	2427
2636	0	2355
8250	0	8243
10274	0	10234
988	1	1048
10363	2	2831
1359	3	1558
6249	3	2816
4829	3	821
4904	3	4997
9730	0	9460
4982	0	4904
4225	0	4146
2066	0	1359
4762	0	4755
8487	0	4733
2060	0	2047
742	0	303
10137	1	10136
9713	0	9460
5829	0	5805
7845	1	8031
4348	0	4332
4521	0	4493
10366	3	1842
10885	1	10884
1486	2	9063
9818	0	9460
9428	3	1861
4728	3	1670
3378	0	3379
3864	0	3504
9283	1	9282
6902	0	6854
9946	0	8382
8494	0	8404
9103	3	3411
4504	0	4493
4344	1	4363
1164	4	969
6601	1	6841
6588	1	6829
2476	3	536
1914	0	1882
3847	0	3504
4743	3	4745
8452	0	8438
5343	4	5173
1359	3	2042
9440	0	9428
10061	3	444
6885	0	6854
2320	0	2305
9812	0	9717
757	0	706
9102	3	1842
2834	1	3140
5199	0	5176
3988	3	86
4703	3	1485
7353	1	7553
2262	3	820
9065	2	2831
1372	1	1371
6868	0	6854
1130	4	969
9475	0	9794
7172	3	2207
393	4	299
6370	0	6344
311	4	301
10184	1	10207
4575	0	4493
10364	3	3173
3300	3	169
5466	2	5487
1012	0	969
7919	0	7322
5287	0	5176
3495	1	3494
9811	0	9790
8481	3	870
3300	2	3327
10363	2	1355
2059	0	2048
7274	3	169
6889	1	6979
7902	0	7322
5371	4	5176
5801	3	580
2212	3	295
8521	0	8515
5747	3	280
8436	1	8454
6051	3	869
9714	3	4724
9749	0	9715
1916	0	1878
5747	3	3663
4476	0	4474
4178	1	4193
3907	1	3970
5253	0	5176
2411	1	2420
9103	3	3090
4970	3	1092
2890	1	3026
9135	0	9103
4496	1	4592
6589	0	6344
9732	0	9715
4146	3	4751
714	0	418
9724	0	9725
5723	0	5715
10761	3	1636
7085	4	7039
817	2	6264
5549	0	5523
9118	0	9103
2988	0	2698
1241	0	1192
8700	0	8678
9892	0	9460
6572	0	6344
3591	0	3561
4108	1	4128
2270	0	2264
10387	0	10366
1750	1	1826
2674	1	2673
4851	1	4881
5812	1	5843
1359	3	566
10614	3	2205
9875	0	9460
5799	3	2090
6555	0	6344
8536	0	8533
7455	1	7652
3574	0	3561
9813	0	9786
10370	0	10366
10330	1	10353
10367	3	1860
1650	3	1493
9065	2	1355
6137	4	6038
312	0	299
8620	3	175
2516	1	2554
9431	0	9426
8218	3	8216
1694	1	1777
9471	0	9458
1674	3	1556
5834	0	5747
8167	2	4046
2200	0	2196
7740	0	7322
1127	1	1126
6249	2	1356
1564	0	1562
5522	4	5523
3622	0	3502
3989	3	280
9743	0	9721
3428	0	3396
2044	2	9062
4443	0	4433
847	0	836
173	2	3327
1858	2	6266
10438	3	3173
5817	0	5747
7723	0	7322
4147	3	169
3605	0	3502
9441	1	9452
3263	3	89
6518	1	6759
6107	0	6038
5391	1	5389
450	2	6265
2882	0	2699
711	3	815
2050	0	2046
3588	0	3502
178	3	140
10843	1	10841
6090	0	6038
3178	3	1092
2865	0	2699
480	0	703
9814	0	9721
759	0	710
6296	1	6329
5327	0	5176
2152	0	1359
3303	3	450
5007	3	445
426	1	449
4829	3	447
9721	3	2372
4494	0	4492
5979	3	2044
306	1	305
5432	0	5176
10702	0	10685
8481	3	817
3300	2	3274
1724	1	1848
1501	3	1663
1680	3	911
7458	1	7655
10692	0	10614
751	0	710
2953	0	2699
10591	0	10578
10431	1	10448
5415	0	5176
4259	0	4256
3582	0	3559
7172	3	7176
1880	3	541
10670	0	6249
734	0	710
7058	0	7042
1522	0	1511
6249	2	1974
6445	1	6686
659	1	660
5318	1	5316
4474	2	1356
754	0	418
177	3	10756
1527	0	1506
9792	3	2372
10436	3	4288
2377	1	2391
7870	1	8131
4728	3	141
1359	3	1668
5326	4	5173
8471	3	294
3631	0	3561
9262	4	9194
2720	0	2699
7814	1	8149
737	0	418
5468	3	1859
2305	2	1355
722	0	705
10496	1	10550
10636	0	6249
1889	1	1928
3614	0	3561
8261	0	8236
9606	1	9663
991	1	1051
3163	3	277
10833	1	10832
10432	3	280
1879	3	1347
4835	3	2097
8153	3	8165
1880	3	1964
171	2	1543
8834	3	1862
3232	0	3180
6248	3	585
2196	3	551
8387	0	8382
6250	3	88
441	2	5482
9025	0	6249
8381	2	3278
6882	0	6855
2209	3	2256
6910	0	6344
2215	1	2236
9130	0	9108
962	2	3550
9727	0	9720
7213	0	7209
8237	3	445
8811	4	8776
5896	3	539
8431	1	8435
6893	0	6344
9795	3	2372
8282	1	8337
5469	0	5468
3164	2	1351
9815	0	9720
7827	1	8019
5945	0	5747
3186	0	3178
8236	3	168
3443	0	3396
4014	1	4038
9808	0	9791
5990	0	5980
3324	0	3302
10685	3	2101
9110	1	9149
1722	0	1681
3639	0	3559
5589	1	5588
9373	0	9366
2975	1	3072
730	0	703
1705	0	1681
1879	3	1965
6249	3	295
4904	3	4920
2774	1	2812
9132	0	9104
5925	3	3411
2739	2	2821
2296	2	11152
1688	0	1681
6892	1	6982
9952	0	9947
10018	0	177
8225	1	8233
9859	0	9850
6054	0	6051
2151	1	2179
9752	0	9718
2218	0	2212
4104	3	563
4383	0	299
4499	1	4595
762	0	705
7086	0	7037
10089	2	1967
9735	1	9764
9810	0	9787
2358	3	1188
6594	1	6835
7085	4	6344
177	2	1968
10073	1	10077
9023	0	9014
9267	1	9266
8297	0	8237
9375	0	9362
9785	0	9797
9014	3	960
177	2	3257
1374	0	1359
3425	0	3397
8170	0	8164
9816	0	9789
9475	0	9717
9802	2	2828
5747	3	4041
10261	0	10234
10432	3	577
2519	1	2557
7337	1	7537
1359	3	2099
7291	0	7176
1647	0	1650
708	3	816
10583	0	10578
10137	0	10102
4102	3	4143
1602	0	1575
4335	0	4332
9141	1	9179
6942	0	6344
7236	1	7255
7043	4	6344
8967	0	8941
717	0	710
27	0	1
2755	0	2736
5590	4	5524
177	3	583
7051	4	7037
10009	0	9998
1471	3	873
1585	0	1575
9998	3	7164
7212	3	2296
9888	0	9850
5500	2	1356
6521	1	6762
5719	3	1091
4433	3	1494
10332	0	10234
6925	0	6344
8550	2	3338
8950	0	8941
10	0	1
5661	4	5548
5991	1	6004
2476	3	138
197	0	178
9801	2	3281
8599	0	8595
2703	0	2699
6248	2	6268
838	0	834
7219	0	6249
9023	0	6249
10315	0	10234
9120	0	9107
6908	0	6344
6910	1	7000
2198	3	2205
9823	0	9801
10255	1	10288
7805	1	8118
1203	0	1194
8245	3	280
3163	2	82
9228	4	9194
8620	3	1842
2013	1	2026
7178	3	2296
1575	3	441
98	0	1
9325	0	9321
4291	2	1863
3989	3	4041
9476	0	9457
6303	0	6250
9815	0	9801
8173	0	8167
5543	0	5524
2219	0	2211
7290	0	6249
9459	0	9457
4521	1	4615
6286	0	6250
4448	0	4432
7216	1	7226
10362	3	2296
9798	2	9847
5010	0	5007
8595	3	2371
284	3	579
8412	0	8482
208	0	181
3561	2	3679
1472	2	1495
5005	3	1095
1471	3	1491
4761	0	4755
7057	4	177
2902	1	3141
725	0	708
10363	3	2097
8272	0	8218
2737	2	2821
9434	1	9446
527	2	10456
8384	0	8383
4148	0	4147
10017	0	9996
9498	1	9562
10936	4	10761
1228	0	1192
3163	3	171
8255	0	8218
3622	0	3559
7120	0	7094
2264	3	2296
9365	3	87
7730	1	7943
10000	0	9996
8404	3	818
3986	3	2298
1211	0	1192
752	0	704
3605	0	3559
1359	3	2046
312	1	311
1919	0	1881
9812	0	9721
9333	0	9319
3179	1	3201
757	0	710
11093	2	10826
8221	0	8218
4219	0	4147
3588	0	3559
4332	3	271
8938	1	8974
11007	4	10761
2101	2	10416
96	2	3390
1902	0	1881
6352	0	6341
8181	0	8165
2676	4	2593
2227	0	2209
3396	3	3412
1471	3	820
393	4	303
8799	1	8798
8921	0	5719
6873	0	6853
4764	0	4755
5102	4	5029
10889	0	10761
727	0	704
3300	3	173
1477	0	1359
1885	0	1881
6028	0	6020
5311	1	5310
7071	4	7042
9811	0	9794
8481	3	874
5925	3	138
2619	4	2355
2051	0	1359
8904	0	5719
6856	0	6853
3329	2	10051
4446	0	4332
1582	0	1359
9426	3	174
9113	1	9152
216	0	179
4837	2	1352
2501	0	2355
9850	2	3257
1565	0	1359
8241	0	8245
9749	0	9719
3434	0	3394
4728	3	2292
9599	1	9657
31	1	73
9255	0	9194
4438	0	4332
8246	0	8240
1993	1	1999
8911	3	8907
9135	0	9107
10433	3	820
8244	3	172
9732	0	9719
5925	3	272
3417	0	3394
11108	0	10761
2264	3	820
817	2	6268
975	1	1035
8905	1	8933
1388	1	1387
1646	1	1655
9118	0	9107
4179	0	4177
191	0	179
451	0	303
2226	0	1507
8294	0	8238
9123	0	9102
926	0	915
9820	0	9719
1744	0	1680
9960	1	9981
9738	1	9767
5208	4	5173
9813	0	9790
5995	0	5979
3302	2	3327
6898	0	6851
8277	0	8238
473	1	510
312	0	303
1508	3	1553
9106	0	9102
4340	1	4360
5088	4	5029
6597	1	6838
1359	3	1859
1910	0	1879
9803	0	9719
1727	0	1680
4432	2	2712
417	0	303
5978	0	5979
9428	3	873
6881	0	6851
9378	0	9365
10460	3	570
3437	1	3467
9065	2	9064
932	0	917
4781	1	4817
2204	2	3550
2438	3	907
5195	0	5173
2260	3	909
1710	0	1680
9787	3	9842
4904	3	171
9460	3	9786
1884	3	1964
8248	0	8236
2875	1	3017
6864	0	6851
9361	0	9365
1095	2	5025
5178	0	5173
9104	3	582
1693	0	1680
2968	1	3066
919	1	941
4016	0	4002
4188	0	4102
5503	0	5501
10432	3	821
1190	0	969
5283	0	5173
711	3	819
8270	0	8218
7101	1	7134
2230	0	1359
4115	0	4104
2049	3	2092
144	3	168
3775	0	3504
5142	4	5029
10377	1	10428
2758	0	2739
8236	3	575
7515	1	7712
991	0	966
8486	0	4733
7054	4	7040
9740	0	9717
2213	0	1359
177	2	10051
354	0	301
1744	0	1359
6524	1	6765
3758	0	3504
3641	0	3502
8358	0	8218
10719	0	10686
2741	0	2739
643	4	303
9513	0	9460
1015	1	1075
4472	3	2298
2376	0	2358
4904	3	4977
5129	0	5029
1727	0	1359
2216	0	2212
5682	4	5588
5910	0	5901
3624	0	3502
10362	2	4275
9496	0	9460
3542	0	3504
9821	0	9788
2047	2	2088
7172	3	7180
2359	0	2358
7847	0	7322
2016	1	2029
7249	0	7235
1710	0	1359
9588	3	533
9785	0	9720
3748	4	3504
609	4	303
9479	0	9460
8404	3	444
4583	0	4332
5718	3	277
7830	0	7322
1693	0	1359
4838	1	4868
1359	3	1672
4566	0	4332
7813	0	7322
5595	4	5523
1523	1	1541
2262	3	450
3613	0	3504
474	0	303
10767	0	10761
1011	0	969
8484	0	8471
4768	1	4803
3985	3	277
287	0	284
3313	0	3300
531	2	3390
994	0	969
7901	0	7322
4924	1	4934
2952	1	3135
9437	1	9449
10020	0	9999
5387	1	5386
421	0	420
2611	4	2355
3988	3	2294
2473	0	2462
747	1	798
9720	3	3677
5824	1	5852
2017	0	1359
1601	1	1628
7733	1	7946
10373	0	9065
10003	0	9999
5896	3	543
1529	0	1506
3167	3	585
2224	0	2210
7209	3	1861
5323	0	5173
8289	0	8243
4512	0	4495
7111	0	7092
2519	0	2496
9808	0	9795
8620	3	1549
5416	4	5173
1905	0	1884
8906	2	4098
9791	3	3677
585	2	3548
3180	2	3327
9108	3	9107
8954	0	8941
2665	4	2355
1889	0	1359
3903	0	3504
730	0	707
1518	0	1508
5457	3	3671
4153	0	4146
8795	0	8620
6912	0	6344
10775	0	10759
6443	0	6344
10692	0	177
7887	0	7322
2739	2	2825
10234	2	2829
2355	3	2433
5281	0	5173
9641	0	9460
962	2	6266
7297	0	7174
1862	2	8160
909	2	4909
1186	4	969
4407	1	4426
3559	2	3679
2124	1	2136
6426	0	6344
9752	0	9722
4493	3	297
5934	1	5957
153	0	143
7401	0	7322
9504	1	9568
9624	0	9460
9602	1	9660
1712	1	1794
3988	3	818
10573	3	2256
9817	0	9720
8218	3	7041
3857	0	3502
687	1	686
7506	0	7322
7086	0	7041
6409	0	6344
1591	1	1619
7384	0	7322
9143	0	9105
4537	0	4493
1173	0	969
978	1	1038
4102	3	3663
1493	2	11147
2325	0	2305
3229	2	3254
1907	0	1880
8863	1	8888
8850	1	8876
7489	0	7322
5228	4	5176
2477	3	874
7170	3	7169
6273	0	6250
3553	2	3551
7251	0	7172
9126	0	9105
4520	0	4493
9785	0	9801
4262	1	4271
2384	1	2394
1890	0	1880
1187	1	1186
7472	0	7322
9963	1	9984
9816	0	9793
9475	0	9721
5998	0	5982
7234	0	7172
10444	0	10437
9109	0	9105
4503	0	4493
1139	0	969
3341	1	3368
10761	3	140
8481	3	447
4901	3	1488
5316	4	5176
2107	2	2091
8940	3	3173
4735	3	3332
5194	4	5176
8278	1	8334
1359	3	2103
7217	0	7172
6884	0	6854
6591	1	6831
6578	1	6819
3440	1	3470
2696	2	2713
10440	3	1860
8491	0	8481
3439	0	3393
2698	3	572
594	0	303
6346	0	6342
7296	0	7175
3393	3	522
9386	1	9420
2950	0	2698
6249	3	2206
2739	2	1349
699	0	303
2719	0	2699
7051	4	7041
10181	0	10102
8972	0	8940
5181	0	5176
5282	4	5176
7788	1	7988
2971	1	3069
5069	1	5068
8549	2	281
565	2	2088
2933	0	2698
5465	2	5487
4834	2	4899
6517	0	6344
1840	2	4969
2035	2	9064
5468	3	1489
375	4	299
8955	0	8940
141	2	4969
4390	0	4391
4447	1	4466
10473	1	10528
10966	1	10965
4946	0	4940
2916	0	2698
6500	0	6344
7518	1	7715
6205	1	6229
2211	3	295
968	1	1029
6058	0	6038
3180	2	3274
8555	0	8552
8938	0	8940
8520	0	8515
1670	2	9063
2205	2	9062
279	2	9062
9522	1	9586
1675	3	450
2899	0	2698
10380	0	10364
9998	3	3330
6483	0	6344
8620	2	281
9441	0	9424
1649	0	1650
9134	0	9103
6588	0	6344
9731	0	9715
4736	3	820
3268	2	3274
6466	0	6344
8386	1	8391
10808	0	10809
9069	3	1862
186	1	230
6590	1	6832
9104	2	3337
303	3	86
7094	3	274
6571	0	6344
454	0	705
5409	0	5173
5896	3	169
5944	0	5926
1470	3	175
834	3	295
6283	1	6316
8552	2	3338
172	2	9064
840	0	834
10893	1	10892
5579	0	5524
7752	1	7963
10363	3	2101
8218	3	1861
100	0	1
7850	1	8034
10579	0	10575
222	0	177
9366	3	9365
169	2	3218
846	0	836
3504	2	1351
6432	1	6673
1117	1	1116
10437	3	3173
4146	3	169
752	0	708
6895	0	6344
9196	4	9194
4280	3	2207
2881	0	2699
5348	4	5176
457	0	705
6508	1	6749
5444	4	5176
528	2	10066
6878	0	6344
1717	1	1846
9338	0	9318
5490	3	1862
5465	3	583
2212	3	169
303	3	704
8471	3	1965
7203	3	1493
8181	0	8169
3994	0	3986
2864	0	2699
7087	4	7042
9031	1	9054
5331	4	5176
1412	1	1411
2941	1	3052
10574	3	2296
1192	3	1335
6861	0	6344
8764	1	8765
5930	0	5747
1515	0	1509
3641	0	3559
2476	3	89
9060	3	3173
8480	3	817
10189	1	10210
4282	3	4288
9811	0	9798
8449	0	8438
5309	0	5176
3300	2	3335
4857	0	4832
8217	2	8232
3624	0	3559
9271	0	9194
6203	0	6038
7294	0	7175
7172	3	7237
586	2	6267
7172	3	821
5605	0	5523
7174	3	1488
10669	0	6249
9194	3	276
2015	0	2009
5402	4	5176
6270	2	4275
3162	2	3160
2313	1	2336
8246	0	8244
4761	1	4797
916	1	939
1921	0	1881
10687	3	141
394	0	299
5284	0	5176
8223	0	8218
1	3	138
5468	2	5482
8595	3	444
6051	2	6078
2056	0	2048
2838	1	2997
10635	0	6249
7161	2	446
9801	3	1093
8620	3	1338
3613	0	3561
8294	0	8242
196	0	178
2097	2	10087
7726	1	7940
1594	1	1622
9485	1	9549
3886	0	3502
6898	0	6855
1104	1	1102
8277	0	8242
1508	3	1557
5145	1	5144
3304	1	3363
3986	2	1863
3231	0	3180
5501	3	279
1882	3	2103
5982	3	1348
3502	3	1843
3302	3	873
6856	1	6946
9436	0	9429
6881	0	6855
9093	1	9100
10811	1	10820
1212	0	1195
753	0	707
466	0	710
10505	1	10560
3436	0	3394
9502	0	9458
1681	3	1843
4904	3	175
8780	4	8620
9460	3	9790
2862	1	3009
4145	1	4160
10774	0	5979
6864	0	6855
736	0	707
9485	0	9458
299	3	1636
6038	3	140
7194	0	7178
8153	3	2294
9456	1	9523
5508	0	5500
3442	0	3396
8939	2	9002
542	2	4969
8952	0	8941
716	1	772
2009	2	2037
2049	3	2096
7177	0	7178
4943	0	4941
5831	0	5747
4733	3	815
2496	3	2044
140	2	3160
9309	0	9311
9068	3	272
4332	3	572
8451	0	7174
10664	3	272
8517	0	8516
996	0	965
1575	3	555
9745	0	9716
1842	2	10418
1912	0	1879
9438	0	9425
9717	3	2207
4984	0	4980
9131	0	9104
4525	0	4492
9810	0	9714
2434	2	8160
468	0	706
934	0	917
18	1	60
9728	0	9716
8443	0	7174
1477	1	1481
6208	1	6232
6025	1	6033
10017	0	177
5545	0	5524
86	2	4909
9634	0	9588
8834	3	447
9114	0	9104
6346	1	6356
2984	0	2699
9128	1	9166
9727	0	9460
3187	1	3222
3394	3	3405
8941	3	175
1403	4	1359
4255	1	4265
10000	0	177
4327	2	1973
9850	3	7166
9617	0	9588
4970	3	4430
4733	3	4682
761	0	705
1359	3	1676
9809	0	9787
7868	1	8047
3866	1	3976
8189	1	8205
10783	0	10761
1650	3	1664
8438	3	579
93	2	7224
10503	0	10460
8238	3	575
3288	0	3180
6342	3	1876
10166	4	10102
8491	0	8404
3559	3	1843
6584	1	6825
8479	2	1356
7807	1	8003
6286	1	6319
10486	0	10460
7388	0	7322
9060	3	1860
1359	3	871
843	0	837
169	2	3328
3424	1	3454
8960	0	8939
9460	3	1093
284	2	1356
4743	3	541
2095	2	5021
1361	4	1359
7425	1	7622
10364	2	4275
2964	1	3063
7371	0	7322
6250	3	96
7059	4	6344
8943	0	8939
1025	0	965
7191	0	7232
3988	3	2298
4474	3	171
10478	0	10460
7741	1	8108
719	0	705
707	3	816
7354	0	7322
2260	3	271
10373	0	9069
4182	0	4176
1008	0	965
10461	0	10460
4221	0	4147
476	0	704
2012	3	275
10008	0	9998
2010	2	2036
7459	0	7322
915	3	960
4549	1	4641
6249	3	169
5267	0	5176
10438	3	445
7218	0	6249
5949	0	5925
6851	3	1557
10367	3	9065
4076	0	4070
2696	3	96
8478	0	8481
9034	1	9057
10975	4	10761
179	2	281
5602	0	5524
6900	1	6990
4290	2	1863
7209	2	7224
730	0	711
9475	0	9457
5070	4	5029
10151	1	10150
10857	0	10761
10192	1	10213
1359	3	1489
10107	1	10106
735	0	706
1523	0	1507
8405	0	8480
5585	0	5524
2226	1	2247
8394	0	8381
7172	2	3338
9103	3	175
2739	2	2829
10962	0	10761
9429	3	9424
10435	3	820
6102	0	6051
4448	0	4493
450	2	10087
4865	0	4830
718	0	706
488	0	711
2018	0	2012
10945	0	10761
8257	0	8237
2316	1	2339
710	3	819
1511	3	295
9364	3	2205
2910	1	3034
4764	1	4800
5501	3	5516
4848	0	4830
8520	1	8527
2886	0	2698
1435	4	1359
1337	2	6267
2521	0	2496
9966	0	9947
3421	1	3451
438	2	10082
4176	3	3675
10830	4	10761
556	2	5021
3229	2	3258
1907	0	1884
2736	2	2821
4147	3	1092
3502	2	1351
2841	1	3000
5974	2	9002
2504	0	2496
8297	0	8245
5814	0	5747
2064	0	2046
3558	0	3504
1890	0	1884
8214	0	8216
8187	0	8169
1853	3	1861
10008	1	10036
1597	1	1625
2263	3	2296
4585	0	4495
8280	0	8245
1895	0	1879
2372	2	9061
9024	1	9048
3541	0	3504
10432	3	585
8826	4	8818
7191	0	7179
4568	0	4495
6859	1	6949
1359	3	2107
7342	1	7540
9795	2	3257
1510	0	1359
9811	0	9721
1695	0	1680
6021	0	6018
1388	0	1359
3439	0	3397
969	3	447
5874	1	5873
7052	0	177
6351	0	6341
2739	2	1353
8165	2	1352
209	0	177
3507	0	3504
8243	3	8356
9145	0	9105
3612	1	3729
10761	3	278
215	1	260
1476	0	1359
1217	1	1285
8245	3	4826
7491	0	7322
11036	0	10761
6937	0	6851
375	4	303
8480	3	874
4349	0	4332
10673	0	10664
2050	0	1359
9794	3	169
9128	0	9105
201	0	177
2090	2	5026
10094	0	10089
7474	0	7322
726	0	303
11019	0	10761
4179	0	4104
7469	1	7666
4837	3	295
6050	0	6052
9111	0	9105
1234	0	1194
1564	0	1359
184	0	177
9076	0	9068
2049	2	2088
9786	3	169
3980	1	3982
322	0	301
3322	1	3347
9069	2	3550
9289	1	9288
8850	0	8842
9441	0	9428
9134	0	9107
9813	0	9717
2698	2	2713
1217	0	1194
884	0	876
758	0	706
4904	3	1842
3380	1	3386
9731	0	9719
9806	0	9788
11107	0	10761
1097	1	1096
3553	2	2429
1470	2	1863
2263	3	820
5097	0	5029
6028	1	6036
1695	0	1359
9424	3	277
3733	4	3504
9131	1	9169
1200	0	1194
741	0	706
4154	0	4104
9386	0	6249
9996	3	1862
6854	3	1552
2225	0	1507
8293	0	8238
328	0	303
3838	4	3504
925	0	915
3615	0	3504
3716	4	3504
2406	1	2418
9369	0	6249
8482	3	870
8276	0	8238
5063	0	5029
3821	4	3504
7070	1	7069
3598	0	3504
9950	1	9971
6877	1	6967
1862	2	4273
5190	4	5173
10445	0	10440
2441	0	2355
10088	1	10095
6587	1	6828
2904	1	3032
222	0	181
5567	0	5523
6038	3	2291
713	0	711
2209	3	280
2751	0	2737
9075	0	9069
8962	0	8911
6851	3	3411
8286	0	8218
547	0	303
10005	0	9999
7428	1	7625
4015	0	4002
1242	0	1192
8945	0	8911
193	0	179
10432	2	10456
5533	0	5523
8620	3	1663
6038	3	1486
3175	0	3164
1199	0	1195
1225	0	1192
3575	0	3561
176	1	225
8551	0	8549
1192	3	1339
4175	3	817
5029	3	5033
3497	4	3475
7174	3	2297
7055	1	7056
7758	0	7322
2232	0	2212
3985	3	4042
2667	4	2355
7179	3	2292
6904	0	6853
9811	0	9802
3496	0	3477
1520	0	1508
3480	4	3475
8678	2	2036
7741	0	7322
2215	0	2212
6104	1	6114
8182	0	8153
4228	0	4104
462	1	501
4306	0	4282
6887	0	6853
1192	3	534
10439	3	3173
5379	0	5173
7724	0	7322
3606	0	3502
6051	3	292
8841	2	8892
4582	0	4332
10760	0	10759
2532	0	2355
2633	4	2355
4289	0	4282
10195	1	10216
7829	0	7322
2496	3	141
9325	0	177
5747	2	1356
7298	1	7314
2515	0	2355
3422	0	3397
7812	0	7322
4226	0	4146
2957	1	3057
10316	1	10340
2010	3	141
6052	3	272
2620	0	2355
5501	2	82
10378	0	9065
2466	0	2460
4719	3	535
2498	0	2355
8789	1	8788
5830	0	5805
6394	0	6344
2386	0	2375
4913	1	4917
10075	1	10078
8482	3	817
731	1	786
6370	1	6610
8218	3	873
5813	0	5805
4019	0	3985
1882	3	2107
10704	0	10686
6929	0	6851
2409	0	2407
10814	0	10759
2586	0	2355
1911	0	1359
3309	1	3362
7174	3	821
1915	0	1882
927	1	949
753	0	711
5344	4	5173
3396	3	2294
4290	3	907
9719	3	3677
5983	0	5982
7219	0	7172
5377	1	5376
8478	0	8404
3547	2	3548
9460	3	9794
8661	1	8660
1528	0	1506
9103	3	1842
6465	0	6344
8410	0	8479
1898	0	1882
6348	0	6342
3180	2	3254
8596	0	8595
736	0	711
584	2	10416
6869	0	6854
7202	0	7172
5205	4	5173
9065	2	912
723	0	705
5129	1	5128
3424	0	3393
5209	0	5173
5310	4	5173
3559	3	3673
10817	0	10810
6852	0	6854
1173	1	1172
1114	4	969
4853	0	4829
9069	3	1842
6249	2	913
10614	3	10756
7290	0	7172
8412	0	4733
3623	1	3722
175	2	3551
996	0	969
667	0	303
218	1	263
9073	0	9069
1454	1	1453
9745	0	9720
4445	0	4432
8436	0	8404
10761	3	522
1917	0	1878
2447	1	2457
9131	0	9108
7886	0	7322
3315	0	3303
9728	0	9720
7172	3	6249
821	2	6259
488	0	418
7172	3	7188
755	0	303
2884	0	2698
1900	0	1878
9114	0	9108
5007	3	2096
2259	3	1346
3772	0	3504
7869	0	7322
3394	3	3409
657	4	303
7054	4	177
8290	0	8239
4586	1	4674
9119	0	9103
2989	0	2698
10379	1	10423
8911	2	2036
738	0	303
5411	0	5173
9816	0	9720
10014	1	10042
8163	0	8166
5592	1	5690
3396	3	818
2035	2	8507
9809	0	9791
1702	1	1784
5991	0	5980
1562	3	277
8273	0	8239
2479	1	2486
2972	0	2698
6556	0	6344
10364	3	583
8438	3	583
2207	2	4275
3600	1	3752
1880	2	1967
1723	0	1681
177	3	1669
7117	0	7094
623	4	303
2306	3	277
2955	0	2698
1208	0	1192
1670	2	8506
5756	0	5744
9859	0	9460
6539	0	6344
8484	0	8479
2260	3	141
3558	0	3561
8448	0	8438
6339	0	6340
7100	0	7094
1706	0	1681
9426	3	963
2409	1	2421
9706	3	277
8482	3	175
1969	1	1971
9330	0	9319
10492	1	10547
1191	0	1192
3242	0	3230
6522	0	6344
8480	3	447
9739	0	9723
6924	1	7014
3228	2	3260
9953	1	9974
5694	4	5603
1689	0	1681
5384	4	5173
2496	3	572
4733	3	2726
8165	3	2035
4395	0	4391
1025	0	969
10439	3	1860
10131	1	10130
4981	0	4904
707	3	820
6246	3	280
965	3	1088
1853	3	174
3438	0	3393
9883	1	9930
7208	0	7212
6087	4	6038
724	0	704
1194	2	1356
10879	1	10878
1008	0	969
7322	3	1088
2268	0	2262
303	3	818
10385	0	10364
7738	1	7949
8548	0	8550
9817	0	9460
9024	0	9014
10373	0	10362
10715	0	10687
2153	0	1359
9741	1	9770
4947	0	4904
6038	3	441
8273	1	8328
2763	0	2737
5059	1	5058
8298	0	8237
7818	1	8010
464	0	703
4005	1	4029
10698	0	10687
5311	0	5176
1878	3	274
6021	1	6030
10956	1	10955
8554	0	8552
5500	3	279
5896	3	96
3378	0	3180
1359	3	554
726	0	710
7125	0	7092
2355	3	563
2119	0	1359
11055	1	11057
6038	3	6052
5926	3	3090
5005	3	87
5674	4	5574
3180	3	1843
735	0	710
1523	0	1511
9888	0	9460
9512	1	9576
2223	0	1507
6107	1	6117
1484	2	4969
9429	3	9428
9714	2	3281
1359	3	1843
9068	3	1862
9423	0	9424
838	1	854
11078	1	11089
718	0	710
4865	0	4834
3245	1	3252
5755	1	5778
10201	0	10187
10584	0	10575
6270	2	9061
5907	1	5918
1472	3	873
5747	2	5788
5489	1	5493
7803	1	8000
5716	3	140
3167	3	272
10577	2	4276
9642	1	9700
10637	0	6249
4848	0	4834
6051	2	4098
10184	0	10187
3615	0	3561
839	0	834
721	0	418
9319	3	3265
7301	1	7317
8620	3	297
10620	0	6249
4016	0	3986
3229	2	3262
2736	2	2825
3598	0	3561
2361	1	2367
195	1	240
3180	3	3266
10614	3	583
9077	0	9060
5196	1	5194
713	0	418
345	0	299
5259	4	5176
9212	4	9194
10167	1	10166
9801	3	4724
1187	0	969
734	1	789
8906	3	573
9194	3	4041
7172	3	1553
2220	0	2211
5979	3	1093
8429	3	1573
8404	3	294
7291	0	6249
5242	4	5176
8285	0	8244
138	2	1543
6287	0	6250
965	3	96
1170	0	969
2300	1	2302
4332	3	2430
3199	0	3180
1473	0	1470
456	0	705
9300	4	9194
5005	3	5027
8268	0	8244
9471	1	9535
9366	3	2205
2211	3	169
6246	3	577
8413	0	8482
416	0	299
7172	3	7164
209	0	181
8481	3	8510
5330	4	5176
8299	0	8236
2296	2	8160
654	1	653
1472	3	1491
8251	0	8244
579	2	6265
1563	0	1562
3427	0	3396
9493	0	9460
7348	1	7546
1402	1	1401
6937	0	6855
8282	0	8236
10446	0	10432
11118	1	11140
6246	2	4273
6920	0	6855
2699	3	1095
936	0	917
714	0	703
487	1	524
5752	1	5775
9947	3	9994
2014	0	2009
8718	0	8620
149	0	144
10709	0	10685
3606	0	3559
821	2	4275
4743	3	171
4510	0	4492
5904	0	5747
1507	3	292
4561	1	4650
919	0	917
758	0	710
4733	3	2352
7082	0	7042
3302	3	450
9731	0	9723
8701	0	8620
6891	0	6853
6059	1	6072
4147	3	909
9720	3	2372
3483	0	3477
1509	3	175
2321	0	2306
1903	0	1881
2628	1	2627
741	0	710
3397	3	3412
5520	3	274
7217	0	7209
9388	0	9364
2696	3	531
8293	0	8242
6874	0	6853
459	0	708
9460	3	9717
4258	0	4256
1886	0	1881
6248	3	1862
10017	1	10045
5896	3	527
3345	0	3302
4581	0	4492
8482	3	874
8276	0	8242
6857	0	6853
9194	3	821
8623	1	8622
1583	0	1359
10933	1	10932
5877	4	5747
2358	3	558
9518	0	9458
3985	2	1863
5397	0	5176
1584	1	1612
2701	1	2708
9791	3	2372
4564	0	4492
7485	1	7682
2097	2	5021
2502	0	2355
10759	3	583
5135	1	5134
4703	3	3811
10364	2	1356
1566	0	1359
169	2	11147
2122	1	2133
8905	0	8907
5468	3	5498
8487	0	8482
3435	0	3394
10134	4	10102
7283	2	10087
2047	3	2110
5747	3	3411
10364	2	9061
3320	0	3302
9742	0	9726
8968	0	8941
9141	0	9102
9032	0	6249
7393	1	7592
418	3	440
3162	3	277
6051	2	1496
9460	3	4724
10121	0	10102
2113	2	9063
9889	0	9850
9886	1	9933
10810	2	10826
6926	0	6344
8951	0	8941
5724	0	5716
6249	3	3666
9124	0	9102
9195	1	9193
9015	0	6249
9714	2	3257
4942	0	4941
927	0	915
143	3	172
2912	0	2699
2160	1	2188
7090	0	7040
6853	3	1557
9872	0	9850
4831	3	2688
6909	0	6344
1506	3	280
6339	1	6354
6156	1	6155
2895	0	2699
3763	1	3816
4986	1	4994
3502	3	3677
8775	0	8620
9855	0	9850
8276	1	8331
9437	0	9425
6892	0	6344
10761	3	579
2668	1	2667
9809	0	9714
754	0	703
8970	1	9004
8404	3	1664
8471	3	579
6875	0	6344
1333	2	6259
5944	0	5747
8404	3	8430
737	0	703
6399	1	6640
4970	3	169
8244	3	4722
746	0	703
7089	4	7037
9999	3	280
6249	3	9411
5801	2	5797
729	0	703
10573	3	280
841	1	857
8214	0	7041
10577	3	450
6886	1	6976
10587	0	10578
6341	3	1876
6253	0	6250
4450	1	4469
8219	1	8227
10378	0	9069
9021	1	9044
2479	0	2476
712	0	703
5934	0	5799
9645	1	9703
4224	1	4243
4851	0	4837
10720	0	10686
218	0	178
874	2	8507
10761	3	2352
842	0	837
2768	0	2736
11019	1	11017
6053	0	6051
8959	0	8939
5641	0	5524
10115	1	10114
10192	0	10185
7837	1	8025
2864	1	3146
1598	0	1575
1884	2	1967
9366	3	87
4904	3	1338
10001	0	9996
4019	0	3989
4382	0	299
10920	4	10761
1244	1	1312
10234	3	2097
8620	3	541
2360	0	2358
1711	0	1359
1562	3	818
7104	0	7094
7415	1	7612
3780	1	3808
9308	4	9294
9427	1	9443
10615	1	10641
9823	0	9789
4181	0	4176
8244	3	8373
3180	2	3258
10161	0	10102
8296	0	8237
10886	4	10761
9790	3	2207
3424	0	3397
909	2	3551
7075	4	7037
2263	3	450
9102	3	277
5799	3	5973
6255	0	6246
10443	0	10433
10768	0	10761
3178	3	169
8485	0	8471
6249	3	580
4853	0	4833
3977	1	3978
6272	2	6268
7290	0	7176
26	1	68
6246	3	821
9895	0	9850
4021	0	3985
2011	0	2010
5900	1	5912
1879	3	1095
7796	1	7994
10856	0	10761
10816	0	10759
1917	0	1882
1444	0	1359
9202	1	9203
5466	3	4682
2578	2	8160
2412	1	2424
2598	1	2597
5505	0	5500
10331	0	10234
10434	3	820
9060	3	445
2684	4	2632
1195	3	1348
1900	0	1882
9800	2	3281
8397	1	8402
2052	0	2049
7214	0	7210
5005	3	2372
7885	1	8055
8290	0	8243
114	0	1
10314	0	10234
8861	1	8885
9119	0	9107
4513	0	4495
192	0	179
6018	3	873
303	3	554
3180	3	1095
330	0	303
7176	2	5797
450	2	5021
4405	0	4332
6294	1	6327
4831	3	86
9965	0	9947
6062	1	6075
8273	0	8243
1359	3	1095
4496	0	4495
1515	0	1359
4146	3	1092
5996	0	5979
11075	0	10761
1417	4	1359
10761	3	10809
5799	3	175
9948	0	9947
4785	0	4755
6248	3	817
10366	2	10418
181	2	281
749	0	708
5039	1	5038
2508	1	2548
10685	3	8615
4584	0	4495
8181	0	8153
2676	4	2581
5009	0	5007
6246	2	1968
732	0	708
9298	4	9194
10432	3	3090
3173	2	4273
3500	0	3502
7419	0	7322
4476	0	4332
3754	1	3785
6853	3	3411
8532	3	8543
5949	0	5799
1694	0	1680
3438	0	3397
4760	0	4755
154	0	143
7402	0	7322
368	4	301
11111	1	11134
412	1	411
724	0	708
175	2	2429
10362	3	2097
7781	1	8115
7507	0	7322
9753	0	9719
11129	0	10761
4000	0	4002
7385	0	7322
3512	0	177
5758	1	5781
10390	0	10363
7175	2	5798
7490	0	7322
2816	2	9062
9434	0	9426
5126	4	5029
3271	0	3268
9127	0	9105
1157	0	969
1210	0	1192
464	0	707
9724	0	9717
9251	0	9194
8188	0	8165
9996	2	1968
7473	0	7322
5212	4	5176
8481	3	1346
9110	0	9105
10863	1	10862
1193	0	1192
6940	1	7030
4970	3	279
3481	0	3477
2386	0	2355
967	0	966
8167	3	2035
1465	4	1389
8180	0	8165
9092	3	4044
1216	0	1194
9480	0	9460
2324	1	2347
10441	1	10449
9506	0	9457
418	3	818
1698	1	1781
5501	2	1351
2205	2	10416
8269	0	8236
6089	4	6038
1694	0	1359
9423	0	9428
1577	1	1606
593	4	303
9463	0	9460
4567	0	4332
10460	3	558
9385	0	6249
7491	1	7688
8973	0	8940
8239	3	571
8382	3	9992
7927	1	8093
215	0	179
3715	4	3504
9593	1	9651
9102	2	82
10976	0	10761
4550	0	4332
9368	0	6249
8956	0	8940
924	1	945
7797	0	7322
10488	1	10544
167	2	3215
2101	2	9062
3698	4	3504
198	0	179
458	0	303
4533	0	4332
6059	0	6038
1646	0	1501
6086	1	6085
4836	0	4833
2698	3	450
7780	0	7322
5562	4	5523
715	0	706
4862	0	4830
280	2	9062
6867	1	6957
2588	0	2355
3580	0	3504
422	0	420
1723	1	1803
4516	0	4332
7885	0	7322
6349	1	6359
4178	0	4177
7763	0	7322
3645	0	3502
467	1	504
7868	0	7322
7210	3	1861
9313	1	9316
7088	0	7040
4733	2	1863
7418	1	7615
445	2	5026
4070	3	292
9794	3	9842
5945	0	5926
3489	0	3475
3263	3	565
3637	0	3502
10061	3	7283
2208	0	2210
4001	1	4026
416	0	303
4837	3	169
2659	0	2355
7172	3	7168
8299	0	8240
6880	0	6851
6249	3	1629
7277	0	7274
5300	1	5301
4070	2	1356
9014	3	871
9786	3	9842
3538	0	3504
8282	0	8240
6863	0	6851
10446	0	10436
9060	3	9065
1519	0	1508
2259	3	171
5400	4	5173
4301	4	4282
5177	0	5173
1685	1	1767
8493	0	4733
9329	0	9319
2649	4	2355
9614	0	9588
5341	1	5340
714	0	707
4861	0	4831
5383	4	5173
7509	1	7706
10237	1	10243
8253	0	8238
2048	3	2092
9139	1	9177
2632	4	2355
4547	1	4638
6427	0	6344
4904	3	911
10500	0	10460
1575	3	807
4844	0	4831
5265	0	5173
5366	4	5173
169	2	868
2578	2	5021
4021	1	4050
6934	0	6851
2496	3	552
6410	0	6344
4186	0	4175
10252	1	10285
10483	0	10460
2699	3	294
2704	0	2698
9608	0	9460
2885	1	3023
3862	0	3504
2326	0	2305
1726	0	1359
7070	0	7041
3773	1	3802
9866	1	9913
9705	0	9706
10466	0	10460
6393	0	6344
9460	3	9721
5231	0	5173
7368	0	7322
182	1	227
9591	0	9460
445	2	3550
5896	3	531
2309	0	2305
1709	0	1359
1891	0	1880
7178	3	2207
8552	3	138
3747	4	3504
6376	0	6344
5807	1	5840
7351	0	7322
1359	3	1339
7436	1	7633
4572	1	4660
7925	0	7322
1691	0	1681
169	2	11151
5319	0	5173
960	2	9061
6017	0	6019
3730	4	3504
10761	2	10828
7218	0	7172
3163	2	3160
41	1	84
2511	1	2551
9467	1	9532
3440	0	3393
3835	4	3504
10362	3	2207
3180	3	534
7908	0	7322
696	4	303
10939	1	10938
6423	1	6664
4073	0	4070
10761	2	3257
4733	3	2035
3423	0	3393
9364	3	9410
9108	3	585
4146	3	531
5471	0	4733
5724	0	5720
11114	1	11137
683	0	303
1762	0	1681
2686	4	2647
5729	0	5715
8791	0	8620
6478	1	6719
1163	1	1162
1868	0	1359
1230	0	1195
180	0	178
10393	0	10366
9072	0	9069
1745	0	1681
5500	2	3174
11060	4	10761
2762	1	2799
5799	3	1842
1511	3	279
8550	2	2712
7322	3	8102
7060	1	7059
3303	3	873
3870	0	3502
9437	0	9429
2900	0	2698
1213	0	1195
754	0	707
6554	1	6795
10376	0	10366
5322	0	5173
9798	3	3677
1970	3	558
7209	3	2817
3898	1	3960
2883	0	2698
7110	0	7092
6467	0	6344
4728	3	3813
1196	0	1195
737	0	707
7061	0	7039
3393	3	3409
9785	0	9789
6943	1	7033
179	3	169
470	0	418
299	3	441
5677	4	5581
455	0	705
2866	0	2698
7089	4	7041
7093	0	7092
6450	0	6344
543	2	4969
8646	0	8620
2971	0	2698
7053	0	7039
5393	0	5173
8244	3	538
1517	0	2211
10627	0	10614
8860	0	8841
2954	0	2698
6538	0	6344
9596	1	9654
7472	1	7669
1976	0	1359
450	2	4273
4102	3	2041
9745	0	9460
5542	4	5524
10378	0	10362
10080	1	10081
6521	0	6344
10715	0	10614
428	0	418
5546	0	5524
4024	0	3988
10708	0	10685
9728	0	9460
10177	0	10102
6249	2	6264
6289	0	6250
4223	0	4146
2064	0	1359
6249	3	450
10388	1	10409
10698	0	10614
9823	0	9793
6544	1	6786
5529	0	5524
2017	1	2030
4332	3	450
10121	1	10120
740	0	303
4007	0	3988
10691	0	10685
2760	0	2699
2355	3	140
3180	2	3262
9091	3	1337
5827	0	5805
915	3	86
10904	1	10905
8236	3	807
1155	0	969
470	1	507
10869	1	10868
9091	3	8103
1970	2	1863
9816	0	9460
8153	3	4750
7074	4	7037
3990	0	3988
1507	3	272
7075	4	7041
5210	4	5176
6255	0	6250
6900	0	6854
10443	0	10437
10812	0	10809
8492	0	8404
1516	0	1509
5315	4	5176
319	0	301
8939	3	3173
8263	1	8318
6883	0	6854
2210	3	2255
2735	0	2699
10194	0	10185
5298	4	5176
4774	0	4753
6248	3	1842
4493	3	582
8486	0	8482
9363	1	9414
2718	0	2699
1852	3	89
10686	3	87
9	1	51
3479	1	3478
10200	0	10187
5386	4	5176
8404	3	1965
374	4	299
8479	3	870
1492	2	10826
10436	3	1841
2057	0	2048
2719	1	2725
6873	1	6963
303	3	558
7219	0	7209
5268	0	5176
2210	3	295
478	0	705
10439	3	445
357	4	299
450	2	5025
5492	0	5468
4024	1	4053
5979	3	4992
9632	1	9690
5888	1	5887
7833	1	8022
8381	3	1861
6162	0	6038
10619	0	6249
4015	0	3986
5251	0	5176
1017	1	1078
460	1	498
9440	0	9424
7172	3	5802
2435	1	2436
5475	0	5468
6587	0	6344
7209	2	9062
10366	3	444
3232	1	3237
2355	3	2397
5234	0	5176
1231	1	1299
3580	0	3561
5501	2	2831
8471	2	1543
5648	4	5523
6277	1	6310
89	2	4969
1524	0	1507
2014	1	2027
6570	0	6344
9227	1	9226
3645	0	3559
10887	1	10886
9334	0	9318
6865	0	6855
724	1	779
7746	1	7957
3420	0	3394
9873	0	9460
6553	0	6344
8534	0	8533
2294	2	6265
9811	0	9786
1648	3	1493
310	0	299
4495	3	1642
1192	3	168
9317	0	9318
8642	4	8620
3637	0	3559
9469	0	9458
9753	0	9723
8480	3	8510
1672	3	1556
9717	3	1093
5832	0	5747
1111	1	1110
3230	2	1966
10390	0	10367
141	2	3160
3426	0	3396
169	2	6268
10761	3	6170
845	0	836
8452	0	7174
8629	0	8620
8153	3	1664
2897	0	2699
5815	0	5747
7338	1	7536
5099	1	5098
963	2	2429
138	2	2088
9724	0	9721
3394	3	2291
8188	0	8169
9720	2	2828
177	3	2295
2704	0	177
3561	3	1965
2880	0	2699
1896	0	1879
915	3	167
9796	2	3278
5342	0	5176
5443	4	5176
9999	3	5521
972	1	1032
9295	0	9194
9115	0	9104
2985	0	2699
3507	1	3524
2863	0	2699
5426	4	5176
10001	0	177
5162	4	5029
5005	3	445
8269	0	8240
9719	3	2372
2968	0	2699
3232	0	3229
9287	0	9194
2846	0	2699
7069	4	7042
8479	3	817
9791	2	2828
10278	1	10312
7442	1	7639
4565	1	4654
8471	2	1356
5810	0	5805
2951	0	2699
8911	3	873
10589	0	10578
5413	0	5176
4257	0	4256
9060	3	2035
1515	1	1535
4495	3	3549
8921	0	8907
8907	3	1639
10150	4	10102
7053	0	6344
9253	0	9194
1525	0	1506
3161	3	173
6022	3	6019
10923	1	10922
4836	0	4837
4947	0	4941
203	0	178
8904	0	8907
4862	0	4834
4290	3	86
9077	0	9068
8944	0	8939
9375	1	9395
5717	0	5714
5125	1	5124
7328	1	7527
3893	0	3502
720	0	705
4904	3	297
9479	1	9543
4834	3	280
10116	4	10102
1714	1	1797
8804	4	8620
5805	3	909
8441	0	8404
1009	0	965
2012	3	450
4307	1	4311
1696	0	1359
4850	0	4829
3734	4	3504
4833	3	2097
473	0	710
876	2	912
169	2	1543
992	0	965
172	2	3551
5081	0	5029
1679	0	1359
10591	0	10574
460	0	704
10061	3	871
6246	3	585
3717	4	3504
9424	3	960
8299	0	8244
4830	3	2688
3891	1	3954
975	0	965
9460	3	9457
891	1	908
3240	0	3227
4146	3	2816
1906	1	1945
5933	0	5925
8282	0	8244
10446	0	10440
1897	0	1878
6146	1	6145
9060	3	9069
8287	0	8239
4703	3	168
9805	1	9827
7193	0	7178
3162	2	1351
3626	1	3733
4861	0	4835
714	0	711
8218	3	8375
10023	0	9996
5271	1	5270
8270	0	8239
5457	3	2106
6353	0	6340
4844	0	4835
10006	0	9996
2197	3	450
9072	1	9081
3305	0	3302
6934	0	6855
10394	0	9069
702	0	706
10484	1	10541
12	1	54
10929	0	10761
6202	1	6226
9364	3	3669
6249	3	962
4176	3	817
6876	1	6966
9460	3	9725
9009	2	9002
8811	4	8772
4440	1	4459
10016	0	177
3302	3	2097
1851	0	1852
6502	1	6743
1891	0	1884
9635	1	9693
5801	3	1491
10687	3	8615
10895	0	10761
1899	0	1470
8281	0	8245
10778	0	10759
10695	0	177
7174	3	3330
7084	0	7037
1469	0	1471
3173	2	6265
1842	2	9064
6102	1	6130
4569	0	4495
8384	1	8389
1234	1	1302
8264	0	8245
6250	3	568
6280	1	6313
4736	3	1670
10502	0	10460
10614	3	10687
3440	0	3397
169	2	9061
5465	3	815
8295	0	8237
4552	0	4495
9060	2	9061
8247	0	8245
2195	0	2197
1359	3	538
10485	0	10460
1372	0	1359
3423	0	3397
4371	2	10082
9947	3	2110
6254	0	6246
8278	0	8237
8481	3	171
4535	0	4495
117	1	137
4831	3	818
5729	0	5719
6429	1	6670
1460	0	1359
7475	0	7322
10233	1	10240
4175	3	4212
4333	0	4332
9112	0	9105
4506	0	4493
6038	3	6170
1912	0	1359
2753	0	2736
1750	0	1680
4332	3	4374
5507	1	5514
5465	3	4682
754	0	711
7458	0	7322
5926	3	175
3397	3	2294
4147	3	141
10688	0	10686
8678	3	4313
4176	3	3663
10330	0	10234
4845	0	4834
1733	0	1680
7180	3	1345
9799	2	3281
1426	0	1359
9429	3	97
8404	3	8438
2588	1	2587
10506	1	10561
7441	0	7322
737	0	711
3393	3	3413
2472	4	2355
9384	0	9365
4778	0	4753
6870	0	6854
10313	0	10234
1201	0	1194
742	0	706
3769	1	3799
2273	0	2260
9491	0	9457
3575	1	3693
9366	3	9410
10391	1	10412
4404	0	4332
8699	1	8708
2354	0	2355
1908	0	1879
9367	0	9365
4577	0	4493
8851	1	8875
3379	3	169
9853	1	9900
9101	0	9107
4383	1	4387
9474	0	9457
4560	0	4493
7445	1	7642
485	1	521
8171	0	8167
10432	3	1862
4432	3	140
4121	0	4104
8822	4	8818
8382	3	441
2442	0	2355
7294	1	7311
2310	1	2333
6941	0	6854
717	0	706
4864	0	4830
6344	3	282
8154	0	8167
223	0	181
1332	2	10456
8218	3	3329
9746	0	9717
10378	0	10366
3316	0	3303
7840	1	8142
2498	1	2538
11040	0	10761
1006	0	966
8910	1	8924
3230	2	2828
756	0	303
1255	0	1194
8470	1	8474
206	0	181
6248	2	6264
3333	2	3325
3299	0	3303
1359	3	1640
2408	0	2355
989	0	966
9120	0	9103
5608	1	5609
2990	0	2698
4432	3	274
7331	1	7530
5573	1	5572
11032	0	10761
189	0	181
10015	0	9996
4737	0	4733
5382	1	5383
9482	1	9546
3397	3	818
3999	0	4002
10620	1	10644
2681	4	2613
4104	3	2816
4185	0	4175
7172	3	7282
4904	3	541
742	1	795
2973	0	2698
6557	0	6344
4928	0	4901
8253	0	8218
7118	0	7094
5930	0	5926
9824	0	9804
3540	0	3504
1209	0	1192
2749	1	2786
8912	0	8911
6540	0	6344
4177	3	2373
10234	3	5033
177	3	2352
5468	3	1965
9807	0	9804
3397	3	3396
5720	3	5718
5219	1	5218
11005	4	10761
4904	3	86
4282	3	279
209	1	254
177	3	10057
7725	0	7322
9365	3	3332
1211	1	1279
1588	0	1359
5027	2	5025
208	0	177
2483	0	2477
6930	1	7020
836	3	140
8533	3	5517
5834	1	5867
725	0	704
9207	1	9206
2661	1	2660
3611	0	3504
1475	0	1359
4009	0	3988
4578	0	4492
374	4	303
8479	3	874
2617	4	2355
4444	0	4332
6052	3	447
8381	3	576
2047	3	2094
10367	3	169
9310	3	1092
10716	0	10687
3573	0	3502
214	0	179
4178	0	4104
2476	3	2041
4561	0	4492
357	4	303
2499	0	2355
7321	1	7521
9752	1	9781
401	1	402
9457	3	277
3268	3	568
6270	2	10415
1563	0	1359
7796	0	7322
8163	1	8191
15	1	57
2604	0	2355
7174	3	3090
6942	0	6853
4532	0	4332
2482	0	2355
8947	1	8980
2212	3	2255
2747	0	2737
4147	3	572
3565	0	3502
8242	3	172
11106	0	10761
6206	0	6038
10384	1	10406
2120	0	1359
6925	0	6853
6023	1	6031
2990	1	3086
2062	1	2080
1524	0	1511
10234	3	174
6505	1	6746
4292	1	4305
2224	0	1507
8292	0	8238
1485	2	4969
4146	3	295
6908	0	6853
5501	3	2097
924	0	915
7170	2	1863
6496	1	6736
5206	4	5173
10761	3	563
4282	3	4280
3868	1	3979
444	2	5026
6896	0	6851
8275	0	8238
310	0	303
1506	3	1553
2698	3	3089
8387	1	8392
1512	0	1506
88	2	3551
9425	2	82
10578	2	4276
6249	3	7167
9852	0	9850
399	4	301
6879	0	6851
8258	0	8238
586	2	6259
7172	3	813
9362	3	2097
3619	1	3727
6342	3	2726
2355	3	441
4151	0	4146
8450	0	8437
5193	0	5173
4901	3	167
5294	4	5173
6051	3	280
10271	1	10304
4017	0	3986
142	0	146
3599	0	3561
8246	0	8236
382	4	301
5172	4	5173
4281	0	4280
6862	0	6851
9460	3	4976
5255	1	5254
9741	0	9722
3567	1	3690
3230	2	3259
9102	3	582
5277	4	5173
1359	2	1496
4014	0	4002
4186	0	4102
2372	2	3548
8486	1	8500
5645	0	5523
2470	0	2460
2697	0	2696
9103	3	1346
8239	3	445
5260	4	5173
8430	3	1573
3855	0	3502
9115	0	9108
3773	0	3504
634	0	303
4222	0	4146
7499	1	7696
6869	1	6960
1474	0	1470
5105	1	5104
7172	2	5798
9822	0	9793
9310	2	3282
7240	0	7172
9108	3	3411
8533	3	1492
739	0	303
8269	0	8244
2115	1	2126
3756	0	3504
10717	0	10686
10815	1	10824
5247	0	5173
11002	1	11001
8482	3	8510
9805	0	9793
1359	3	2205
3861	0	3504
2469	4	2460
722	0	303
8678	3	5496
10362	2	10419
2851	0	2698
1881	2	1967
10700	0	10686
7836	0	7322
624	4	303
9494	0	9460
1880	3	273
4904	3	167
8834	3	171
444	2	3550
8631	0	8620
8862	0	8841
2956	0	2698
2357	0	2358
7247	0	7235
3559	3	2372
7101	0	7094
8921	0	8911
8549	3	2298
607	4	303
9477	0	9460
9707	3	277
6541	1	6782
2939	0	2698
7828	0	7322
7755	1	7966
3243	0	3230
6523	0	6344
1252	0	1195
7232	3	2110
1690	0	1681
8904	0	8911
8480	2	8506
8532	3	2298
150	0	144
5717	0	5718
5014	1	5024
2696	3	141
8909	0	8906
2922	0	2698
7811	0	7322
6506	0	6344
5926	3	1842
5368	4	5173
6051	3	93
1009	0	969
1110	4	969
8166	2	3335
5888	0	5747
5449	0	5173
10386	0	10364
4850	0	4833
7794	0	7322
6489	0	6344
285	0	284
678	4	303
9793	2	2828
6413	1	6654
8685	0	8620
992	0	969
10364	2	10415
9025	0	9014
568	2	564
5812	0	5805
10614	3	140
2046	3	585
747	0	705
10369	0	10364
4948	0	4904
1761	0	1681
460	0	708
1359	3	1884
8430	3	447
8184	0	8166
2506	1	2545
8218	3	8245
419	0	420
1913	0	1878
3180	3	3173
975	0	969
6249	2	446
7180	3	2207
1879	3	274
5439	4	5173
10152	4	10102
2015	0	1359
3498	1	3499
1470	3	277
8245	3	870
3501	3	271
5746	2	5798
4970	3	450
3476	1	3474
3762	1	3793
1897	0	1882
7771	1	7978
7170	2	1355
3986	3	1331
8176	0	8166
10433	3	174
428	1	436
7088	0	177
8287	0	8243
8153	3	1965
8697	0	8678
8265	0	8237
9889	0	9460
9615	1	9673
2043	2	8835
2264	3	174
705	3	818
5007	2	5026
8488	0	8479
7065	4	7039
7109	0	7092
3339	0	3303
10118	4	10102
8270	0	8243
7045	4	6344
1011	0	965
8680	0	8678
1718	1	1845
9872	0	9460
9947	3	557
10202	0	10187
10364	3	1860
212	1	257
8438	3	1860
1448	1	1447
6152	1	6151
8893	1	8898
6353	0	6344
10367	3	279
1671	1	1678
3167	3	447
6933	1	7023
9460	3	9945
7429	1	7626
9371	1	9416
4319	0	4282
994	0	965
702	0	710
4849	0	4834
9855	0	9460
10366	2	2831
3514	0	3502
8238	3	2206
3234	0	3228
762	0	303
6572	1	6812
10105	0	10102
2305	3	563
6939	0	6854
8793	0	8620
4433	3	2352
6051	3	5033
584	2	9062
10590	1	10606
10626	0	10614
10394	0	10362
7179	3	7167
9823	0	9720
9966	0	8382
1184	4	969
7275	1	7279
4000	0	3986
4104	3	295
9488	1	9552
151	0	143
8472	0	8438
4830	3	277
365	4	301
8289	0	8239
4708	0	4702
4104	3	3678
4492	3	4286
9070	0	7212
1359	3	1347
4908	1	4910
10707	0	10685
7084	0	7041
6407	0	6344
5466	3	2035
2196	3	96
9817	0	9798
4391	2	1356
2878	1	3018
2323	0	2305
2052	1	2071
1905	0	1880
9605	1	9664
5226	4	5176
7168	3	7169
9108	3	9103
331	4	301
5407	1	5406
6499	1	6739
5307	0	5176
7233	3	7167
9366	3	3669
10072	0	10061
6254	0	6250
10759	3	3173
8481	3	175
6038	3	563
1137	0	969
6052	3	5497
10614	3	87
10759	3	140
400	0	299
10593	0	10573
8479	3	447
7038	0	7039
8834	2	8836
302	4	299
5192	4	5176
9213	1	9212
4970	3	2491
10366	2	1355
2062	0	2048
8448	1	8464
10438	3	1860
10193	0	10185
751	0	418
488	0	703
10576	0	10573
1599	0	1575
5297	4	5176
4181	1	4196
2160	0	1359
8245	3	817
5175	4	5176
4319	1	4320
2752	0	2736
4492	3	582
6038	3	6174
9717	3	4724
4840	0	4832
4332	3	4378
2717	0	2699
4105	0	4254
734	0	418
9744	0	9725
9105	3	585
5280	4	5176
5053	1	5052
5472	1	5481
8912	0	5719
1250	1	1318
1359	3	1965
3611	0	3561
154	1	165
9457	3	1489
7750	1	8105
2322	0	2306
9107	3	821
3161	3	1092
630	1	629
1878	2	1968
742	0	710
9895	0	9460
7066	0	7042
7502	1	7699
7218	0	7209
2273	0	2264
144	3	140
5805	3	539
4904	3	277
3573	0	3559
6056	0	6038
2055	1	2074
10145	0	10102
8280	0	8237
10444	0	10433
5553	1	5552
5559	4	5523
9996	3	3330
2483	1	2489
9439	0	9424
10686	3	2726
2936	0	2699
6489	1	6730
5465	3	2726
9428	3	174
2261	0	2259
1462	0	1359
3565	0	3559
10690	1	10723
4736	3	1487
2773	1	2810
4565	0	4492
2355	3	2458
8260	0	8242
4864	0	4834
7092	3	274
5381	0	5176
9746	0	9721
563	2	5025
4548	0	4492
9751	0	9716
3419	0	3394
1428	0	1359
5364	0	5176
2866	1	3011
4531	0	4492
9734	0	9716
1195	3	1092
10101	4	10102
5725	0	5716
10776	1	10800
4406	0	4332
6912	0	6853
9076	0	9060
176	0	179
5452	0	5176
10389	0	10367
8941	3	277
284	3	6272
1507	3	280
3314	1	3349
7212	3	1841
6416	1	6657
7505	1	7702
7492	1	7690
10367	2	10418
7461	1	7658
9059	0	9060
5503	1	5511
7079	4	7040
10336	1	10359
5435	0	5176
10372	0	10367
2774	0	2699
9856	0	9850
87	2	3328
9719	2	2828
2699	3	278
8833	0	8834
2196	3	527
9090	1	9098
8244	3	575
5089	1	5088
2879	0	2699
7062	4	7040
9795	2	3278
8907	3	277
2757	0	2699
4177	3	3666
6876	0	6344
2210	3	169
451	0	706
1257	0	1194
2862	0	2699
9282	4	9194
4018	0	4002
8404	3	95
3393	3	1486
8847	1	8872
5137	0	5029
6859	0	6344
5928	0	5747
1852	3	97
1513	0	1509
721	0	703
3231	0	3229
5442	1	5443
10445	0	10432
4001	0	4002
1359	3	2262
10574	3	280
5911	0	5747
1359	2	2037
4855	0	4832
8215	2	8232
9269	0	9194
5979	3	89
4719	3	4097
1359	3	168
3984	0	4002
713	0	703
7204	2	1356
9742	0	9714
5747	2	3174
4282	2	4329
3616	1	3704
1882	3	1347
3312	0	3300
6562	1	6803
527	2	9062
8482	3	1346
9031	0	9014
4278	1	4284
4020	0	3989
6406	1	6648
10433	3	1841
9790	3	1093
1582	0	1575
284	2	6264
1590	0	1359
4003	0	3989
3334	2	3328
10633	0	6249
1192	3	1331
114	1	133
8292	0	8242
2735	0	2736
1507	3	93
3989	3	821
9798	3	2372
1759	0	1681
3246	0	3180
1753	1	1829
292	2	1480
3502	3	3665
5815	1	5846
9469	1	9533
3344	0	3302
4580	0	4492
6896	0	6855
8275	0	8242
1506	3	1557
2745	1	2783
10590	0	10574
9103	3	277
421	1	430
6108	0	6051
4551	0	4332
3300	3	873
969	3	870
9460	2	3281
7172	3	7233
6879	0	6855
8258	0	8242
7172	3	817
3180	3	3230
3519	0	3501
4222	1	4241
8263	0	8237
2606	0	2355
3399	1	3403
4837	3	584
5932	0	5925
7232	3	557
9896	0	9850
9376	0	9366
10772	0	5979
6862	0	6855
4022	0	3985
1220	1	1288
2527	0	2496
9741	0	9726
6926	1	7017
10686	3	2352
4332	3	2044
9880	1	9927
1882	3	1965
5465	3	2352
7038	0	6344
1842	2	2091
7378	1	7576
6927	0	6853
196	1	241
9031	0	6249
9879	0	9850
1432	1	1431
7192	0	7178
10836	4	10761
4474	3	86
4005	0	3985
8451	1	8467
7852	1	8127
10809	2	10826
2510	0	2496
560	3	586
8620	2	1863
10432	3	1842
7215	0	7210
2737	3	526
9871	0	9850
2677	0	2355
9822	0	9797
10672	1	10682
8449	0	7174
5556	4	5524
1882	3	2099
1470	3	818
7298	0	6249
7072	0	7040
9436	0	9425
9805	0	9797
9801	2	3257
1359	3	2209
9808	0	9714
7820	1	8013
753	0	703
2	1	44
466	0	706
8238	3	169
1394	0	1359
8190	0	8164
9949	0	9947
10015	0	177
7878	1	8052
5644	4	5524
2058	1	2077
8410	0	8471
181	3	277
10705	0	10685
7918	1	8084
736	0	703
1401	4	1359
7801	1	8106
8494	0	4733
5526	0	5524
88	2	2429
9615	0	9588
6492	1	6733
1177	1	1176
10685	3	280
3888	0	3504
2699	2	2712
2067	0	2047
1133	1	1132
4431	0	4432
453	1	491
2207	2	10415
1841	2	9064
1648	3	1664
9015	1	9038
4147	3	873
10436	3	1341
2775	0	2736
9598	0	9588
155	0	143
5165	1	5164
6340	3	1876
8748	1	8749
8552	3	1842
3880	0	3504
299	2	1356
4551	0	4495
5933	0	5799
3501	3	141
4837	2	4898
5747	3	447
4850	0	4837
10484	0	10460
5249	0	5173
7386	0	7322
841	0	837
2274	1	2288
3863	0	3504
10191	0	10185
10364	2	10419
5678	4	5583
7369	0	7322
5728	0	5719
7189	0	7232
1913	0	1882
4980	3	2041
4838	0	4832
4002	3	3173
3846	0	3504
2310	0	2305
7103	0	7094
8941	3	171
9429	3	963
7352	0	7322
4703	3	4714
1192	2	1352
303	3	542
3245	0	3230
2109	2	2091
7457	0	7322
4398	0	4391
2702	1	2709
3990	1	4061
6254	1	6262
10363	3	2207
5537	1	5536
2092	2	2091
10990	4	10761
7440	0	7322
3504	2	3551
4074	0	4070
2113	2	3550
4114	0	4102
484	1	545
10973	4	10761
177	2	281
9142	0	9103
7394	1	7593
8292	0	8218
8244	3	2108
8509	2	3551
9739	0	9715
9103	2	82
8678	2	4098
9473	0	9457
8906	3	1557
8678	3	536
10575	3	2296
4432	3	2295
5068	4	5029
1521	0	1507
5746	3	3663
1248	0	1192
199	0	179
8275	0	8218
10394	0	10366
4176	3	4208
10960	0	10761
4534	0	4332
10839	1	10838
5713	0	5715
4863	0	4830
4558	1	4647
3515	1	3532
1231	0	1192
2726	2	2727
4185	0	4102
5454	2	5462
182	0	179
2122	0	1359
486	0	711
4517	0	4332
10943	0	10761
6043	0	6038
11044	4	10761
7179	3	2044
8699	0	8678
1005	0	966
2154	1	2182
4846	0	4830
4500	0	4332
9817	0	9802
8682	0	8678
988	0	966
764	0	704
836	3	872
7179	3	3333
7747	0	7322
8188	0	8153
4733	3	169
5946	0	5926
6131	0	6038
2502	1	2542
4784	0	4755
4483	0	4332
8295	0	8245
8825	1	8824
2738	0	2739
971	0	966
7730	0	7322
2355	3	555
4927	0	4901
876	3	530
5929	0	5926
8483	1	8496
5896	3	438
4583	0	4495
4767	0	4755
8180	0	8153
3621	0	3502
1501	3	86
8278	0	8245
1893	0	1879
10628	0	10614
9850	3	909
3539	0	3504
7055	0	7040
3339	1	3372
400	0	303
2375	3	95
10593	0	10577
8283	0	8240
302	4	303
7189	0	7179
4566	0	4495
2058	0	1882
3604	0	3502
9365	2	913
1671	0	1674
488	0	707
4225	1	4244
10576	0	10577
8595	3	1489
4832	3	277
6469	1	6710
8266	0	8240
7050	0	177
710	3	815
11020	1	11018
10716	0	10614
207	0	177
3505	0	3504
5896	3	572
8249	0	8240
199	1	244
420	3	443
1201	1	1269
7174	2	5798
471	0	303
4008	0	3988
190	0	177
6935	0	6851
333	4	301
10671	0	10664
9197	1	9196
5350	4	5173
10761	3	11094
10092	0	10089
8187	0	8165
454	0	303
5989	0	5982
3991	0	3988
4746	3	1553
7212	3	3671
6918	0	6851
4151	1	4164
5108	4	5029
1747	0	1680
8285	0	8236
8237	3	962
6901	0	6851
8471	3	3173
9439	0	9428
7179	3	2207
2211	3	2255
9811	0	9717
7823	1	8016
882	0	876
2261	0	2263
5215	0	5173
2699	2	2822
6396	1	6637
4006	1	4030
8268	0	8236
7926	0	7322
2578	2	9063
2738	1	2777
3731	4	3504
7921	1	8087
9462	0	9460
2267	0	1359
9426	3	447
9746	0	9725
8153	2	8160
5942	1	5976
8291	0	8238
8251	0	8236
10482	1	10538
7909	0	7322
9751	0	9720
3714	4	3504
4549	0	4332
8480	3	870
1680	3	86
8274	0	8238
1359	3	1648
9137	0	9108
5578	4	5523
7238	0	7237
9018	1	9041
3819	4	3504
8382	2	1863
7892	0	7322
2043	2	9404
1862	2	10417
680	4	303
9734	0	9720
3697	4	3504
457	0	303
8244	3	445
7371	1	7570
5725	0	5720
4078	1	4091
10442	0	10436
5188	4	5173
9383	1	9401
1020	0	966
2264	3	1093
10578	3	10574
821	2	3328
10362	2	1352
5561	4	5523
4150	0	4146
9864	1	9911
5457	3	2090
6163	0	6038
2477	3	1842
7884	0	7322
1747	0	1359
4858	0	4835
6249	3	2101
1746	0	1681
8960	0	8911
5544	4	5523
9516	0	9460
7412	1	7609
3504	3	1843
6146	0	6038
5997	0	5980
10706	1	10739
3871	0	3502
1246	1	1315
10435	3	174
650	0	303
4841	0	4835
1729	0	1681
8943	0	8911
8244	3	579
9799	3	3677
585	2	5484
629	4	303
3180	2	2819
328	0	299
9380	0	9366
3854	0	3502
8660	4	8620
10613	1	10639
1195	2	1355
5531	0	5523
5762	0	5744
4904	3	94
1197	0	1195
451	0	710
9604	0	9460
1712	0	1681
9487	0	9458
1904	0	1880
9363	0	9366
9336	0	9319
4317	4	4282
2911	1	3152
2867	0	2698
5745	0	5744
3755	0	3504
4832	3	4896
7172	2	2826
721	0	707
616	0	303
9470	0	9458
10445	0	10436
4070	3	93
1887	0	1880
4721	2	8506
5468	3	5490
2850	0	2698
2199	0	2196
7739	0	7322
6434	0	6344
7288	0	7174
8861	0	8841
7241	1	7259
1359	3	172
9425	3	582
713	0	707
4860	0	4831
2197	3	2207
7212	3	585
8514	0	8518
4835	3	817
5816	0	5747
2833	0	2698
5377	0	5173
9742	0	9718
8382	3	962
8261	0	8245
9721	2	2828
8844	0	8841
8919	1	8937
4843	0	4831
8732	1	8733
8429	3	1862
8404	3	583
1251	0	1195
5360	0	5173
9797	2	3278
9323	0	177
4549	0	4495
10393	0	9065
5836	1	5862
10483	1	10537
10629	1	10651
4980	3	4997
7810	0	7322
9458	3	86
7178	3	585
4224	0	4146
9607	0	9460
284	2	6268
8177	0	8164
8245	3	447
10376	0	9065
8773	1	8772
7209	3	577
6392	0	6344
2969	0	2699
177	3	295
9590	0	9460
1471	3	585
2009	3	167
567	2	564
5811	0	5805
6375	0	6344
284	3	962
10590	0	10578
10362	3	585
6344	3	1876
1470	3	1493
1511	3	1556
7174	3	549
3985	3	2294
4735	3	141
6247	1	6256
5799	3	86
965	3	869
7448	1	7645
34	0	1
9273	1	9272
221	0	178
5805	3	169
1501	3	1485
9065	3	2205
2690	2	2687
5981	0	5982
4332	3	170
1122	0	969
5719	3	587
5	1	47
1526	0	1506
8958	1	8991
4784	1	4820
6463	0	6344
5982	3	275
7172	3	2110
4022	0	3989
4282	3	450
204	0	178
4332	3	4492
4775	0	4753
86	2	3218
8286	0	8243
6867	0	6854
3765	1	3795
2263	3	174
3894	0	3502
3422	0	3393
7343	1	7543
9107	3	585
4005	0	3989
4228	1	4247
4574	0	4493
4835	3	280
4758	0	4753
6472	1	6713
1157	1	1156
6850	0	6854
1010	0	965
9424	3	570
4184	0	4176
8442	0	8404
1112	4	969
2702	0	2699
3877	0	3502
4851	0	4829
9729	0	9725
9717	2	9847
5799	3	570
2012	2	2036
4557	0	4493
9822	0	9801
993	0	965
8788	4	8620
4278	0	4280
1510	1	1532
665	0	303
5370	4	5176
2226	0	2211
8218	3	280
5248	4	5176
8834	2	1863
6293	0	6250
6938	0	6854
6110	0	6051
9805	0	9801
1915	0	1878
8404	3	1335
7077	0	7039
9060	3	169
341	4	299
9810	0	9796
4189	1	4204
8236	3	445
5934	0	5925
486	0	418
6921	0	6854
9965	0	8382
4154	1	4167
2773	0	2699
1898	0	1878
5005	3	2096
6248	3	1346
7060	0	7039
7172	2	1968
2097	2	3216
7161	3	7167
9796	3	1343
8288	0	8239
9117	0	9103
2987	0	2698
3985	3	818
9948	0	8382
9105	3	3411
1166	4	969
2756	0	2699
3163	2	1351
2372	2	6268
6449	0	6344
5465	3	2035
9824	0	9788
8911	3	8940
3559	3	3669
6247	0	6248
307	4	299
8271	0	8239
579	2	4273
2970	0	2698
4841	1	4871
6554	0	6344
294	2	8505
2848	1	3097
719	0	303
6052	2	1974
7924	1	8090
9807	0	9788
5201	0	5176
8254	0	8239
2055	0	2046
6537	0	6344
9754	0	9723
6249	3	1861
9968	0	9947
4987	0	4904
9336	1	9355
8626	4	8620
8552	2	281
1188	2	5021
8480	3	175
3621	0	3559
6520	0	6344
9737	0	9723
1878	3	1962
9951	0	9947
7374	1	7573
4081	1	4094
5646	4	5524
3303	3	2097
4282	3	1552
1207	1	1275
1509	3	277
1195	3	1340
3604	0	3559
10437	3	1860
4979	0	4904
8189	0	8169
9823	0	9460
5747	3	2090
6503	0	6344
9867	1	9914
5468	3	5466
9799	3	1343
1192	2	1356
6175	2	10066
5629	4	5524
2759	0	2699
2266	0	2262
10383	0	10364
9069	3	9088
8172	0	8169
1563	1	1568
470	0	703
9818	0	9794
9105	3	3090
10709	1	10742
1883	0	1470
10614	3	2726
8265	0	8245
9815	0	9460
5883	4	5747
6038	3	169
4573	1	4661
5427	4	5176
7068	0	7037
2047	3	1862
5979	3	6269
2847	0	2699
5765	0	5747
8493	0	8482
2097	2	8506
3441	0	3394
10696	0	10687
5410	4	5176
7874	1	8049
8858	0	8842
2952	0	2699
5599	0	5524
8482	3	171
9142	0	9107
1359	3	282
6380	1	6621
4517	1	4612
5748	0	5747
8244	3	2112
9739	0	9719
3228	2	3256
8805	1	8804
5292	0	5176
8518	3	3972
5543	1	5542
4545	1	4687
2935	0	2699
1521	0	1511
7036	4	7042
6186	0	6038
6932	0	6344
5275	0	5176
5713	0	5719
1194	2	1352
2918	0	2699
4863	0	4834
10199	0	10187
2737	2	2830
1842	2	6259
2763	1	2800
8360	0	7174
10435	3	1841
147	0	146
8438	3	2352
2737	3	961
9626	1	9684
10575	2	4276
2901	0	2699
4846	0	4834
4177	2	4173
6851	3	7034
764	0	708
1359	2	1480
1202	0	1194
10618	0	6249
4014	0	3986
5346	0	5176
1909	0	1879
1676	3	909
8294	0	8218
7892	1	8139
9790	3	4724
726	0	706
1629	2	3550
9371	0	6249
10577	3	2296
9210	4	9194
5065	0	5029
5166	4	5029
3241	0	3227
2355	3	909
7078	4	7040
8277	0	8218
9291	0	9194
10899	1	10898
277	2	3325
4122	0	4104
3824	1	3823
8283	0	8244
2443	0	2355
9193	4	9194
3504	2	2429
577	2	4273
9186	3	8101
7482	1	7680
1646	0	1359
7451	1	7648
3197	0	3180
2765	0	2739
7211	1	7221
4570	1	4658
10326	1	10349
8267	1	8321
4519	0	4332
8266	0	8244
1007	0	966
1472	3	280
8961	1	8994
4787	1	4823
10672	0	6249
1359	3	95
10363	3	280
207	0	181
8479	3	8510
3985	3	444
10367	3	450
4502	0	4332
9597	0	9588
6425	1	6667
8249	0	8244
990	0	966
8952	1	8984
5927	0	5747
3755	1	3786
4440	0	4433
7791	1	7991
8620	3	3676
6250	2	6265
190	0	181
6935	0	6855
297	2	9404
2740	0	2739
450	2	3216
4828	0	4835
5910	0	5747
7860	1	8129
3854	1	3918
5829	1	5856
10808	0	10761
10476	1	10531
6918	0	6855
5909	0	5901
3494	4	3477
9365	3	5975
4177	3	4211
10367	3	584
2097	2	3326
4332	3	1487
8285	0	8240
4508	0	4492
6901	0	6855
836	2	868
11045	1	11044
3895	1	3957
7080	0	7042
2699	2	2826
3300	3	450
7077	0	6344
9813	0	9799
3302	2	3336
8268	0	8240
10774	0	10761
4491	0	4492
2967	0	2699
4157	1	4170
2319	0	2306
9386	0	9364
7060	0	6344
2635	4	2355
8291	0	8242
6872	0	6853
8251	0	8240
9600	0	9588
5225	1	5224
565	2	564
9460	3	585
9069	3	6270
3162	3	1965
10228	2	281
3612	0	3504
2017	0	2010
6246	3	1862
10001	1	10029
7046	0	7042
10614	3	2352
4122	1	4142
3343	0	3302
8248	0	8245
9369	0	9364
4579	0	4492
8274	0	8242
4837	3	4833
570	2	3218
1743	1	1819
1730	1	1807
3188	0	3178
7278	0	7273
5468	3	1843
620	1	619
140	2	4909
6920	0	6851
10442	0	10440
1359	3	2002
4562	0	4492
2500	0	2355
2601	4	2355
1016	0	965
10469	0	10460
10362	2	1356
8404	3	8479
2058	0	2049
3518	0	3501
484	0	704
10132	4	10102
10572	0	10574
9312	0	9311
5582	0	5524
4519	0	4495
6943	0	6853
407	1	408
11016	1	11015
2483	0	2355
2748	0	2737
10972	1	10971
9748	0	9716
10362	2	9061
467	0	704
9740	0	9726
9139	0	9102
4502	0	4495
9030	0	6249
5007	3	4430
9878	0	9850
1862	2	3550
4729	1	4731
4004	0	3985
3301	0	3302
585	2	5488
7368	1	7566
2305	3	1486
5722	0	5716
9122	0	9102
1896	0	1359
5572	4	5524
9013	0	6249
10716	0	177
4104	3	2373
459	0	704
7442	0	7322
1900	1	1939
4829	3	2688
9821	0	9797
1904	0	1884
8164	3	821
3393	3	1494
7240	0	7237
2274	0	2260
8911	3	2097
10363	3	577
175	2	4275
721	0	711
7425	0	7322
9362	3	9412
7079	4	177
1888	0	1359
9853	0	9850
4147	3	450
9435	0	9425
10759	3	579
1887	0	1884
10364	2	1352
1575	3	1633
7408	0	7322
7062	4	177
718	1	773
9093	0	9097
9067	0	7212
1733	1	1810
146	3	173
4860	0	4835
6383	1	6624
4835	3	821
7513	0	7322
6245	0	6248
9742	0	9722
9720	3	169
7275	0	7172
1854	0	1359
4544	0	4493
4495	3	585
10263	0	10234
3308	1	3360
9747	0	9717
2048	3	2113
652	0	303
4843	0	4835
9014	3	4998
2260	3	1670
4105	0	4104
11046	4	10761
7496	0	7322
9440	1	9453
5799	2	5797
1761	1	1837
10393	0	9069
4527	0	4493
7212	3	2817
7161	3	2097
2774	0	2736
3774	0	3504
638	1	637
9730	0	9717
2698	3	873
10575	3	450
7367	1	7567
2766	1	2803
9311	2	3282
6352	1	6362
10376	0	9069
1906	0	1470
9121	1	9160
4002	3	4039
2869	0	2698
3995	1	4064
969	3	1094
5932	0	5799
9629	1	9687
2757	0	2736
3757	0	3504
9713	0	9717
618	0	303
8738	1	8739
7358	1	7557
10911	0	10761
10011	0	9998
10759	3	2352
973	0	966
5639	0	5524
5502	2	1356
723	0	303
5925	3	5973
2852	0	2698
11016	0	10761
9364	3	87
9512	0	9457
4315	1	4316
563	2	9063
5622	0	5524
3985	3	2298
2957	0	2698
2835	0	2698
7102	0	7094
10693	1	10726
9428	3	963
8382	3	295
8263	0	8245
8818	3	171
10901	4	10761
755	0	706
7174	3	1842
2940	0	2698
2229	1	2250
1253	0	1195
8220	0	8218
5006	0	5005
10982	0	10761
8962	0	8940
3173	2	8160
4397	0	4391
1689	0	10460
10884	4	10761
1128	4	969
738	0	706
9366	3	3332
4953	0	4940
2923	0	2698
10587	0	10574
6253	0	6246
10441	0	10433
9106	1	9147
8945	0	8940
8602	1	8611
1010	0	969
8167	2	3335
1680	3	871
174	2	8507
174	2	2091
4851	0	4833
7099	1	7132
4865	1	4895
4113	0	4102
6490	0	6344
6270	2	6268
1509	3	818
709	0	704
3595	0	3504
993	0	969
9311	3	1092
7212	3	4724
9738	0	9715
4949	0	4904
2524	0	2496
3578	0	3504
10685	3	1093
1442	0	1359
2012	2	296
140	2	8507
9428	3	292
3857	1	3921
341	4	303
9810	0	9800
2016	0	1359
5832	1	5859
10329	0	10234
10479	1	10534
4733	3	96
8243	3	172
9785	0	9460
9798	2	3281
280	2	6265
7083	4	7039
2121	0	1359
4777	0	4753
2466	0	2355
8288	0	8243
6906	1	6996
9117	0	9107
8698	0	8678
3985	3	3266
8178	0	8167
9998	3	277
1466	4	1365
9824	0	9792
4403	0	4332
3340	0	3303
4576	0	4493
7072	0	177
9816	0	9802
307	4	303
8271	0	8243
2144	1	2172
1513	0	1359
10586	0	10575
2208	0	1507
4733	2	5482
11073	0	10761
8833	0	8818
1507	3	1553
10857	1	10855
6272	2	6264
9807	0	9792
3323	0	3303
4783	0	4755
4559	0	4493
6246	3	817
8254	0	8243
4002	3	3986
10319	1	10343
10367	2	2831
3515	0	3502
8260	1	8315
376	0	301
763	0	303
11056	0	10761
8552	3	8616
8259	0	8238
395	4	303
6940	0	6854
4582	0	4495
4766	0	4755
4542	0	4493
2110	2	5026
4018	0	3986
359	0	301
5151	0	5029
3427	1	3457
6923	0	6854
447	2	8507
7830	1	8121
9967	0	8382
1195	3	1344
10433	3	1341
5567	1	5566
9103	3	582
1692	0	1680
4001	0	3986
5237	0	5176
4147	2	4173
2048	3	450
8473	0	8438
396	1	395
4835	3	447
8554	1	8560
173	2	2429
4703	3	4722
9950	0	8382
303	3	550
3586	0	3502
6249	2	7224
6018	3	280
5261	4	5173
330	0	299
3984	0	3986
6459	1	6700
11127	0	10761
3998	0	4002
470	0	707
5332	1	5330
349	4	301
5634	4	5523
9818	0	9798
3510	0	177
169	2	3548
10388	0	10363
2743	1	2780
4434	1	4453
5325	0	5176
9069	3	582
7241	0	7172
7068	0	7041
5203	0	5176
9432	0	9426
3305	1	3355
749	0	704
10371	0	10363
3635	0	3504
1763	0	1680
8186	0	8165
1903	1	1942
143	3	144
397	4	299
5662	4	5550
9999	3	1862
8628	4	8620
8479	3	1346
3879	1	3941
2465	4	2462
7161	3	568
10701	0	10686
1005	1	1065
732	0	704
401	0	299
7170	2	912
10269	1	10302
1650	3	274
8550	3	8567
8284	0	8236
138	2	10456
9892	1	9940
7248	0	7235
750	0	711
10363	3	821
10684	0	10686
10367	2	1355
2482	0	2477
10761	3	551
1359	3	1575
384	0	299
8267	0	8236
2161	0	1359
721	1	776
5587	0	5523
1692	0	1359
1736	1	1813
2771	0	2737
3589	0	3502
9753	0	9715
6386	1	6627
591	4	303
3395	0	3396
9461	0	9460
8405	1	8417
10025	0	9999
4111	0	4102
7475	1	7672
2144	0	1359
1236	0	1195
2754	0	2737
7911	1	8077
4833	2	4899
3612	0	3561
3572	0	3502
1673	1	1677
8532	3	4701
8914	1	8927
8296	1	8351
7795	0	7322
9108	3	821
7237	3	2256
1219	0	1195
8674	4	8630
10618	1	10642
5767	0	5747
1879	2	1968
5801	3	2207
9509	0	9458
2010	2	296
456	0	303
8686	0	8620
4702	3	535
6057	0	6038
4728	3	532
870	2	1543
2263	3	1093
7778	0	7322
9124	1	9163
5750	0	5747
9492	0	9458
976	0	969
7174	3	8368
3989	2	4046
4914	3	274
7761	0	7322
8959	0	8911
5399	0	5176
4474	3	2298
2097	2	10417
7212	3	2256
7866	0	7322
10434	3	174
4915	0	4904
10371	1	10401
5765	1	5789
7723	1	7936
88	2	3218
2674	0	2355
5382	0	5176
468	0	418
9069	2	1863
9819	0	9797
10696	1	10729
7298	0	7172
1359	2	1968
7170	2	2819
7812	1	8007
9424	2	82
5725	1	5736
7849	0	7322
706	3	818
6545	1	6785
2232	1	2253
5406	4	5173
4279	3	2094
2657	0	2355
5365	0	5176
2272	1	2285
9798	2	3257
4146	3	96
9751	0	9460
6376	1	6618
4513	1	4609
5249	1	5248
7049	4	7039
5293	4	5173
9735	0	9716
5389	4	5173
1471	2	1496
2640	0	2355
5726	0	5716
3902	0	3504
1517	0	1508
4836	0	4829
7180	3	7188
4299	4	4282
9734	0	9460
2358	3	961
5276	4	5173
5453	0	5176
3561	3	1636
5271	0	5173
8491	0	4733
585	2	9062
3885	0	3504
4859	0	4831
3180	3	583
703	3	810
743	1	796
8219	0	8215
4332	3	552
5833	0	5805
600	1	599
5799	3	818
9705	1	9710
3504	3	3677
1508	3	277
1359	3	583
5627	0	5523
3382	0	3379
3868	0	3504
4842	0	4831
5263	0	5173
2699	2	2830
6906	0	6854
9107	3	3411
10392	0	9065
1168	4	969
9613	1	9671
9091	2	3257
6877	0	6344
760	0	705
5946	0	5747
7852	0	7322
7112	1	7145
7083	4	6344
6889	0	6854
3860	0	3504
5805	3	96
2324	0	2305
10375	0	9065
6860	0	6344
743	0	705
3287	0	3180
5929	0	5747
3504	3	3811
6391	0	6344
2046	3	1862
8256	0	8239
9589	0	9460
3164	2	3165
7735	1	8104
2264	3	2256
6535	1	6776
2307	0	2305
5693	4	5620
1134	4	969
1889	0	1880
3270	0	3180
9999	3	9998
6374	0	6344
5186	0	5176
7291	1	7308
1470	3	1554
2049	3	816
6214	1	6244
1359	3	2006
1016	0	969
7923	0	7322
8218	3	8367
2047	3	1842
10322	1	10346
7057	4	7037
484	0	708
10447	0	10439
10572	0	10578
10061	3	1347
7174	3	960
702	1	765
4706	0	4703
6055	0	6051
9032	0	9014
7906	0	7322
138	2	10082
694	4	303
9748	0	9720
9065	3	172
467	0	708
3430	1	3460
10198	0	10187
1104	0	969
4774	1	4810
8948	1	8981
1920	0	1878
3421	0	3393
2059	1	2079
1583	0	1575
9015	0	9014
9107	3	3090
7180	3	585
5469	0	4733
4004	0	3989
5458	2	5461
4535	1	4629
8597	3	583
7208	0	6249
4952	1	4966
5722	0	5720
6593	0	6344
9736	0	9715
7070	0	7037
2701	0	2699
3164	3	1965
1760	0	1681
8429	3	447
8183	0	8166
5727	0	5715
4327	3	4328
6462	1	6703
9821	0	9801
10234	3	272
9896	0	9460
3595	0	3561
1975	1	1979
4102	3	2090
2274	0	2264
10391	0	10366
5438	4	5173
1743	0	1681
4437	1	4456
8281	0	8237
3561	3	3677
9108	3	447
2936	1	3126
7044	1	7043
6109	0	6051
9435	0	9429
2496	3	93
7081	4	7039
9879	0	9460
3578	0	3561
9804	2	9847
7076	0	7039
10374	0	10366
9817	0	9786
6026	0	6022
1575	3	1637
6040	0	6038
9069	2	1355
8843	1	8869
10129	0	10102
8264	0	8237
1	3	94
2296	2	10417
11032	1	11031
3851	0	3502
3882	1	3944
2918	1	3038
10773	0	5979
882	1	898
2294	2	4273
279	2	8160
9787	2	9847
10272	1	10305
299	3	169
2008	0	2012
8247	0	8237
9871	0	9460
177	3	169
9880	0	9850
2355	3	539
9747	0	9721
10157	1	10156
2903	0	2699
9069	3	960
5574	4	5524
8237	3	2206
3233	0	3228
9730	0	9721
4109	1	4129
2853	1	3006
177	3	2397
5655	0	5524
10625	0	10614
4833	3	292
2054	0	2046
10393	0	10362
1412	0	1359
450	2	10417
9713	0	9721
105	1	124
9370	1	9392
8299	1	8354
9818	0	9721
5540	4	5524
5925	3	2005
2009	3	175
10376	0	10362
4829	3	277
5325	1	5324
8818	3	4713
1852	3	138
1188	2	9404
10706	0	10685
9424	3	444
7769	1	7976
7364	1	7563
1359	3	2303
10696	0	10614
755	0	710
5747	3	3090
9515	1	9579
10689	0	10685
3586	0	3559
2758	0	2699
1506	3	175
885	1	901
8164	2	1352
738	0	710
9069	3	3672
6246	2	2826
1887	1	1926
3493	1	3492
2741	0	2699
10374	1	10404
2260	3	2292
758	0	418
989	1	1049
10441	0	10437
10440	3	4288
7301	0	7175
10093	1	10099
1514	0	1509
5468	3	4722
1883	0	1881
10592	0	10573
5728	1	5739
3635	0	3561
9266	4	9194
6887	1	6977
8754	1	8755
9793	3	169
741	0	418
8857	0	8842
709	0	708
4856	0	4832
2699	3	1876
750	0	418
1224	0	1194
9738	0	9719
2260	3	1487
8471	3	2352
6246	3	1842
3618	1	3735
5895	0	5747
8840	0	8842
4839	0	4832
10436	3	280
2716	0	2699
4282	3	4325
962	2	8507
9067	1	9078
175	2	1543
9232	4	9194
9810	0	9804
8438	3	535
5342	1	5343
3986	3	3173
5747	3	5802
8222	0	8218
3589	0	3559
9236	0	9194
4862	1	4891
7172	3	7274
10434	3	1841
873	2	3325
8237	3	275
9788	3	1334
3572	0	3559
9219	0	9194
10437	3	445
5716	3	279
9824	0	9796
6194	1	6239
9799	3	2372
2304	0	2306
917	3	874
2259	3	277
8382	3	2206
2865	1	3102
7048	0	7042
10817	1	10827
10617	0	6249
7115	1	7148
2358	3	1339
1507	3	1557
5086	4	5029
9807	0	9796
4447	0	4332
10761	3	1092
5473	0	5468
909	2	4251
3190	0	3178
8293	0	8218
4146	3	2113
303	3	420
5909	1	5919
8259	0	8242
5491	1	5494
2699	3	1555
6538	1	6779
1249	0	1192
4926	1	4935
200	0	179
8276	0	8218
3643	0	3559
4547	0	4492
5052	4	5029
2216	1	2237
3503	0	3501
10591	1	10607
1505	0	1507
3418	0	3394
7076	1	7075
183	0	179
7174	3	3298
6928	0	6853
10770	1	10794
6164	1	6182
4518	0	4332
4530	0	4492
2197	3	1841
4497	1	4593
4829	3	4896
4703	3	4726
4847	0	4830
4861	1	4892
10023	1	10053
6911	0	6853
470	0	711
3392	1	3400
4501	0	4332
9818	0	9802
3487	4	3475
6344	3	6853
6160	1	6167
837	3	872
10388	0	10367
2222	0	2212
834	3	174
9069	3	586
6894	0	6853
9311	2	1973
5707	4	5629
7073	0	7040
10371	0	10367
458	0	706
8186	0	8169
4218	0	4104
9806	0	9797
397	4	303
6917	0	6855
4483	1	4486
8239	3	169
1603	0	1359
2878	0	2699
175	2	9061
937	1	959
1978	1	1982
9794	2	3278
401	0	303
2644	0	2355
9379	0	9362
9293	0	9194
5153	0	5029
1852	3	1858
10466	1	10521
8550	3	8571
8284	0	8240
6865	0	6851
9113	0	9104
2522	0	2355
8436	0	8437
1877	0	1879
8174	0	8164
7081	4	6344
9366	2	913
9820	0	9789
1360	1	1358
384	0	303
10265	0	10234
10105	1	10104
8267	0	8240
2140	1	2169
4191	1	4207
2966	0	2699
7067	4	7042
9803	0	9789
8478	0	4733
3319	0	3300
9385	0	9364
2205	2	5021
1842	2	6267
10248	0	10234
7161	2	3679
10720	1	10753
8855	0	8842
2949	0	2699
2051	0	2047
8179	1	8195
1864	1	1870
10141	0	10102
169	2	6264
1446	1	1445
9717	2	3281
4733	3	1336
8971	0	8941
6936	0	6851
9144	0	9102
9368	0	9364
31	0	1
2759	0	2736
7172	3	2094
3759	0	3504
9741	0	9714
8674	4	8634
6297	1	6330
3311	0	3300
6574	1	6815
4112	1	4132
4767	1	4804
6919	0	6851
14	0	1
2467	4	2462
10588	1	10604
10703	0	10686
758	1	804
8603	0	8595
10363	2	4275
5233	0	5173
8942	0	8939
4433	3	169
7250	0	7235
9818	1	9840
179	3	275
5755	0	5746
140	2	6259
7174	3	8372
7353	0	7322
1675	3	276
9814	0	9795
6343	1	6364
3830	0	3504
5319	1	5317
1691	0	10460
7336	0	7322
9819	0	9801
1359	3	2197
2355	3	2206
7298	0	7176
7487	1	7683
420	2	446
10234	3	5456
1359	2	1972
5079	0	5029
10589	0	10574
5304	0	5173
5418	1	5419
9518	1	9582
5948	0	5925
2504	1	2541
4075	0	4070
2683	4	2673
8667	1	8666
5454	3	278
7239	0	7237
875	1	892
888	1	904
701	1	700
3198	1	3214
7893	0	7322
1890	1	1929
8595	3	8617
9735	0	9720
7078	4	177
5931	0	5925
178	2	281
560	2	82
10852	4	10761
5726	0	5720
4146	3	450
3161	3	169
10771	0	5979
3901	0	3504
992	1	1052
9065	2	4275
7168	2	1351
5997	1	6000
8432	0	8430
1397	4	1359
664	4	303
5458	3	2090
2736	3	2815
10687	3	1093
6249	2	3337
9995	1	10026
4859	0	4835
703	3	814
8961	0	8911
11062	4	10761
5994	1	6016
10141	1	10140
6052	3	870
10021	0	9996
10839	0	10761
10940	4	10761
1194	3	1344
10761	3	5979
2380	0	2358
8481	2	8505
10436	3	174
4842	0	4835
5425	4	5173
7124	0	7094
473	0	706
4146	3	584
10004	0	9996
9287	1	9286
9243	1	9242
4019	1	4054
10392	0	9069
5763	0	5744
1359	3	1876
10361	0	10366
5408	4	5173
10927	0	10761
1984	0	1359
8218	3	8237
1751	1	1827
9800	2	3257
10906	4	10761
4104	3	2113
9337	0	9319
10375	0	9069
628	1	627
2720	1	2728
7095	0	7092
2908	1	3158
11011	4	10761
303	3	530
8256	0	8243
3300	3	2097
748	0	704
9111	1	9150
2008	1	2024
3904	0	3504
6486	1	6727
9508	1	9573
1889	0	1884
2195	1	2201
2231	0	2209
4768	0	4755
7118	1	7151
10893	0	10761
8279	0	8245
6248	3	6270
7274	3	2097
731	0	704
1359	3	2010
7289	0	7174
3887	0	3504
2371	2	6264
5364	1	5363
8488	0	8471
6038	3	1092
2214	0	2209
1383	4	1359
7057	4	7041
2055	0	1359
4567	0	4495
2059	0	1882
8262	0	8245
10435	3	1341
557	2	3160
8845	0	8841
2049	3	2109
8430	3	1862
1858	2	5482
7276	3	445
177	2	2713
1882	3	1095
8178	1	8212
10574	3	2256
9952	0	8382
4550	0	4495
10394	0	9065
7839	1	8026
834	3	873
3506	0	3504
1920	0	1882
5468	3	4429
5658	4	5542
367	0	303
3421	0	3397
8396	0	8381
3985	3	1554
1841	2	5482
6246	2	6266
4018	1	4055
10773	1	10797
8479	3	171
10761	3	531
4533	0	4495
9724	1	9784
1359	3	1555
4500	1	4596
2376	0	2375
3571	0	3502
4829	3	818
9736	0	9719
3782	1	3809
350	0	303
5727	0	5719
541	2	3550
1472	3	585
4516	0	4495
4733	3	962
10093	0	10089
7232	3	171
3992	0	3988
1754	1	1830
9720	3	9842
10363	3	585
8597	3	2815
317	4	301
2259	3	2294
2523	0	2496
5457	2	82
930	0	915
4541	1	4635
2355	3	1348
1910	0	1359
1748	0	1680
9824	0	9719
2496	3	97
8678	3	4041
7456	0	7322
9817	0	9790
10334	1	10357
9809	0	9800
1123	0	969
1731	0	1680
9807	0	9719
8973	1	9007
3847	1	3911
304	0	301
5008	0	5005
405	4	301
7439	0	7322
10984	0	10761
9382	0	9365
4776	0	4753
323	4	303
2737	3	140
2259	3	1489
7322	3	1552
8964	1	8997
740	0	706
3895	0	3502
10236	1	10241
1714	0	1680
9489	0	9457
9747	0	9725
9142	1	9180
8252	0	8236
7422	0	7322
4759	0	4753
4835	2	4899
9475	0	9791
11123	1	11144
420	3	297
8911	3	5972
11038	1	11037
392	0	301
9472	0	9457
9730	0	9725
5266	4	5176
5507	0	5501
6522	1	6763
8235	0	8236
86	2	868
10687	3	585
4558	0	4493
2104	2	5788
440	2	9061
4260	1	4269
1012	0	966
5992	1	6005
2009	2	1863
8182	1	8198
4119	0	4104
9713	0	9725
11055	0	10761
8222	1	8230
7179	3	7188
10761	2	1863
2762	0	2739
8404	3	3173
3681	4	3504
9744	0	9717
5354	4	5176
6300	1	6333
2217	0	1359
8404	3	140
358	0	301
6042	0	6038
6143	4	6038
1004	0	966
11038	0	10761
8170	1	8193
4845	0	4830
2745	0	2739
9517	0	9460
3563	0	3504
1858	2	3551
3417	1	3447
3331	2	3325
2200	0	1359
9999	2	1968
9594	0	9588
325	4	299
10234	2	2712
987	0	966
8944	0	8911
5528	4	5523
9821	1	9843
8187	0	8153
3628	0	3502
9500	0	9460
5805	3	531
5219	0	5176
2306	3	1493
284	3	169
4555	1	4689
7851	0	7322
5633	4	5523
9101	0	9103
10387	0	10363
4926	0	4901
4104	3	450
10459	1	10515
9483	0	9460
6449	1	6690
4587	0	4332
1580	1	1609
5928	0	5926
6113	0	6038
413	4	299
5322	1	5320
2932	1	3123
8518	3	870
4904	3	1558
7834	0	7322
4904	3	4941
8910	0	8911
10592	0	10577
3263	3	541
3634	0	3504
423	1	433
2440	0	2438
2021	0	2009
9466	0	9460
6096	0	6038
2507	1	2544
4282	3	2101
2262	3	280
8481	2	910
223	0	177
2685	4	2645
1893	1	1932
4702	3	2206
9738	0	9723
478	0	303
1471	3	276
1507	3	138
4104	3	584
4394	0	4391
9743	0	9718
3091	2	3551
206	0	177
1408	1	1407
8404	3	7174
11069	1	11067
7190	0	7233
4703	3	140
10206	1	10227
2770	0	2737
10761	3	962
189	0	177
1853	3	585
10024	0	9999
7203	3	140
10686	3	169
6052	3	175
2681	4	2609
2615	4	2355
4973	0	4972
2737	3	87
2306	2	1351
2219	1	2240
4147	3	2044
5569	0	5523
3991	1	4065
2035	2	4275
10377	0	9065
10007	0	9999
9824	0	9800
6595	1	6836
8912	0	8907
2228	0	2210
2848	0	2699
5766	0	5747
8494	0	8482
9508	0	9458
8383	3	2035
9807	0	9800
2264	3	276
7777	0	7322
9425	3	86
8240	3	172
5720	3	5714
6204	0	6038
9812	0	9795
9194	3	9311
2118	0	1359
5394	4	5176
5504	1	5510
751	0	707
9114	1	9153
2046	3	2110
407	0	301
8471	3	2035
6187	0	6038
9438	1	9450
5982	3	450
2979	1	3076
8958	0	8941
734	0	707
7168	2	1863
4949	0	4941
1883	1	1923
1505	0	1511
583	2	10416
5367	1	5366
390	0	301
4157	0	4146
821	2	9061
8799	0	8620
8620	3	574
8361	0	7174
6916	0	6344
148	0	146
1510	0	1506
4308	0	4282
8523	0	8516
6447	0	6344
2047	3	2090
4728	3	138
172	2	4275
188	0	178
9645	0	9460
4847	0	4834
8404	2	8506
6899	0	6344
3878	0	3502
4852	0	4829
2155	1	2183
6430	0	6344
4149	0	4146
5555	0	5523
10574	2	8506
9628	0	9460
174	2	3551
10437	2	10456
7212	3	1862
4503	1	4599
6413	0	6344
8153	3	8162
6038	3	531
3639	1	3698
9739	1	9768
458	0	710
4702	3	275
9806	0	9801
6598	1	6839
977	0	965
5643	0	5523
1911	0	1880
1728	0	1681
2695	0	2696
4115	1	4135
5232	4	5176
4858	1	4888
4833	3	272
300	1	298
9379	0	9366
3853	0	3502
3502	3	274
8284	0	8244
3394	3	279
9113	0	9108
5716	3	96
140	2	3551
9789	2	9847
632	0	303
3198	0	3180
9820	0	9793
7238	0	7172
4175	3	2090
2411	0	2407
8267	0	8244
7190	0	7180
7044	0	7039
7217	1	7227
3181	0	3180
386	1	385
6249	3	7163
8272	0	8239
5504	0	5502
9803	0	9793
6060	0	6051
5469	0	5465
720	0	303
2849	0	2698
3286	0	3180
3443	0	3393
8967	1	9000
10362	3	1862
6350	0	6342
526	2	4969
8255	0	8239
9145	1	9183
4401	1	4420
303	3	587
6936	0	6855
2263	3	2256
8678	3	97
4834	3	817
217	0	178
9741	0	9718
3230	2	3255
9435	1	9447
6525	1	6766
3907	0	3502
8843	0	8841
681	1	680
6919	0	6855
2937	0	2698
4188	0	4176
1250	0	1195
5359	0	5173
2476	3	911
560	3	578
8594	1	8605
9060	3	962
7731	1	7944
6927	1	7016
2920	0	2698
6914	1	7004
4332	3	292
179	3	279
5799	3	558
6504	0	6344
1233	0	1195
8559	0	8552
447	2	3551
9822	0	9789
818	2	8505
4180	0	4176
9814	0	9799
3303	2	3336
1108	4	969
2267	0	2262
10384	0	10364
9105	3	821
2218	0	2209
6487	0	6344
10669	1	10679
9065	3	583
9789	3	2207
7064	0	7042
9805	0	9789
9387	0	9364
7061	0	6344
8683	0	8620
1653	0	1650
10362	2	10415
6592	0	6344
566	2	564
3571	0	3559
745	0	705
3163	3	1965
4946	0	4904
2035	2	3551
6470	0	6344
8182	0	8166
5502	3	274
9370	0	9364
33	0	1
4778	1	4814
10697	0	10687
728	0	705
7052	0	7037
4929	0	4904
10007	1	10035
10761	3	2816
5744	2	5798
1894	0	1878
89	2	5482
5501	3	2256
16	0	1
7168	2	1355
1017	0	965
9313	0	9311
2262	3	174
3199	1	3225
10367	3	2101
1195	3	1194
8816	4	8796
7063	4	7039
5005	2	5026
8678	3	2004
1441	4	1359
5945	1	5967
10431	0	10435
9502	1	9566
1194	3	1348
104	0	1
3988	3	3173
748	1	799
10583	0	10575
9748	0	9460
1970	2	1973
9999	2	10051
6269	2	6264
3981	0	3502
9853	0	9460
1433	4	1359
4104	3	4211
1359	3	1880
2275	0	2260
5352	4	5176
10392	0	10362
7209	3	3090
303	3	534
5008	1	5017
748	0	708
1492	2	11152
7170	2	1351
7780	1	7981
8185	0	8169
3998	0	3986
1399	4	1359
2258	0	2260
10375	0	10362
10578	3	2296
8803	1	8802
8470	0	8438
9094	0	9097
9325	0	9318
731	0	708
3438	1	3468
8168	0	8169
5217	0	5176
8549	3	818
3563	0	3561
9815	0	9798
8453	0	8438
9721	3	169
4102	3	86
96	2	8835
2355	3	2373
8156	0	8167
9117	1	9156
3986	3	522
3323	1	3376
177	3	9358
2049	3	2113
3628	0	3559
10228	3	2692
9303	1	9302
920	1	942
4849	0	4830
4432	3	1348
10673	0	6249
3194	1	3211
7045	4	7040
10187	3	535
35	1	77
7041	3	438
8250	0	8244
2410	0	2355
10439	3	4288
8479	3	175
10761	3	535
2699	3	3092
818	2	3325
1907	0	1470
4904	3	4998
1240	0	1194
398	0	299
644	1	643
9736	0	9723
3190	1	3223
5288	0	5176
4225	0	4147
9792	3	169
86	2	1543
1392	1	1391
2737	2	2818
4733	3	3410
2060	0	2048
2380	1	2400
1890	0	1470
3986	3	4039
486	0	703
381	0	299
9248	4	9194
4263	1	4272
2259	3	2298
2385	1	2395
2265	1	2278
9366	3	5975
3392	0	3396
4103	0	4254
9964	1	9985
364	0	299
11000	0	10761
4702	3	169
9817	0	9794
8910	0	5719
6902	0	6855
837	2	868
9809	0	9804
3478	4	3477
756	0	706
295	2	3216
715	0	418
1359	3	2043
2680	4	2605
6885	0	6855
2320	0	2306
3441	1	3471
10761	3	1958
2259	3	1493
5764	0	5747
6020	3	169
8552	3	8547
3508	0	3504
740	0	710
10664	3	557
5468	3	3173
8252	0	8240
1465	4	1369
5489	0	5468
6868	0	6855
9105	3	447
6051	2	4298
9475	0	9795
9060	3	2816
9795	3	169
6038	3	909
8235	0	8240
2934	0	2699
5466	2	5488
5472	0	5468
3596	0	3504
3189	0	3178
4472	2	2712
8413	1	8423
7105	1	7138
3586	1	3658
4563	0	4492
4404	1	4423
4904	3	139
2464	0	2462
10363	2	1356
2059	0	2049
2917	0	2699
5835	0	5747
3579	0	3504
7519	1	7716
9744	0	9721
4999	2	5000
6341	3	811
8521	0	8516
4546	0	4492
2585	4	2355
6528	1	6769
8218	3	3411
1917	1	1956
8241	0	8242
9749	0	9716
1916	0	1879
10363	2	9061
1471	2	1480
3872	1	3934
7090	0	177
9135	0	9104
325	4	303
4529	0	4492
2739	2	2712
8673	4	8626
7212	3	280
277	2	11152
6917	1	7007
9732	0	9716
9429	3	447
3778	1	3806
9793	3	9842
7774	1	7979
8179	0	8167
5723	0	5716
7085	4	7040
6910	0	6853
9638	0	9588
9118	0	9104
2020	1	2033
2988	0	2699
2389	1	2405
142	1	156
3396	3	294
10387	0	10367
86	2	9061
2926	1	3044
10614	3	2206
413	4	303
7241	0	7237
4537	1	4632
6893	0	6853
9621	0	9588
1359	3	1506
4070	3	272
2104	2	2088
3516	0	3502
10370	0	10367
9813	0	9787
2439	0	2438
9065	2	1356
5169	0	5029
8720	4	8721
8260	0	8238
2697	1	2706
1888	0	1884
5047	0	5029
97	2	7224
2764	0	2739
8242	3	575
8218	3	8217
3504	2	3974
5979	3	272
8483	0	8480
7274	3	438
2087	2	2088
9613	0	9588
9378	0	9362
2358	3	2368
4901	3	86
9065	2	9061
6249	3	4992
1471	3	280
1750	0	1359
3246	0	3229
9743	0	9722
10362	3	280
7392	0	7322
1852	2	913
7043	4	7040
10758	0	10759
533	2	2727
847	0	837
9280	4	9194
8964	0	8939
2049	3	450
3184	1	3221
9361	0	9362
5135	0	5029
7909	1	8074
1733	0	1359
2956	1	3139
11153	2	11147
7375	0	7322
7063	4	6344
5948	1	5970
450	2	6266
2306	2	1355
3511	0	177
5988	1	6002
711	3	816
8854	0	8842
2050	0	2047
8631	1	8630
10389	0	10363
4728	3	813
4433	3	96
7358	0	7322
5245	4	5173
10377	0	9069
5748	1	5771
4553	1	4644
480	0	704
9740	0	9714
4694	0	4332
10372	0	10363
3636	0	3504
10433	3	280
1880	3	1347
2264	3	280
8480	3	1346
3842	4	3504
10702	0	10686
602	0	303
8895	1	8900
8481	3	818
9812	0	9799
1909	0	1359
4719	3	576
7208	0	7172
8382	2	3278
3561	3	2372
2216	0	2209
751	0	711
2836	0	2698
5754	0	5746
5469	1	5477
4334	1	4353
9808	1	9830
9328	0	9321
734	0	711
2772	0	2737
614	1	613
3342	0	3302
10861	0	10761
10588	0	10574
3187	0	3178
2359	1	2364
273	2	1480
10966	0	10761
10868	4	10761
9333	1	9352
9306	1	9305
7212	3	577
366	1	365
2907	0	2698
4852	0	4833
3517	0	3501
3091	2	2429
2839	1	2998
1220	0	1195
2022	0	2012
5938	1	5961
10949	0	10761
8261	0	8237
3608	1	3710
9894	0	9850
2048	3	2101
177	3	1092
2890	0	2698
4020	0	3985
1439	4	1359
7779	0	7322
691	1	690
874	2	3551
8153	3	8166
2476	3	297
2525	0	2496
1880	3	1965
10815	0	10759
8670	0	8620
9877	0	9850
10834	4	10761
977	0	969
2737	2	2712
141	2	8507
1911	0	1884
10460	3	3547
6248	3	586
4003	0	3985
4101	1	4123
2508	0	2496
295	2	3326
5747	3	5973
2671	4	2355
1895	0	1359
10715	0	177
962	2	3551
9727	0	9721
11088	1	11096
4070	3	1858
7213	0	7210
585	2	10416
3269	1	3275
9967	1	9988
9820	0	9797
10922	4	10761
10781	0	10759
10698	0	177
10436	3	585
4734	0	4733
10362	3	577
8490	0	8479
7073	0	177
10685	3	813
8471	3	563
8272	0	8243
2658	0	2355
1983	0	1359
9803	0	9797
9799	2	3257
6025	0	6018
8236	3	169
1392	0	1359
3443	0	3397
6038	3	1958
8153	3	3173
8521	1	8528
9808	0	9792
178	3	88
9630	0	9460
3324	0	3303
572	2	2429
8255	0	8243
9376	0	9362
4437	0	4432
563	2	1480
7512	0	7322
4834	3	821
9735	0	9460
4543	0	4493
5073	1	5072
8492	0	4733
10262	0	10234
10433	3	577
2065	0	2047
747	0	303
5665	4	5556
3855	1	3919
560	3	582
6924	0	6854
2054	0	1359
9968	0	8382
9132	0	9105
4526	0	4493
205	0	177
5948	0	5799
10434	3	1341
9729	0	9717
3869	0	3504
343	0	301
5149	1	5148
8153	3	274
1881	3	1095
6907	0	6854
4336	0	4332
9947	3	960
5747	3	175
174	2	2429
9951	0	8382
4509	0	4493
915	3	871
1238	0	1194
5931	0	5799
9752	0	9719
11128	0	10761
326	0	301
9999	3	7164
6890	0	6854
5471	0	5465
10364	3	169
9138	0	9107
4532	0	4495
9817	0	9717
1152	4	969
762	0	706
9511	0	9457
9810	0	9788
11111	0	10761
5204	0	5176
5649	1	5648
2477	2	296
2308	0	2305
4854	1	4885
7052	0	7041
5187	0	5176
4902	1	4907
7808	1	8004
9785	0	9798
9014	3	961
1894	0	1882
733	0	704
3619	0	3504
1017	0	969
7924	0	7322
8170	0	8165
7455	0	7322
9816	0	9790
10897	1	10896
4396	0	4391
5584	4	5523
4952	0	4940
716	0	704
3226	0	3230
8816	4	8800
1730	0	1680
4254	3	3405
10324	1	10347
2090	2	2091
10431	0	10439
2469	4	2355
4904	3	3095
8244	3	1486
708	3	817
9754	0	9715
3989	3	175
1688	1	1771
4112	0	4102
1713	0	1680
3579	1	3652
9108	3	3090
9014	3	1095
5470	0	4733
4397	1	4417
5571	0	5523
2046	3	2090
9140	0	9103
2755	0	2737
7168	3	2095
6594	0	6344
9737	0	9715
3563	1	3683
10009	0	9999
351	0	299
5728	0	5715
5744	3	3663
1246	0	1192
7172	3	171
10699	0	10687
3596	0	3561
6577	0	6344
197	0	179
2275	0	2264
10392	0	10366
3180	3	140
2726	2	5488
334	0	299
7740	1	7953
303	3	538
5537	0	5523
5679	4	5586
5751	0	5747
1509	3	1558
1229	0	1192
1359	3	140
9880	0	9460
7362	1	7560
9035	1	9058
3579	0	3561
4280	3	297
5159	1	5157
4104	3	3410
2258	0	2264
8555	0	8549
1416	1	1415
9818	0	9786
10375	0	10366
4515	0	4332
6041	0	6038
4904	2	910
8768	1	8769
7762	0	7322
1675	3	447
4755	3	909
5894	1	5893
3644	0	3502
9476	0	9458
280	2	8160
8653	0	8620
9815	0	9802
2199	0	1359
3484	4	3475
7745	0	7322
5527	4	5523
2219	0	2212
10585	0	10575
8186	0	8153
3627	0	3502
3433	0	3396
9459	0	9458
6581	1	6822
1237	1	1305
4448	0	4433
406	0	303
1359	3	274
4475	1	4480
5822	0	5747
7728	0	7322
4925	0	4901
10685	3	89
8441	0	8437
4215	0	4104
1470	3	172
5927	0	5926
2536	0	2355
6112	0	6038
4765	1	4801
3502	2	3974
3559	3	441
1963	2	5487
3561	2	3680
398	0	303
1472	2	1496
8620	3	3266
5349	0	5176
5450	4	5176
1471	3	1492
10614	3	169
4300	4	4282
2056	0	1882
3602	0	3502
4831	3	1843
2737	2	2822
4230	0	4146
2842	1	3001
486	0	707
381	0	303
5941	1	5964
5332	0	5176
4702	3	4711
7212	3	821
4834	3	447
3585	0	3502
4213	0	4146
4023	0	3988
5821	1	5850
9366	3	9362
2264	3	2297
1598	1	1626
364	0	303
6249	2	2353
10703	1	10737
3383	0	3379
8597	3	140
756	0	710
6552	1	6793
4006	0	3988
4264	0	4256
4743	3	4750
6933	0	6851
2413	0	2407
1359	3	2047
4070	3	813
2736	3	87
2256	2	3550
7183	1	7186
5348	4	5173
757	0	711
5805	3	271
10509	1	10564
10090	0	10089
5987	0	5982
335	0	301
2495	1	2576
7090	1	7089
2430	2	2429
759	0	418
8252	0	8244
4433	3	1092
6352	0	6342
9475	0	9799
5331	4	5173
2227	0	2210
3636	0	3561
8283	0	8236
8235	0	8244
2263	3	276
727	0	705
1676	3	96
1515	0	1506
10432	3	10458
10362	3	821
5213	0	5173
7847	1	8032
1672	3	276
8266	0	8236
8510	2	1543
4475	0	4472
445	2	9064
96	2	9002
4857	0	4829
2260	3	292
2355	3	96
1884	3	1347
2265	0	1359
5196	0	5173
7294	0	7172
8249	0	8236
7426	1	7623
4332	3	1345
7795	1	7995
8290	1	8345
6051	3	874
7907	0	7322
7212	2	1968
9749	0	9720
8912	1	8923
4326	4	4317
427	0	420
6915	0	6344
1921	0	1878
9135	0	9108
10433	3	821
7890	0	7322
9732	0	9720
8238	3	275
5284	0	5173
8223	0	8215
5458	3	5457
8242	3	445
2231	0	1359
5723	0	5720
7334	1	7533
5491	0	5468
2262	3	1093
8860	1	8886
9118	0	9108
5747	3	5896
9132	1	9170
2118	1	2129
6498	1	6740
7873	0	7322
661	4	303
11049	1	11048
2214	0	1359
10186	1	10208
5474	0	5468
1744	0	1681
9820	0	9720
3191	0	3178
2699	2	2818
9514	0	9460
9813	0	9791
3302	2	3328
5995	0	5980
3379	3	873
10687	3	272
2377	0	2358
7865	0	7322
7183	0	7178
6560	0	6344
1359	3	1860
6051	2	2826
1727	0	1681
9803	0	9720
4985	1	4995
9497	0	9460
6098	1	6124
5978	0	5980
9378	0	9366
1977	0	1970
5760	0	5744
5630	4	5523
6290	1	6323
6343	0	6340
6058	1	6071
1710	0	1681
9743	0	9726
1884	3	1965
8248	0	8237
9137	0	9104
9361	0	9366
8597	3	87
5743	0	5744
4830	3	4896
1095	2	5026
9104	3	583
5388	4	5173
1693	0	1681
9468	0	9458
5582	1	5583
11153	2	11151
10442	0	10432
5503	0	5502
9811	1	9833
10023	0	177
6059	0	6051
8218	3	8355
8404	3	8471
9069	3	1485
4985	0	4904
711	3	820
3582	1	3655
10006	0	177
8859	0	8841
8815	4	8788
4858	0	4831
6249	3	2097
7210	3	585
9365	3	169
480	0	708
7054	4	7041
9740	0	9718
9028	0	9014
10377	0	10362
2305	3	539
4841	0	4831
6038	3	271
7899	1	8141
10172	4	10102
7177	1	7184
9380	0	9362
10391	0	9065
1646	0	1648
671	1	670
1195	2	1351
2477	3	444
8245	3	175
9425	3	444
1006	1	1066
8224	0	8217
1882	3	274
8175	0	8164
7180	3	1862
183	1	228
9821	0	9789
175	2	3328
9363	0	9362
5799	3	1558
10374	0	9065
6904	1	6994
10690	0	10685
6390	0	6344
3382	0	3180
1362	0	1359
5808	1	5841
5715	3	169
7065	4	6344
10196	1	10217
10111	1	10110
739	0	710
280	2	5021
1652	0	1650
10578	3	450
10588	0	10578
10811	0	10809
10859	1	10858
7299	1	7315
2048	3	816
722	0	710
32	0	1
2760	0	2736
5595	4	5524
10205	0	10187
9257	1	9256
4852	0	4837
219	0	178
7056	4	7037
10014	0	9998
10125	0	10102
1590	0	1575
8813	0	8620
2355	3	527
837	3	295
6930	0	6344
2048	3	2105
3988	3	4039
15	0	1
7091	1	7126
8551	1	8578
3619	0	3561
202	0	178
9250	4	9194
402	4	301
6038	3	539
843	0	834
9997	0	9998
9028	0	6249
9125	1	9164
5457	2	5461
185	0	178
5747	3	2005
4837	3	450
7179	3	1345
2700	0	2699
8239	3	531
717	0	418
9727	0	9725
8237	3	450
531	2	9002
9820	0	9801
1529	0	1507
9028	1	9052
7872	1	8132
2224	0	2211
7209	3	1862
4747	2	10066
1470	3	1489
7295	0	6249
5246	4	5176
9107	3	447
6291	0	6250
6863	1	6953
9803	0	9801
3988	3	1490
7493	1	7689
10367	3	2296
2264	3	447
5500	2	2353
6025	0	6022
10512	1	10567
339	4	299
9808	0	9796
7203	3	445
9311	2	2819
5878	1	5877
4332	3	3549
6246	3	1346
95	2	8506
9786	2	9847
213	0	181
2679	4	2597
5334	4	5176
4677	2	5484
8286	0	8239
10958	4	10761
730	0	708
3431	0	3396
9014	3	1636
3644	0	3559
6565	1	6806
1464	4	1361
5317	4	5176
4153	0	4147
10022	0	9996
1359	3	1486
205	0	181
833	1	852
168	2	4276
2355	3	2434
8482	2	8505
9729	0	9721
10877	1	10876
8260	0	8218
2466	1	2465
5799	3	566
3627	0	3559
6250	2	4273
962	2	6267
7297	0	7175
8599	1	8608
5036	4	5029
8293	1	8348
5079	1	5078
3559	2	3680
2053	0	2046
2835	1	2995
4145	0	4147
5652	4	5524
9752	0	9723
2018	0	2009
153	0	144
10713	0	10685
3610	0	3559
10234	3	557
10182	0	10102
4514	0	4492
11029	4	10761
2258	1	2276
4309	1	4314
8550	2	281
923	0	917
1516	0	1359
8438	3	173
9817	0	9721
4282	3	4313
3197	1	3213
762	0	710
1337	2	6264
5896	3	2101
9810	0	9792
6895	0	6853
1101	1	1100
4497	0	4492
3301	1	3361
2325	0	2306
2054	1	2072
3602	0	3559
1907	0	1881
3504	3	3559
6878	0	6853
4769	0	4755
7322	3	1483
9785	0	9802
733	0	708
4904	3	871
1890	0	1881
3585	0	3559
10368	1	10398
9999	3	3330
8170	0	8169
297	2	8835
9816	0	9794
1899	0	1881
6861	0	6853
4733	2	8507
4752	0	4755
1587	0	1359
2096	2	5026
1551	2	1543
3989	2	1863
716	0	708
9954	1	9975
757	0	418
2506	0	2355
2845	0	2699
708	3	821
8491	0	8482
3341	0	3302
9754	0	9719
6019	3	169
3439	0	3394
8517	1	8525
9790	2	2828
4443	0	4332
2046	3	2094
8856	0	8842
3431	1	3461
2950	0	2699
8480	3	171
9140	0	9107
1261	1	1329
890	0	876
4830	3	818
7051	4	7042
9737	0	9719
9069	2	10418
11113	0	10761
1878	3	1958
351	0	303
8516	3	3972
7432	1	7629
9145	0	9102
2933	0	2699
10435	3	280
8620	3	558
7172	3	175
8189	0	8165
9893	0	9850
9721	3	9842
4702	3	4097
334	0	303
9128	0	9102
10018	1	10046
10908	1	10906
5110	4	5029
5458	2	82
4946	0	4941
931	0	915
138	2	3548
2916	0	2699
1749	0	1680
9235	0	9194
8172	0	8165
2044	2	8506
8239	3	962
9818	0	9790
8358	0	7174
6913	0	6344
8218	3	89
6903	0	6851
4394	1	4413
9111	0	9102
4901	3	818
284	3	450
2899	0	2699
1732	0	1680
9589	1	9647
8164	3	1862
5715	3	279
5811	1	5868
6886	0	6851
9383	0	9365
3178	3	3219
7180	3	817
9428	3	447
1715	0	1680
9792	3	9842
9201	0	9194
10808	0	10810
1422	1	1421
9339	0	9318
8415	0	8471
5183	0	5173
7275	0	7274
3876	1	3938
7804	1	8001
4021	0	4002
750	0	703
10199	1	10220
5164	4	5029
9322	0	9318
8169	2	1972
966	3	169
9289	0	9194
577	2	10417
4120	0	4104
1602	1	1645
2737	2	2826
9362	2	913
2961	1	3061
9460	2	3257
7059	4	7040
8258	0	8218
8557	0	8549
2218	0	1359
5805	3	141
1749	0	1359
2323	1	2346
4771	1	4807
3763	0	3504
4904	3	818
3646	0	3502
1684	1	1768
8620	3	5498
2746	0	2739
2699	3	2295
2673	4	2355
846	0	837
8533	3	1338
4949	1	4963
1732	0	1359
8383	3	8382
2221	0	2212
3629	0	3502
10005	0	9996
631	4	303
9501	0	9460
10367	2	4275
9795	3	9842
10924	4	10761
6933	0	6855
9310	2	1973
2459	4	2460
1715	0	1359
931	1	953
457	0	706
4588	0	4332
5381	1	5380
10907	4	10761
10015	1	10043
9338	0	9319
8597	3	2372
3492	4	3477
5617	4	5523
303	3	705
4693	0	4332
4282	3	556
6157	1	6179
10890	4	10761
8916	0	8906
2263	3	280
8482	2	910
7818	0	7322
965	3	170
9819	0	9789
5029	2	82
2626	0	2355
9811	0	9799
3300	2	3336
10772	0	10761
10435	3	577
1472	3	276
1676	3	450
8489	0	8471
4857	0	4833
9786	3	2207
7332	0	7322
7294	0	7176
10877	0	10761
3318	0	3300
4837	2	1357
8472	0	8471
222	1	267
2355	3	450
7212	3	4826
2015	0	2010
2294	2	8506
6568	1	6809
5747	3	3672
5441	1	5439
8246	0	8245
30	0	1
9241	1	9240
1921	0	1882
4828	0	4831
1	3	139
4534	0	4495
7739	1	7950
2599	4	2355
1473	1	1499
6051	2	6079
2461	0	2462
10467	0	10460
8602	0	8595
1455	4	1359
2056	0	2049
3504	3	3669
2229	0	2210
561	0	560
8294	0	8243
9123	0	9107
4517	0	4495
10361	0	9065
2355	3	584
356	1	355
6377	0	6344
6440	1	6681
3989	3	1094
5817	1	5847
5928	1	5951
7116	0	7092
2496	3	272
1674	3	276
9813	0	9795
8277	0	8243
101	0	1
9106	0	9107
4500	0	4495
5005	3	4430
8218	3	870
2736	2	2712
5421	4	5173
1910	0	1884
11079	0	10761
1860	2	3550
8911	2	4098
1421	4	1359
9796	3	3677
7335	0	7322
583	2	5488
2507	0	2496
5805	3	88
7085	4	177
9635	0	9588
4332	3	89
5303	0	5173
5404	4	5173
6343	0	6344
9460	3	9791
4901	3	444
1107	0	969
986	1	1046
4837	3	4829
1877	0	1359
6448	0	6344
9362	3	280
4781	0	4755
7423	0	7322
9957	1	9978
6884	1	6974
7302	0	7174
3900	0	3504
8431	0	8430
7233	3	2207
1698	0	1680
6431	0	6344
171	2	8505
10135	1	10134
5490	3	871
7843	1	8029
3442	0	3397
7406	0	7322
1869	0	1359
9125	0	9103
2049	3	2097
10278	0	10234
8815	4	8792
10883	1	10882
9822	0	9720
7511	0	7322
9456	0	9457
9740	0	9722
7389	0	7322
7043	4	177
7435	1	7632
10761	3	169
1255	1	1322
5658	4	5530
9745	0	9717
10377	0	10366
1912	0	1880
9805	0	9720
4103	0	4104
7494	0	7322
8277	1	8332
5063	1	5062
9438	0	9426
3229	2	2828
8471	3	169
10391	0	9069
9131	0	9105
1161	0	969
4525	0	4493
1254	0	1194
1214	0	1192
8218	3	1488
468	0	707
9728	0	9717
4746	3	4749
11027	4	10761
7477	0	7322
5216	4	5176
9102	3	4726
9821	0	9793
4904	3	444
7239	0	7172
10374	0	9069
9114	0	9105
1237	0	1194
3561	3	3669
10909	0	10761
309	4	299
5470	0	5465
1575	3	1629
5768	0	5746
4493	3	4677
9472	1	9536
9510	0	9457
9809	0	9788
10363	3	1862
1	3	86
2699	3	177
146	3	169
4743	3	2286
4923	1	4932
7056	4	7041
6097	0	6038
8594	0	8552
5639	1	5638
869	2	1480
6084	1	6083
1549	2	7224
2355	3	531
4176	3	1635
7172	3	4286
3263	3	2005
2048	3	2109
2938	0	2698
5413	1	5412
5004	0	5005
10980	0	10761
380	4	299
10169	0	10102
8960	0	8940
8218	3	817
9364	3	3332
4951	0	4940
5244	1	5245
2921	0	2698
3518	1	3535
6505	0	6344
5209	1	5208
6063	0	6038
3302	3	821
2698	3	280
10699	0	10614
8943	0	8940
719	0	706
707	3	817
2850	1	3003
4849	1	4879
6488	0	6344
4182	0	4177
1529	0	1511
3694	4	3504
5500	3	1670
476	0	705
5508	1	5515
2744	0	2699
10368	0	10364
10328	1	10351
6038	3	88
10665	0	10614
2528	1	2568
3576	0	3504
10228	2	1863
934	1	956
9323	1	9342
4736	3	1333
1359	3	2295
5949	0	5926
9808	0	9800
339	4	303
2582	4	2355
2014	0	1359
10463	1	10518
3561	2	1968
10685	3	2110
1683	1	1765
8478	0	8482
4104	3	88
4477	0	4472
404	4	301
3180	3	551
9381	0	9365
658	1	657
7212	3	1553
7352	1	7550
9068	3	570
10433	3	585
1406	1	1405
9996	3	277
1359	3	1490
8679	0	8678
552	2	9061
2739	2	2830
4158	0	4146
456	1	494
4231	0	4104
9429	3	9425
9714	2	3278
5506	0	5501
10435	3	821
3321	0	3303
1194	3	1092
5756	1	5779
9194	3	171
3513	0	3502
761	0	303
1472	3	870
6154	0	6038
8257	0	8238
3304	0	3303
3318	1	3365
8249	1	8305
2886	0	2699
1337	2	6268
2216	0	1359
4970	3	1345
3781	1	3817
6367	1	6608
4702	3	450
2698	3	93
4190	0	4175
1493	2	11152
4743	3	4677
3229	2	3259
2736	2	2822
3999	0	3986
1970	2	912
3330	2	3325
5336	4	5176
340	0	301
110	1	130
3180	3	3263
585	2	6265
6866	0	6344
8238	3	873
9709	0	9706
8218	2	913
1192	3	909
3646	0	3559
9065	3	3173
5259	4	5173
1853	3	1862
2263	3	2297
9816	0	9798
141	2	3551
2260	3	1963
3751	4	3504
8535	0	8533
6249	2	5797
3629	0	3559
5242	4	5173
7299	0	7175
2412	0	2407
7191	0	7180
7489	1	7686
5139	1	5138
6052	3	297
9587	0	9460
1695	0	1681
3182	0	3180
3638	1	3751
6021	0	6019
2020	0	2009
395	4	299
2416	1	2428
4432	3	1092
6351	0	6342
7172	2	1863
2355	3	962
7168	2	912
1648	3	274
1472	3	1488
10614	3	5975
9069	3	444
2102	2	4251
9365	3	3666
7397	1	7596
1437	1	1435
2061	0	2048
7170	3	87
10721	0	10687
8509	2	1543
2213	1	2234
201	0	178
2164	1	2192
3180	2	3279
7745	1	7956
3891	0	3502
9789	3	1093
6903	0	6855
1234	0	1195
184	0	178
9060	3	5459
9076	0	9069
8802	4	8620
8439	0	8404
8280	1	8335
6103	1	6127
3874	0	3502
9441	0	9429
6886	0	6855
5467	0	5466
2672	1	2671
9134	0	9108
5551	0	5523
7825	1	8017
1217	0	1195
758	0	707
10442	1	10450
9059	0	9069
9731	0	9720
9507	0	9458
4012	1	4036
9792	2	2828
9806	0	9789
9105	3	1346
8684	0	8620
1654	0	1650
10363	2	10415
10779	0	5979
7114	0	7092
6471	0	6344
1200	0	1195
741	0	707
7180	3	2110
454	0	710
9490	0	9458
9365	3	9411
9371	0	9364
2973	1	3070
8667	0	8620
4177	3	3675
750	0	707
974	0	969
10127	0	10102
6454	0	6344
966	3	173
8957	0	8941
4324	0	4282
17	0	1
10614	3	177
4948	0	4941
845	1	861
5397	0	5173
4913	0	4904
6890	1	6980
466	0	418
7168	2	2819
8522	0	8516
0	0	1
5925	3	818
704	3	818
8487	0	8479
9750	0	9716
9644	0	9460
539	2	4969
4179	1	4194
303	3	575
105	0	1
5567	0	5524
10366	3	2205
9136	0	9104
9749	0	9460
10573	2	8506
2009	3	277
7047	4	7039
9733	0	9716
7212	2	9063
9065	2	10415
9627	0	9460
468	1	505
8448	0	7174
577	2	3550
10022	0	177
1248	1	1316
202	1	247
1204	1	1272
9732	0	9460
3397	3	294
4227	0	4146
457	0	710
8482	3	2294
5926	3	1558
583	2	9062
976	0	965
5533	0	5524
2212	3	174
744	0	303
5831	0	5805
6020	3	531
6276	0	6250
8551	0	8550
9814	0	9787
1506	3	277
4390	1	4410
3380	0	3379
3985	3	4043
2739	3	2815
9819	0	9793
9326	1	9345
10686	3	2816
6904	0	6854
1520	0	1509
10759	2	10826
6443	1	6684
9478	1	9542
4857	0	4837
1092	2	2429
224	0	178
1853	2	913
9065	3	1860
848	0	837
6887	0	6854
8965	0	8939
6858	0	6344
3285	0	3180
9362	3	2110
6349	0	6342
5714	3	169
3162	2	3165
5597	1	5595
7800	1	7998
6519	1	6760
2262	3	2256
2678	4	2589
3541	0	4070
2602	1	2601
5397	1	5396
5468	2	5487
4187	0	4176
6249	2	296
4226	0	4147
10013	0	9998
1881	3	1347
6249	2	3679
10361	0	9069
1891	0	1470
9030	0	9014
8482	3	818
3414	1	3444
5897	0	5896
7459	1	7656
1918	0	1878
2217	0	2209
9013	0	9014
5255	0	5176
10704	0	10687
5454	3	2043
10879	0	10761
8941	3	9011
5979	2	3257
3180	2	1966
6591	0	6344
8429	3	175
4332	3	93
1901	0	1878
5043	1	5042
303	3	522
9460	3	9795
1528	0	1507
2378	1	2392
9894	0	9460
8410	0	8480
6574	0	6344
7174	3	2111
9108	3	175
3559	2	1968
8279	0	8237
10440	3	820
3758	1	3789
6107	0	6051
9787	3	4724
723	0	706
3424	0	3394
7345	1	7544
9877	0	9460
3576	0	3561
1457	4	1359
2263	3	447
9802	2	9847
5587	1	5586
9815	0	9786
6024	0	6022
10447	0	10435
2023	0	2012
10950	0	10761
9509	1	9572
9496	1	9560
8262	0	8237
9125	0	9107
11115	1	11138
416	1	415
2049	3	2101
9996	3	1489
4853	0	4830
4733	3	820
2526	0	2496
7244	1	7262
1881	3	1965
5836	0	5747
4834	3	297
8169	2	4046
5658	4	5534
9745	0	9721
1912	0	1884
1963	2	2088
2509	0	2496
9954	0	9947
9852	0	9460
5819	0	5747
1917	0	1879
9810	0	9719
6555	1	6796
468	0	711
6250	3	6249
9728	0	9721
5428	1	5426
1882	3	282
3284	1	3291
2884	0	2699
1900	0	1879
1717	0	1680
10867	1	10866
2052	0	2046
10391	0	10362
187	0	181
2846	1	3155
1410	0	1359
5447	4	5176
837	3	169
4107	0	4254
8290	0	8240
309	4	303
5468	3	583
8283	1	8338
922	0	917
2496	3	89
8437	3	173
9816	0	9721
1700	0	1680
5813	1	5844
10374	0	10362
761	0	710
6026	0	6018
10361	1	10396
8163	0	8167
10445	1	10453
5430	4	5176
1359	3	1681
9809	0	9792
1892	0	1879
10364	3	584
562	1	588
1880	2	1968
1683	0	1680
3178	2	3215
6019	3	96
2976	1	3073
8243	3	575
9947	3	570
8484	0	8480
5417	0	5176
4261	0	4256
8906	3	277
6339	0	6341
9597	1	9655
29	1	71
1842	2	4275
286	1	289
380	4	303
4282	2	4098
3166	0	3164
4104	3	4146
9133	0	9105
1256	0	1194
4146	3	873
10440	3	10432
6210	1	6233
2409	0	2355
11024	0	10761
973	1	1033
10234	3	2041
9104	3	4726
10438	3	4288
2896	1	3143
817	2	3325
1386	1	1385
9116	0	9105
6090	1	6089
1239	0	1194
719	0	710
707	3	821
4231	1	4250
3627	1	3709
9264	4	9194
9791	3	169
4102	3	4209
5119	0	5029
4736	3	1553
4433	3	271
1717	0	1359
724	0	705
5816	1	5871
4854	0	4832
5900	0	5901
9818	0	9717
2259	3	1965
889	0	876
2268	0	2263
1222	0	1194
763	0	706
303	3	819
11112	0	10761
471	1	508
1700	0	1359
1251	1	1319
7203	2	1356
10434	3	280
10373	0	10363
3738	4	3504
6249	3	174
4837	3	2097
1205	0	1194
4573	0	4332
4159	0	4104
7422	1	7619
2581	4	2355
9230	4	9194
8298	0	8238
9808	0	9804
2505	1	2546
6600	1	6842
5085	0	5029
7209	2	1968
1683	0	1359
3620	0	3504
3721	4	3504
4556	0	4332
5212	4	5173
8383	2	3278
9374	0	6249
3180	2	3336
1092	2	5922
4002	3	1490
3244	0	3227
7883	1	8137
7757	1	7967
3603	0	3504
9068	3	574
7170	3	2372
4146	3	552
1359	3	1494
735	0	711
8381	3	2256
3713	4	3504
7172	3	2814
6446	1	6687
1131	1	1130
750	1	831
5345	1	5344
718	0	711
1122	1	1120
7513	1	7710
4070	3	1549
8291	0	8218
10010	0	9999
10845	0	10761
5119	1	5118
1472	3	874
8257	0	8242
5657	4	5527
2197	3	280
1247	0	1192
7042	3	3332
8274	0	8218
3309	0	3302
4545	0	4492
3495	0	3475
879	1	894
5050	4	5029
2698	3	97
4102	3	3672
10256	1	10289
5467	1	5478
1853	3	577
2736	2	2826
8556	0	8549
6926	0	6853
4528	0	4492
1210	1	1278
937	0	917
715	0	703
3505	1	3522
9870	1	9917
6909	0	6853
9637	0	9588
9861	0	9850
4499	0	4332
4511	0	4492
8441	1	8457
1895	0	1884
3987	0	3985
7746	0	7322
2220	0	2212
8678	3	1081
10782	0	10759
2655	4	2355
6892	0	6853
9620	0	9588
10699	0	177
1359	3	2112
8480	2	1863
4576	1	4664
9812	0	9787
456	0	706
8442	0	8437
4216	0	4104
10765	0	10759
2515	1	2555
6875	0	6853
6250	3	1337
3173	2	10417
10506	0	10460
921	1	943
2737	3	563
147	1	158
8473	1	8475
10943	1	10942
7287	0	7174
2642	0	2355
9377	0	9362
1472	3	1492
5701	4	5614
2520	0	2355
3761	1	3792
9060	3	2296
3427	0	3397
4832	3	1843
1669	2	5484
7793	1	7992
9364	2	913
9499	1	9563
2471	0	2460
1720	1	1801
2066	0	2047
4214	0	4146
6482	1	6723
3180	2	3283
2608	0	2355
3317	0	3300
1167	1	1166
10246	0	10234
7479	0	7322
9060	3	1491
2374	0	2375
2014	0	2010
10709	0	10686
4510	0	4493
8218	3	447
2414	0	2407
1916	0	1359
5612	0	5523
758	0	711
4495	3	911
6558	1	6799
1470	3	1339
9806	0	9793
10323	1	10360
5988	0	5982
6891	0	6854
2431	2	2429
6917	0	6851
10363	2	10419
441	2	2088
2441	1	2451
9108	3	1842
8415	0	8479
1903	0	1882
1462	1	1461
8601	0	8595
741	0	711
1228	1	1296
9311	3	450
1908	0	1359
10687	3	1492
9059	0	10362
3180	2	2828
6874	0	6854
8236	3	962
3845	0	3504
8779	1	8778
177	3	275
5753	0	5746
3429	0	3393
9495	0	9457
1886	0	1882
5005	3	169
4581	0	4493
7190	0	7172
6857	0	6854
9327	0	9321
3828	0	3504
9478	0	9457
7334	0	7322
7295	0	7172
909	2	10826
1	2	82
1853	3	874
10436	3	1862
9750	0	9720
4733	2	3551
9600	1	9658
4450	0	4432
303	3	579
8651	1	8650
3169	0	3167
2906	0	2698
9136	0	9108
4332	3	4472
2915	1	3115
10761	3	96
3320	0	3303
9733	0	9720
9065	2	10419
9365	3	450
9141	0	9103
1763	0	1359
760	0	303
5433	0	5173
2066	1	2085
2889	0	2698
2113	2	9064
4703	3	563
10687	3	821
10955	4	10761
7405	0	7322
7059	4	177
7384	1	7583
9124	0	9103
2260	3	170
10460	3	10569
2699	3	909
743	0	303
2872	0	2698
10125	1	10124
9821	0	9720
1185	1	1184
10019	0	9996
645	4	303
10938	4	10761
9814	0	9791
3303	2	3328
474	1	511
2005	2	3218
3164	3	3173
10873	1	10872
2378	0	2358
2977	0	2698
1230	0	1192
8479	2	8505
6561	0	6344
8678	3	573
7122	0	7094
3561	3	563
3233	1	3238
2939	1	3127
5186	1	5184
9437	0	9426
10435	3	585
3379	3	1556
1879	2	1863
1213	0	1192
3609	1	3697
5761	0	5744
8489	0	8479
965	3	528
6544	0	6344
4008	1	4033
7105	0	7094
1711	0	1681
8681	0	8678
1852	3	1667
7204	3	169
9335	0	9319
1196	0	1192
6527	0	6344
9785	0	9786
7055	0	177
11009	4	10761
2969	1	3067
4436	0	4432
746	0	704
9856	0	9460
4400	0	4391
577	2	6266
8239	3	2206
8170	0	8153
8913	0	8906
4986	0	4904
9073	1	9082
6249	3	9412
5801	2	5798
6246	3	6270
729	0	704
8153	3	2035
9060	3	3666
3540	0	10234
6248	2	296
7212	3	3090
8244	3	535
1842	2	5487
7516	1	7713
8553	0	8550
2053	0	1359
3588	1	3661
1194	3	1340
2057	0	1882
1584	0	1359
2479	0	2477
4719	3	540
6344	3	6341
712	0	704
9822	0	9460
5746	3	2090
10720	0	10687
2158	0	1359
4682	2	5482
4709	0	4702
4182	0	4104
2630	1	2632
2768	0	2737
3869	1	3931
6053	0	6052
1919	1	1959
4753	3	96
4215	1	4234
9805	0	9460
1918	0	1882
1884	2	1968
8907	2	1863
10361	0	10362
4746	3	167
1882	3	2112
4440	0	4332
2141	0	1359
464	1	502
1021	1	1082
3329	2	3327
3569	0	3502
5234	1	5235
1901	0	1882
11110	0	10761
9873	1	9920
6210	0	6038
348	0	303
9069	2	2831
2124	0	1359
189	1	234
303	3	526
4175	3	3668
9460	3	9799
9823	0	9790
6281	1	6314
4181	0	4177
1528	0	1511
4332	3	447
10091	0	10089
4735	3	4740
3180	2	3259
8244	3	8374
9187	0	9186
2228	0	1507
3552	2	3548
8296	0	8238
315	4	301
6248	3	2294
7274	3	2093
928	0	915
6344	3	1348
723	0	710
5291	0	5176
7443	1	7640
4579	1	4667
10206	0	10187
5210	4	5173
9815	0	9790
6900	0	6851
7174	3	3404
314	0	303
298	4	301
2063	0	2048
2049	3	2105
4853	0	4834
381	1	382
8818	2	8836
3620	0	3561
844	0	834
726	0	418
6883	0	6851
2355	3	271
6430	1	6671
8620	3	1965
1115	1	1114
9068	3	3664
6344	3	543
735	0	418
5658	4	5538
367	0	299
9104	3	3173
9745	0	9725
4021	0	3986
834	3	280
10433	3	3090
3603	0	3561
8250	0	8236
4733	3	2113
3303	3	817
1359	3	1551
2737	3	2096
718	0	418
350	0	299
9728	0	9725
966	3	1092
4190	0	4102
5505	0	5501
5825	1	5853
5264	4	5176
10013	1	10040
1663	2	3551
369	4	301
9107	3	1346
5345	0	5176
8243	3	445
2232	0	1359
2225	0	2211
373	0	301
10435	2	10456
8362	1	8366
2699	3	1340
8290	0	8244
9119	0	9108
9789	3	4724
7176	2	5798
2215	0	1359
356	0	301
6141	4	6038
4280	3	4286
9425	3	2095
9809	0	9796
8273	0	8244
1674	3	447
4384	1	4388
9998	3	1489
9515	0	9460
96	2	8506
1359	3	2035
8897	1	8903
2355	3	2044
7237	3	138
323	4	299
8671	4	8622
7446	1	7643
7744	0	7322
8942	0	8911
7402	1	7599
3626	0	3502
3432	0	3396
9498	0	9460
1978	0	1970
9475	0	9787
5821	0	5747
2676	4	2582
326	1	325
3986	3	1482
3609	0	3502
611	4	303
647	1	648
3415	0	3396
9481	0	9460
10440	3	10436
6111	0	6038
411	4	299
8516	3	870
7832	0	7322
5614	4	5523
10721	0	10614
1694	0	1681
2019	0	2009
9464	0	9460
154	0	144
10714	0	10685
6094	0	6038
9603	1	9661
9121	0	9104
5909	0	5747
7332	1	7531
10381	1	10424
8479	2	910
2912	1	3035
2197	3	2110
4175	3	582
7102	1	7135
763	0	710
6851	3	277
6038	3	96
9068	3	444
4498	0	4492
9366	3	169
5892	0	5747
2718	1	2734
2049	3	174
5436	0	5176
10364	2	446
10373	0	10367
1882	2	1968
10228	3	4725
5464	1	5476
8298	0	8242
9029	0	9014
5673	4	5572
2060	1	2078
464	0	708
4952	0	4904
10503	1	10558
7191	1	7196
9724	0	9718
10759	3	962
86	2	11147
4263	0	4256
423	0	420
4971	0	4972
10056	2	10051
477	1	514
9012	0	9014
5882	4	5747
5342	0	5173
10156	4	10102
1552	2	1543
10367	3	10363
2355	3	568
8620	3	8678
3776	0	8167
9796	3	2372
7203	3	2096
6150	1	6149
3383	0	3180
8180	0	8166
8910	0	8907
1216	0	1195
3263	3	537
8492	0	8482
9506	0	9458
418	3	819
2205	2	10417
279	2	10417
8218	3	4826
7295	1	7320
2262	3	276
9387	1	9421
10143	0	10102
2471	1	2472
2685	4	2641
1882	3	583
10122	4	10102
5275	1	5274
7049	4	6344
8973	0	8941
5392	4	5176
10761	3	2113
4292	0	4290
9743	0	9714
9076	1	9085
6931	0	6344
8956	0	8941
9129	0	9102
4177	3	1642
2744	0	2736
10189	0	10187
10573	3	175
9020	0	6249
297	2	9063
16	1	58
10109	0	10102
5980	3	1964
2736	2	2830
8797	0	8620
6206	1	6230
9029	0	6249
8359	0	7174
6914	0	6344
715	0	707
4862	0	4831
186	0	178
6880	1	6970
2951	1	3055
7377	1	7577
10364	2	2353
9860	0	9850
9012	0	6249
11022	1	11021
6897	0	6344
4175	3	1334
5747	3	86
8383	3	1092
9814	0	9714
9639	1	9697
759	0	703
3987	0	3989
1147	1	1146
1024	1	1085
10614	3	2816
9074	0	7212
9819	0	9720
5949	0	5747
7178	3	3334
6411	0	6344
7088	0	7041
7296	0	6249
3597	1	3696
9812	0	9791
6292	0	6250
5994	0	5980
6252	0	6248
3502	3	2096
456	0	710
6582	1	6823
1238	1	1306
751	0	703
5669	4	5565
6284	1	6317
1651	1	1658
2211	3	174
2208	0	2211
1726	0	1681
5230	4	5176
6275	0	6250
5719	3	169
9377	0	9366
734	0	703
1709	0	1681
3196	0	3180
565	2	5484
763	1	828
2259	3	172
8552	3	810
3179	0	3180
10059	0	10061
2773	0	2736
6058	0	6051
6433	1	6674
10197	0	10185
3173	2	3550
1603	0	1575
8408	1	8420
8253	0	8239
5179	4	5176
2756	0	2736
8404	3	567
2526	1	2565
7212	3	1858
4109	0	4254
6038	3	527
2197	3	447
10183	0	10102
4186	0	4176
6166	1	6169
9059	0	10366
4491	1	4590
8864	1	8889
4252	2	4251
6898	1	6988
177	3	279
9705	0	9707
1378	0	1359
9460	3	9722
3429	0	3397
10149	0	10102
7076	0	6344
10190	1	10211
3180	3	1340
10773	0	10761
10436	3	577
9857	1	9904
2265	0	2262
8490	0	8471
7230	2	7224
2358	3	563
9787	3	2207
10853	1	10852
4753	3	1092
7295	0	7176
5454	3	2104
1651	0	1650
5611	4	5524
7449	1	7646
3569	0	3559
8473	0	8471
7405	1	7602
6017	0	6020
1884	3	1095
2016	0	2010
1842	2	9061
4339	0	4332
5901	3	1092
2314	1	2337
5385	0	5176
440	2	10456
7050	0	7037
9060	3	2113
10336	0	10234
9141	0	9107
10439	3	820
9065	3	445
5577	4	5524
3227	2	3256
10761	3	450
1879	3	1958
1432	0	1359
9068	3	1493
562	0	560
9431	1	9455
10319	0	10234
9124	0	9107
4518	0	4495
1207	0	1194
7335	1	7534
5087	0	5029
1595	1	1623
9486	1	9550
6018	3	447
1105	1	1103
102	0	1
5564	0	5524
4501	0	4495
180	0	179
4176	3	2371
4493	3	3669
1511	3	280
9215	4	9194
318	0	303
4393	0	4332
6857	1	6947
10761	3	584
9809	0	9719
2223	0	2211
754	0	708
815	2	5484
7294	0	6249
5984	0	5979
6290	0	6250
8823	0	8818
9616	1	9674
1716	0	1680
5014	0	5007
9202	0	9194
737	0	708
5258	1	5259
7424	0	7322
9310	2	2819
9785	0	9790
6870	0	6851
8894	0	8842
746	0	708
4289	0	4291
2097	2	3550
213	1	258
7877	1	8134
1699	0	1680
4492	3	4681
9286	4	9194
4022	0	4002
6934	1	7024
4983	1	4991
4765	0	4755
7407	0	7322
9323	0	9318
9211	1	9210
7053	0	7040
729	0	708
10367	3	2097
1682	0	1680
4152	0	4147
1359	3	2092
4005	0	4002
9719	3	169
1517	0	2212
7172	3	3412
5148	4	5029
1232	0	1192
712	0	708
8153	2	1972
8259	0	8218
3626	0	3559
9273	0	9194
1841	2	4275
717	0	703
3500	0	177
10671	0	6249
1215	0	1192
8552	3	86
10378	0	10363
19	1	61
3609	0	3559
6	1	49
6106	1	6119
4904	3	1343
2972	1	3119
4493	3	4287
535	2	6259
6026	1	6034
4569	1	4691
10437	3	4288
3180	2	1974
8189	0	8153
1905	0	1470
1198	0	1192
6249	2	6265
8225	0	8218
4223	0	4147
3502	3	2206
4484	0	4332
3486	0	3477
4175	3	3672
972	0	966
1716	0	1359
9823	0	9794
9794	3	1093
1376	1	1375
5801	3	3663
1906	0	1881
8185	0	8165
2355	3	141
8172	0	8153
181	3	294
8244	3	8378
1221	0	1194
10761	3	2491
4589	0	4332
6112	1	6121
8296	0	8242
5106	4	5029
9364	3	5975
2374	0	2355
1699	0	1359
9032	1	9055
8168	0	8165
5746	2	4046
7075	4	7042
4572	0	4332
9815	0	9794
9786	3	1093
6900	0	6855
10443	0	10438
1586	0	1359
1682	0	1359
6287	1	6320
6249	3	585
11107	1	11156
220	0	179
9388	1	9405
4555	0	4332
2505	0	2355
6883	0	6855
5464	0	5466
8961	0	8940
4332	3	585
3885	1	3947
5303	1	5305
5454	3	441
1575	3	568
4182	1	4197
10275	1	10308
2610	0	2355
9259	0	9194
9105	3	175
463	0	303
2262	3	1488
8250	0	8240
6038	2	3260
4538	0	4332
3303	3	821
8941	3	1343
8533	3	8547
821	2	6268
2739	3	87
9060	3	450
4183	0	4177
3695	4	3504
4432	3	539
4009	0	3985
2684	4	2637
455	0	303
4753	3	2007
9717	2	3257
2057	0	2049
284	2	296
2230	0	2210
7503	1	7700
5109	1	5108
6902	0	6851
8453	0	7174
2963	1	3117
3986	3	2291
3642	0	3502
8381	3	1862
1914	0	1879
2213	0	2210
3560	0	3504
1707	1	1788
421	0	303
11006	1	11005
2664	0	2355
2680	4	2601
9440	0	9425
6885	0	6851
8552	3	1188
9812	0	9714
757	0	703
8678	3	8713
7209	2	9063
9797	3	3677
5199	0	5173
10691	1	10724
9791	3	9842
3180	3	295
185	1	231
10019	0	177
1092	2	3218
6868	0	6851
10193	1	10214
9636	0	9588
1524	0	1508
7092	2	7159
1359	3	295
2414	1	2425
8479	3	2294
1862	2	9064
9334	0	9319
177	3	873
411	4	303
10436	3	821
7296	1	7312
5466	2	5484
9619	0	9588
86	2	4251
2296	2	3550
5287	0	5173
2102	2	2088
9811	0	9787
2437	0	2438
172	2	10610
5167	0	5029
5501	3	3972
9317	0	9319
9121	0	9108
2317	1	2340
10363	2	1352
4293	0	4282
5146	4	5029
9602	0	9588
8787	1	8786
6249	3	1337
10505	0	10460
8240	3	575
5982	3	5980
5371	4	5173
2642	1	2641
7286	0	7174
3884	0	3504
5747	3	277
1748	0	1359
8241	0	8238
2355	3	438
5937	0	5799
6415	0	6344
10488	0	10460
5253	0	5173
142	0	143
7390	0	7322
845	0	837
4734	1	4739
6038	3	450
3867	0	3504
1731	0	1359
2198	3	1340
9806	0	9720
9365	2	446
6398	0	6344
7209	3	2578
10366	2	4275
9724	0	9722
7373	0	7322
5979	3	2578
450	2	3550
9489	1	9553
7193	0	7232
6252	1	6260
2314	0	2305
1714	0	1359
3509	0	177
1896	0	1880
7107	0	7094
3752	4	3504
5925	3	1554
613	4	303
2699	3	2096
444	2	10418
1359	3	563
7356	0	7322
2355	3	572
6860	1	6950
7930	0	7322
1696	0	1681
4692	0	4332
2113	2	8507
2113	2	2091
10370	0	10363
9065	2	1352
3394	3	1487
8848	1	8873
5501	2	1356
7339	0	7322
1888	0	1880
9320	0	9319
9619	1	9677
1359	3	1852
2355	3	1861
8915	0	8906
3232	0	3230
10367	3	2207
600	0	303
1679	0	1681
2096	2	2091
8479	3	818
10460	3	563
10771	0	10761
7922	0	7322
5747	2	5797
4078	0	4070
2046	3	1842
2834	0	2698
216	1	261
5752	0	5746
1452	1	1451
3989	3	277
3428	0	3393
4735	3	1337
1218	1	1286
684	4	303
2699	3	1641
9326	0	9321
688	0	303
9107	2	82
3263	3	86
10859	0	10761
3892	0	3502
6022	3	6020
7179	3	585
1235	0	1195
671	0	303
4862	0	4835
7161	3	174
4433	3	92
715	0	711
9077	0	9069
10964	0	10761
8471	3	962
11065	4	10761
3665	2	4251
5717	0	5715
8429	3	3676
8440	0	8404
2944	1	3130
720	0	706
3168	0	3167
2905	0	2698
1218	0	1195
5895	1	5898
759	0	707
2536	1	2575
10381	0	10366
5327	0	5173
9492	1	9556
3303	3	447
10947	0	10761
3381	1	3387
10083	1	10085
6109	1	6122
9365	2	2353
3228	2	3216
8786	4	8620
4733	3	8509
5432	0	5173
2888	0	2698
7115	0	7092
6472	0	6344
10721	0	177
1579	1	1607
876	2	913
10813	0	10759
9430	0	9424
10666	0	10614
96	2	4969
2056	1	2075
178	3	271
10591	0	10575
460	0	705
9307	4	9290
6246	3	586
5415	0	5173
6038	3	1552
7098	0	7092
6455	0	6344
9424	3	961
7172	3	7173
8487	1	8499
8299	0	8245
5979	3	297
1893	0	1359
2976	0	2698
7058	0	7039
8244	3	2206
5411	1	5410
7233	3	585
3240	0	3228
1522	0	1508
1175	1	1174
7121	0	7094
4587	0	4495
7050	1	7049
7388	1	7587
8282	0	8245
10632	0	10614
10696	0	177
10434	3	585
10435	3	3090
6543	0	6344
5764	1	5786
305	4	299
335	1	336
2264	3	171
7193	0	7179
2062	0	1882
10615	0	10614
9750	0	9460
6023	0	6018
8218	3	8376
371	4	301
10664	2	3337
8253	0	8243
10720	0	10614
2048	3	2097
10577	3	2256
2893	1	3028
6353	0	6341
7510	0	7322
9733	0	9460
10761	3	3219
835	0	836
5057	1	5056
8245	3	8356
3305	0	3303
1177	0	969
4541	0	4493
2578	2	5026
174	2	868
8404	3	1860
4012	0	3988
7493	0	7322
745	0	303
2765	0	2699
8818	2	1863
4756	1	4791
377	4	303
6277	0	6250
6922	0	6854
2052	0	1359
6249	3	963
2983	1	3120
9130	0	9105
4524	0	4493
4191	0	4175
634	1	633
9727	0	9717
9821	0	9460
4146	2	4173
7506	1	7703
9460	3	9726
7178	3	1862
728	0	303
3995	0	3988
9797	3	1343
3541	1	3555
360	4	303
1851	0	1853
6905	0	6854
5557	1	5556
9949	0	8382
1143	0	969
4174	0	4175
4507	0	4493
3645	1	3730
11126	0	10761
5320	4	5176
8906	2	1863
8289	0	8236
324	0	301
5198	4	5176
6888	0	6854
9815	0	9717
9309	1	9314
1150	4	969
2740	0	2699
5767	1	5792
9105	3	1842
10582	0	10573
9808	0	9788
11109	0	10761
454	1	492
7300	0	7175
3173	2	6266
9060	2	1357
3163	2	3165
9016	1	9039
7249	1	7266
6871	0	6854
3735	4	3504
3180	3	539
169	2	9062
1676	3	1487
2271	0	1359
4156	0	4104
7050	0	7041
5286	4	5176
9060	2	9062
2195	0	2198
1359	3	539
3718	4	3504
5457	3	3664
3227	2	3260
6853	3	277
1879	3	1962
9366	3	3666
90	1	91
6249	3	3675
2739	2	2818
4950	0	4940
6184	0	6038
3701	4	3504
962	2	6259
10433	3	1862
5273	0	5176
5729	0	5720
10165	1	10164
2578	2	3550
5565	4	5523
3504	2	913
9752	0	9715
2045	0	2048
4110	0	4102
366	0	299
10624	0	6249
145	0	146
4737	1	4742
6420	1	6661
9138	0	9103
6038	3	6171
2753	0	2737
8964	0	8911
8430	3	175
7465	1	7662
5801	3	2110
815	2	5488
6150	0	6038
10688	0	10687
2513	1	2552
6255	1	6263
1359	3	1962
94	2	4969
2991	0	2698
6022	3	169
6575	0	6344
5591	0	5524
1680	3	1339
332	0	299
652	1	651
9785	0	9794
8664	4	8620
6870	0	6855
5535	0	5523
8518	3	175
1201	0	1195
5749	0	5747
7765	1	7973
3425	0	3394
9491	0	9458
9878	0	9460
6558	0	6344
9366	3	9411
9816	0	9786
9475	0	9714
811	2	1480
7760	0	7322
3642	0	3559
9474	0	9458
3560	0	3561
1680	3	534
4940	3	907
8651	0	8620
1359	3	2096
2919	0	2699
8630	4	8620
5837	0	5747
9951	1	9972
219	1	264
9068	2	1863
1221	1	1289
850	0	836
174	2	5487
7180	3	5802
717	0	707
9337	1	9360
4864	0	4831
4559	1	4648
2902	0	2699
5820	0	5747
2648	1	2647
10378	0	10367
1471	3	870
8911	2	9002
8906	3	1631
3302	3	3334
2885	0	2699
9801	2	3278
2703	0	2696
6248	2	6265
9327	0	177
5448	4	5176
6882	0	6344
8404	3	2291
9120	0	9104
2990	0	2699
9823	0	9798
8488	1	8512
4829	3	1843
9309	0	9194
4228	0	4146
2868	0	2699
9611	0	9460
7210	3	821
7212	3	1488
8237	3	873
5832	0	5805
2973	0	2699
9708	0	9706
8255	1	8357
297	2	8506
1757	1	1833
2744	1	2781
7074	4	7042
2262	3	2297
6407	1	6647
5313	0	5176
1519	0	2212
1195	3	873
5133	1	5132
3381	0	3379
9068	3	4827
8173	0	8164
7079	4	7037
5815	0	5805
8485	0	8480
9275	0	9194
4256	2	4276
5418	0	5176
4262	0	4256
8381	3	93
6207	0	6038
406	0	299
4449	0	4433
8911	3	447
3989	3	2294
10055	2	10051
9065	3	2035
10986	1	10985
7062	4	7037
10493	1	10548
880	1	896
4474	3	1664
9069	3	2205
7058	0	6344
5985	0	5982
8966	0	8939
4177	3	3663
7391	1	7590
8412	0	8479
1224	1	1292
208	0	178
5747	3	818
2305	3	909
3634	0	3561
1471	3	1488
10138	4	10102
9884	1	9931
6342	3	820
8949	0	8939
3898	0	3502
3269	0	3180
1513	0	1506
725	0	705
4102	3	570
4009	0	3989
8236	3	141
1014	0	965
8446	0	8404
5103	0	5029
1116	4	969
969	3	1188
4855	0	4829
5894	0	5747
2375	3	2397
478	0	710
9742	1	9771
8691	0	8620
997	0	965
6270	2	10416
7210	2	1968
2035	2	5487
9014	2	1968
5979	3	1964
9440	0	9429
2212	3	2256
4835	3	2688
1919	0	1878
10913	1	10912
3180	3	3332
757	0	707
6397	1	6638
8236	3	275
8221	0	8215
438	2	5025
4703	3	1486
8784	4	8620
8240	3	445
5938	0	5925
2264	3	1488
5801	3	447
8779	0	8620
1902	0	1878
9513	1	9577
7922	1	8088
3396	3	3409
563	2	4969
8292	0	8239
7044	0	6344
473	0	418
3989	3	818
839	1	855
1885	0	1878
4495	3	4680
1137	1	1136
7071	4	7039
9811	0	9791
141	2	4909
3300	2	3328
457	1	495
6251	0	6248
8275	0	8239
4448	1	4467
2974	0	2698
9019	1	9042
7181	0	7178
10366	3	583
7161	2	3338
9643	1	9701
8752	1	8753
1517	1	1559
10432	3	2294
3310	0	3302
8258	0	8239
6274	1	6307
6541	0	6344
4151	0	4147
8917	1	8935
4702	3	2292
5975	2	3551
8550	3	2298
4970	3	1093
8246	0	8237
10812	0	10761
8595	3	87
8244	3	169
10262	1	10295
8793	1	8792
7413	1	7610
4332	3	2041
9102	3	583
9724	0	9726
297	2	3326
9955	0	9947
1842	2	2088
10021	0	177
5549	0	5524
4719	3	174
8153	2	4046
111	1	131
6057	0	6051
4983	0	4904
1896	0	1884
7094	2	7159
3393	3	141
8594	0	8597
833	0	836
8481	3	2294
5925	3	1558
8552	3	8576
1904	0	1470
10004	0	177
7180	3	3334
1474	0	1471
9293	1	9292
5005	3	450
1887	0	1470
8269	0	8245
10766	0	10759
9819	0	9460
5501	3	272
10507	0	10460
8581	1	8588
7072	0	7037
10170	4	10102
1359	3	2206
7212	3	175
2200	0	2197
466	0	703
5522	4	5524
10573	3	4721
10234	2	3550
10490	0	10460
1377	0	1359
3428	0	3397
173	2	3328
8862	0	8842
10264	0	10234
7174	3	2099
4928	1	4938
8404	3	173
11119	1	11141
3380	0	3180
2410	1	2422
5296	0	5176
1360	0	1359
1525	0	1511
10247	0	10234
531	2	1480
8480	2	8507
8552	3	1489
4338	0	4332
5717	0	5719
6920	1	7010
720	0	710
4562	1	4651
2758	0	2736
5593	4	5524
10203	0	10187
4833	3	813
9241	0	9194
8246	1	8302
7054	4	7037
1448	0	1359
4332	3	565
759	0	711
7463	0	7322
10012	0	9998
740	0	418
167	2	8835
1588	0	1575
1471	3	175
347	4	303
4022	1	4047
10335	0	10234
2158	1	2186
4494	0	4493
1223	0	1194
4850	0	4834
2741	0	2736
813	2	4969
9513	0	9457
6855	3	7034
4733	3	2097
9804	2	3281
841	0	834
7446	0	7322
9995	0	9998
6855	3	1557
9430	0	9428
10364	2	10416
4080	0	4070
10185	3	2297
2950	1	3136
10622	0	6249
1206	0	1194
747	0	706
1721	0	1680
9496	0	9457
9787	2	3281
4409	0	4332
7894	1	8061
2359	0	2355
1913	0	1879
4736	3	1862
8829	1	8828
9785	0	9717
9794	3	4724
2358	3	2397
9479	0	9457
9375	0	6249
9214	4	9194
5747	3	578
739	0	706
1527	0	1507
3245	0	3227
2375	3	2373
8176	0	8167
9107	3	175
1359	3	1669
3642	1	3707
585	2	5021
4540	0	4332
8552	3	818
8287	0	8244
4493	3	1636
2699	3	169
2447	0	2355
305	4	303
10685	3	1484
2264	3	175
9786	3	4724
2698	3	138
722	0	706
7212	2	3550
2262	3	447
1475	0	1470
705	3	819
6023	0	6022
4523	0	4332
6473	1	6714
8270	0	8244
1011	0	966
93	2	8506
8595	2	8618
2699	3	2397
211	0	181
4970	3	585
9887	1	9934
2761	0	2739
994	0	966
203	1	248
1205	1	1273
8387	0	8383
194	0	181
10020	0	9996
874	2	868
6939	0	6855
4004	0	4002
1488	2	3550
2209	3	2257
9201	1	9200
3562	0	3504
9823	0	9721
3479	0	3475
10003	0	9996
572	2	9061
5034	4	5029
2683	4	2629
10185	3	821
8241	0	8218
4106	0	4254
151	0	144
8289	0	8240
4332	3	4700
4512	0	4492
921	0	917
1514	0	1359
9815	0	9721
965	3	272
7084	0	7042
10582	0	10577
6400	1	6641
2323	0	2306
1905	0	1881
7203	3	7207
7925	1	8091
3180	3	543
213	0	177
2679	4	2593
4217	0	4104
4528	1	4622
869	2	8506
9108	3	9104
2639	4	2355
8295	0	8242
6876	0	6853
2100	2	10051
2984	1	3080
2035	2	1543
174	2	9061
730	0	704
3616	0	3504
2355	3	552
6250	3	1862
842	1	858
3541	0	10234
1681	3	173
4583	0	4492
2521	0	2355
9798	3	169
10970	1	10969
8278	0	8242
4451	1	4470
6859	0	6853
9022	1	9045
2739	2	2822
7038	0	7040
2159	0	1359
7375	1	7574
4183	0	4104
4566	0	4492
2504	0	2355
2605	4	2355
6054	0	6052
10366	2	1356
3587	0	3502
7849	1	8125
366	0	303
1862	2	2091
2752	0	2737
6038	3	6175
888	0	876
3570	0	3502
3322	0	3302
4735	3	2256
7416	1	7613
6189	1	6238
10710	1	10743
9143	0	9102
2592	0	2355
5101	0	5029
6215	1	6235
4350	1	4370
6930	0	6853
2470	0	2355
10171	1	10170
3737	4	3504
414	0	301
5228	4	5173
9719	3	9842
2229	0	1507
2479	0	2355
7170	3	7166
8297	0	8238
332	0	303
9126	0	9102
3185	1	3204
2496	3	1663
929	0	915
742	0	711
177	3	450
7875	1	8050
5998	0	5979
11077	0	10761
8280	0	8238
10444	0	10434
3397	3	1494
9109	0	9102
3379	3	174
3825	4	3504
5316	4	5173
4147	3	280
8584	1	8591
1892	0	1359
93	2	3326
9857	0	9850
5194	4	5173
7191	0	7172
9439	0	9425
6884	0	6851
9811	0	9714
4102	3	4144
9097	3	535
7296	0	7172
9012	1	9036
7245	1	7263
717	0	711
4864	0	4835
8413	0	8471
6855	3	3411
9462	0	9457
9746	0	9722
438	2	9404
1471	3	874
5181	0	5173
5282	4	5173
4019	0	4002
5465	2	5484
656	0	303
5650	0	5523
8552	3	444
9108	3	1346
10436	2	10456
8678	3	1553
447	2	2429
9120	0	9108
7736	1	7948
10575	3	280
3778	0	3504
1203	0	1195
2198	3	2206
9823	0	9802
104	1	125
8777	1	8776
2873	0	2698
2161	1	2189
3989	3	4042
3761	0	3504
622	0	303
11056	1	11054
3665	2	5788
7212	3	1842
2978	0	2698
2379	0	2358
3866	0	3504
2474	4	2460
1730	0	1359
10367	2	10419
727	0	303
2856	0	2698
7079	4	7041
7123	0	7094
9499	0	9460
5719	3	8931
5029	3	86
8636	0	8620
2509	1	2549
2961	0	2698
2362	0	2358
7850	0	7322
7237	3	821
4484	1	4487
1713	0	1359
2839	0	2698
9277	1	9276
7106	0	7094
7062	4	7041
10761	3	2044
9482	0	9460
4586	0	4332
10905	4	10761
10764	0	10759
2944	0	2698
7833	0	7322
8962	1	8995
3620	1	3744
172	2	9061
1257	0	1195
6190	1	6216
5468	3	815
10888	4	10761
5691	4	5620
1132	4	969
3611	1	3734
11112	1	11135
8914	0	8906
2927	0	2698
7816	0	7322
3231	0	3230
7347	1	7547
6511	0	6344
700	4	303
10993	4	10761
10445	0	10433
2624	0	2355
6476	1	6717
534	2	5484
1161	1	1160
1359	3	2263
10871	4	10761
1014	0	969
3180	3	169
10362	3	1842
8487	0	8471
4332	3	138
5834	0	5805
4855	0	4833
2760	1	2797
1359	3	169
7058	1	7057
713	0	704
2817	2	9063
4508	1	4684
997	0	969
8470	0	8471
1442	1	1441
5817	0	5805
3997	0	3988
752	0	705
8358	1	8363
4953	0	4904
4282	2	4330
9806	0	9460
1919	0	1882
3852	0	3504
3896	1	3958
5468	3	4682
1884	3	274
5444	4	5173
2020	0	1359
10333	0	10234
6941	1	7031
4332	3	272
9460	3	175
10584	1	10600
9107	3	1842
10433	3	1842
2101	2	10417
1902	0	1882
8600	0	8595
8181	0	8166
284	2	6265
7087	4	7039
10763	1	10787
1192	3	1332
10140	4	10102
3164	3	3161
8292	0	8243
6873	0	6854
4515	0	4495
280	2	10417
3410	2	8505
1885	0	1882
10002	1	10030
5500	2	4098
4407	0	4332
3344	0	3303
6403	1	6644
4580	0	4493
5309	0	5173
9811	0	9795
8275	0	8243
6856	0	6854
1506	3	1558
8685	0	8678
1512	0	1511
4845	1	4875
4293	0	4290
10590	0	10575
7928	1	8094
3561	3	1840
6250	3	817
7172	3	818
8258	0	8243
586	2	6264
9860	0	9460
5717	1	5731
10435	3	1862
3519	0	3502
10190	0	10187
10635	1	10659
5402	4	5173
5981	0	5979
27	1	69
4586	0	4495
1105	0	969
10480	1	10535
5805	3	2044
10631	0	10614
10364	3	279
4022	0	3986
5258	0	5176
7180	3	171
387	4	301
7179	3	5802
6927	0	6854
8781	0	8620
7192	0	7179
8595	3	441
2061	0	1882
1189	4	969
6350	1	6360
10119	1	10118
4005	0	3986
169	2	8505
5241	0	5176
9871	1	9918
8239	3	450
4835	3	277
6209	1	6241
8294	0	8239
9123	0	9103
3881	0	3504
9954	0	8382
1172	4	969
702	0	418
353	4	301
9822	0	9798
8277	0	8239
585	2	4273
10713	1	10746
1508	3	1554
9106	0	9103
5329	0	5176
1910	0	1880
9729	1	9758
7072	0	7041
6247	0	284
9436	0	9426
336	4	301
9805	0	9798
1359	3	2210
1159	0	969
1878	2	1863
1212	0	1192
3393	3	279
753	0	704
3562	0	3561
466	0	707
6393	1	6635
9788	2	9847
300	0	299
1194	3	873
3164	3	2035
9460	3	9787
5214	4	5176
181	3	278
736	0	704
8809	1	8808
5608	0	5523
2110	2	2091
5197	4	5176
8169	3	2035
8600	1	8609
2372	2	6265
2699	2	2713
3416	0	3396
2067	0	2048
756	0	418
388	0	299
3442	0	3393
4431	0	4433
1996	1	2003
6340	3	3971
5302	4	5176
2207	2	10416
2165	0	1359
2775	0	2737
8909	0	8911
3593	0	3502
10761	3	1670
3399	0	3396
5975	2	2429
155	0	144
9380	1	9399
9194	3	86
8552	3	1843
10061	3	2035
9630	1	9688
1842	2	10415
4837	2	4899
10719	0	10687
3616	0	3561
2157	0	1359
4904	3	4978
7799	0	7322
1501	3	140
5581	4	5523
468	0	703
10258	1	10292
10688	0	10614
747	0	710
5193	1	5192
3774	1	3803
6097	1	6125
5502	2	3174
8818	3	2205
6061	0	6038
8558	0	8552
3300	3	821
10697	0	10614
107	1	128
7189	0	7233
874	2	1543
5876	0	5747
3180	3	3178
7782	0	7322
2310	0	2306
6249	3	1642
3587	0	3559
9785	0	9721
4102	3	1489
9225	1	9224
1507	3	175
1527	0	1511
2210	3	280
5547	4	5523
2266	0	2259
5403	0	5176
3570	0	3559
3828	1	3827
9797	3	2372
5546	1	5547
962	2	1543
8265	0	8242
1334	2	9002
9427	0	9424
10663	0	10614
7215	1	7225
9068	3	2042
742	0	418
7170	3	807
6038	3	2044
5369	0	5176
169	2	3325
917	3	915
5926	3	3404
4320	4	4282
7170	3	2096
7210	3	1553
9739	0	9716
2857	1	3153
10106	4	10102
2196	3	556
9473	0	9458
385	4	301
3302	3	817
6479	1	6720
10574	3	175
4303	4	4282
965	3	1081
8636	1	8634
3858	1	3922
4970	3	2817
10394	0	10367
7172	3	444
5833	1	5860
982	0	965
5713	0	5716
849	0	836
1194	2	1349
626	1	624
9104	3	2035
4914	3	2816
10386	1	10407
3502	2	2824
6152	0	6038
8289	0	8244
4280	3	570
6898	0	6344
167	2	9002
7178	2	1968
5267	0	5173
3899	1	3961
2638	1	2637
1477	0	1470
9075	0	7212
2145	1	2173
6881	0	6344
764	0	705
8895	0	8842
2696	3	93
9362	3	1862
8597	2	8618
1460	1	1459
3180	2	3328
6864	0	6344
8236	3	873
5933	0	5747
4493	3	3547
2198	3	169
1518	0	1509
726	0	703
2355	3	556
5720	3	169
10005	1	10033
1878	3	1556
8360	0	8244
735	0	703
1747	1	1823
1734	1	1811
2739	2	2826
7931	1	8097
7473	1	7670
7189	0	7180
718	0	703
9338	1	9356
7927	0	7322
303	3	140
1671	0	1675
488	0	708
10686	3	10757
710	3	816
8555	1	8561
3229	2	1966
3303	3	3330
10976	1	10975
3310	1	3371
7086	0	7042
4970	3	1341
5333	1	5331
4279	3	582
3331	2	9404
7381	1	7580
420	3	444
2048	3	174
1214	1	1282
3229	2	3255
962	2	2429
1587	0	1575
6353	1	6363
2736	2	2818
9135	1	9173
4008	0	3989
9874	1	9921
7168	3	87
5502	3	5520
8297	0	8242
2740	0	2736
297	2	1480
4736	3	4741
8187	0	8166
9720	2	9847
1904	1	1943
3991	0	3989
4589	1	4678
4585	0	4492
8280	0	8242
10444	0	10438
7179	3	1858
1747	0	1681
2699	3	2698
3234	0	3180
9108	3	277
8285	0	8237
6113	0	6051
7204	2	2353
4568	0	4492
9439	0	9429
2656	1	2655
8722	1	8719
2355	3	2113
6884	0	6855
2211	3	2256
7170	3	3332
3300	3	447
10133	0	10102
7296	0	7176
8268	0	8237
722	1	777
2263	3	1488
10858	4	10761
10777	0	5979
3330	2	3216
6387	1	6628
3507	0	3501
4524	1	4619
9746	0	9726
8972	0	8941
9070	1	9079
10364	3	2296
8251	0	8237
2698	3	1862
9884	0	9850
10685	3	175
5465	2	5488
8955	0	8941
5578	4	5524
9718	2	3257
1862	2	10418
8814	4	8786
642	1	641
5203	1	5205
598	1	597
146	3	141
9876	0	9850
6038	3	1670
8938	0	8941
10629	0	10614
8520	0	8516
10578	3	10575
5561	4	5524
9426	3	582
9633	1	9691
1416	0	1359
9789	2	3281
4332	3	813
103	0	1
9441	0	9425
8921	1	8930
9134	0	9104
9813	0	9714
5544	4	5524
758	0	703
9059	0	9065
9731	0	9716
4495	3	4286
6100	1	6128
9073	0	7212
10020	0	177
4914	3	2092
10710	0	10685
741	0	703
454	0	706
5799	3	274
8480	3	2294
974	0	965
10003	0	177
5531	0	5524
10269	0	10234
2210	3	174
10693	0	10685
6245	0	284
6274	0	6250
1389	4	1359
7302	1	7318
6250	2	2826
10577	3	280
10320	1	10344
10075	0	10061
4147	3	447
10445	0	10437
8620	3	587
6427	1	6668
9462	1	9526
1245	0	1194
2858	1	3099
10686	3	450
2199	0	2197
5938	0	5799
1381	4	1359
2047	3	2103
4855	0	4837
222	0	178
9270	4	9194
7391	0	7322
7045	4	177
8963	0	8939
1359	3	173
713	0	708
4860	0	4832
10196	0	10185
7172	3	1493
9366	2	446
7374	0	7322
7194	0	7232
4843	0	4832
7108	0	7094
1092	2	11151
3861	1	3925
1681	3	1092
1145	1	1144
7732	1	7945
1199	0	1192
7064	1	7063
5199	1	5198
3767	1	3797
4224	0	4147
3593	0	3559
7091	0	7094
10389	1	10410
7462	0	7322
3678	2	9404
1192	3	1336
5004	1	5015
9794	3	2207
9851	1	9898
1595	0	1359
1889	0	1470
2232	0	2209
3902	1	3964
10995	4	10761
8480	3	818
10761	3	572
2148	1	2176
8383	3	1861
2215	0	2209
8909	0	5719
1511	3	1557
7292	1	7309
5090	4	5029
5468	3	2726
1192	3	531
586	2	6268
5605	0	5524
1516	1	1536
9732	1	9761
2101	2	3550
221	0	179
8297	0	8218
7172	2	1351
9194	3	277
8264	1	8319
9108	2	82
8911	3	1557
8263	0	8242
1526	0	1507
4719	3	4720
2678	4	2585
1253	0	1192
8397	0	8381
4294	1	4301
2305	3	141
204	0	179
8280	0	8218
277	2	3216
1507	3	582
4539	0	4332
11066	4	10761
6867	0	6855
10438	3	820
5056	4	5029
8430	3	3676
7476	1	7673
10843	0	10761
3422	0	3394
5571	1	5570
10460	3	441
8380	0	8381
3167	3	1664
6932	0	6853
9480	1	9544
4522	0	4332
9366	2	2353
6850	0	6855
400	1	399
1010	0	966
4184	0	4177
138	2	3390
196	0	179
8558	1	8564
4971	1	4974
4851	0	4830
2012	2	2037
6463	1	6704
9969	0	9947
9822	0	9802
4505	0	4332
441	2	10082
876	3	909
836	3	96
993	0	966
2747	1	2784
4438	1	4457
9138	1	9176
4332	2	2712
4789	0	4755
9805	0	9802
914	0	915
2743	0	2739
1915	0	1879
3474	4	3475
9808	0	9719
753	0	708
7077	0	7040
422	0	303
466	0	711
4722	2	5482
8190	0	8169
5983	0	5979
1907	1	1946
300	0	303
5934	0	5926
4588	0	4495
4772	0	4755
10580	1	10597
8185	0	8153
1898	0	1879
1009	1	1069
9798	2	3278
4493	3	87
6250	2	1968
736	0	708
7060	0	7040
1408	0	1359
10436	3	3090
389	4	301
9297	0	9194
6928	1	7018
837	3	836
8288	0	8240
6869	0	6851
6038	3	141
9896	1	9944
9117	0	9104
8893	0	8842
9806	1	9828
2987	0	2699
7194	0	7179
920	0	917
8168	0	8153
8404	3	531
6024	0	6018
5508	0	5501
388	0	303
1674	3	171
3559	3	3670
5466	3	2097
8911	3	8941
6247	0	6249
8271	0	8240
6852	0	6851
5458	3	2107
725	1	780
2970	0	2699
1740	1	1817
7177	0	7179
294	2	8506
3592	0	3502
7178	3	533
93	2	1480
6390	1	6631
212	0	177
5263	1	5261
7479	1	7676
355	4	301
6850	1	6944
9750	1	9779
8254	0	8240
9603	0	9588
996	0	966
1526	1	1545
2527	1	2566
2380	0	2375
13	1	55
476	0	303
3542	1	3546
4013	0	3988
6940	0	6851
169	2	10416
5130	4	5029
6858	0	6853
3315	0	3300
10761	3	869
342	0	301
11022	0	10761
6923	0	6851
1195	3	1341
4838	0	4837
187	0	177
5237	0	5173
3394	3	3406
1752	0	1680
8946	0	8939
8290	0	8236
5117	0	5029
8242	3	962
1192	2	1357
9706	3	140
9516	1	9580
9816	0	9717
887	0	876
6038	3	6236
9484	0	9460
2266	0	2263
761	0	706
3164	3	563
8273	0	8236
8385	1	8390
3834	0	3504
1698	0	1359
9427	0	9428
3736	4	3504
597	4	303
9467	0	9460
10614	3	3666
4571	0	4332
2272	0	1359
5203	0	5173
10700	1	10733
9389	0	6249
2476	3	871
9231	1	9230
10094	1	10100
5083	0	5029
5600	4	5523
6245	1	6257
8404	2	1863
7914	0	7322
5729	1	5740
2260	3	138
3618	0	3504
10061	3	4751
3719	4	3504
479	0	303
4554	0	4332
2871	1	3015
9372	0	6249
4391	3	167
7801	0	7322
9142	0	9108
5583	4	5523
7243	0	7237
3242	0	3227
7897	0	7322
5253	1	5252
9739	0	9720
3228	2	3257
3601	0	3504
4146	3	280
3702	4	3504
5935	0	5925
7168	3	2372
462	0	303
1529	1	1548
9069	2	4275
7191	0	7233
1025	0	966
8596	1	8606
10367	2	1352
5566	4	5523
4155	0	4146
668	4	303
10961	4	10761
5468	3	2352
3584	0	3504
426	0	420
7208	0	7209
982	0	969
5713	0	5720
7889	0	7322
1194	2	1353
2260	3	272
1008	0	966
1752	0	1359
4863	0	4835
2212	3	280
8965	0	8911
2268	0	2259
303	3	815
8842	2	1349
651	4	303
5103	1	5102
10008	0	9999
2010	2	2037
10944	4	10761
10435	3	1842
3876	0	3502
7872	0	7322
5553	0	5523
5654	4	5523
10440	3	174
4846	0	4835
11000	1	10999
9804	3	3677
3864	1	3928
9798	3	9842
3493	0	3475
3859	0	3502
5767	0	5744
1202	0	1195
638	0	303
1002	1	1063
5311	0	5173
4733	3	174
10392	1	10413
8554	0	8549
8407	0	8404
3476	0	3475
1909	0	1880
9854	1	9901
5750	0	5744
7099	0	7092
726	0	707
4332	3	870
9475	0	9458
10664	3	570
3502	3	531
3908	0	3504
735	0	707
1523	0	1508
3241	0	3228
4305	4	4282
8405	0	8481
1893	0	1884
6038	3	572
5399	0	5173
2855	0	2698
7078	4	7041
1359	3	1840
8404	3	962
8283	0	8245
10780	0	10759
2653	4	2355
4309	0	4282
7293	0	7174
8866	0	8841
10697	0	177
718	0	707
4865	0	4831
10313	1	10338
5382	0	5173
7727	0	7322
451	0	418
4571	0	4495
2063	0	1882
2499	1	2539
8266	0	8245
10763	0	10759
4292	0	4282
10616	0	10614
710	3	820
8849	0	8841
10504	0	10460
4848	0	4831
3303	3	3334
9629	0	9460
1359	3	96
10927	1	10926
5365	0	5173
7285	0	7174
9328	0	177
6038	2	296
10234	3	911
10578	3	2256
4554	0	4495
3434	1	3464
10460	3	1840
4146	3	93
8249	0	8245
6414	0	6344
10487	0	10460
4980	3	1188
4830	3	1843
9996	3	172
4229	0	4146
9612	0	9460
7038	0	177
4342	1	4361
2898	1	3030
417	0	418
10614	3	580
10381	0	9065
4147	2	4251
2064	0	2047
6397	0	6344
7782	1	7982
8214	0	8217
4736	3	4745
7168	3	441
9595	0	9460
10021	1	10049
6466	1	6707
5599	1	5697
2313	0	2305
1895	0	1880
917	3	277
5816	0	5805
6380	0	6344
2750	1	2787
4177	3	4212
10367	3	585
4441	1	4460
8218	3	175
1370	1	1369
4508	0	4493
7048	1	7047
10614	2	3337
1914	0	1359
8597	3	551
7929	0	7322
2112	2	2091
7460	0	7322
2699	2	2827
3674	2	4969
5986	0	5982
1910	1	1949
1127	0	969
4491	0	4493
6468	0	6344
8413	0	8479
1012	1	1072
886	1	902
308	0	301
7172	3	7161
209	0	178
8161	2	8155
5330	4	5173
10988	0	10761
5182	4	5176
4780	0	4753
2476	2	296
8291	0	8243
6872	0	6854
2737	3	909
5714	3	88
8180	1	8196
744	0	706
6019	3	873
3899	0	3502
8471	3	2373
3427	0	3393
9493	0	9457
9751	0	9725
1965	2	5484
5475	0	4733
2209	3	818
10161	1	10160
9890	1	9937
4579	0	4493
4763	0	4753
8274	0	8243
1015	0	965
687	0	303
9734	0	9725
5270	4	5176
2699	3	1092
4562	0	4493
6249	3	817
1502	0	1501
1100	4	969
10434	3	1862
6341	3	2731
363	4	299
8907	3	1091
6943	0	6854
7209	2	3550
2904	0	2698
9748	0	9717
7082	0	7039
5257	0	5176
6456	1	6698
5358	4	5176
9065	3	169
3302	3	447
4106	0	4104
5329	1	5328
346	4	299
9139	0	9103
6038	3	869
6024	1	6032
7274	3	2813
2740	1	2778
2050	1	2069
2887	0	2698
1903	0	1878
3332	2	3216
9793	2	9847
1359	3	2137
3397	3	3409
3301	0	3303
5799	3	278
329	4	299
8293	0	8239
9122	0	9103
4489	1	4490
2992	0	2698
5532	4	5523
6576	0	6344
459	0	705
9460	3	9714
2870	0	2698
1886	0	1878
9519	1	9583
5223	0	5176
1470	3	530
8276	0	8239
4175	3	1489
2975	0	2698
6559	0	6344
175	2	4276
316	0	299
9435	0	9426
5801	3	5802
2958	0	2698
6542	0	6344
2444	0	2438
2047	3	2107
3633	1	3713
5746	2	1863
8758	1	8759
9382	1	9418
3180	3	527
6525	0	6344
4520	1	4616
6245	0	6249
9742	0	9723
851	0	836
4904	3	583
5470	1	5479
9956	0	9947
1359	3	527
10719	0	10614
7908	1	8075
5442	0	5176
10712	0	10685
4511	1	4606
210	0	177
4147	3	585
6249	3	280
4984	0	4904
5799	2	5798
9804	3	1343
4702	3	292
5804	0	5747
1858	2	10415
5346	1	5347
143	3	169
7210	3	3090
5987	1	6003
3592	0	3559
2764	0	2699
1840	2	5487
4432	3	450
7090	0	7037
8177	0	8169
964	1	1027
140	2	3218
2116	1	2127
2869	0	2699
9820	0	9460
5744	3	2090
2721	1	2729
3502	3	3674
9187	1	9190
10816	0	10809
2852	0	2699
9803	0	9460
8481	3	294
5931	1	5954
1709	1	1791
1881	3	274
7119	1	7152
8471	3	576
2957	0	2699
2835	0	2699
7172	2	1355
6208	0	6038
5398	4	5176
6542	1	6783
2940	0	2699
1526	0	1511
9102	2	3218
168	2	9062
8438	3	2731
9185	0	9186
8153	3	1092
6191	0	6038
9999	3	277
6937	0	6344
6246	3	2294
10366	3	3173
9069	3	3669
2923	0	2699
7080	1	7079
3599	1	3745
6931	1	7021
10204	0	10187
2256	2	9064
10587	0	10575
10441	0	10434
10774	1	10798
6920	0	6344
2699	3	584
10440	3	1841
152	0	146
1472	3	175
5576	0	5523
7276	3	169
4851	0	4834
3618	0	3561
9225	0	9194
842	0	834
6414	1	6655
709	0	705
3613	1	3737
4733	3	1841
10623	0	6249
9102	3	3173
4019	0	3986
3601	0	3561
4703	3	2816
4345	1	4364
4542	1	4636
2360	0	2355
535	2	3218
5087	1	5086
9313	0	9194
348	0	299
7785	1	7985
9810	0	9801
3584	0	3561
7179	3	817
42	1	85
8236	3	450
9823	0	9786
10625	1	10649
5747	3	5799
3180	2	3255
8222	0	8215
917	3	171
3848	1	3912
280	2	6266
7083	4	7040
10433	2	10456
2753	1	2790
3501	2	2824
584	2	10417
8288	0	8244
8845	1	8870
6869	0	6855
9117	0	9108
2262	3	1346
6858	1	6948
1476	0	1470
8405	0	8404
3559	3	3674
7242	0	7172
314	0	299
8271	0	8244
6852	0	6855
1672	3	447
2259	3	274
6249	3	577
3185	0	3180
6272	2	6265
212	0	181
457	0	418
5045	0	5029
7182	0	7178
8254	0	8244
5762	1	5785
2853	0	2698
10363	3	6270
3290	0	3180
5932	0	5747
8183	1	8199
3430	0	3396
5998	1	6001
4445	0	4433
1976	0	1970
8633	0	8620
8359	0	8244
6940	0	6855
5028	0	5029
1472	2	1480
1463	4	1358
10364	3	450
4116	1	4136
6373	1	6614
6923	0	6855
5233	1	5232
6052	3	86
10592	1	10608
5007	3	2097
1195	3	1345
9800	2	3278
762	1	808
1692	0	1681
8940	3	873
3332	2	3326
5454	3	5455
9119	0	9104
4513	0	4492
2352	2	5484
2989	0	2699
9822	1	9844
4703	3	4723
303	3	551
3180	3	1092
4852	1	4882
7211	0	7212
7082	0	6344
10005	0	177
5634	4	5524
3268	3	557
9818	0	9799
140	2	10415
8273	0	8240
9622	0	9588
10779	0	10761
1359	3	1092
4496	0	4492
2972	0	2699
9364	3	169
2271	0	2262
10362	2	446
4146	3	1089
9793	3	2207
7068	0	7042
8687	0	8620
10366	2	10415
6877	0	6853
9605	0	9588
570	2	564
5814	0	5805
2955	0	2699
2048	3	585
749	0	705
4950	0	4904
9310	3	276
10761	3	2296
7274	3	963
9374	0	9364
4584	0	4492
37	0	1
2623	4	2355
6860	0	6853
10574	3	4721
732	0	705
10154	4	10102
1550	2	1543
1894	1	1933
3228	2	3261
4832	2	1352
7038	1	7036
3381	0	3180
1021	0	965
5746	3	3672
10474	0	10460
7212	3	2578
10367	2	1356
10761	3	552
4916	0	4904
3438	0	3394
89	2	3218
8948	0	8939
5587	0	5524
1194	2	1357
5747	3	5746
7067	4	7039
9753	0	9716
177	3	3093
3395	0	3397
10367	2	9061
10120	4	10102
712	1	767
10234	3	297
9460	3	3676
7047	4	6344
1013	0	965
8808	4	8620
108	0	1
10759	3	2113
10366	3	1860
155	1	166
2371	2	5025
6929	0	6344
9247	1	9246
9127	0	9102
9018	0	6249
8240	3	2206
464	0	704
9724	0	9714
10107	0	10102
4758	1	4794
1755	1	1831
4834	3	2688
5500	3	280
6249	3	874
1909	0	1884
9110	0	9102
632	1	631
9788	2	3281
6195	1	6220
726	0	711
7361	1	7561
5937	0	5925
10362	2	2353
9858	0	9850
3559	3	2816
7174	3	8369
6490	1	6731
9092	3	4041
9480	0	9457
9477	1	9540
4104	3	4175
418	3	815
7413	0	7322
7122	1	7155
2097	2	10418
9072	0	7212
9423	0	9425
4865	0	4835
10614	3	450
5468	3	2035
9463	0	9457
8828	4	8818
6270	2	9062
9069	3	4718
447	2	3328
4848	0	4835
4332	3	4391
2867	1	3012
4435	0	4432
5979	3	960
3779	0	3504
2223	1	2244
9735	0	9717
7235	3	7167
10933	0	10761
10074	0	10061
10777	1	10801
10381	0	9069
4836	0	4830
2698	3	447
5009	1	5018
4504	1	4600
1911	0	1470
1346	2	8507
4736	3	4749
5679	4	5680
6056	0	6051
10195	0	10185
8219	0	8216
5500	2	3679
6249	2	4273
2857	0	2698
10899	0	10761
8285	0	8245
5627	0	5524
7088	0	7037
473	0	703
1473	0	1471
11004	0	10761
4332	3	1842
2699	2	2831
4573	0	4495
8268	0	8245
760	0	706
7828	1	8020
8491	1	8503
2358	3	2035
3851	1	3915
8299	0	8237
4556	0	4495
2324	0	2306
4402	0	4391
873	2	3216
8251	0	8245
579	2	6266
743	0	706
7392	1	7591
3504	3	3812
744	0	710
3512	0	3504
1376	0	1359
9998	3	172
1965	2	5488
8256	0	8240
9105	3	277
8282	0	8237
10446	0	10433
4282	2	1496
3617	0	3504
10434	3	577
1015	0	969
10363	3	1842
5502	2	2353
10837	1	10836
9799	3	169
746	1	824
1359	3	2007
6249	3	821
714	0	704
3600	0	3504
4254	3	279
8218	3	8368
8186	1	8202
7865	1	8044
4184	0	4104
363	4	303
4337	0	4332
2529	0	2496
6055	0	6052
1754	0	1680
9060	3	1841
3583	0	3504
6249	3	2110
9748	0	9721
1506	3	818
6304	1	6337
346	4	303
2021	0	1359
10334	0	10234
9139	0	9107
10437	3	820
3988	3	1340
834	3	870
1920	0	1879
4703	3	295
6854	3	7034
3421	0	3394
1430	0	1359
7180	3	586
5458	2	5462
4324	1	4323
4338	1	4358
7217	0	7210
9388	0	9365
4782	0	4753
329	4	303
2471	0	2355
8293	0	8243
8823	1	8822
10317	0	10234
9122	0	9107
9429	3	277
5799	3	3665
9460	3	9718
3306	0	3302
2230	0	1507
8183	0	8167
9786	2	3281
10687	3	1842
2699	2	1355
4408	0	4332
3345	0	3303
5979	3	907
5335	1	5334
9821	0	9802
7160	2	10051
8276	0	8243
4499	0	4495
1518	0	1359
3561	3	295
2213	0	1507
11078	0	10761
8281	0	8238
3561	3	3678
316	0	303
7273	3	817
7245	0	7237
4788	0	4755
4564	0	4493
10759	3	584
7081	4	7040
2108	2	2088
4327	3	141
2446	0	2355
11061	0	10761
1	3	95
8264	0	8238
8821	0	8818
1192	3	271
5051	0	5029
4492	3	87
10364	2	9062
1897	1	1936
1650	3	169
1754	0	1359
8247	0	8238
1359	3	531
6039	1	6044
5058	4	5029
999	1	1059
1259	0	1194
2739	3	2096
8439	0	8437
9108	3	582
210	0	181
1697	0	1680
1359	3	1470
10762	0	10759
9284	4	9194
4020	0	4002
5465	3	2097
6038	3	552
5139	0	5029
5500	3	5517
6853	3	7035
3233	0	3229
143	3	173
8381	3	138
5266	4	5173
2043	2	3160
7090	0	7041
4003	0	4002
3286	1	3292
813	2	3160
4189	0	4175
3515	0	177
4002	3	4044
10393	0	10363
3502	3	295
8257	0	8218
450	2	10418
318	0	299
2468	0	2460
7246	0	7172
9740	1	9769
2699	2	1973
9194	2	3282
8515	3	274
3762	0	3504
8362	0	8218
4332	3	4367
6599	1	6840
754	0	704
10376	0	10363
3640	0	3504
10706	0	10686
606	0	303
9127	1	9167
737	0	704
3623	0	3504
7253	0	7235
755	0	711
2840	0	2698
7729	0	7322
9118	1	9157
4914	3	169
1853	3	1842
6493	1	6734
1592	0	1359
10689	0	10686
2166	0	1359
7272	0	7276
7125	1	7158
5592	0	5523
7236	0	7235
1697	0	1359
738	0	711
1170	1	1171
5744	2	4046
2260	3	2293
3346	0	3302
4570	0	4332
2933	1	3124
2621	4	2355
1359	2	1863
10441	0	10438
5575	0	5523
7817	0	7322
10592	0	10574
3577	0	3502
218	0	179
9324	0	9321
8907	3	587
4553	0	4332
10872	4	10761
2503	0	2355
8959	0	8940
2275	1	2289
4856	0	4833
7800	0	7322
5287	1	5289
139	2	9061
5892	1	5891
1224	0	1195
2699	3	2816
2266	1	2279
5468	3	535
10855	4	10761
4536	0	4332
998	0	969
3164	3	169
10780	1	10804
1649	0	1501
3091	2	3548
4024	0	3985
1209	1	1276
4839	0	4833
4507	1	4603
5243	1	5242
7783	0	7322
9428	3	297
6249	3	447
425	0	420
10838	4	10761
981	0	969
5682	4	5683
2211	3	280
4007	0	3985
8430	2	910
2512	0	2496
9091	2	1863
10719	0	177
9715	2	3257
964	0	969
7871	0	7322
7179	3	2110
10439	3	174
594	1	593
5979	3	1338
3990	0	3985
8404	3	539
5387	0	5176
2198	3	450
9824	0	9797
10443	0	10434
3396	3	1494
1516	0	1506
9429	2	82
5315	4	5173
7178	3	541
4903	0	4904
8534	1	8538
419	0	303
2482	1	2490
2662	0	2355
1507	3	1558
9807	0	9797
4321	4	4282
8240	3	169
5298	4	5173
5394	4	5173
8259	0	8243
584	2	3550
4405	1	4424
5446	1	5447
8486	0	8479
8412	0	8471
4304	4	4282
9739	0	9460
7278	0	7172
1860	2	9064
9439	1	9451
4547	0	4493
6529	1	6770
10434	3	821
3195	1	3210
685	1	684
5649	0	5523
3890	0	3504
7233	3	2110
1505	0	1508
2684	4	2633
5386	4	5173
3516	1	3533
976	1	1036
9060	3	7212
6928	0	6854
4530	0	4493
2264	3	1346
2352	2	5488
3777	0	3504
6918	1	7008
5632	0	5523
7874	0	7322
7179	2	1968
303	3	555
3873	0	3504
4847	0	4831
5268	0	5173
141	2	5922
6911	0	6854
9955	0	8382
6344	3	6854
5935	0	5799
837	3	873
2444	1	2454
7857	0	7322
3572	1	3649
5251	0	5173
5996	0	5980
3504	3	2096
4945	1	4959
6894	0	6854
5475	0	5465
3865	0	3504
10366	2	10419
1156	4	969
5934	0	5747
9271	1	9270
7073	0	7041
6396	0	6344
8604	0	8595
5234	0	5173
8361	0	8244
2960	0	2698
8484	1	8497
2361	0	2358
3	1	45
3848	0	3504
10234	3	167
2312	0	2305
4782	1	4818
7476	0	7322
10432	3	3091
5191	0	5176
10011	1	10039
7879	1	8053
1148	4	969
8550	3	8572
625	1	623
612	1	611
9113	0	9105
2943	0	2698
9092	3	1333
7341	1	7541
8532	3	8544
1021	0	969
7928	0	7322
8436	0	8438
6198	1	6223
1877	0	1880
7161	3	1862
6510	0	6344
11076	1	11098
598	0	303
6249	3	7160
9753	0	9720
2094	2	2091
6092	4	6038
5949	1	5971
1842	2	6268
5466	3	174
1013	0	969
1109	0	969
4728	3	4725
10390	0	10364
4116	0	4102
3426	0	3393
169	2	6265
4733	3	1337
9020	0	9014
682	4	303
5474	0	4733
2816	2	9063
445	2	4275
9144	0	9103
4554	1	4645
3307	1	3356
6598	0	6344
3617	0	3561
9741	0	9715
2906	1	3113
9105	2	82
821	2	5488
9721	2	9847
8188	0	8166
1572	2	3551
10703	0	10687
3600	0	3561
669	0	303
9069	2	9089
5443	4	5173
6062	0	6038
4970	3	280
8942	0	8940
8552	3	8568
10375	1	10421
5755	0	5747
1970	2	1352
3303	3	175
9884	0	9460
3583	0	3561
1359	3	909
9822	0	9786
10379	0	10366
5426	4	5173
1675	3	277
8701	0	8678
8269	0	8237
9893	0	9460
4839	1	4869
4380	1	4381
9423	0	9429
1882	2	1863
3442	1	3472
8595	3	563
7113	0	7092
7069	4	7039
7064	0	7039
9805	0	9786
3561	3	2096
9819	0	9802
1359	3	2198
4942	1	4956
2355	3	2207
1359	2	1973
9876	0	9460
5093	1	5092
1524	1	1542
10589	0	10575
5413	0	5173
5948	0	5926
7096	0	7092
6453	0	6344
876	3	88
9334	1	9353
8916	1	8928
8471	3	2113
8242	3	2206
9735	0	9721
5931	0	5926
6436	0	6344
5169	1	5168
4079	1	4092
10630	0	10614
6249	2	9404
7178	3	167
4836	0	4834
5562	4	5524
5353	0	5176
2262	3	171
2060	0	1882
6249	2	3338
10613	0	10614
5722	1	5733
6506	1	6747
6052	3	871
6248	2	4273
4904	3	3677
1673	0	1674
10381	0	10362
4102	3	1343
4834	3	277
7734	1	7947
10707	1	10740
2269	1	2282
10575	3	2256
8481	2	8506
10711	0	10685
9731	0	9460
473	0	707
2897	1	3111
4146	3	585
352	4	301
9200	4	9194
351	1	352
1175	0	969
760	0	710
2377	0	2375
4010	0	3988
10694	0	10685
7172	3	7169
8218	3	8238
743	0	710
8597	3	8614
9288	4	9194
3993	0	3988
2746	0	2699
5716	3	174
4914	3	92
763	0	418
8256	0	8244
6865	0	6344
5541	1	5540
10446	0	10437
1141	0	969
1519	0	1509
1879	3	1556
3640	0	3561
8287	0	8236
6848	0	6344
6477	1	6718
7289	0	7175
3340	1	3373
714	0	708
4861	0	4832
2738	0	2699
755	0	418
10580	0	10573
7057	4	7042
5301	4	5176
3623	0	3561
2761	1	2798
8270	0	8236
2164	0	1359
9460	3	9588
4408	1	4427
5900	0	5747
8845	0	8842
4844	0	4832
3398	0	3396
2721	0	2699
2269	0	1359
8437	3	2731
410	0	301
738	0	418
9748	0	9725
6190	0	6038
702	0	703
6532	1	6773
10704	0	10614
4733	2	1543
2699	3	2739
834	3	874
10816	1	10825
4471	0	4472
2704	0	2699
8834	3	2205
3594	0	3559
377	4	299
9364	3	3666
979	1	1039
6042	1	6047
6140	1	6139
2326	0	2306
10439	3	1841
1202	1	1270
9736	0	9720
1192	3	141
8242	3	275
7070	0	7042
10234	3	2371
6921	1	7011
3577	0	3559
5727	0	5720
10764	1	10788
360	4	299
9804	3	2372
8471	3	8476
2309	0	2306
6038	2	6078
2207	2	9062
1891	0	1881
10234	3	277
8281	0	8242
1359	3	1340
1748	0	1681
3195	0	3178
169	2	11152
8298	0	8218
9817	0	9791
6148	0	6038
10667	1	10676
4569	0	4492
8264	0	8242
5074	4	5029
5651	4	5523
2691	3	2688
3440	0	3394
4785	1	4821
6052	3	818
2475	1	2484
8270	1	8325
7168	3	7162
915	3	140
4552	0	4492
8662	4	8620
10778	0	5979
1486	2	2429
7161	3	817
8247	0	8242
1359	3	535
3766	1	3796
8516	3	175
3753	1	3784
3508	0	3501
740	0	707
6347	0	6340
3423	0	3394
9747	0	9726
9489	0	9458
9364	3	9411
10686	3	2101
9885	0	9850
4535	0	4492
4834	3	4896
3308	0	3302
466	1	546
9730	0	9726
9472	0	9458
5729	0	5716
4743	3	1494
7174	3	3811
6916	0	6853
5351	1	5350
10393	0	10367
4175	3	4209
9713	0	9726
817	2	4273
4433	3	869
9112	0	9102
7322	3	8103
6899	0	6853
3242	1	3249
2900	0	2699
5818	0	5747
4332	3	4371
9744	0	9718
10064	1	10070
10376	0	10367
4733	2	1356
1854	0	1852
9721	3	2207
1359	3	1958
2437	1	2448
4845	0	4831
3300	3	3334
4155	1	4168
1859	2	5482
2883	0	2699
9799	2	3278
7235	3	1670
7061	0	7040
3393	3	3410
7179	3	557
9384	0	9362
5158	0	5029
10395	0	9065
6880	0	6344
3561	3	2206
5223	1	5222
5528	4	5524
742	0	703
9460	3	86
455	0	706
2866	0	2699
7089	4	7042
8179	0	8164
1675	3	171
9367	0	9362
5141	0	5029
4476	1	4481
6863	0	6344
577	2	9064
9812	1	9834
9101	0	9104
2971	0	2699
4842	1	4872
10163	0	10102
5466	3	1841
618	1	617
7069	4	6344
10578	3	280
8171	0	8164
8860	0	8842
8219	0	7041
2475	0	2476
2954	0	2699
10592	0	10578
11122	1	11157
8911	3	175
6941	0	6851
7325	1	7525
36	0	1
2764	0	2736
10236	0	10234
370	1	369
4856	0	4837
8154	0	8164
223	0	178
5979	3	269
9746	0	9714
10018	0	9998
2692	2	2687
3316	0	3300
9897	0	9850
1471	3	277
6934	0	6344
3302	3	3330
3164	3	173
19	0	1
1365	4	1359
4024	0	3989
4839	0	4837
10708	0	10686
206	0	178
7043	4	7037
3299	0	3300
10136	4	10102
6340	3	820
8947	0	8939
3595	1	3714
4016	1	4056
1586	0	1575
4719	3	89
10691	0	10686
4007	0	3989
6509	1	6750
189	0	178
9092	3	9095
2849	1	3004
1564	1	1569
4837	3	280
5719	3	279
3263	3	1965
3990	0	3989
10685	3	297
1696	0	10460
3268	3	297
9795	3	2207
7341	0	7322
9824	0	9801
10812	0	10810
995	0	965
4104	3	4102
2228	0	2211
1195	3	280
3233	0	3180
9107	3	277
10074	1	10079
4970	3	1492
5250	4	5176
10874	4	10761
3989	3	2290
7324	0	7322
9807	0	9801
2264	3	277
2210	3	2256
4833	3	2688
8244	3	568
3397	3	3393
6381	1	6622
5720	3	5715
4518	1	4613
10979	4	10761
6056	1	6069
7083	4	177
5936	0	5925
10776	0	5979
8438	3	1963
2531	0	2496
930	1	952
4281	1	4285
6436	1	6677
8393	0	8383
11067	4	10761
821	2	9062
3628	1	3702
1359	3	2255
8430	3	818
10436	3	1842
7219	0	7210
4847	0	4835
8736	1	8737
5153	1	5152
8404	2	8507
11050	4	10761
478	0	706
870	2	8505
1716	1	1798
2355	3	170
2372	2	5021
10364	3	2097
10928	4	10761
2119	1	2130
4149	0	4147
5555	0	5524
4970	3	821
11033	4	10761
4495	3	570
818	2	3216
1520	0	1359
9362	2	446
10246	1	10279
8242	3	169
7893	1	8140
9953	0	9947
9236	1	9237
5653	1	5652
9806	0	9802
10915	0	10761
5648	4	5524
6540	1	6780
6249	3	1553
1405	4	1359
4589	0	4495
4773	0	4755
3502	3	275
8284	0	8245
1877	0	1884
2294	2	6266
8913	0	5719
4572	0	4495
4756	0	4755
8267	0	8245
10440	3	1341
4831	3	4897
2327	1	2351
4788	1	4824
739	1	822
6060	0	6052
2205	2	5026
4555	0	4495
8152	0	8153
7210	3	175
2849	0	2699
5989	1	6007
5299	1	5298
3511	0	3504
6051	3	277
372	0	303
3426	0	3397
3583	1	3656
3624	1	3719
834	3	447
9144	0	9107
4538	0	4495
7916	1	8081
217	0	179
4834	3	818
9741	0	9719
7495	0	7322
3230	2	3256
11117	0	10761
1882	3	1958
1459	4	1359
5830	1	5857
4495	3	1188
10477	1	10532
8843	0	8842
10636	1	10658
7478	0	7322
338	0	303
9103	3	4726
2472	4	2462
8552	3	8572
5114	4	5029
3178	3	821
9115	0	9105
8857	1	8883
935	0	915
179	3	280
1970	2	1356
1753	0	1680
9239	0	9194
7174	3	8377
1446	0	1359
7366	1	7564
7461	0	7322
9822	0	9790
9362	2	2353
4180	0	4177
9814	0	9800
3303	2	3337
2142	1	2170
5656	4	5522
918	0	915
2267	0	2263
1882	3	2092
4158	1	4171
1736	0	1680
9222	0	9194
9802	2	3281
5013	0	5005
7444	0	7322
9805	0	9790
9387	0	9365
10362	2	10416
1672	3	297
10316	0	10234
4282	3	1862
9428	3	277
1204	0	1194
745	0	706
4118	0	4102
1719	0	1680
9494	0	9457
8842	3	1642
6585	1	6826
1241	1	1309
8381	3	870
2357	0	2355
10972	0	10761
9370	0	9365
9815	1	9837
8296	0	8218
728	0	706
9735	0	9725
9373	0	6249
9477	0	9457
8595	3	2206
3425	1	3455
10614	3	2097
5067	0	5029
279	2	3550
1525	0	1507
1894	0	1879
3243	0	3227
1665	0	1359
1252	0	1192
1017	0	966
203	0	179
3703	4	3504
6064	0	6038
8944	0	8940
2262	3	175
1346	2	5482
3226	0	3227
2767	0	2739
8291	1	8346
1852	3	871
4189	0	4102
7063	4	7040
3686	4	3504
4521	0	4332
4107	0	4104
2222	0	1359
8533	3	818
347	4	299
1009	0	966
7768	0	7322
8966	0	8911
5550	4	5523
4850	0	4830
4332	3	911
2750	0	2739
1258	0	1194
1970	2	1974
9522	0	9460
3568	0	3504
473	0	711
4504	0	4332
4904	3	4970
9599	0	9588
7053	1	7054
4550	1	4642
2411	0	2355
992	0	966
8949	0	8911
3633	0	3502
9505	0	9460
1359	3	1881
9799	3	9842
6135	0	6038
6512	1	6753
2696	3	272
8218	3	8242
2742	0	2739
5638	4	5523
2463	4	2460
975	0	966
5710	4	5629
8675	4	8638
9460	3	9458
10392	0	10363
10513	1	10568
9488	0	9460
5933	0	5926
5229	1	5228
1470	3	274
4914	3	96
303	3	535
3164	2	3174
4970	3	447
7839	0	7322
1897	0	1879
1509	3	1555
3543	0	3504
4331	1	4351
10375	0	10363
3639	0	3504
2445	0	2438
8287	0	8240
4575	0	4332
8632	4	8620
2207	2	10087
9997	1	10027
7168	2	1974
705	3	815
10580	0	10577
3339	0	3300
8270	0	8240
10327	1	10350
5502	3	88
211	0	177
2637	4	2355
8294	1	8349
376	1	375
702	0	707
4849	0	4831
3561	3	3552
475	0	303
10685	3	86
194	0	177
6939	0	6851
2519	0	2355
4075	1	4089
2699	3	3093
3597	0	3504
9823	0	9717
4181	0	4104
10382	0	9065
2603	4	2355
9460	3	277
2683	4	2625
10471	0	10460
4002	3	1340
2060	0	2049
4104	3	292
3986	3	4040
5926	3	5974
9596	0	9460
5375	1	5374
8482	3	294
486	0	704
11053	1	11052
4104	3	3675
10365	0	9065
140	2	4251
5454	3	580
1346	2	3551
6381	0	6344
284	2	4273
886	0	876
3392	0	3397
10369	1	10399
4733	3	2256
1469	0	1472
9817	0	9795
10694	1	10727
6209	0	6038
2590	0	2355
4015	1	4052
756	0	707
9426	3	277
89	2	4275
9800	3	3677
2230	1	2251
412	0	301
5226	4	5173
7168	3	7166
2227	0	1507
6192	0	6038
8295	0	8238
3394	3	174
3887	1	3948
2259	3	1494
9639	0	9588
7913	0	7322
5307	0	5173
740	0	711
6347	0	6344
6344	3	820
1111	0	969
8278	0	8238
8911	3	9010
7242	0	7237
3823	4	3504
6452	0	6344
9475	0	9796
9428	2	82
7161	3	2110
8244	3	275
9060	3	2817
7427	0	7322
7081	4	177
923	1	946
5192	4	5173
8787	0	8620
7189	0	7172
9365	3	2097
10366	2	1352
3883	0	3502
10460	3	539
6435	0	6344
4154	0	4146
8382	3	174
5560	0	5523
5297	4	5173
5175	4	5173
4904	3	140
447	2	868
1750	0	1681
4840	0	4829
4837	3	821
4332	3	4375
2736	3	2096
5254	4	5176
9744	0	9722
5747	3	871
8471	3	8509
9105	3	582
5280	4	5173
9714	3	1343
4999	2	5001
4395	1	4414
2696	3	1858
3875	0	3502
4332	3	1342
654	0	303
4845	0	4835
8	1	48
1916	0	1880
10812	1	10822
9590	1	9648
1733	0	1681
1700	1	1782
9364	3	450
8641	1	8640
10614	3	568
10434	2	10456
9384	0	9366
10395	0	9069
3858	0	3502
675	1	674
2263	3	1346
8833	1	8839
3776	0	3504
6051	2	3278
742	0	707
4736	3	4733
7066	0	7039
455	0	710
8404	3	2373
7085	4	7041
10760	1	10785
5220	4	5176
8406	0	8404
4177	3	817
7243	0	7172
1908	0	1880
9367	0	9366
6908	1	6998
2871	0	2698
9101	0	9108
10704	0	177
8404	3	279
620	0	303
7161	2	1968
2919	1	3116
458	0	418
5474	0	5465
1359	3	1507
725	0	303
2854	0	2698
4102	3	168
603	0	303
10367	3	1862
10704	1	10736
3217	2	3218
7172	2	912
8260	0	8239
8865	0	8841
6941	0	6855
2959	0	2698
9429	3	582
2372	2	4273
9261	1	9260
8941	3	3173
3504	2	3975
5381	0	5173
2837	0	2698
1527	1	1546
8483	0	8481
9746	0	9718
8598	0	8552
8266	1	8322
3428	1	3458
8848	0	8841
4772	1	4808
2942	0	2698
6384	1	6625
3246	0	3230
6526	0	6344
1255	0	1195
5364	0	5173
7043	4	7041
8581	0	8552
5747	3	1489
1359	3	1641
4399	0	4391
4692	1	4696
2699	3	141
2925	0	2698
6509	0	6344
6460	1	6701
10703	0	10614
7172	3	7283
4185	0	4176
5465	3	174
8169	2	3335
2272	0	2262
5452	0	5173
10165	0	10102
10389	0	10364
6492	0	6344
141	2	3218
4435	1	4454
10461	1	10516
1507	3	277
7737	1	7951
5466	3	585
444	2	4275
10367	2	10415
995	0	969
6597	0	6344
571	2	564
2049	3	585
10060	1	10067
5435	0	5173
10372	0	10364
4951	0	4904
87	2	3325
38	0	1
6580	0	6344
10702	0	10687
8939	3	5972
5720	3	5719
9812	0	9800
2018	0	1359
10249	1	10282
8245	3	172
2836	0	2699
451	0	703
5027	2	5026
2123	0	1359
4779	0	4753
10155	1	10154
9103	2	3218
3993	1	4057
7172	2	2819
1737	1	1814
4070	3	86
3342	0	3303
4578	0	4493
1359	3	2259
8683	0	8678
7212	3	9088
1510	0	1511
10588	0	10575
4146	3	2256
419	1	431
9753	0	9460
2470	1	2469
5269	4	5176
8603	1	8612
10614	3	10664
4561	0	4493
10364	3	2101
8297	1	8352
9858	0	9460
4852	0	4834
3517	0	3502
5374	4	5176
6340	3	2731
10188	0	10187
2529	1	2569
378	0	301
6297	0	6250
1650	3	1092
9324	1	9343
6942	0	6854
1474	1	1479
4041	2	5922
9103	3	3173
6038	2	4098
4020	0	3986
8153	3	8167
8595	3	169
6925	0	6854
9969	0	8382
2737	2	2713
4003	0	3986
5340	4	5176
4833	3	277
9800	3	1343
4837	3	447
6908	0	6854
4327	2	4329
3502	3	3662
1181	1	1180
9069	3	3173
585	2	10417
10372	1	10402
5766	1	5790
7724	1	7937
3568	0	3561
6907	1	6997
9820	0	9798
10697	1	10730
2698	3	3090
1512	0	1507
1648	3	909
5726	1	5737
3633	0	3559
8272	0	8244
9460	2	3278
9803	0	9798
3180	3	3227
4972	2	4909
2616	1	2615
3186	0	3180
9861	0	9460
8450	0	8438
8678	2	281
8255	0	8244
8218	2	8232
1912	0	1470
403	0	299
9741	0	9723
3230	2	3260
960	2	8505
2736	3	2206
1882	3	1962
8286	0	8236
5645	0	5524
2065	0	2048
3414	0	3396
5995	1	6013
386	0	299
560	3	583
6924	0	6855
5589	0	5523
9729	0	9718
4222	0	4147
5296	1	5294
181	3	140
3394	3	552
4108	0	4254
8550	3	1843
9822	0	9794
9793	3	1093
5468	3	169
6907	0	6855
2699	3	1861
4020	1	4051
9814	0	9804
1882	3	2096
9060	3	2256
10717	0	10687
5431	4	5176
1703	1	1785
836	3	438
5490	3	3173
2480	1	2487
9460	3	1489
9805	0	9794
6890	0	6855
5471	0	5466
3164	3	1092
10363	2	446
2851	0	2699
1582	1	1610
1881	2	1968
9511	0	9458
745	0	710
9810	0	9789
9796	2	2828
3597	0	3561
10700	0	10687
5414	4	5176
8688	0	8620
1426	1	1425
5671	4	5568
2956	0	2699
6536	1	6777
5874	0	5747
2682	4	2621
181	3	274
2308	0	2306
3559	3	2373
9065	3	2816
728	0	710
7052	0	7042
9375	0	9364
10614	3	2101
2939	0	2699
733	0	705
3194	0	3178
5401	0	5176
8471	3	3410
1841	2	9061
6135	1	6133
21	0	1
4952	0	4941
8909	0	8907
2922	0	2699
716	0	705
3519	1	3536
4979	1	4988
4147	3	4253
3177	0	3178
8382	3	97
10431	0	10440
4551	0	4492
4	0	1
5896	3	138
9426	2	82
708	3	818
9754	0	9716
4775	1	4811
8406	1	8418
8620	3	8715
5367	0	5176
4493	3	563
9065	2	446
9140	0	9104
4953	1	4967
4695	1	4699
10577	2	8506
9737	0	9716
4833	3	4896
8438	3	438
3307	0	3302
10104	4	10102
8184	0	8167
5728	0	5716
3300	3	817
2737	3	2430
821	2	3215
10632	1	10655
10619	1	10643
9643	0	9588
6915	0	6853
4838	0	4829
9312	0	9194
10392	0	10367
10464	1	10519
1336	2	10066
4492	3	3669
10019	1	10047
980	0	965
1192	2	1349
303	3	539
5069	0	5029
4280	3	3331
5170	4	5029
9102	3	2035
7246	0	7237
9626	0	9588
3999	1	4068
7170	2	1356
7767	1	7974
1359	3	141
4332	3	4432
9818	0	9787
10363	2	2353
10375	0	10367
909	2	3215
6896	0	6344
8265	0	8238
9588	2	3257
3384	0	3379
2769	0	2739
7065	4	7040
8488	0	8480
9302	4	9194
9618	0	9588
9383	0	9362
6879	0	6344
3504	2	3548
5948	0	5747
1387	4	1359
1331	2	8835
8440	0	8437
5500	3	3972
10367	3	280
8969	0	8939
9362	3	8356
1670	2	2429
9601	0	9588
1359	3	275
6862	0	6344
10362	3	6270
3289	0	3180
702	0	711
4849	0	4835
5931	0	5747
2048	3	1862
3234	0	3229
8174	1	8209
5718	3	169
5465	3	1841
4146	3	10071
8358	0	8244
10364	2	3679
3502	2	3975
1721	0	1359
3516	0	177
10433	3	10458
10394	0	10363
7172	3	440
608	1	607
10382	0	9069
9065	2	2353
2737	2	2823
8939	3	873
2532	1	2572
486	0	708
2691	2	2687
4708	0	4703
4432	3	1487
10365	0	9069
3163	3	173
3393	3	1861
9034	0	9014
447	2	1543
7170	2	1974
6444	1	6685
4023	0	3989
10707	0	10686
9817	0	9799
4546	1	4639
3485	0	3477
1505	1	1530
2221	0	2209
756	0	711
5759	0	5746
9017	0	9014
8915	0	5719
3173	2	9064
7179	3	297
4006	0	3989
10883	0	10761
909	2	8155
2738	0	2736
8665	1	8664
8236	3	869
9333	0	9321
1888	1	1927
2292	2	10415
8252	0	8245
7071	4	6344
990	1	1050
4433	3	1093
9706	3	295
4279	3	444
9475	0	9800
7055	0	7037
10593	0	10574
3192	0	3178
4831	2	1352
6249	3	3090
8834	2	8837
8283	0	8237
9961	1	9982
9319	3	87
2355	3	1841
6888	1	6978
4540	0	4495
6111	0	6051
8235	0	8245
3300	3	175
1461	4	1359
8386	0	8381
2062	0	2049
7168	3	3332
10139	1	10138
488	0	704
10576	0	10574
8266	0	8237
4290	3	872
4523	0	4495
488	1	525
10775	0	5979
1359	3	88
4840	0	4833
4332	3	4379
3505	0	3501
10366	2	9061
1346	2	6267
2530	0	2496
9744	0	9726
8471	3	2097
8249	0	8237
7439	1	7636
1917	0	1359
1520	1	1538
10314	1	10337
9882	0	9850
9034	0	6249
9749	0	9721
1507	3	818
1916	0	1884
4008	0	3985
2513	0	2496
1900	0	1359
9017	0	6249
10720	0	177
9716	2	3257
1860	2	10418
1359	2	2091
9732	0	9721
5989	0	5979
8153	3	169
7218	0	7210
3991	0	3985
10318	0	10234
3180	3	572
1908	0	1884
1374	1	1373
6022	3	873
4332	3	541
5559	4	5524
2376	1	2398
10395	0	10362
4914	3	531
10367	3	577
1414	0	1359
2305	2	2353
7429	0	7322
9706	3	563
7301	0	6249
313	4	303
7116	1	7149
6249	3	5802
9424	3	2096
9804	2	3257
1359	3	1511
2261	0	2260
2699	2	2819
1585	1	1613
9813	0	9792
4392	0	4332
4565	0	4493
7061	0	177
4735	3	3090
8260	0	8243
4442	0	4432
7183	0	7179
9787	2	3257
6344	3	2731
7517	0	7322
9426	3	444
4927	1	4936
4451	0	4432
1380	0	1359
4548	0	4493
3883	1	3945
10267	0	10234
9751	0	9717
551	2	1480
5417	1	5416
4109	0	4104
4180	1	4195
752	0	303
7053	0	177
8395	0	8383
11045	0	10761
9366	3	450
4434	0	4432
9137	0	9105
4531	0	4493
1260	0	1194
8166	2	1352
4498	1	4594
10439	3	1341
8814	4	8782
9734	0	9717
1195	3	1093
3560	1	3685
5213	1	5212
2413	0	2355
11028	0	10761
10442	0	10433
9060	3	540
6912	0	6854
4341	0	4332
8493	1	8511
9956	0	8382
8218	3	8356
2737	3	96
1243	0	1194
5936	0	5799
711	3	821
2854	1	3007
10061	3	1336
4853	1	4883
8471	2	8505
9268	4	9194
10385	1	10420
4858	0	4832
9822	0	9717
1226	0	1194
11020	0	10761
4180	0	4104
9364	2	446
7457	1	7654
9516	0	9457
9740	0	9719
11116	0	10761
3987	0	4002
7372	0	7322
7822	1	8014
9433	0	9428
7192	0	7232
7906	1	8071
4841	0	4832
10377	0	10363
3641	0	3504
10808	1	10819
9805	0	9717
6018	3	2257
1696	1	1779
3845	1	3909
9327	1	9346
2736	3	169
2047	3	1965
9234	4	9194
9812	0	9804
10960	1	10959
10467	1	10522
321	4	301
7355	0	7322
7178	3	4286
1195	2	1352
9460	3	9706
1197	0	1192
3624	0	3504
451	0	707
8224	0	8218
7770	1	7977
8175	0	8165
9821	0	9790
4401	0	4391
1693	0	10460
4104	3	272
6052	2	6078
5028	1	5031
721	0	704
11036	1	11035
7356	1	7554
1735	0	1680
6093	4	6038
9091	3	86
8620	3	583
2474	4	2355
1576	0	1359
2047	3	2099
4117	0	4102
4449	0	4332
9425	3	579
7212	3	582
8514	0	8515
2760	0	2737
5760	1	5783
8295	0	8218
219	0	179
9742	0	9715
1095	2	3551
10014	0	9999
6575	1	6816
8261	0	8242
10959	4	10761
3988	3	4040
1251	0	1192
759	1	805
8278	0	8218
2142	0	1359
202	0	179
1092	2	11147
3415	1	3445
9997	0	9999
3313	0	3302
4537	0	4332
4549	0	4492
4318	1	4317
6371	1	6612
5054	4	5029
1692	1	1844
8831	1	8832
7784	0	7322
2042	2	4251
4750	2	8160
5457	2	5462
185	0	179
4520	0	4332
9364	2	2353
2735	0	2737
2388	1	2403
7767	0	7322
5799	2	4046
3502	3	3666
9091	3	1859
6913	0	6853
4503	0	4332
9820	0	9802
5801	3	2090
7750	0	7322
2224	0	2212
3632	0	3502
1470	3	1490
1511	3	1553
4787	0	4755
9803	0	9802
2987	1	3083
10991	1	10989
7733	0	7322
8446	0	8437
4220	0	4104
8263	0	8238
40	1	81
5664	4	5554
5932	0	5926
4770	0	4755
8471	3	1857
993	1	1053
10434	3	3090
403	0	303
9381	0	9362
86	2	3215
8286	0	8240
6867	0	6851
4736	3	175
2524	0	2355
2263	3	171
2005	2	10456
1359	2	912
3607	0	3502
9107	3	582
4191	0	4102
1672	3	171
386	0	303
560	3	587
6850	0	6851
2217	1	2238
9424	3	567
10432	3	1843
8244	3	873
2702	0	2696
8482	2	8506
3590	0	3502
9729	0	9722
5799	3	567
4218	0	4146
962	2	6268
8153	3	279
4174	0	4102
3321	0	3300
7749	1	7960
297	2	4969
3514	0	177
7212	2	1863
2053	0	2047
5370	4	5173
10072	1	10076
2378	0	2375
2296	2	9064
10713	0	10686
5248	4	5173
7245	0	7172
4011	0	3988
2307	1	2330
9320	1	9340
6938	0	6851
3304	0	3300
8404	3	1332
138	2	5025
5616	0	5523
762	0	711
3384	1	3391
6402	1	6642
9810	0	9793
8190	0	8165
5992	0	5982
177	3	8615
6921	0	6851
9112	1	9151
10705	0	10686
7841	0	7322
5336	4	5173
2739	3	1092
7161	3	7164
5975	2	9061
8288	0	8236
8240	3	962
2977	1	3074
3849	0	3504
9188	1	9191
7252	0	7235
5757	0	5746
10367	3	821
4904	3	872
6457	1	6697
8383	3	1670
1359	3	816
1588	1	1616
3559	3	3666
8271	0	8236
4104	3	1642
1899	0	1882
306	0	301
9331	0	9321
3832	0	3504
450	2	9064
1022	0	969
693	0	303
4147	3	874
4904	2	4969
8471	2	910
595	4	303
9465	0	9460
6894	1	6984
2270	0	1359
5201	0	5173
7299	0	7172
7338	0	7322
5747	3	5925
4070	2	3679
735	1	823
8254	0	8236
3393	3	174
7912	0	7322
9754	0	9720
6346	0	6344
477	0	303
6052	2	3260
2917	1	3037
2910	0	2698
9140	0	9108
3988	3	1088
4501	1	4597
7895	0	7322
547	1	548
9737	0	9720
9069	2	10419
3783	1	3810
8690	0	8620
1470	2	1966
5728	0	5720
1098	4	969
206	1	251
1195	3	1337
4838	0	4833
6298	1	6331
8189	0	8166
4113	1	4133
666	4	303
2010	3	297
4856	1	4886
424	0	420
980	0	969
4703	3	4715
1192	2	1353
6582	0	6344
303	3	543
8429	2	910
1749	0	1681
8963	0	8911
8172	0	8166
649	4	303
9519	0	9460
10234	3	960
9818	0	9791
10942	4	10761
10335	1	10358
2382	0	2358
7870	0	7322
6565	0	6344
10438	3	174
10380	0	10366
3379	3	447
5427	4	5173
1732	0	1681
384	1	383
3227	2	3216
9802	3	3677
444	2	2429
9383	0	9366
8549	2	1356
2113	2	3551
7853	0	7322
5765	0	5744
6548	0	6344
8493	0	8479
8965	1	8998
636	0	303
5410	4	5173
2699	3	873
4902	0	4904
3986	3	531
1715	0	1681
9090	0	9091
665	1	664
9142	0	9104
9339	0	9319
1359	3	279
4147	3	1842
5748	0	5744
7097	0	7092
4835	3	4896
5292	0	5173
4735	3	1858
6523	1	6764
750	0	704
284	3	585
3906	0	3504
1521	0	1508
8243	3	2206
9322	0	9319
1891	1	1930
8917	0	8906
7036	4	7039
840	0	836
7862	1	8041
577	2	10418
5275	0	5173
4307	0	4282
8864	0	8841
3889	0	3504
9428	3	582
4863	0	4831
2737	2	2827
7172	3	7210
5454	2	5463
4973	0	4904
7059	4	7041
8557	0	8550
147	0	143
8847	0	8841
3872	0	3504
10382	0	10362
4846	0	4831
6403	0	6344
9326	0	177
3418	1	3448
6374	1	6615
836	3	873
6412	0	6344
6110	1	6115
10365	0	10362
7419	1	7616
1843	2	5482
9610	0	9460
4339	1	4357
5346	0	5173
7087	4	6344
2328	0	2305
10379	0	9065
3998	1	4060
10695	0	10685
6395	0	6344
5047	1	5046
457	0	707
3590	1	3703
9186	2	3174
2311	0	2305
1893	0	1880
7078	4	7037
9475	0	9804
6378	0	6344
7055	0	7041
10593	0	10578
10147	0	10102
424	1	434
8840	1	8867
727	0	710
2765	0	2736
5295	0	5176
3641	0	3561
9819	0	9790
10576	0	10578
5943	1	5965
10060	0	10061
9500	1	9564
10664	3	2205
1472	3	277
1125	0	969
10581	0	10573
996	1	1056
2260	3	297
10238	1	10244
3624	0	3561
4840	0	4837
207	0	178
171	2	3216
848	0	834
10002	0	9998
5180	4	5176
8801	0	8620
2722	0	2699
3897	0	3502
739	0	418
3164	2	446
9749	0	9725
5285	4	5176
5473	0	4733
190	0	178
9238	4	9194
10145	1	10144
284	3	1337
4433	2	1356
2220	1	2241
8445	0	8404
4828	0	4832
10761	3	11095
722	0	418
10761	3	4679
9732	0	9725
8238	3	280
169	2	8160
1	3	140
7212	3	3672
9221	4	9194
8242	3	450
3288	1	3295
1500	0	1501
821	2	10416
8834	3	3669
5747	3	5901
10395	0	10366
2229	0	2211
8404	3	2731
361	4	299
1359	3	576
2355	3	585
9793	3	4724
3302	3	175
2931	1	3048
2261	0	2264
7080	0	7039
5356	4	5176
2699	2	2823
2219	0	1359
1674	3	277
9813	0	9796
344	4	299
10687	3	277
9788	3	2372
2578	2	9064
2736	2	2713
9791	2	9847
5238	0	5176
5339	4	5176
4146	3	1862
327	4	299
8291	0	8239
93	2	4969
2980	1	3077
4901	3	95
5530	4	5523
3630	0	3502
9751	0	9721
3436	0	3396
6495	1	6737
6132	0	6038
9601	1	9659
33	1	75
6272	2	4273
7046	0	7039
5221	0	5176
8248	0	8242
4755	3	540
8274	0	8239
4837	3	4830
9734	0	9721
8265	0	8218
3632	0	3559
415	4	299
6897	1	6987
7302	0	7175
10442	0	10437
1390	1	1389
8862	1	8887
6094	1	6093
8404	3	8476
2058	0	2046
4150	0	4147
10447	0	10432
2023	0	2009
8742	1	8743
10718	0	10685
5744	2	1863
6098	0	6038
4980	3	3091
9125	0	9104
4519	0	4492
4832	3	441
9721	3	1093
9311	3	4041
9822	0	9721
9456	0	9458
9740	0	9723
1881	3	1962
10717	0	10614
4502	0	4492
2496	3	541
5440	0	5176
10377	0	10367
3607	0	3559
1912	0	1881
6301	1	6334
9805	0	9721
9802	3	1343
10700	0	10614
1195	2	1356
5423	0	5176
3590	0	3559
2762	0	2699
451	0	711
10061	2	10082
8175	0	8169
9821	0	9794
9792	3	1093
10902	1	10900
1904	0	1881
6866	0	6853
297	2	5026
4757	0	4755
2867	0	2699
4332	3	4680
1556	2	1543
721	0	708
9362	3	9409
2745	0	2699
5715	3	174
762	0	418
9800	3	2372
10814	0	10809
1887	0	1881
5470	0	5466
280	2	5026
3163	3	1092
10234	3	1554
2850	0	2699
8479	3	294
5768	0	5747
8968	1	9001
8411	1	8421
1693	1	1775
9795	2	2828
7103	1	7136
1	3	87
2816	2	3550
4448	0	4332
10435	3	10458
4402	1	4421
7288	0	7175
8861	0	8842
7212	3	586
4835	3	818
2833	0	2699
7056	4	7042
9742	0	9719
5123	1	5122
4736	3	2005
8844	0	8842
9747	0	9714
2048	3	2110
3988	3	4044
2938	0	2699
10440	3	280
8911	3	1639
9257	0	9194
141	2	10610
1862	2	6259
6935	0	6344
3870	1	3932
7036	4	6344
9133	0	9102
1920	1	1960
7161	3	2094
4494	1	4591
10577	3	175
4951	0	4941
9730	0	9714
5684	4	5590
2921	0	2699
8177	0	8165
9033	0	6249
5721	0	5714
9881	0	9850
6918	0	6344
10438	3	1841
9795	3	1093
9116	0	9102
5098	4	5029
969	3	1091
9713	0	9714
8430	3	1664
1737	0	1680
9223	0	9194
5720	3	279
9016	0	6249
6901	0	6344
4854	0	4829
10621	0	6249
1470	3	1494
4943	1	4957
6248	3	3173
2459	4	2355
4580	1	4668
1359	3	2296
9808	0	9801
4332	3	171
10622	1	10645
755	0	703
280	2	3550
4391	3	86
151	1	162
8220	0	8215
8553	1	8579
4104	3	89
10947	1	10946
4332	3	4493
427	1	437
9381	0	9366
8286	0	8244
9115	1	9154
738	0	703
2263	3	175
3985	3	1490
1649	0	1359
8403	0	8404
4177	3	2090
5946	1	5968
10841	4	10761
1359	3	1491
9503	1	9567
10760	0	5979
6854	3	907
9729	0	9726
3183	0	3180
4102	3	1091
5506	0	5502
10946	4	10761
5826	1	5854
6270	2	6265
1603	1	1630
2207	2	5025
1194	3	1093
7251	1	7269
1737	0	1359
6874	1	6964
284	3	292
6040	1	6045
2226	0	2212
10010	0	9996
6571	1	6813
8257	0	8239
6938	0	6855
2292	2	11147
3271	0	3180
9720	3	2207
9810	0	9797
10811	0	10761
10912	4	10761
6921	0	6855
169	2	5021
8243	3	169
4190	0	4176
5747	3	5795
5005	3	2097
3330	2	3326
1232	1	1300
2648	0	2355
9789	2	3257
585	2	6266
8783	1	8782
7403	1	7600
8178	0	8164
3164	3	295
5667	4	5561
9824	0	9789
101	1	121
1359	3	820
3340	0	3300
7080	0	6344
2631	0	2355
9816	0	9799
10777	0	10761
10440	3	577
2269	0	2262
8494	0	8471
6249	2	5798
9791	3	2207
9807	0	9789
7299	0	7176
3323	0	3300
9389	0	9364
2614	0	2355
1359	3	2109
7218	1	7228
2055	0	2047
2020	0	2010
6249	3	1862
4733	3	577
4343	0	4332
577	2	5482
3395	1	3401
36	1	78
8383	3	869
8486	0	8471
10865	0	10761
9372	0	9364
7046	0	6344
35	0	1
8655	1	8654
4582	0	4492
2046	3	2099
10489	0	10460
2739	2	1355
2355	3	963
4830	2	1352
3986	3	1556
2358	3	527
9145	0	9107
4539	0	4495
980	1	1040
10761	3	280
3343	1	3364
18	0	1
5744	3	3672
10472	0	10460
2061	0	2049
9128	0	9107
5801	3	297
4522	0	4495
4703	3	4719
1443	4	1359
7357	0	7322
470	0	704
3180	2	3280
9818	0	9795
106	0	1
6344	3	6846
9111	0	9107
4505	0	4495
6602	1	6843
5325	0	5173
9748	1	9778
7340	0	7322
304	1	302
6052	2	4098
5551	0	5524
2097	2	8507
2097	2	2091
7445	0	7322
9806	0	9790
8519	1	8526
7323	0	7322
10363	2	10416
4079	0	4070
303	3	92
1720	0	1680
8510	2	8505
4786	0	4755
1472	3	818
7428	0	7322
9365	3	9412
9371	0	9365
8552	3	2815
750	0	708
3905	0	3504
86	2	10066
1703	0	1680
3559	3	450
2739	2	1973
1562	3	169
8414	1	8424
7411	0	7322
7065	4	177
7179	3	171
2737	2	2831
7516	0	7322
551	2	10051
7520	1	7717
7853	1	8035
9461	0	9457
3395	0	3393
1686	0	1680
10025	0	9996
2046	2	2091
8429	3	818
7329	1	7528
1236	0	1192
704	3	819
8263	0	8218
9750	0	9717
3630	0	3559
8480	2	3551
10382	0	10366
4108	0	4104
7499	0	7322
3873	1	3935
9136	0	9105
1219	0	1192
10685	3	582
9733	0	9717
7212	2	9064
10365	0	10366
9186	3	1552
9014	3	2206
3779	1	3807
5474	1	5485
10931	0	10761
1025	1	1086
2698	3	175
817	2	3216
2883	1	3022
10379	0	9069
1242	0	1194
193	0	181
4227	0	4147
9877	1	9924
457	0	711
11015	4	10761
2260	3	167
976	0	966
6285	1	6318
7233	3	171
303	3	710
2012	3	171
1225	0	1194
8919	0	8906
2042	2	5788
10688	0	177
7274	3	4371
9814	0	9788
3303	2	3325
10897	0	10761
1488	2	9064
2113	2	2429
7447	1	7644
2739	3	2816
4583	1	4671
11002	0	10761
9819	0	9794
8599	0	8552
9811	0	9804
292	2	2429
706	3	815
10581	0	10577
224	0	179
8582	0	8552
8965	0	8940
558	2	2088
3510	0	3504
5632	1	5633
2737	2	1355
2047	3	282
6250	2	6266
9367	1	9415
9506	1	9570
7170	3	169
195	0	177
5453	0	5173
9060	3	280
4187	0	4177
703	3	807
3699	4	3504
4474	2	2712
4176	3	1343
459	0	303
5005	3	2207
3996	0	3988
9033	1	9056
361	4	303
2097	2	3327
1194	3	1337
8766	1	8767
9636	1	9694
3581	0	3504
8940	3	5972
4104	3	817
6906	0	6851
7192	1	7197
817	2	8506
141	2	4251
344	4	303
9813	0	9800
9998	2	913
3302	2	3337
2587	4	2355
2019	0	1359
7180	3	4286
1918	0	1879
2217	0	2210
3564	0	3504
5012	0	5005
409	4	301
4335	1	4354
1235	1	1303
4148	0	4104
6889	0	6851
9386	0	9365
7237	3	911
327	4	303
5805	3	93
8678	3	8543
4332	3	94
7406	1	7603
1901	0	1879
7172	3	1095
88	2	8155
8256	0	8236
3343	0	3303
9640	0	9588
9369	0	9365
728	1	783
4837	3	4834
6348	0	6344
9222	1	9220
396	0	301
5186	0	5173
7278	0	7274
11076	0	10761
2737	2	1973
8279	0	8238
415	4	303
10440	3	821
9623	0	9588
1016	0	966
3565	1	3688
5291	0	5173
8404	3	8480
2106	2	2088
3518	0	3502
2840	1	2999
2441	0	2438
379	0	301
10447	0	10436
10572	0	10575
5171	0	5029
11059	0	10761
4219	0	4104
6159	0	6038
8262	0	8238
871	2	8506
9125	0	9108
9366	3	2097
8383	3	174
2766	0	2739
4733	3	821
7106	1	7139
3685	4	3504
2089	2	2088
10362	2	9062
2221	0	1359
467	0	705
362	0	301
1648	3	169
1963	2	8155
10363	3	444
2699	3	2731
450	2	2091
2749	0	2739
9745	0	9722
9521	0	9460
1396	1	1395
6038	3	280
1862	2	3551
3567	0	3504
4004	0	3986
6246	2	6259
8153	3	2434
8471	3	174
9810	0	9720
8948	0	8911
2701	0	2696
9728	0	9722
9504	0	9460
2355	3	2496
966	3	1089
5264	4	5173
9968	1	9989
9821	0	9798
5637	4	5523
3513	0	177
753	1	802
9609	0	9460
1717	0	1681
10391	0	10363
9588	3	543
5896	3	874
4104	3	3663
7244	0	7172
2417	0	2407
5620	4	5523
3760	0	3504
6583	1	6824
5804	1	5838
9592	0	9460
1700	0	1681
10374	0	10363
1575	3	1634
3638	0	3504
3739	4	3504
6026	0	6019
9069	2	1352
9809	0	9793
1892	0	1880
3394	3	2256
2666	1	2665
5603	4	5523
3844	4	3504
1683	0	1681
5314	1	5315
3178	2	3216
2008	0	2009
10460	3	1332
8519	0	8518
7251	0	7235
3219	2	10826
4002	3	873
2838	0	2698
5756	0	5746
8484	0	8481
9747	0	9718
6339	0	6342
8719	4	8620
4104	3	4147
9365	2	9404
7234	0	7235
1256	0	1195
4146	3	874
8382	3	2256
2774	0	2737
169	2	4273
5355	1	5354
9730	0	9718
10440	3	10433
5195	1	5197
272	2	10456
7856	1	8038
3504	3	2816
5721	0	5718
3896	0	3502
5573	0	5523
7815	0	7322
8858	1	8884
1239	0	1195
4002	3	4040
969	3	1095
719	0	711
2757	0	2737
1558	2	1543
9713	0	9718
10011	0	9999
8444	0	8404
11026	1	11025
3879	0	3502
4854	0	4833
7798	0	7322
3303	3	277
6493	0	6344
1222	0	1195
763	0	707
476	0	710
4332	3	1330
1151	1	1150
9512	0	9458
8548	0	8552
9797	2	2828
6038	3	93
8689	0	8620
8790	4	8620
8153	2	3335
3162	3	169
572	2	564
1647	0	1501
5436	0	5173
10373	0	10364
2699	3	450
7781	0	7322
7119	0	7092
6476	0	6344
6249	3	175
1205	0	1195
5502	3	5500
5719	3	2097
4728	3	3217
10817	0	10759
10670	0	10614
6586	1	6827
7809	1	8005
979	0	969
3504	2	446
755	0	707
6288	1	6321
4146	3	2297
5500	2	2712
7764	0	7322
6459	0	6344
8962	0	8941
3180	2	3337
1897	0	1359
95	2	5482
4433	3	1345
10717	0	177
738	0	707
4953	0	4941
10437	3	174
6248	3	2372
10115	0	10102
3776	0	8164
8803	0	8620
10325	1	10348
9809	1	9831
7301	0	7172
8945	0	8941
1514	0	1506
1883	0	1878
6451	0	6344
10700	0	177
10438	3	585
2328	1	2350
2315	1	2338
3263	3	534
8492	0	8479
450	2	3327
1689	1	1772
4282	3	2094
1985	0	1359
454	0	418
8684	0	8678
8447	0	8404
3882	0	3502
4856	0	4829
9754	0	9460
6027	0	6018
10578	2	8506
9738	0	9716
9632	0	9460
3585	1	3659
5392	4	5173
8257	0	8243
998	0	965
5657	4	5528
4839	0	4829
4302	4	4282
9737	0	9460
8676	4	8642
6298	0	6250
3309	0	3303
5435	1	5437
1181	0	969
4545	0	4493
981	0	965
10573	3	172
169	2	5025
5647	0	5523
4904	3	2035
749	0	303
7174	3	583
2736	2	2827
5236	4	5176
6252	0	284
6281	0	6250
8556	0	8550
4444	1	4463
6926	0	6854
4528	0	4493
3180	3	3268
9310	3	813
4733	3	447
964	0	965
2983	0	2698
732	0	303
9801	3	1343
3988	3	3406
9824	0	9793
6909	0	6854
10194	1	10215
4282	2	4046
9953	0	8382
4511	0	4493
10109	1	10108
2415	0	2407
1171	4	969
2761	0	2699
11124	1	11145
3987	0	3986
7048	0	7039
5324	4	5176
11116	1	11155
9807	0	9793
2496	2	296
6892	0	6854
5473	0	5465
5466	3	1862
10366	3	169
2327	0	2305
1359	3	2113
2010	3	171
1154	4	969
724	0	303
1868	1	1874
9812	0	9788
2049	3	1862
7409	1	7606
1450	1	1449
4719	3	565
9194	3	9304
4746	3	1347
8442	0	8438
8259	0	8239
2736	3	1092
2318	1	2341
1857	2	10456
6875	0	6854
2046	3	2103
3173	2	10418
1680	3	1840
8522	1	8529
5037	1	5036
3502	3	3971
5189	0	5176
7287	0	7175
9065	3	279
1472	3	1493
1840	2	10456
2941	0	2698
3568	1	3691
9102	3	169
9103	3	583
383	4	299
4954	0	4940
2066	0	2048
1896	0	1470
8595	3	962
6188	0	6038
6508	0	6344
7109	1	7142
4214	0	4147
470	0	708
9490	1	9554
1650	3	141
4291	3	1348
9721	3	4724
7500	1	7697
10388	0	10364
4732	0	4735
2222	0	2209
834	3	171
9018	0	9014
10709	0	10687
8916	0	5719
9069	3	583
5472	0	4733
7238	1	7256
1888	0	1470
6861	1	6951
6596	0	6344
5612	0	5524
7073	0	7037
10371	0	10364
1763	0	1681
458	0	703
10510	1	10565
2592	1	2591
9731	0	9725
9719	2	9847
9806	0	9794
8186	0	8166
8518	3	8515
5876	1	5875
9620	1	9678
441	2	8505
3843	1	3844
303	3	96
8415	0	8480
10701	0	10687
559	1	590
4291	3	543
6579	0	6344
2583	1	2581
5501	2	3174
576	2	5487
4177	3	297
8550	3	8568
8284	0	8237
8597	3	2113
4746	3	1965
6112	0	6051
7399	1	7597
177	3	276
9792	3	4724
217	1	262
5753	0	5747
3429	0	3394
9882	0	9460
10684	0	10687
3581	0	3561
9820	0	9786
1562	3	173
4471	1	4478
5005	3	3553
8267	0	8237
8166	3	1858
1880	2	1863
2464	1	2463
3564	0	3561
1445	4	1359
960	2	6265
9803	0	9786
5077	1	5076
9750	0	9721
9458	3	551
9717	2	3278
5500	2	3277
10234	3	3091
4914	3	141
9291	1	9290
2514	0	2496
2906	0	2699
9857	0	9460
5824	0	5747
821	2	5484
9733	0	9721
23	1	65
5926	3	274
3382	1	3388
2699	2	2429
8955	1	8988
3299	1	3359
2889	0	2699
9091	3	3266
5807	0	5747
535	2	10415
9133	1	9171
8218	3	2005
5351	0	5176
11064	1	11065
406	1	405
7326	1	7524
1380	1	1379
9795	3	4724
927	0	917
2872	0	2699
9821	0	9721
2012	3	175
8436	0	7174
10379	0	10362
8549	3	8569
3504	2	1495
9814	0	9792
8404	3	3410
284	3	272
5746	3	5795
5805	3	1573
8479	2	8506
11087	1	11097
2937	1	3050
9952	1	9973
3567	0	3561
2813	2	2429
9198	4	9194
9819	0	9798
4070	3	3404
5053	0	5029
7209	2	1863
6589	1	6830
706	3	819
6291	1	6324
8489	0	8480
9279	0	9194
5422	0	5176
10692	0	10685
8911	3	277
10687	3	10755
9384	1	9419
3889	1	3951
1261	0	1194
8894	1	8899
8167	2	1352
7049	4	7040
1359	3	450
761	0	418
1467	4	1373
2414	0	2355
4436	0	4433
577	2	6267
1517	0	1509
1244	0	1194
8913	0	8907
195	0	181
3638	0	3561
1554	2	3390
9796	3	169
729	0	705
10434	3	10458
4859	0	4832
5905	0	5901
703	3	811
1227	0	1194
9252	4	9194
1194	3	1341
4392	1	4411
3499	4	3477
5107	0	5029
6344	3	6342
6249	3	1842
712	0	705
4175	3	1091
441	2	3325
4842	0	4832
552	2	8155
283	0	181
10439	3	280
4709	0	4703
4332	3	4286
5113	1	5112
6906	0	6855
9813	0	9804
2196	3	272
3482	4	3477
2524	1	2562
5881	0	5747
10361	0	10363
3625	0	3504
1985	1	1989
719	0	418
1420	1	1419
6889	0	6855
10437	3	1841
911	2	5025
8240	3	275
5801	3	277
3608	0	3504
4914	3	88
303	3	527
9460	3	9800
10197	1	10218
9802	3	2372
2307	0	2306
1889	0	1881
11127	1	11148
5373	1	5370
7048	0	6344
8279	0	8242
3502	2	446
7300	1	7316
723	0	711
6937	1	7027
3193	0	3178
3988	3	1556
9999	3	1489
9815	0	9791
10447	0	10440
10850	0	10761
7203	2	2353
4567	0	4492
8262	0	8242
5072	4	5029
2321	1	2344
2308	1	2332
2063	0	2049
8791	1	8790
1682	1	1766
3219	2	11151
8818	2	8837
5499	0	5500
2646	1	2645
3314	0	3302
10833	0	10761
4332	3	582
4550	0	4492
2589	4	2355
4914	3	572
9068	3	3665
3506	0	3501
6345	0	6340
9745	0	9726
2011	0	2012
8250	0	8237
6931	0	6853
10816	0	10761
8237	3	8355
4533	0	4492
1917	0	1884
9736	0	9716
9728	0	9726
966	3	1093
5727	0	5716
821	2	6265
1501	3	1092
5505	0	5502
10025	0	177
9493	1	9557
6914	0	6853
9866	0	9850
9642	0	9588
5719	2	2036
4516	0	4492
3490	4	3475
5990	1	6006
1900	0	1884
8598	0	8597
3992	0	3985
10391	0	10367
2225	0	2212
837	3	174
2497	0	2496
917	3	444
8620	3	2100
2660	4	2355
6897	0	6853
9625	0	9588
1470	3	295
6864	1	6954
7076	0	7040
9817	0	9787
10374	0	10367
9069	2	1356
9719	3	2207
9809	0	9797
4332	3	2005
1892	0	1884
10770	0	10759
9623	1	9681
11117	1	11139
2296	2	10418
8718	1	8717
10511	0	10460
451	1	489
8819	4	8818
7292	0	7174
969	3	965
9382	0	9362
9092	2	3257
88	2	10416
9069	2	9061
9788	2	3257
740	0	703
9065	3	2296
220	1	265
10494	0	10460
1456	1	1455
9747	0	9722
3432	0	3397
7396	0	7322
1222	1	1290
1862	2	6267
2630	0	2355
10268	0	10234
9475	0	9788
3384	0	3180
9730	0	9722
3415	0	3397
10440	3	10437
7067	4	6344
715	1	770
10687	3	582
6249	2	2826
10251	0	10234
5614	4	5524
2054	0	2047
7484	0	7322
9713	0	9722
9720	2	3281
2019	0	2010
10714	0	10686
9121	0	9105
354	1	353
2762	0	2736
4854	0	4837
2677	1	2675
9744	0	9714
7467	0	7322
10016	0	9998
5354	4	5173
763	0	711
4147	3	2578
1592	0	1575
6417	1	6658
5993	0	5982
6038	3	97
4498	0	4493
3300	3	3330
3162	3	173
4916	1	4918
2745	0	2736
9517	0	9457
9136	1	9174
1913	0	1359
3850	0	3504
1210	0	1194
1584	0	1575
5758	0	5746
9500	0	9457
10234	3	86
1878	3	280
5219	0	5173
7237	3	7173
7179	3	4286
9332	0	9321
10494	1	10549
5011	0	5005
1193	0	1194
2880	1	3107
10367	3	10364
9483	0	9457
10614	3	8615
5189	1	5188
7301	0	7176
2928	0	2698
1883	0	1882
3173	2	5482
177	2	913
677	0	303
10970	0	10761
8911	3	171
7297	0	6249
9466	0	9457
2262	3	277
8381	3	167
2911	0	2698
6027	0	6022
8509	2	8505
9738	0	9720
10977	4	10761
4721	2	3551
7433	1	7630
9743	0	9715
2894	0	2698
4101	0	4102
7775	1	8113
5061	1	5060
9129	0	9103
2736	2	2831
4119	1	4139
10024	0	9996
4495	3	2042
7178	3	7173
5616	1	5706
10842	0	10761
3986	3	141
10434	3	1842
3566	0	3504
1235	0	1192
873	2	3326
4433	3	89
186	0	179
7510	1	7707
11048	4	10761
10007	0	9996
5466	3	577
96	2	3327
5038	4	5029
10926	4	10761
5714	3	552
10440	3	585
1218	0	1192
1884	2	1863
4831	3	169
5766	0	5744
9470	1	9534
8494	0	8479
390	1	389
7077	0	177
4733	2	5487
11031	4	10761
4147	3	297
8686	0	8678
10761	3	1093
840	1	856
9819	0	9721
3502	2	1495
9812	0	9792
6252	0	6249
456	0	711
4733	3	585
7060	0	177
10913	0	10761
4441	0	4432
10089	2	2819
2699	3	1556
751	0	704
9786	2	3257
10200	1	10221
2046	3	2107
8175	0	8153
4221	0	4104
4473	0	4474
4771	0	4755
10432	3	3173
734	0	704
10234	3	1188
6249	2	1968
86	2	3390
3503	0	3502
5207	1	5206
383	4	303
2525	0	2355
2058	0	1359
9068	3	4714
4570	0	4495
4754	0	4755
148	0	143
1589	0	1359
4735	3	447
10438	3	1341
8452	1	8468
6249	2	3257
2163	0	1359
8257	1	8312
4187	0	4104
876	3	141
2773	0	2737
6058	0	6052
4553	0	4495
10761	2	11151
2045	0	1882
3591	0	3502
4904	3	563
3509	0	3504
5805	2	1354
370	0	303
2736	2	1355
4445	0	4332
2146	0	1359
8253	0	8240
2048	3	2094
7766	1	8111
2756	0	2737
4536	0	4495
3574	0	3502
2379	0	2375
8405	0	8437
11115	0	10761
1880	3	1958
9432	1	9444
458	0	707
337	4	301
9806	0	9798
2517	1	2556
10621	1	10646
6248	3	579
4186	0	4177
175	2	9062
7170	3	580
5232	4	5173
3411	2	8160
7174	3	4722
6922	0	6851
320	4	301
933	0	915
9727	0	9714
177	3	280
1751	0	1680
9104	3	169
8174	0	8165
2739	3	2206
5005	3	174
9820	0	9790
6905	0	6851
3829	4	3504
11120	1	11142
916	0	915
2265	0	2263
3985	3	1340
8549	2	913
9310	2	913
8552	3	140
10813	1	10821
1734	0	1680
5279	0	5176
3625	0	3561
8272	0	8236
5502	3	2097
408	4	301
5198	4	5173
9803	0	9790
6888	0	6851
9385	0	9365
3180	3	3219
5754	1	5777
9955	1	9976
2051	0	2048
223	1	268
372	0	299
9750	0	9725
5262	0	5176
6569	1	6810
1225	1	1293
3608	0	3561
2149	0	1359
8255	0	8236
391	4	301
6871	0	6851
9368	0	9365
2759	0	2737
1648	3	96
8247	1	8303
3985	3	535
2652	1	2651
10457	2	10456
723	0	418
3538	1	3544
8405	0	4733
9733	0	9725
2736	2	1973
9141	0	9108
5558	0	5523
277	2	3550
1250	0	1192
3227	2	3257
560	3	575
10440	2	10456
338	0	299
1470	3	1962
9124	0	9108
1207	0	1195
179	3	276
7178	3	1188
1233	0	1192
7212	2	912
3684	4	3504
8559	0	8549
5799	3	1494
8549	3	8573
2220	0	1359
9814	0	9796
1751	0	1359
7766	0	7322
5548	4	5523
2267	0	2259
7096	1	7129
9520	0	9460
427	0	303
8657	0	8620
6411	1	6651
5743	1	5769
1484	2	11151
3488	4	3475
10761	3	585
5137	1	5136
1734	0	1359
7749	0	7322
8947	0	8911
2223	0	2212
8549	2	3975
8190	0	8153
3631	0	3502
633	4	303
3437	0	3396
9503	0	9460
7854	0	7322
5826	0	5747
3394	3	89
10497	1	10552
272	2	8155
1716	0	1681
3614	0	3502
4929	0	4901
10185	3	277
7846	1	8143
4970	3	175
9486	0	9460
9785	0	9791
8623	0	8620
7395	1	7594
2097	2	3551
7837	0	7322
5749	0	5744
5619	4	5523
5809	0	5747
531	2	3327
9998	3	10057
8913	0	8911
1699	0	1681
4695	0	4332
4492	3	4682
2736	3	2816
9888	1	9935
6249	3	557
3393	3	2256
871	2	1480
7820	0	7322
9060	3	3671
1340	2	3328
1682	0	1681
2628	0	2355
10431	0	10432
481	0	303
1194	3	1345
476	1	512
8491	0	8471
8552	3	8597
5441	0	5176
4682	2	5487
9746	1	9775
2872	1	3142
4348	1	4368
5821	0	5805
3378	1	3385
5424	0	5176
10361	0	10367
2005	2	7224
6410	1	6652
5283	1	5282
428	0	420
9810	0	9460
5615	0	5523
10759	3	536
10917	1	10916
5352	4	5173
8620	3	1486
303	3	531
10380	0	9065
4146	2	4251
748	0	705
9460	3	9804
1509	3	1551
1906	0	1882
8185	0	8166
181	3	295
2231	0	2210
1221	0	1195
8480	3	294
9473	1	9537
5466	3	821
10144	4	10102
8296	0	8243
2306	3	2352
2817	2	3550
10436	3	10458
731	0	705
843	1	859
6379	0	6344
8168	0	8166
5217	0	5173
1141	1	1140
2214	0	2210
5313	0	5173
9815	0	9795
461	1	499
1519	0	2209
9023	1	9046
2355	3	2370
4297	0	4290
8156	0	8164
2049	3	2110
4226	1	4245
10131	0	10102
10061	3	4146
7179	3	960
6936	0	6344
8961	0	8941
6278	1	6311
7911	0	7322
10194	0	10187
3180	3	1556
7045	4	7037
5901	2	3551
6345	0	6344
6246	2	6267
200	1	245
6919	0	6344
8166	3	1488
1359	3	1556
7894	0	7322
5288	0	5173
5500	2	1968
1562	3	1092
8785	0	8620
10186	0	10187
115	1	135
284	3	1862
2696	3	297
8239	3	280
6433	0	6344
7877	0	7322
4104	2	3261
3992	0	3989
4702	3	4704
9631	0	9460
2699	3	1345
7168	3	962
2259	3	2295
9824	0	9720
2230	0	2211
3864	0	3502
3392	0	3393
648	4	303
5252	4	5176
9104	3	279
9297	1	9296
8288	1	8342
9809	0	9801
2520	1	2559
756	0	703
1914	0	1880
9807	0	9720
3847	0	3502
2213	0	2211
5490	3	563
1731	0	1681
8625	1	8624
9060	3	585
5235	4	5176
6251	0	284
1359	3	2040
6280	0	6250
9440	0	9426
6097	0	6051
9382	0	9366
3856	0	3502
3397	3	279
757	0	704
5764	0	5744
3566	0	3561
8678	3	8714
9792	2	9847
7209	2	9064
1714	0	1681
4175	2	3261
2013	0	2012
8252	0	8237
5218	4	5176
6051	2	912
5029	3	1636
9475	0	9792
311	4	299
5507	0	5502
8235	0	8237
5395	1	5394
456	0	418
6248	2	2826
274	2	3551
5472	0	5465
6063	0	6051
2698	3	293
293	2	8507
9958	1	9979
7216	0	7212
10847	1	10846
8863	0	8841
2059	0	2046
4070	2	4098
4566	1	4655
2355	3	89
4837	3	817
1346	2	6259
4114	0	4254
5801	3	578
8250	1	8306
8596	0	8552
8404	3	141
6851	3	282
8237	3	817
8241	0	8239
8846	0	8841
2162	1	2190
6524	0	6344
10171	0	10102
10234	2	2713
1501	3	909
9806	0	9721
9429	3	444
6507	0	6344
5041	1	5040
9724	0	9723
7085	4	7037
7778	1	8146
450	2	3551
10701	0	10614
7898	1	8065
10627	1	10652
8532	3	173
5633	4	5524
3591	0	3559
2270	0	2262
10387	0	10364
1511	3	175
9792	3	2207
10684	0	10614
140	2	10826
7064	0	6344
7490	1	7687
6595	0	6344
569	2	564
5407	0	5176
6191	1	6217
3574	0	3559
10370	0	10364
2021	0	2010
10815	0	10809
1888	0	1881
1359	3	1853
9431	0	9424
11113	1	11136
414	1	413
8915	0	8907
10667	0	10614
6578	0	6344
5390	0	5176
3559	3	1670
10500	1	10555
9065	3	2113
5747	2	5798
4832	3	295
2834	0	2699
5752	0	5747
9071	0	9068
9743	0	9719
3379	3	3094
9254	4	9194
1884	3	1958
847	0	834
173	2	3325
8693	1	8702
4556	1	4646
9129	0	9107
9186	3	1483
4147	3	167
4703	3	141
4904	3	2043
2739	3	169
9237	4	9194
9793	2	3281
5380	4	5176
5837	1	5863
965	3	911
10578	3	175
1726	1	1804
479	1	515
5569	0	5524
7179	3	586
8237	3	280
603	1	604
7288	1	7305
9220	4	9194
5363	4	5176
6249	3	2090
2010	2	1863
9814	0	9719
5526	1	5527
759	0	708
10443	1	10451
7299	0	6249
4013	1	4037
6295	0	6250
177	3	821
8620	3	441
4970	3	1842
9207	0	9194
6404	1	6645
9812	0	9796
4002	3	3406
1680	3	909
5602	1	5603
751	0	708
178	3	272
7929	1	8095
2358	3	2044
8383	3	292
1704	0	1680
177	2	2824
5719	3	174
9328	0	9318
5937	0	5747
10490	1	10546
6248	2	1968
734	0	708
7058	0	7040
2876	1	3104
1522	0	1509
8281	0	8218
10761	3	292
846	1	862
583	2	10417
5321	4	5176
4157	0	4147
6891	1	6981
739	0	703
1510	0	1507
6088	1	6087
9026	1	9049
188	0	179
8264	0	8218
3631	0	3559
4229	1	4248
7193	0	7180
5040	4	5029
722	0	703
4852	0	4830
3184	0	3180
9069	3	2096
6023	0	6019
1220	0	1192
2022	0	2009
8247	0	8218
3614	0	3559
3167	3	95
4506	0	4332
9720	3	1093
8253	0	8244
1249	1	1317
1910	0	1470
284	3	817
7420	1	7617
6854	3	277
1880	3	1962
458	0	711
5128	4	5029
4489	0	4332
3491	0	3477
977	0	966
7178	3	574
5643	0	5524
1911	0	1881
9194	2	1973
8177	0	8153
8404	3	1861
6922	0	6855
6882	0	6853
5800	2	3160
2696	3	541
1704	0	1359
3987	1	4059
962	2	3548
9727	0	9718
4106	1	4126
8174	0	8169
4577	0	4332
9820	0	9794
9791	3	1093
2527	0	2355
6905	0	6855
3839	1	3837
1591	0	1359
5885	4	5747
7044	0	7040
1687	1	1769
9281	0	9194
8272	0	8240
3164	3	820
10778	0	10761
4560	0	4332
9803	0	9794
2510	0	2355
6888	0	6855
5469	0	5466
3162	3	1092
1574	0	1359
3443	0	3394
9808	0	9789
9794	2	2828
10239	1	10245
7300	0	7176
3173	2	6267
3324	0	3300
8255	0	8240
7274	3	7282
6871	0	6855
8478	0	8471
8552	3	2372
3267	0	3268
7050	0	7042
8171	1	8207
9373	0	9364
2598	0	2355
9060	2	9063
4175	3	1636
5457	3	282
3501	2	446
9065	3	450
2937	0	2699
4188	0	4177
3227	2	3261
460	0	303
2408	1	2419
10854	4	10761
560	3	579
6924	0	6851
4082	1	4095
9132	0	9102
8866	1	8890
4950	0	4941
10234	2	2823
9722	2	3257
9729	0	9714
2920	0	2699
9868	1	9915
3582	0	3504
9714	3	3677
184	1	229
2686	4	2653
8243	3	962
6201	1	6240
10090	1	10096
6907	0	6851
2	0	1
284	3	280
5565	4	5524
8439	1	8455
2165	1	2193
9752	0	9716
2045	0	2049
8429	3	1664
2218	0	2210
10685	3	139
2636	1	2635
9065	3	584
6890	0	6851
8236	3	8355
9138	0	9104
5284	1	5285
4532	0	4492
9817	0	9714
9092	3	4749
762	0	703
10575	2	8506
5204	0	5173
8620	3	872
9796	3	9842
8450	0	7174
8182	0	8167
10024	0	177
4176	3	3665
2682	4	2617
303	2	446
7174	3	567
9641	0	9588
2991	0	2699
10941	1	10940
5187	0	5173
9194	3	294
5710	4	5711
9785	0	9795
978	0	965
10007	0	177
7244	0	7237
5168	4	5029
3759	1	3790
9624	0	9588
7168	2	1356
7346	1	7545
9366	3	9412
6278	0	6250
9816	0	9787
170	2	3326
7351	1	7551
10510	0	10460
1697	1	1778
7412	0	7322
1359	3	2097
7291	0	7174
10431	0	10436
6480	1	6721
5155	0	5029
10686	3	280
1165	1	1164
1753	0	1359
5942	0	5799
1385	4	1359
2764	1	2801
5643	1	5642
7395	0	7322
7049	4	177
850	0	837
3320	1	3350
8967	0	8939
8696	1	8705
2385	0	2358
717	0	708
1736	0	1359
4104	3	4212
10009	0	9996
6556	1	6797
1212	1	1280
635	4	303
1733	0	10460
5429	1	5427
4904	3	1348
7378	0	7322
10362	2	3679
8950	0	8939
6250	3	167
1719	0	1359
3900	1	3962
7112	0	7094
6248	2	6266
7361	0	7322
10380	0	9069
1203	0	1192
9823	0	9799
10468	0	10460
5751	0	5744
8382	3	577
9593	0	9460
10767	1	10791
10015	0	9998
4737	0	4735
9798	3	2207
4282	2	4298
9325	0	9319
1893	0	1470
8920	0	8906
9708	0	9707
3989	3	4039
10006	1	10034
10999	4	10761
2262	3	2298
2101	2	2091
8678	2	1863
9815	0	9799
9789	3	2371
7496	1	7693
10776	0	10761
8493	0	8471
2219	0	2209
8485	0	8481
3433	0	3393
9499	0	9457
4256	2	4277
7932	1	8098
10881	0	10761
2097	2	2429
2355	3	280
10364	3	2207
9366	2	9404
3615	1	3746
4002	3	1556
8597	3	2097
10986	0	10761
849	1	865
7045	4	7041
3164	3	96
1470	3	169
8966	0	8940
2262	3	1493
284	3	577
8250	0	8245
1240	0	1195
11080	1	11090
5349	0	5173
4829	2	1352
5450	4	5173
5005	3	1093
5520	3	5521
11070	4	10761
1471	3	1489
4761	0	4753
10390	1	10411
7382	1	7581
10847	0	10761
725	0	706
9104	2	82
177	3	5521
2737	2	2819
10123	1	10122
8384	0	8381
5501	2	2353
1509	3	295
5007	3	2110
5332	0	5173
10952	0	10761
7212	3	818
4521	0	4495
472	1	509
10433	3	2294
5896	3	297
3163	3	169
4023	0	3985
7120	0	7092
2264	3	2294
2528	0	2496
7423	1	7620
3231	1	3236
10818	0	10759
10717	1	10750
1915	0	1359
4504	0	4495
2035	2	5488
1914	0	1884
3404	2	3218
4006	0	3985
1425	4	1359
1359	3	2044
2511	0	2496
3161	3	821
8240	3	96
2212	3	2257
1898	0	1359
9812	0	9719
757	0	708
5987	0	5979
5502	2	3679
2264	3	1489
5465	3	577
8166	3	821
9819	1	9849
10439	3	585
10440	3	3090
3405	2	8507
3397	3	1572
393	4	301
1471	3	818
8813	1	8812
9071	1	9080
6873	0	6851
4764	0	4753
7076	0	177
10460	3	2044
311	4	303
2661	0	2355
1986	0	1359
5551	1	5550
4575	0	4495
2067	0	1882
9802	2	3257
1517	0	1359
5360	1	5361
1702	0	1680
6438	1	6678
175	2	8505
89	2	6264
4495	3	4681
6028	0	6018
9811	0	9792
4390	0	4332
6856	0	6851
4563	0	4493
4733	3	3090
7170	3	962
4753	3	4724
1969	0	1359
7181	0	7179
1500	0	1359
2442	0	2438
543	2	868
2355	3	93
7515	0	7322
9738	0	9460
3180	2	3215
5801	3	582
399	4	303
3310	0	3303
2606	1	2605
4546	0	4493
1334	2	4969
8382	3	874
8241	0	8243
5401	1	5400
9749	0	9717
4213	1	4232
10363	2	9062
7498	0	7322
4017	0	3988
1019	1	1080
11043	0	10761
8246	0	8238
9321	3	295
382	4	303
5134	4	5029
9135	0	9105
3504	3	2373
1165	0	969
4529	0	4493
2739	2	2713
10437	3	1341
9732	0	9717
5458	3	5454
6101	1	6129
5981	1	6012
11026	0	10761
817	2	6266
187	1	232
6910	0	6854
9118	0	9105
4179	0	4175
1241	0	1194
8442	1	8458
191	0	177
168	2	1480
4702	3	1488
10234	3	444
8911	2	1863
8294	0	8236
313	4	299
2492	1	2493
482	1	518
6893	0	6854
2358	3	141
4146	3	565
9820	0	9717
4577	1	4665
9514	0	9457
9813	0	9788
11114	0	10761
9014	3	2007
3302	2	3325
5207	0	5176
5308	4	5176
8277	0	8236
3832	1	3831
312	0	301
1508	3	1551
2377	0	2355
1702	0	1359
1858	2	10456
9431	0	9428
8915	0	8911
3740	4	3504
9803	0	9717
148	1	159
601	4	303
9471	0	9460
379	1	380
6101	0	6038
9497	0	9457
167	2	4969
2358	3	2369
4901	3	87
9065	2	9062
2200	0	2198
3622	0	3504
10234	2	3551
3723	4	3504
9743	0	9723
483	0	303
1884	3	1962
6084	0	6038
5591	1	5590
9376	0	6249
8964	0	8940
274	2	2429
3164	3	527
4147	3	171
6189	0	6038
3605	0	3504
3706	4	3504
8165	3	1862
5005	3	585
5278	0	5176
7910	0	7322
961	2	8835
6483	1	6724
450	2	6267
5570	4	5523
711	3	817
2050	0	2048
5926	3	1494
9186	3	9192
3862	1	3926
4115	0	4102
3588	0	3504
2767	1	2804
150	0	146
284	2	2826
5717	0	5720
2049	3	2090
6249	3	2094
5925	2	4046
2758	0	2737
8969	0	8911
6872	1	6962
480	0	705
9740	0	9715
10012	0	9999
5801	2	1863
354	0	299
1741	1	1850
5557	0	5523
9433	0	9424
1223	0	1195
2442	1	2452
7174	3	3173
2741	0	2737
9513	0	9458
3903	1	3965
9995	0	9999
450	2	2429
9430	0	9429
8669	4	8620
2114	0	1359
10089	2	2827
2216	0	2210
1206	0	1195
5754	0	5747
1020	1	1079
9496	0	9458
4282	3	2135
3582	0	3561
8558	0	8549
9821	0	9786
98	1	118
8774	4	8620
7172	3	7178
9893	1	9938
8652	4	8620
7765	0	7322
9216	1	9214
9479	0	9458
5747	3	579
739	0	707
1527	0	1508
736	1	790
7748	0	7322
1359	3	1670
7178	3	444
7477	1	7674
8639	0	8620
10701	0	177
5127	1	5126
722	0	707
5083	1	5082
2907	0	2699
5825	0	5747
7731	0	7322
271	2	8155
5897	1	5899
3613	0	3502
455	0	418
8261	0	8238
10767	0	10759
299	3	1093
4296	0	4282
8559	1	8565
4282	3	175
10684	0	177
10980	1	10979
2890	0	2699
9633	0	9460
9332	0	177
284	3	821
10362	3	444
5715	3	3094
2358	3	438
7385	1	7584
6418	0	6344
4834	3	1843
9616	0	9460
2965	1	3118
9424	3	295
295	2	3327
5335	0	5176
421	0	418
2473	0	2460
8242	3	873
2700	0	2696
8218	3	2099
5837	0	5805
9324	0	177
5979	3	570
9727	0	9722
6020	3	280
4216	0	4146
1908	1	1947
8237	3	447
8811	4	8778
5187	1	5185
3234	1	3239
3506	1	3523
5631	0	5523
5820	0	5805
3394	3	1573
8490	0	8480
5246	4	5173
4332	3	4701
4512	0	4493
6212	0	6038
2416	0	2407
278	2	4969
6025	0	6019
10582	0	10578
9808	0	9793
5990	0	5982
5273	1	5272
8485	0	8404
4437	0	4433
5597	0	5523
561	1	589
213	0	178
5334	4	5173
3180	2	3325
5465	3	821
3639	0	3561
9074	1	9083
6876	0	6854
8954	0	8939
1138	4	969
7232	3	4287
3903	0	3502
730	0	705
1518	0	1506
3431	0	3393
6853	3	282
5317	4	5173
1359	3	1483
1858	2	10082
6249	3	297
6859	0	6854
1019	0	965
284	2	1968
8451	0	8404
205	0	178
691	0	303
1121	4	969
2739	2	2823
7038	0	7041
962	2	6264
5805	3	3090
7297	0	7172
8696	0	8620
1238	0	1195
1003	0	969
5458	3	87
9637	1	9695
4216	1	4235
7838	1	8027
2256	2	4275
9752	0	9720
3240	0	3180
1485	2	10826
8806	4	8620
8443	0	8404
4102	3	2372
1022	1	1083
7161	3	960
7193	1	7198
2908	0	2698
9138	0	9108
1663	2	8155
3302	3	277
5490	3	140
762	0	707
7086	0	7039
4970	3	1338
965	3	541
7066	0	6344
9143	0	9103
190	1	235
1236	1	1304
1096	4	969
1194	3	280
2891	0	2698
1907	0	1878
6559	1	6800
6475	0	6344
8445	1	8461
5432	1	5430
3394	3	97
7170	3	7167
2477	3	872
303	3	271
8297	0	8239
6020	3	93
9126	0	9103
8772	4	8620
9785	0	9799
478	0	418
978	0	969
10203	1	10224
444	2	868
7235	3	174
5423	1	5420
9068	2	9089
1890	0	1878
8170	0	8166
9816	0	9791
9475	0	9719
5998	0	5980
1899	0	1878
10444	0	10435
8280	0	8239
5584	4	5524
2979	0	2698
1022	0	965
6563	0	6344
1730	0	1681
4755	2	1356
1359	3	2101
2355	3	2110
535	2	10456
6431	1	6672
9466	1	9530
2962	0	2698
1881	2	1863
6546	0	6344
8491	0	8479
5304	1	5302
6346	0	6340
10235	1	10242
4900	0	4904
1713	0	1681
109	0	1
5571	0	5524
181	3	169
1965	2	8160
7912	1	8078
177	3	585
6249	3	2204
6529	0	6344
7051	4	7039
9069	2	10415
9960	0	9947
9736	0	9460
6038	2	1496
2476	3	140
8599	0	8597
2035	2	9062
838	0	836
3865	1	3929
3673	2	3551
977	1	1037
2770	1	2807
5385	1	5384
878	1	895
1909	0	1470
5537	0	5524
5801	3	3672
2198	3	2207
5835	0	5805
4971	0	4904
9104	3	2113
180	1	226
8555	0	8550
2259	3	2035
8853	1	8877
1550	2	7224
7212	3	1493
10612	0	10614
2873	0	2699
9824	0	9460
9855	1	9902
10380	0	10362
4385	1	4389
4904	3	1486
3906	1	3968
10175	4	10102
6249	3	2688
1649	0	1648
2152	1	2180
2355	2	1968
8173	0	8169
9807	0	9460
2735	1	2776
5527	4	5524
5318	0	5176
2143	0	1359
1382	0	1359
3433	0	3397
9069	3	1860
1346	2	1543
8483	0	8404
8167	3	813
9736	1	9765
454	0	703
8441	0	8438
5668	4	5562
10252	0	10234
9263	0	9194
9092	3	1667
9721	2	3281
1471	3	1493
7480	1	7677
7333	1	7532
725	0	710
1513	0	1511
4230	0	4147
5575	1	5574
7059	4	7037
9797	3	169
5531	1	5530
745	0	418
10017	0	9998
563	2	3551
5805	3	138
4702	3	4712
4525	1	4685
1895	0	1470
4332	3	139
1228	0	1194
10579	0	10573
7170	2	446
4855	0	4834
2746	0	2736
9070	0	9068
3622	0	3561
4213	0	4147
4703	3	2296
5747	2	2826
169	2	3216
2264	3	2298
846	0	834
10000	0	9998
728	0	418
9720	3	4724
3164	3	584
1211	0	1194
10627	0	6249
752	0	706
1208	1	1277
9501	0	9457
3605	0	3561
4743	3	4751
1359	3	2048
138	2	8835
10061	3	450
2256	2	3551
720	0	418
457	0	703
8236	3	280
3776	1	3815
9380	0	6249
3588	0	3561
89	2	10456
1911	1	1950
8240	3	450
2264	3	1493
2101	2	10418
3509	1	3526
1013	1	1073
8181	0	8167
7087	4	7040
2227	0	2211
2884	1	3021
7887	1	8056
1192	3	1333
3164	3	3162
9363	0	6249
8292	0	8244
6873	0	6855
280	2	10418
9791	3	4724
2263	3	277
1515	0	1507
3410	2	8506
727	0	706
5799	3	5800
4840	1	4870
9092	3	1346
576	2	10415
1681	3	873
9819	0	9786
6028	0	6022
1672	3	277
9811	0	9796
8275	0	8244
6856	0	6855
4293	0	4291
4857	0	4830
6249	3	1346
9365	3	1862
216	0	181
5049	0	5029
9754	1	9783
9077	1	9086
7172	3	7235
8258	0	8244
3434	0	3396
17	1	59
6270	2	4273
8637	0	8620
8246	0	8242
8949	1	8982
1921	0	1879
10364	3	280
8438	3	280
3417	0	3396
8818	3	2043
6249	3	541
8223	0	8216
4534	0	4492
6927	0	6855
10460	3	438
2056	0	2046
191	0	181
5986	1	6011
3504	3	3666
169	2	8506
9640	1	9698
4832	3	169
4219	1	4238
10809	2	10828
4111	0	4254
3613	0	3559
8294	0	8240
9123	0	9104
4517	0	4492
9719	3	1093
926	0	917
4177	3	582
1519	0	1359
9820	0	9721
10009	0	177
6898	0	6853
8277	0	8240
1508	3	1555
9106	0	9104
4500	0	4492
193	1	238
1359	3	1861
4727	0	4728
1502	0	1359
10366	2	446
1652	1	1659
1910	0	1881
9803	0	9721
7072	0	7042
4746	3	1095
6881	0	6853
1359	3	2211
2010	3	269
2622	1	2621
4332	3	86
753	0	705
466	0	708
8154	1	8158
2260	3	911
10273	1	10306
4904	3	173
9460	3	9788
8248	0	8238
4588	0	4492
2526	0	2355
2627	4	2355
6864	0	6853
10495	0	10460
3644	1	3731
736	0	705
10158	4	10102
4147	3	175
8237	3	4826
11153	2	11152
4188	0	4104
8597	3	438
2104	2	5021
2509	0	2355
10665	0	10664
6059	0	6052
4831	2	4898
6434	1	6675
3442	0	3394
4290	3	96
8952	0	8939
5123	0	5029
2049	3	2094
8859	0	8842
2492	0	2355
144	3	170
7209	3	172
4833	3	818
3575	0	3502
4904	2	82
7054	4	7042
5107	1	5106
7051	4	6344
1881	3	1958
354	0	303
4400	1	4418
2117	1	2128
4294	0	4290
9745	0	9714
10438	3	280
6038	3	272
3742	4	3504
11004	1	11003
6933	0	6344
2886	1	3025
9131	0	9102
5089	0	5029
8533	3	8532
10575	3	175
139	2	7224
468	0	704
934	0	915
9728	0	9714
747	0	711
1576	0	1575
1729	1	1849
5216	4	5173
1198	1	1266
9114	0	9102
7249	0	7237
10690	0	10686
9858	1	9905
9311	2	913
8167	3	1862
11059	1	11058
10366	2	2353
5718	3	279
9862	0	9850
3988	3	873
739	0	711
9816	0	9714
9484	0	9457
761	0	703
1359	3	1674
585	2	5026
10783	0	10759
10811	0	10810
9076	0	7212
1650	3	1662
7273	3	2094
10364	3	577
10614	3	280
9427	0	9425
8438	3	577
6246	3	3173
722	0	711
4564	1	4652
4981	1	4989
9068	3	2043
9467	0	9457
330	1	329
3393	3	93
2503	1	2543
9459	1	9524
9059	0	7212
4003	1	4027
10931	1	10930
1359	3	869
10435	3	2294
7905	1	8072
3783	0	3504
1647	0	1359
8221	0	7041
10937	0	10761
2196	3	557
3302	3	818
4346	1	4365
2698	3	277
10385	0	9069
719	0	703
2113	2	4275
9727	0	9726
7179	3	7173
1749	1	1825
6470	1	6711
3670	2	5788
849	0	837
1155	1	1154
9865	0	9850
2384	0	2358
6855	3	86
1529	0	1508
1735	0	1359
2861	0	2698
2754	1	2791
2064	1	2082
10008	0	9996
8289	0	8245
821	2	8160
9617	1	9675
10703	0	177
7855	0	7322
8726	1	8727
1477	0	1471
7111	0	7094
4279	3	4287
9808	0	9797
1188	2	3327
1914	1	1953
10769	0	10759
10910	4	10761
7838	0	7322
8478	0	8479
1016	1	1076
4708	1	4717
585	2	3550
2646	0	2355
2887	1	3024
3431	0	3397
1519	1	1560
7044	0	177
4099	1	4100
1882	2	2091
735	0	704
10775	0	10761
10438	3	577
1019	0	969
10367	3	1842
8492	0	8471
2739	2	2827
2059	0	1359
10842	1	10840
7297	0	7176
10981	4	10761
2612	0	2355
10250	0	10234
718	0	704
303	3	141
9065	3	2097
5822	0	5805
2018	0	2010
4514	0	4493
710	3	817
6249	3	8356
10863	0	10761
1920	0	1359
8595	3	2430
8404	2	3551
3857	0	3504
1337	2	6265
2147	0	1359
4539	1	4633
6895	0	6854
4829	3	295
9143	0	9107
4537	0	4495
4497	0	4493
10759	3	280
10574	2	3551
3229	2	3256
1907	0	1882
2736	2	2819
10470	0	10460
4735	3	167
7170	3	7171
333	4	303
8297	0	8243
6878	0	6854
2008	0	1359
10321	0	10234
9126	0	9107
4520	0	4495
8238	3	870
1140	4	969
3558	0	3502
1890	0	1882
1853	3	1859
2263	3	2294
3537	1	3557
6020	3	447
4585	0	4493
9816	0	9795
5183	1	5182
8280	0	8243
6861	0	6854
10444	0	10439
9109	0	9107
4503	0	4495
11082	0	10761
440	2	5021
4395	0	4332
4568	0	4493
1359	3	2105
9811	0	9719
10440	3	1862
7851	1	8126
3341	0	3303
7443	0	7322
5986	0	5979
4183	1	4198
2263	3	1489
4077	0	4070
4148	1	4161
8165	3	821
1865	1	1871
1003	1	1062
8167	3	1488
3396	3	88
94	2	2429
1718	0	1680
3507	0	3502
9305	4	9194
9365	3	280
7426	0	7322
9145	0	9103
4733	3	1862
1252	1	1320
764	0	303
1701	0	1680
4024	0	4002
375	4	301
7409	0	7322
7063	4	177
8244	3	97
9128	0	9103
444	2	9061
7504	1	7701
7514	0	7322
1684	0	1680
5229	0	5176
1860	2	4275
4007	0	4002
1858	2	8155
9111	0	9103
2981	0	2698
1234	0	1192
9885	0	9460
8261	0	8218
322	0	299
7497	0	7322
6147	4	6038
3990	0	4002
9330	1	9349
9441	0	9426
5525	0	5523
8552	3	583
9134	0	9105
1217	0	1192
758	0	704
6447	1	6688
5935	1	5958
9731	0	9717
9806	0	9786
2259	3	295
168	2	10051
10761	3	4143
7178	3	558
4102	3	445
9105	3	4726
303	3	88
1200	0	1192
741	0	704
9861	1	9908
454	0	707
3397	3	3406
4702	3	1549
11013	4	10761
4177	3	3672
974	0	966
6546	1	6787
889	1	905
8174	0	8153
3615	0	3502
1596	0	1359
2868	1	3013
7276	3	2097
8914	0	8911
7084	1	7083
3598	0	3502
4574	0	4332
6100	0	6038
3822	1	3821
10445	0	10438
10364	3	821
2739	3	450
7821	0	7322
8238	3	817
7285	1	7319
704	3	815
10579	0	10577
5337	0	5176
222	0	179
2162	0	1359
4557	0	4332
8580	0	8552
8963	0	8940
6418	1	6659
1359	3	174
7804	0	7322
5586	4	5523
7463	1	7660
10761	3	89
4146	3	171
6249	3	2371
752	0	710
2145	0	1359
4492	2	1356
9714	3	2372
10702	0	10614
7194	0	7233
1653	0	1501
7787	0	7322
7168	3	169
6249	3	277
193	0	177
7789	1	7989
9310	3	297
10686	3	585
4332	3	277
5465	3	585
9897	0	9460
303	3	706
4733	3	870
3994	0	3988
8481	3	2035
3575	0	3559
140	2	3215
2909	1	3159
2757	1	2794
876	3	292
8849	1	8874
2934	1	3125
10668	0	10614
8916	0	8907
2232	0	2210
6862	1	6952
1515	0	1511
7349	1	7548
2198	3	280
5391	0	5176
747	0	418
6904	0	6851
4282	3	4290
9811	0	9800
9996	2	913
3496	0	3475
3300	2	3337
1520	0	1506
2215	0	2210
3893	1	3955
4857	0	4834
423	0	303
6887	0	6851
87	2	5025
8187	1	8203
2294	2	8507
577	2	6259
7235	3	1093
10937	1	10936
394	0	301
563	2	2429
5747	2	1354
10438	3	821
6038	3	813
5468	2	5484
5237	1	5236
5653	0	5523
6051	2	6080
8243	3	275
303	2	564
8380	0	8382
10084	1	10086
6157	0	6038
8294	0	8244
6903	0	6344
9123	0	9108
9364	3	2097
7878	0	7322
1882	3	816
915	3	531
3217	2	11147
3886	0	3504
6140	0	6038
8277	0	8244
6886	0	6344
9106	0	9108
2057	1	2076
4175	3	2372
1882	3	2105
5255	0	5173
7094	3	1862
140	2	8155
4332	2	2713
9808	0	9720
8946	0	8911
5938	0	5747
9502	0	9460
5983	0	5980
10470	1	10525
8236	3	447
9460	3	9792
4332	3	440
6348	0	6340
10436	3	3091
2481	0	2476
615	4	303
3393	3	1573
9485	0	9460
7180	3	444
5177	1	5175
7194	0	7180
723	0	703
5926	3	563
7932	0	7322
8153	3	2296
1698	0	1681
3263	2	3257
171	2	8506
6024	0	6019
8678	3	4701
5508	0	5502
2273	0	1359
2355	3	2358
6064	0	6051
4186	1	4201
441	2	9062
7177	0	7180
5601	4	5523
144	3	174
4733	3	817
2698	3	818
10382	1	10429
2048	3	1842
8517	0	8518
1575	3	557
9745	0	9718
3430	0	3393
7915	1	8082
686	4	303
4013	0	3989
2309	1	2331
1470	3	1092
8717	4	8620
169	2	10417
9251	1	9250
9033	0	9014
6854	3	3404
1254	0	1195
468	0	708
9728	0	9718
1759	1	1835
7880	1	8054
2924	0	2698
9016	0	9014
1237	0	1195
187	0	178
673	0	303
3394	3	3407
5447	4	5173
1752	0	1681
10160	4	10102
10155	0	10102
8290	0	8237
11010	1	11009
6494	1	6735
6491	0	6344
761	0	707
6450	1	6691
7174	3	2726
8163	0	8164
1135	1	1134
5430	4	5173
9510	0	9458
5323	1	5321
2035	2	8505
9809	0	9789
3230	2	3216
966	3	280
455	1	493
8273	0	8237
8552	2	1356
9427	0	9429
9424	3	169
5490	3	551
6038	3	4143
7117	0	7092
6474	0	6344
2010	3	86
10063	1	10069
4296	0	4290
5458	3	282
6549	1	6790
3558	0	3559
5417	0	5173
1595	0	1575
7100	0	7092
6457	0	6344
9060	3	1862
1359	3	873
8960	0	8941
4104	3	4143
20	0	1
9460	3	1095
5583	4	5524
8168	1	8192
3242	0	3228
10260	1	10293
6246	3	2372
10113	0	10102
4146	3	4253
9362	3	444
1667	2	5487
10781	1	10805
109	1	129
8943	0	8941
10634	0	10614
3	0	1
5566	4	5524
719	0	707
707	3	818
7208	0	7210
10059	0	4146
9864	0	9850
2260	3	273
9311	3	821
1194	2	1354
9818	0	9714
9752	0	9460
6432	0	6344
2268	0	2260
763	0	703
8620	2	8716
10385	0	10362
2012	3	277
7466	1	7663
476	0	706
4431	1	4452
6038	3	89
8428	0	8404
5553	0	5524
2514	1	2553
5654	4	5524
7902	1	8068
10715	0	10685
7300	0	6249
6296	0	6250
9204	4	9194
1179	0	969
979	0	965
764	0	710
10698	0	10685
6279	0	6250
5793	2	5788
8554	0	8550
9194	2	2819
7396	1	7595
3561	3	450
9292	4	9194
8223	0	7041
7797	1	7996
10080	0	10061
735	0	708
1523	0	1509
8405	0	8482
8394	0	8383
2739	2	2831
4158	0	4147
1095	2	2429
9429	3	9426
1359	3	1841
9068	3	1860
10063	0	10061
577	2	4275
4448	0	4495
718	0	708
4865	0	4832
4560	1	4649
2742	0	2699
10201	0	10185
9365	3	2110
10584	0	10573
9065	3	2101
8190	1	8206
5305	4	5176
1369	4	1359
9258	4	9194
710	3	821
9706	3	88
4848	0	4832
8248	0	8218
10184	0	10185
3615	0	3559
9188	0	9186
7285	0	7175
4904	3	1092
8620	3	295
3229	2	3260
2736	2	2823
4229	0	4147
3598	0	3559
11017	4	10761
3180	3	3264
8827	1	8826
2064	0	2048
1600	0	1359
2260	3	86
9709	0	9707
2046	3	1965
4859	1	4889
1758	1	1834
5376	4	5176
8214	0	8218
7398	1	7719
5112	4	5029
4473	0	4332
2263	3	2298
4	1	46
2313	0	2306
1895	0	1881
9719	3	4724
1877	0	1470
2220	0	2209
3606	1	3699
8914	0	5719
8285	0	8242
4147	3	3672
6021	0	6020
456	0	703
2737	2	2429
4573	0	4492
9604	1	9662
8268	0	8242
5078	4	5029
5605	1	5700
2263	3	1493
2913	1	3036
4432	3	1093
8413	0	8480
209	0	179
1901	1	1940
10276	1	10310
4544	0	4332
4556	0	4492
2113	2	1543
1472	3	1489
9885	1	9932
8666	4	8620
6872	0	6855
4831	3	295
8251	0	8242
5167	1	5166
3169	1	3172
3427	0	3394
9998	3	169
9493	0	9458
2899	1	3145
8385	0	8381
292	2	1543
4431	0	4332
6526	1	6767
6937	0	6853
4527	0	4332
10103	1	10101
1015	0	966
201	0	179
10851	1	10849
6920	0	6853
936	0	915
9998	3	2397
184	0	179
9060	3	1488
1258	1	1326
821	2	4273
322	0	303
8218	3	444
9744	1	9773
10376	1	10422
919	0	915
2904	0	2699
2748	0	2739
9813	0	9719
6603	1	6844
758	0	708
7082	0	7040
9731	0	9721
6398	1	6639
1470	3	1336
5988	0	5979
6891	0	6851
8827	0	8818
9139	0	9104
3483	0	3475
6038	3	870
2887	0	2699
1903	0	1879
9797	3	9842
741	0	708
4526	1	4620
454	0	711
3397	3	3410
9388	0	9362
4485	0	4332
3549	2	3550
8293	0	8240
6874	0	6851
9122	0	9104
2992	0	2699
303	3	442
2949	1	3133
459	0	706
925	0	917
9460	3	9715
9787	3	911
2870	0	2699
1886	0	1879
9786	2	3278
6453	1	6694
8165	2	1972
1396	0	1359
9285	0	9194
5744	3	5795
8276	0	8240
6857	0	6851
9327	0	9318
4499	0	4492
4104	3	4253
2975	0	2699
9020	1	9043
2358	3	556
2443	0	2438
8907	3	8931
1862	2	4275
4009	0	4002
5152	4	5029
5801	3	5803
9608	0	9588
2958	0	2699
8487	0	8480
9277	0	9194
303	3	576
2922	1	3041
2612	1	2611
3169	0	3164
9591	0	9588
4860	0	4837
2751	0	2739
10761	3	93
7047	4	7040
3320	0	3300
10263	1	10296
4146	3	175
851	0	837
9065	2	10416
8968	0	8939
7322	3	2135
8236	3	4826
10708	1	10741
2412	0	2355
1434	1	1433
10169	1	10168
4830	2	4898
4843	0	4837
10712	0	10686
2113	2	9061
210	0	178
1858	2	10066
2958	1	3058
10363	2	3679
8951	0	8939
5724	0	5714
1720	0	1359
9798	3	1093
5686	4	5687
5903	0	5901
9821	0	9717
4733	3	874
3497	4	3477
5105	0	5029
8383	3	577
2378	0	2355
1703	0	1359
4946	1	4960
8916	0	8911
3985	3	4044
10061	3	2097
10437	3	280
3741	4	3504
875	0	876
4576	0	4332
6904	0	6855
10816	0	10810
5715	3	447
3480	4	3477
39	1	83
1686	0	1359
1695	1	1776
3981	1	3983
3724	4	3504
10994	1	10993
484	0	303
4559	0	4332
10878	4	10761
6887	0	6855
6052	3	140
5588	4	5523
7337	0	7322
3764	1	3794
7172	2	1356
10983	4	10761
3606	0	3504
5940	0	5925
467	0	303
10760	0	10761
4542	0	4332
8694	1	8703
4733	3	4741
9065	2	3679
565	2	4969
6249	3	9409
7272	0	7273
5468	2	5488
5926	2	4046
1842	2	5484
10013	0	9999
10440	3	1842
5006	1	5016
2466	0	2462
2159	1	2187
4851	0	4835
874	2	8505
10434	3	2294
10831	0	10761
3498	0	3475
4733	3	1842
9743	1	9772
1882	3	2109
6929	0	6853
2892	1	3027
10814	0	10761
7895	1	8062
6052	2	1496
2198	3	1841
1915	0	1884
9275	1	9274
9801	3	3677
7104	0	7092
9957	0	9947
4336	1	4355
5704	4	5705
2675	4	2355
9823	0	9787
9460	3	9796
1528	0	1508
4786	1	4822
8410	0	8481
3180	2	3256
8244	3	8371
1898	0	1884
8596	0	8597
4296	1	4302
7083	4	7041
1409	4	1359
7172	2	1974
584	2	10418
4904	3	531
2495	0	2496
4777	0	4755
8288	0	8245
616	1	615
2930	1	3122
10702	0	177
723	0	707
3559	3	292
5387	0	5173
1476	0	1471
9815	0	9787
1364	1	1363
4576	0	4495
8445	0	8437
8173	0	8153
9607	1	9665
8271	0	8245
10768	0	10759
1865	0	1359
4297	0	4282
9606	0	9588
10509	0	10460
4973	1	4975
4853	0	4831
9634	0	9460
7290	0	7174
9333	0	177
7182	0	7179
4559	0	4495
3180	2	3390
2051	0	1882
5716	3	3094
8254	0	8245
2523	0	2355
6419	0	6344
10575	3	4721
10492	0	10460
3430	0	3397
4835	3	1843
834	3	277
8175	1	8210
7394	0	7322
9617	0	9460
10266	0	10234
4542	0	4495
8918	1	8936
9362	2	9404
1917	0	1880
10437	3	577
6402	0	6344
10475	0	10460
2196	3	297
7377	0	7322
8238	3	447
2197	3	1489
10614	3	1093
10582	1	10598
10249	0	10234
2318	0	2305
1195	3	1346
1900	0	1880
2052	0	2047
5345	0	5173
7482	0	7322
9705	0	9460
9107	3	4726
8478	1	8495
4340	0	4332
9119	0	9105
1149	0	969
4513	0	4493
192	0	177
8216	2	1863
7934	0	7322
330	0	301
7465	0	7322
761	0	711
11010	0	10761
4280	3	4283
5991	0	5982
4011	1	4035
4099	0	4070
1359	3	1093
4496	0	4493
8942	1	8975
4843	1	4873
10364	3	585
8438	3	585
9515	0	9457
9060	3	577
7926	1	8092
7448	0	7322
4529	1	4623
4785	0	4753
6852	1	6945
9432	0	9428
8404	3	8509
8671	4	8619
6877	0	6854
2293	2	10066
10320	0	10234
2985	1	3081
1115	0	969
709	0	303
1208	0	1194
749	0	706
3432	0	3393
9498	0	9457
4175	3	445
2361	0	2355
1894	0	1359
4584	0	4493
4104	3	175
928	1	950
6860	0	6854
2676	4	2579
9330	0	9321
5009	0	5005
1191	0	1194
732	0	706
4145	0	4104
7073	1	7074
9739	0	9725
3415	0	3393
9481	0	9457
3228	2	3262
5174	0	5176
3167	3	811
1692	0	10460
2926	0	2698
8532	3	8541
10614	3	6249
675	0	303
10439	3	1862
965	3	1090
10968	0	10761
4760	0	4753
9464	0	9457
368	4	299
8948	0	8940
10761	3	1492
724	0	706
4939	0	4940
2909	0	2698
6510	1	6751
2268	0	2264
9753	0	9717
303	3	820
10385	0	10366
1565	1	1570
4111	0	4104
10266	1	10299
9460	3	3677
1013	0	966
2196	3	2204
10711	1	10744
5554	4	5523
2892	0	2698
6156	0	6038
2763	0	2739
9434	0	9424
8298	0	8239
6269	2	10417
9127	0	9103
3682	4	3504
4492	3	2206
3186	1	3205
6581	0	6344
464	0	705
9724	0	9715
7180	3	1095
1681	3	1341
1878	3	276
8945	1	8978
2873	1	3016
7876	1	8051
5541	0	5523
9110	0	9103
2980	0	2698
6564	0	6344
3244	0	3228
4519	1	4614
3167	3	140
7125	0	7094
8807	1	8806
2355	3	565
5937	0	5926
3481	0	3475
5545	1	5544
7277	1	7280
10636	0	10614
1501	3	96
1216	0	1192
9480	0	9458
4829	3	169
6547	0	6344
4746	3	3173
4104	3	4176
418	3	816
966	3	447
9423	0	9426
2007	2	4251
4146	3	1842
7179	3	444
9463	0	9458
10584	0	10577
5901	3	4041
6018	3	818
8619	4	8620
9071	0	9060
7732	0	7322
215	0	177
1862	2	5487
9999	3	172
2641	4	2355
839	0	836
6249	3	6270
3543	0	10234
5805	2	2826
4016	0	3988
2769	0	2699
198	0	177
5747	2	4046
10394	1	10414
9714	2	2828
2056	0	1359
983	1	1043
1440	1	1439
10614	3	585
715	0	704
9425	3	295
345	0	301
3580	0	3502
5437	4	5176
4736	3	4750
6162	1	6180
8243	3	873
6056	0	6052
4178	0	4175
8219	0	8217
8818	3	551
2857	0	2699
9600	0	9460
7172	3	1555
7233	3	444
2815	2	2429
5420	4	5176
9819	0	9717
7453	1	7650
8403	0	8437
1473	0	1472
6213	0	6038
456	0	707
2501	1	2540
5707	4	5708
6246	3	579
3178	3	277
4789	1	4825
5412	4	5176
740	1	793
7168	3	580
1507	3	2254
416	0	301
5230	4	5173
2231	0	1507
6196	0	6038
8299	0	8238
5502	2	4098
579	2	6267
7917	0	7322
3757	1	3788
10628	1	10662
2214	0	1507
8282	0	8238
10446	0	10434
3827	4	3504
2259	3	169
7193	0	7172
10478	1	10533
10761	2	11147
714	0	705
3241	1	3247
370	0	299
10628	0	6249
5301	4	5173
8359	1	8364
5631	1	5629
5903	1	5913
837	3	280
149	0	146
3606	0	3561
8253	0	8236
5179	4	5173
2048	3	2090
4432	2	1356
1754	0	1681
3241	0	3180
3398	0	3393
6891	0	6855
8480	2	1543
9139	0	9108
10437	3	821
658	0	303
6038	3	874
4159	1	4172
10585	1	10601
2704	0	2696
10438	2	10456
8382	3	138
9388	0	9366
3862	0	3502
9059	0	10363
8293	0	8244
6874	0	6855
5227	1	5226
9122	0	9108
5539	0	5523
3780	0	3504
459	0	710
9460	3	9719
9495	0	9458
4832	3	584
9321	3	9358
2699	2	1356
2698	3	1550
8410	0	8404
7247	0	7172
8276	0	8244
6857	0	6855
2875	0	2698
1891	0	1878
2265	0	2259
4846	1	4876
167	2	3160
1745	1	1821
7860	0	7322
11085	1	11101
9518	0	9460
9478	0	9458
622	1	621
8655	0	8620
4532	1	4626
2381	0	2358
10759	3	585
2858	0	2698
5505	1	5512
7081	4	7041
9310	3	171
4291	3	88
3634	1	3749
3435	0	3396
2047	3	2112
10761	2	10826
4450	0	4433
1192	3	272
10974	1	10973
10362	3	2205
5385	0	5173
6038	2	2826
5492	0	5490
836	3	292
8239	3	8355
9141	0	9104
8621	0	8620
9460	3	1343
7835	0	7322
5621	1	5620
1259	0	1195
9108	3	583
1359	3	1471
9996	3	10057
1697	0	1681
9331	0	177
4832	3	2007
10810	2	10828
1470	3	1958
7370	1	7568
96	2	4909
5724	0	5718
9124	0	9104
11073	1	11072
4518	0	4492
8940	3	447
2736	3	450
2856	1	3150
143	3	174
6513	1	6754
7090	0	7042
565	2	3550
10010	0	177
4189	0	4176
9103	3	2035
10714	1	10747
4501	0	4492
5836	0	5805
2977	0	2699
1254	1	1323
4215	0	4146
10367	2	446
9321	3	177
1511	3	277
999	0	969
8480	2	1356
5819	0	5805
754	0	705
10176	4	10102
299	2	2712
3552	2	5025
557	2	5788
9424	3	96
4836	1	4867
42	0	1
9808	0	9460
4728	3	3811
1680	3	1332
6385	1	6626
737	0	705
4522	1	4617
4970	3	171
2022	0	1359
9785	0	9787
7094	3	447
8970	0	8939
8484	0	8404
2432	2	2429
25	0	1
7910	1	8076
4832	2	4898
7089	4	7039
10142	4	10102
8953	0	8939
9107	2	3218
5592	0	5524
834	3	818
7053	0	7037
1680	3	527
1842	2	5488
7858	1	8039
5502	3	2256
1517	0	2209
10441	0	10439
1018	0	965
5575	0	5524
1120	4	969
4295	0	4290
3997	1	4066
2843	1	3002
8740	1	8741
9610	1	9668
8959	0	8941
1001	0	965
709	0	710
5457	3	87
10192	0	10187
5378	4	5176
10491	1	10545
140	2	7224
695	1	694
10001	0	9998
2699	3	2817
6917	0	6344
9107	3	3173
576	2	10456
10366	3	279
177	3	1862
10250	1	10283
2894	1	3109
8225	0	8215
9308	4	9296
7211	0	6249
5942	0	5925
8783	0	8620
10367	2	2353
10771	1	10795
9823	0	9791
1906	0	1878
2355	3	138
2387	1	2404
9097	3	4041
5243	0	5176
3180	2	3260
4102	2	3261
8296	0	8239
5715	3	5741
9077	0	7212
8382	3	1858
7075	4	7039
1470	2	1495
10318	1	10342
10331	1	10354
9281	1	9280
9102	3	279
6255	0	6248
9203	4	9194
10443	0	10435
1516	0	1507
3178	3	171
8164	2	1972
6249	3	582
4853	0	4835
319	0	299
8966	1	8999
8381	3	86
9785	1	9825
10436	3	2294
9865	0	9460
9790	2	9847
3760	1	3791
8971	1	9005
10433	3	3091
3303	3	818
4282	3	273
8486	0	8480
1916	0	1470
3859	1	3923
9959	0	9947
10921	0	10761
10481	1	10536
3167	3	1486
6061	0	6051
5649	0	5524
534	2	8506
2294	2	3551
3418	0	3396
1195	3	1350
10200	0	10185
4076	1	4088
7214	0	7212
5906	1	5916
1908	0	1470
8290	0	8245
6351	1	6361
2057	0	2046
192	0	181
5632	0	5524
303	3	556
4112	0	4254
478	0	703
2047	3	583
5005	3	280
8919	0	5719
8273	0	8245
2146	1	2174
568	2	3160
1398	0	1359
5475	0	5466
8404	3	2097
1562	3	1572
9730	1	9759
749	0	710
10577	3	4721
2960	0	2699
2312	0	2306
2374	1	2390
5747	3	140
10439	3	577
1359	3	292
1748	1	1824
1735	1	1812
3500	0	3504
732	0	710
3173	2	4275
1364	0	1359
1862	2	9061
3429	1	3459
9804	3	169
6865	0	6853
2943	0	2699
7798	1	8117
4146	3	3672
8532	3	8545
5405	0	5176
1469	0	1359
2046	3	282
764	1	809
2736	2	2429
368	4	303
10813	0	10809
4342	0	4332
10666	0	10664
8601	1	8610
8556	1	8562
724	0	710
9065	3	1841
8295	1	8350
1452	0	1359
9753	0	9721
744	0	418
5747	3	274
4830	3	295
1125	1	1124
2264	3	1965
4282	3	86
3426	0	3394
845	0	834
834	3	444
6038	3	447
2816	2	9064
9434	0	9428
8298	0	8243
10322	0	10234
9127	0	9107
9806	0	9717
877	0	876
3311	0	3302
9724	0	9719
8188	0	8167
6516	1	6757
9791	2	3281
3989	3	3173
1007	1	1067
9110	0	9107
9798	3	4724
9379	0	6249
8362	0	7174
2218	0	1507
11083	0	10761
2468	0	2355
9218	4	9194
8552	3	8569
9115	0	9102
7250	0	7237
5073	0	5029
6905	1	6995
3502	3	540
8180	0	8167
2113	2	2088
3394	3	1484
6900	0	6344
8620	3	169
2205	2	10418
279	2	10418
8269	0	8238
723	1	778
177	3	1488
3232	0	3227
3772	0	5901
7069	4	7040
9205	0	9194
3561	3	2097
5161	0	5029
6883	0	6344
8482	2	1863
8897	0	8842
7456	1	7653
4292	0	4291
9588	3	9704
7913	1	8079
8444	0	8437
4516	1	4610
215	0	181
8438	3	2041
4769	1	4805
7233	3	4286
9326	0	9318
5935	0	5747
2744	0	2737
8279	0	8218
198	0	181
1880	3	1556
4008	0	4002
3161	3	171
3502	3	1963
4836	0	4835
715	0	708
4862	0	4832
5799	2	3282
8262	0	8218
7363	1	7562
3991	0	4002
720	0	703
3767	0	3504
3168	0	3164
1673	0	1675
759	0	704
10381	0	10363
3645	0	3504
5379	1	5378
1561	1	1567
1575	3	541
7751	0	7322
3397	3	1861
10831	1	10830
2097	2	4275
10711	0	10686
7088	0	7042
876	2	910
473	0	708
10698	1	10731
3489	0	3477
760	0	711
3637	0	3504
2355	3	2476
7734	0	7322
2208	0	2212
10061	2	10066
1597	0	1359
10694	0	10686
8447	0	8437
11126	1	11146
7172	3	7170
4754	1	4792
6017	1	6029
2643	4	2355
8299	0	8242
6880	0	6853
4900	1	4906
7277	0	7276
743	0	711
4980	3	526
8597	3	8615
3599	0	3502
3267	1	3272
8256	0	8245
10894	4	10761
4587	0	4492
7075	4	6344
8282	0	8242
6863	0	6853
10446	0	10438
5714	3	447
7822	0	7322
1195	3	171
2259	3	173
1359	3	1662
2859	1	3100
2095	2	2429
3502	3	1642
9329	0	9321
4070	3	3811
4558	0	4332
2508	0	2355
1359	3	2012
6250	3	3331
4861	0	4833
7805	0	7322
602	1	601
8218	3	8373
10580	0	10574
10860	4	10761
167	2	8507
4844	0	4833
3398	0	3397
2534	0	2496
9748	0	9726
10366	3	2296
3305	0	3300
2596	0	2355
1921	0	1359
6934	0	6853
3614	1	3726
4911	1	4912
9886	0	9850
986	0	969
1511	3	818
10630	1	10653
9594	1	9652
4012	0	3985
10687	3	558
9097	3	9091
2517	0	2496
8482	3	2035
9130	0	9102
10475	1	10529
679	1	678
9059	0	10367
4102	3	807
9869	0	9850
9021	0	6249
9720	2	3257
5799	3	3670
9823	0	9714
9460	3	9723
3995	0	3985
6158	1	6177
2698	3	1554
8239	3	870
8855	1	8880
2149	1	2177
4904	3	4430
4176	3	2104
1891	0	1882
4289	1	4300
5320	4	5173
9092	3	1094
8281	0	8243
1359	3	1341
2355	3	1350
9815	0	9714
8531	0	8532
9733	1	9762
2291	2	6264
7300	0	7172
8265	1	8320
1842	2	9062
4569	0	4493
8264	0	8243
6592	1	6833
4753	3	4826
9791	2	3257
10614	3	10685
9265	1	9264
5286	4	5173
1650	3	174
4147	3	2688
4552	0	4493
3432	1	3462
8247	0	8243
10439	3	821
6388	1	6629
3091	2	3390
9366	3	280
3895	0	3504
9097	3	2004
9364	3	9412
4438	0	4432
4904	3	4914
8481	3	169
4535	0	4493
3782	0	3504
7879	0	7322
10508	0	10460
3308	0	3303
5273	0	5173
7410	0	7322
2686	4	2649
6464	1	6705
3559	3	1642
6916	0	6854
7249	0	7172
9960	0	8382
748	0	303
1178	4	969
2877	0	2698
5940	0	5799
3765	0	3504
1991	1	1997
7862	0	7322
2748	1	2785
10491	0	10460
4175	3	4210
4439	1	4458
4104	3	557
145	0	143
7393	0	7322
7047	4	177
9112	0	9103
2982	0	2698
2383	0	2358
6899	0	6854
3870	0	3504
731	0	303
9809	0	9720
9708	1	9711
1854	0	1853
4147	3	139
3601	1	3712
5984	0	5980
7376	0	7322
2965	0	2698
2317	0	2305
1010	1	1070
7110	0	7094
2296	2	4275
7481	0	7322
7061	0	7041
9424	3	450
3393	3	3411
4736	3	1347
7359	0	7322
9060	3	4826
2948	0	2698
1201	0	1192
10253	1	10286
742	0	704
1001	1	1060
455	0	707
8215	2	1863
7093	0	7094
7464	0	7322
10159	1	10158
4405	0	4391
3641	1	3720
10892	4	10761
1136	4	969
726	1	781
9323	0	9319
9101	0	9105
1131	0	969
8918	0	8906
7053	0	7041
6515	0	6344
1680	3	531
5466	3	1842
10997	4	10761
2099	2	2091
717	1	771
1018	0	969
2049	3	1842
8171	0	8165
2475	0	2477
10432	3	1860
4121	0	4102
8438	3	4379
5092	4	5029
8239	3	817
174	2	5484
6038	3	5497
717	0	704
450	2	4275
1001	0	969
8154	0	8165
9364	2	9404
223	0	179
9746	0	9715
10378	0	10364
9587	1	9646
4436	0	4332
10963	4	10761
8951	1	8985
10708	0	10687
206	0	179
9129	1	9168
9998	3	1092
4727	1	4730
6249	2	6266
5448	4	5173
1359	3	1638
8947	0	8940
1654	0	1501
7815	1	8150
10573	2	3551
9823	0	9795
9517	1	9581
10691	0	10687
9092	3	9096
189	0	179
5005	3	2110
2681	4	2611
6050	0	6038
7210	3	818
4736	3	1965
140	2	3390
8237	3	870
1878	3	1492
7118	0	7092
7074	4	7039
8906	3	4206
7728	1	7941
2262	3	2294
6911	1	7001
9824	0	9802
10701	1	10734
10443	0	10439
10669	0	10614
9881	0	9460
1516	0	1511
5007	3	5005
2216	0	1507
6249	3	586
4256	2	4273
5418	0	5173
319	0	303
10061	3	174
9091	3	534
8756	1	8757
345	1	346
9807	0	9802
2210	3	2257
310	1	309
9864	0	9460
2620	1	2619
3397	3	3394
424	0	303
6246	2	1356
5720	3	5716
5375	0	5176
5985	0	5979
5268	1	5269
5936	0	5926
2262	3	1489
4774	0	4755
4755	3	447
10635	0	10614
4509	1	4604
10437	3	585
10438	3	3090
10362	2	5798
407	0	303
8797	1	8796
4762	0	4753
2065	0	1882
3611	0	3502
4009	0	3986
5309	1	5308
390	0	303
5468	3	2097
374	4	301
5341	0	5176
8243	3	450
5747	3	2104
1359	3	2256
10436	3	1843
2306	3	1092
2012	2	1863
9070	0	9060
2461	1	2459
1878	3	821
303	3	560
5269	4	5173
10716	0	10685
214	0	177
4178	0	4102
478	0	707
357	4	301
5333	0	5176
10633	1	10656
2382	0	2375
836	3	272
2035	2	5484
8585	1	8592
4015	0	3988
1163	0	969
9424	3	531
9423	1	9442
6870	0	6344
1524	0	1509
3396	3	3406
8595	3	2044
1884	3	1556
3645	0	3561
8292	0	8236
4257	1	4266
3884	1	3946
8678	3	554
5465	3	1862
2296	2	3551
3420	0	3396
2743	0	2699
8552	2	913
760	0	418
8438	3	138
2294	2	6267
9811	0	9788
3300	2	3325
5306	4	5176
8275	0	8236
310	0	301
1506	3	1551
5905	0	5747
3637	0	3561
2206	2	2429
5490	3	4430
8678	3	1843
599	4	303
9469	0	9460
2274	0	1359
743	0	418
6099	0	6038
8552	2	8618
9753	0	9725
399	4	299
328	1	327
7286	0	7175
2009	3	2035
8258	0	8236
3435	1	3465
10709	0	10614
4779	1	4815
10664	2	3257
4476	0	4472
5975	2	3548
142	0	144
3599	0	3559
6082	0	6038
10761	3	6172
382	4	299
4540	1	4634
5897	0	5747
9144	0	9108
9741	0	9720
3230	2	3257
285	1	290
7783	1	7983
2966	1	3064
8694	0	8620
2476	3	563
299	2	2826
7192	0	7172
10022	1	10050
6467	1	6708
7193	0	7233
3191	1	3208
5880	0	5747
10623	1	10647
4485	1	4488
2314	0	2306
5568	4	5523
1896	0	1881
3846	1	3910
1994	1	2000
2751	1	2788
4442	1	4461
10468	1	10523
8552	3	8573
7891	0	7322
5887	4	5747
1753	0	1681
8967	0	8911
9102	2	3337
5799	2	1863
9822	0	9791
917	3	961
3394	3	1488
9801	3	2372
8269	0	8242
177	3	1492
5431	4	5173
1736	0	1681
8950	0	8911
4104	3	2090
9805	0	9791
2477	3	169
9387	0	9366
9425	3	169
7212	3	172
1204	0	1195
8181	1	8197
745	0	707
1866	1	1872
5414	4	5173
3428	0	3394
1880	3	271
9494	0	9458
8834	3	169
444	2	3548
2002	2	8155
8381	3	871
8244	3	8355
8650	4	8620
10766	0	5979
2578	2	4275
728	0	707
5296	0	5173
9735	0	9726
9477	0	9458
1525	0	1508
3161	3	175
760	1	806
8944	0	8941
8218	3	4726
10758	0	5979
8238	3	297
5717	0	5716
3893	0	3504
720	0	707
2905	0	2699
1521	1	1539
5823	0	5747
5491	0	5490
10060	0	4146
10381	0	10367
1471	3	172
6902	0	6344
4294	0	4282
9331	1	9350
4023	1	4048
8913	1	8925
5550	4	5524
364	1	363
10964	1	10963
10386	0	10362
4850	0	4831
2714	1	2732
4733	3	8510
2888	0	2699
9804	2	3278
9330	0	177
5451	4	5176
5745	1	5770
9430	0	9425
6885	0	6344
6416	0	6344
10614	3	138
2046	3	583
747	0	703
10369	0	10362
460	0	706
4231	0	4146
9614	0	9460
8184	0	8164
9787	2	3278
7172	3	7174
8218	3	8243
419	0	418
10383	0	9065
6868	0	6344
2988	1	3084
6249	3	1635
8240	3	873
9785	0	9714
6399	0	6344
890	1	906
2976	0	2699
8237	3	175
3240	0	3229
6503	1	6744
1892	1	1931
1882	3	1556
1470	3	275
3501	3	269
7074	4	6344
2938	1	3128
1897	0	1880
8176	0	8164
1195	3	175
5818	0	5805
2480	0	2476
10435	3	3091
2292	2	8155
10151	0	10102
9881	1	9929
87	2	3216
4743	3	1336
2264	3	172
41	0	1
2769	0	2736
4861	0	4837
5724	1	5734
705	3	816
7065	4	7037
10023	0	9998
10580	0	10578
10064	0	10061
1129	0	969
10202	0	10185
9366	3	2110
8438	3	1858
6353	0	6342
4844	0	4837
4512	1	4607
211	0	178
10006	0	9998
5184	4	5176
297	2	4909
835	0	837
2761	0	2736
9245	1	9244
3504	3	1861
702	0	708
1591	0	1575
3559	3	89
5289	4	5176
8360	1	8379
4012	0	3989
9097	3	9095
194	0	178
1841	2	5488
6064	1	6077
7216	0	6249
5612	1	5703
4191	0	4176
8449	0	8404
9460	3	2372
3589	1	3740
1574	0	1575
2722	1	2730
3504	2	3679
5272	4	5176
3995	0	3989
2291	2	10456
8811	4	8774
7346	0	7322
4174	0	4176
5926	3	5975
5932	1	5955
9475	1	9538
8289	0	8237
3553	2	5021
9376	1	9396
7120	1	7153
4332	3	1664
3300	3	277
7084	0	7039
1589	1	1617
7721	1	7935
10582	0	10574
5941	0	5925
2696	3	86
10862	4	10761
2691	3	2693
10781	0	5979
6543	1	6784
1647	1	1656
9366	2	1968
1905	0	1878
3334	2	3216
7321	0	7322
7168	3	7167
8295	0	8239
5714	3	5741
3394	3	175
10486	1	10539
9362	3	2205
887	1	903
7161	2	1351
418	3	450
5688	4	5595
6254	0	6248
8278	0	8239
8911	3	9011
4502	1	4598
2739	2	2819
1437	0	1359
7038	0	7037
4753	2	1356
2097	2	1543
2062	0	2046
1003	0	965
4154	0	4147
5560	0	5524
4114	1	4134
4857	1	4887
4746	3	2002
1862	2	2088
107	0	1
9112	0	9107
4506	0	4495
6038	3	6172
4332	3	4376
3180	3	1963
1427	4	1359
5747	3	872
4398	0	4332
9105	3	583
9958	0	9947
7786	1	7986
8281	1	8336
5067	1	5066
8818	3	1340
5799	2	1973
4017	1	4049
271	2	7159
90	0	1
7826	1	8018
10626	1	10650
9793	2	3257
3611	0	3559
9059	1	9066
3849	1	3913
10471	1	10526
4778	0	4755
5535	0	5524
1878	2	1966
742	0	708
9097	3	1337
455	0	711
2766	0	2699
5143	1	5142
2273	0	2262
6203	1	6227
177	3	447
9102	3	2113
1393	4	1359
1193	1	1263
2695	0	177
1908	0	1881
4577	0	4495
2871	0	2699
9520	1	9584
4147	3	277
11040	1	11039
2749	0	2699
5434	4	5176
1647	0	1648
4560	0	4495
2854	0	2699
8171	0	8169
1687	0	1680
1192	3	93
8184	1	8200
7863	1	8042
3516	0	3504
1500	1	1503
8865	0	8842
174	2	5488
9311	3	167
4864	0	4832
9894	1	9941
2837	0	2699
8154	0	8169
9746	0	9719
7500	0	7322
6302	1	6335
9707	3	169
6579	1	6820
5136	4	5029
5452	1	5450
8848	0	8842
9261	0	9194
3559	3	3553
10593	1	10609
7043	4	7042
7483	0	7322
4322	1	4321
9719	2	3281
1359	3	1642
9108	3	4726
6375	1	6616
9120	0	9105
2259	3	1092
1758	0	1680
8217	2	1863
4228	0	4147
5725	0	5714
7466	0	7322
5502	2	3277
9799	3	1093
4185	0	4177
2097	2	9061
2263	3	1965
2272	0	2263
176	0	177
7168	2	446
1741	0	1680
9227	0	9194
552	2	5025
3500	1	3520
10367	2	10416
8173	0	8165
1209	0	1194
10625	0	6249
4332	3	2095
3219	2	3215
5094	4	5029
272	2	10416
2362	0	2355
1687	0	1359
2463	4	2355
2991	1	3087
5010	0	5005
1895	1	1934
9482	0	9457
9378	0	6249
662	1	661
8412	0	8480
1257	0	1192
208	0	179
3708	4	3504
1410	1	1409
7088	1	7087
4543	0	4332
9361	0	6249
8949	0	8940
8762	1	8763
3989	3	1490
1513	0	1507
5926	2	3282
1653	0	1359
3231	0	3227
3576	1	3694
2772	0	2739
9318	3	9358
3691	4	3504
2851	1	3005
8438	3	813
4526	0	4332
713	1	768
10764	0	5979
1359	3	2260
1014	0	966
2221	1	2242
3700	4	3504
2047	3	2096
4855	0	4830
5805	2	4046
3187	0	3180
4746	3	1494
3573	0	3504
214	0	181
478	0	711
3289	1	3296
4509	0	4332
9604	0	9588
2355	3	175
2372	2	5026
997	0	966
3683	4	3504
3997	0	3985
8253	1	8309
8954	0	8911
5538	4	5523
2860	1	3149
6299	1	6332
9804	3	9842
2311	1	2334
6942	0	6855
5030	0	5029
4759	1	4795
2747	0	2739
1919	0	1879
3565	0	3504
426	0	303
10366	3	450
8221	0	8216
8441	0	7174
5938	0	5926
6925	0	6855
4728	3	278
7273	3	2814
9014	3	450
1902	0	1879
9116	1	9155
10364	2	5798
3334	2	3326
3396	3	3410
7212	2	4275
4830	3	169
2652	0	2355
9301	0	9194
8292	0	8240
2981	1	3078
1713	1	1795
4515	0	4492
7123	1	7156
6908	0	6855
4332	3	1558
10234	3	526
924	0	917
1885	0	1879
585	2	10418
5369	1	5368
1592	1	1620
7071	4	7040
3344	0	3300
10761	3	565
9060	3	2578
6251	0	6249
5178	1	5179
6896	0	6853
8275	0	8240
1506	3	1555
2698	3	3091
2974	0	2699
1512	0	1508
10366	3	584
4290	3	279
2852	1	3098
216	0	177
6249	3	7169
8471	3	565
7172	3	7231
6879	0	6853
8258	0	8240
9607	0	9588
8245	3	575
1488	2	4275
10489	1	10542
480	0	303
4733	3	1346
7276	3	963
10761	3	6176
9376	0	9364
4586	0	4492
8428	1	8433
3881	1	3942
4281	0	4282
2625	4	2355
6862	0	6853
10778	1	10802
9590	0	9588
10493	0	10460
4505	1	4601
5258	0	5173
3230	2	3261
4736	3	172
4186	0	4104
6927	0	6851
2507	0	2355
10663	0	10664
6057	0	6052
4829	2	4898
2470	0	2462
10476	0	10460
2065	0	2049
3414	0	3397
1337	2	4273
2697	0	2698
5241	0	5173
6022	3	280
4117	1	4137
833	0	837
4860	1	4890
8239	3	447
9717	3	3677
5121	0	5029
3855	0	3504
5902	0	5901
592	1	591
299	3	557
10459	0	10460
891	0	876
7464	1	7661
1474	0	1472
9822	0	9795
3841	1	3838
8284	1	8339
10233	0	10234
5329	0	5173
3502	2	3679
1882	3	2097
10446	1	10454
6369	0	6344
7219	1	7229
388	1	387
7344	0	7322
8162	2	8160
6197	0	6038
9805	0	9795
1359	3	2207
2469	4	2462
7918	0	7322
466	0	704
932	0	915
7449	0	7322
745	0	711
6019	3	272
4904	3	169
5214	4	5173
7211	0	7172
5502	3	280
181	3	275
7247	0	7237
96	2	3551
8404	3	174
689	4	303
7161	2	1863
9065	3	2817
7432	0	7322
728	0	711
11043	1	11042
5454	3	3671
9707	3	279
6527	1	6768
7194	0	7172
5197	4	5173
1894	0	1884
3888	0	3502
3416	0	3393
3986	3	2004
4159	0	4146
672	4	303
2863	1	3010
4941	3	1348
7866	1	8045
5174	1	5172
7415	0	7322
5302	4	5173
7069	4	177
1648	3	1662
7177	0	7172
720	0	711
1346	2	5487
8816	4	8802
3399	0	3393
9465	0	9457
441	2	9404
2256	2	10610
4146	3	2688
10364	2	2712
3880	0	3502
5896	3	139
659	0	303
10386	0	10366
4850	0	4835
3570	1	3647
10439	2	10456
3422	1	3452
3863	0	3502
10364	2	10417
2893	0	2698
3781	0	3504
747	0	707
642	0	303
10369	0	10366
460	0	710
1721	0	1681
10935	0	10761
3307	0	3303
5576	1	5577
284	3	1842
3300	3	818
821	2	3216
8411	0	8404
1913	0	1880
4838	0	4830
10383	0	9069
3846	0	3502
2876	0	2698
7103	0	7092
6460	0	6344
10709	0	177
1879	3	276
5051	1	5050
625	0	303
10009	1	10037
4432	3	870
3245	0	3228
9403	2	9404
1897	0	1884
730	0	303
5403	0	5173
6196	1	6221
2859	0	2698
4332	3	4433
1501	3	271
8287	0	8245
10637	0	10614
8265	0	8239
2716	1	2723
2964	0	2698
10363	3	2205
1475	0	1471
2842	0	2698
705	3	820
7065	4	7041
7109	0	7094
8488	0	8481
8603	0	8552
11006	0	10761
5947	1	5969
8270	0	8245
8244	3	817
10620	0	10614
1123	1	1121
8853	0	8841
5468	2	296
2947	0	2698
8177	1	8194
10585	0	10577
10364	3	1862
6531	0	6344
8440	0	8438
5369	0	5173
8586	0	8552
10686	3	1492
4404	0	4391
4743	3	535
1359	3	276
3514	0	3504
1882	3	2044
4914	3	585
1476	1	1497
3234	0	3230
6514	0	6344
5445	1	5444
10149	1	10148
5465	3	1842
6038	3	297
10708	0	10614
10574	3	172
10385	0	9065
2224	1	2245
199	0	177
10394	0	10364
4176	3	4206
6249	2	3160
2057	0	1359
5010	1	5019
10691	0	10614
6602	0	6344
733	0	303
4000	0	3988
5454	2	5460
182	0	177
365	4	303
4762	1	4798
1918	0	1359
8909	1	8922
9809	0	9460
10707	0	10687
716	0	303
4702	3	175
9817	0	9800
2023	0	1359
4147	3	818
1901	0	1359
5091	1	5090
2476	3	543
1905	0	1882
9119	1	9158
10686	3	821
10992	0	10761
4152	0	4104
9108	3	9105
4784	0	4753
331	4	303
8295	0	8243
563	2	4275
5901	2	5922
2699	2	913
922	1	944
9108	2	3218
3501	3	86
2232	0	1507
7161	2	1355
335	0	303
5372	1	5371
37	1	79
2306	2	2353
1878	3	1553
4583	0	4493
10686	3	2110
4767	0	4753
8278	0	8243
5396	4	5176
9103	3	169
9475	0	9801
400	0	301
10593	0	10575
646	1	645
8244	3	280
2215	0	1507
11080	0	10761
8834	2	8838
5274	4	5176
8283	0	8238
2355	3	1842
6901	1	6991
302	4	301
4429	2	5021
4566	0	4493
3263	3	872
7340	1	7538
969	3	173
1394	1	1393
10438	3	1862
10193	0	10187
1671	0	1672
488	0	705
10576	0	10575
8746	1	8747
11063	0	10761
1600	1	1627
9014	3	4211
9717	3	1343
2267	1	2280
6038	3	6176
8165	3	1488
9108	3	3173
4840	0	4834
9366	3	6249
2093	2	2088
3505	0	3502
5362	4	5176
1346	2	6268
10437	3	3090
3322	0	3303
9069	3	169
10366	2	9062
10432	3	445
5180	4	5173
4146	3	86
6930	0	6854
10229	1	10231
420	3	441
4332	3	2286
9091	3	3173
2019	1	2032
4008	0	3986
5244	0	5176
5502	3	5517
333	4	299
5716	3	5741
8952	0	8911
10761	3	11092
3991	0	3986
5227	0	5176
7212	3	3669
4904	3	279
3573	0	3561
3517	0	177
9109	0	9103
3379	3	175
8691	0	8678
10395	0	10363
10761	3	138
4391	3	4429
6145	4	6038
1706	1	1789
8535	1	8539
9439	0	9426
1464	4	1387
10686	2	3257
1508	2	1543
3191	0	3180
9866	0	9460
3565	0	3561
2699	2	2820
7322	3	86
8415	1	8425
7107	1	7140
8404	3	1573
8380	1	8388
8635	4	8620
8260	0	8244
4406	1	4425
170	2	4969
4104	3	2688
9462	0	9458
2199	1	2202
4451	0	4433
9746	0	9723
8291	0	8236
8438	3	2293
6530	1	6771
9751	0	9718
5650	0	5524
3419	0	3396
4434	0	4433
5747	3	1494
8274	0	8236
6138	1	6137
5808	0	5747
7068	1	7067
9734	0	9718
6919	1	7009
5475	1	5486
146	3	138
9468	0	9460
4113	0	4254
5725	0	5718
10762	1	10786
10442	0	10434
6912	0	6855
2697	0	177
821	2	3326
7819	0	7322
9426	3	579
9069	3	5459
9789	2	3278
176	0	181
9065	3	2256
8471	2	8506
2978	0	2699
7802	0	7322
8437	3	272
2856	0	2699
7079	4	7042
9516	0	9458
5681	4	5584
9801	2	2828
5419	4	5176
8693	0	8620
4333	1	4352
2699	3	280
7192	0	7233
2961	0	2699
1651	0	1501
8939	3	9010
7785	0	7322
2839	0	2699
7062	4	7042
585	2	5482
8268	1	8323
350	1	349
9380	0	9364
9460	3	9707
2944	0	2699
451	0	708
6199	1	6224
8479	3	2035
8239	3	4826
6195	0	6038
6250	3	2294
9363	0	9364
8914	0	8907
3562	1	3682
2927	0	2699
721	0	705
1470	3	873
10445	0	10434
9507	1	9571
1359	3	2264
5349	1	5348
5580	0	5523
9	0	1
10126	4	10102
5372	0	5176
7288	0	7172
1359	3	170
713	0	705
5750	1	5773
4860	0	4829
2817	2	9064
1599	1	1644
8514	0	8516
4323	4	4282
6878	1	6968
10362	2	1968
5158	1	5156
3997	0	3989
9742	0	9716
2688	2	2689
3312	0	3302
1002	0	965
4831	3	450
7235	3	821
5091	0	5029
141	2	7224
3988	3	4041
4843	0	4829
8595	3	174
2355	3	2407
985	0	965
10433	3	1843
284	2	6266
5457	2	5463
5943	0	5925
8245	3	445
9810	1	9832
968	0	965
9824	1	9848
7209	2	912
2006	2	5487
4831	3	584
4282	3	4286
729	1	784
6884	0	6344
3396	3	1670
1858	2	7159
10362	3	583
9103	3	279
7092	3	1862
1470	3	1491
4280	3	2100
3811	2	3218
586	2	6265
10367	3	6270
925	1	947
5936	0	5747
5981	0	5980
8263	0	8239
1881	3	1556
8620	3	2491
10434	3	3091
9069	3	279
7192	0	7180
2263	3	172
9107	3	583
9068	3	2096
5200	4	5176
6062	0	6051
8939	3	447
8482	2	8507
9729	0	9723
7215	0	7212
3285	1	3293
7086	0	6344
5468	3	174
9822	0	9799
836	3	93
3512	1	3529
2305	3	272
7212	3	4718
2226	0	2209
1882	3	2101
1470	3	820
9022	0	9014
8920	0	5719
4011	0	3989
1892	0	1470
2044	2	3218
9235	1	9234
9805	0	9799
10953	1	10954
2743	0	2736
6600	0	6344
2445	1	2455
5616	0	5524
297	2	6259
7077	0	7037
4954	0	4904
4728	3	95
1681	3	1841
9810	0	9794
8190	0	8166
6054	1	6067
10909	1	10907
181	3	279
10578	3	4721
10705	0	10687
280	2	6259
3504	3	3561
7060	0	7037
3502	3	97
7161	3	7165
8288	0	8237
5608	0	5524
9820	1	9841
835	1	853
733	0	710
2372	2	6266
2067	0	2049
3416	0	3397
9465	1	9528
3559	3	3667
3640	1	3716
6247	0	6246
2207	2	10417
8271	0	8237
4409	1	4428
8550	2	1356
7248	1	7267
716	0	710
1449	4	1359
3399	0	3397
2535	0	2496
9788	3	169
757	1	830
5747	3	5926
8254	0	8237
10235	0	10234
5598	4	5524
1508	3	295
534	2	6266
1842	2	10416
9754	0	9721
4921	1	4930
4174	1	4192
4013	0	3985
2518	0	2496
6043	1	6048
10191	0	10187
5581	4	5524
9022	0	6249
9721	2	3257
9737	0	9721
6922	1	7012
10111	0	10102
4755	3	4753
1470	2	1967
192	1	236
10323	0	10234
8224	1	8231
1913	0	1884
1195	3	1338
5007	3	2090
4838	0	4834
5744	3	3669
10129	1	10128
8189	0	8167
9792	2	3281
1879	3	280
7434	0	7322
6022	3	447
5896	3	277
4703	3	4716
1192	2	1354
303	3	544
9799	3	4724
2266	0	2260
5547	4	5524
10383	0	10362
8172	0	8167
1402	0	1359
9818	0	9792
4397	0	4332
10668	1	10677
7289	0	6249
8265	0	8243
4282	2	1863
9067	0	9060
10234	2	2429
4587	1	4675
8832	4	8818
6294	0	6250
8271	1	8326
5057	0	5029
4380	0	4332
7816	1	8008
8493	0	8480
10696	0	10685
4114	0	4104
7505	0	7322
7058	0	177
9090	0	9092
2435	0	2355
4439	0	4432
8482	3	169
3263	3	2352
9142	0	9105
1359	3	280
7170	3	2097
10234	3	1095
9739	0	9717
3228	2	3254
9290	4	9194
4146	3	277
5718	3	174
1521	0	1509
9510	1	9574
1248	0	1194
5941	0	5799
199	0	181
7036	4	7040
9800	3	169
7172	3	445
982	0	966
4863	0	4832
3243	1	3250
5753	1	5776
3594	1	3743
10199	0	10185
6881	1	6971
1231	0	1194
4185	0	4104
182	0	181
1367	4	1359
4445	1	4464
9256	4	9194
3992	0	4002
10234	3	3673
5714	3	138
8770	1	8771
10382	0	10363
4846	0	4832
287	0	181
3646	0	3504
8246	0	8218
11008	0	10761
7182	1	7185
2590	1	2589
272	2	9404
9817	0	9804
1680	3	141
764	0	706
5238	1	5239
1202	0	1192
10365	0	10363
3629	0	3504
9243	0	9194
4733	3	171
1239	1	1307
7890	1	8059
2328	0	2306
4406	0	4391
4477	1	4482
1742	1	1818
726	0	704
2355	3	557
2311	0	2306
3621	0	3504
10187	3	813
732	1	787
1893	0	1881
1581	0	1359
7055	0	7042
4831	2	1357
4122	0	4102
8283	0	8242
4970	3	1558
3604	0	3504
3197	0	3178
2765	0	2737
4702	3	663
1671	0	1676
4571	0	4492
8266	0	8242
5716	3	2578
5076	4	5029
4437	0	4332
1119	1	1118
1359	3	93
9186	3	528
207	0	179
10002	0	9999
3318	0	3302
4554	0	4492
2593	4	2355
4548	1	4640
8249	0	8242
177	2	446
420	3	445
9996	3	169
8428	0	8429
4332	3	2290
1400	1	1399
190	0	179
6935	0	6853
4525	0	4332
5502	3	5521
2475	0	2355
2740	0	2737
7772	0	7322
10511	1	10566
8187	0	8167
10808	0	10759
2580	0	2355
6918	0	6853
8236	3	553
3494	4	3475
9996	3	2397
821	2	10417
1522	0	1359
10395	0	10367
3996	0	3985
7755	0	7322
2229	0	2212
8218	3	172
11125	1	11154
9186	3	4045
4177	3	4209
2217	0	1507
8285	0	8238
6901	0	6853
2211	3	2257
7080	0	7040
425	0	303
2699	2	2824
2668	0	2355
8451	0	8437
4225	0	4104
6057	1	6070
8268	0	8238
8825	0	8818
7450	1	7647
10439	3	3090
5182	4	5173
9386	0	9362
8481	2	1863
8291	0	8240
6872	0	6851
8251	0	8238
8896	0	8842
2529	0	2355
4901	3	96
10364	2	2826
744	0	703
3612	0	3502
9751	0	9722
8443	0	8437
7046	0	7040
3343	0	3300
9369	0	9362
8274	0	8240
1359	3	1650
4837	3	4831
5359	1	5358
9734	0	9722
5519	2	10051
5270	4	5173
5468	3	1841
8244	3	447
4179	0	4102
10442	0	10438
5150	4	5029
7336	1	7535
3519	0	177
2058	0	2047
2120	1	2131
9487	1	9551
10718	0	10686
7250	0	7172
6943	0	6851
10364	3	1842
3766	0	3504
9589	0	9588
4858	0	4837
5621	0	5523
9748	0	9714
5257	0	5173
5358	4	5173
1587	1	1614
5997	0	5982
475	1	513
3871	0	3504
2406	0	2407
3396	3	1861
5924	0	5799
4282	2	1973
4841	0	4837
610	0	303
10710	0	10686
3301	0	3300
8293	0	8236
5722	0	5714
328	0	301
7216	0	7172
3854	0	3504
3181	1	3202
1718	0	1359
5704	4	5620
2844	0	2698
1195	2	1357
5762	0	5746
10693	0	10686
6060	1	6073
617	4	303
9487	0	9460
5223	0	5173
7360	0	7322
292	2	4251
7871	1	8048
10671	1	10680
8276	0	8236
4391	3	274
1904	0	1882
3393	3	1492
9336	0	9321
4104	3	277
7240	0	7235
6154	1	6153
1701	0	1359
5745	0	5746
4332	3	4681
6051	2	1356
6935	1	7025
9362	3	9410
3561	3	3671
9470	0	9460
1698	0	10460
2275	0	1359
10329	1	10352
7343	0	7322
2355	3	1338
9813	1	9835
8274	1	8329
4070	3	95
10814	0	10810
2932	0	2698
1887	0	1882
7819	1	8011
3820	0	3504
1245	0	1195
2319	1	2342
966	3	870
4746	3	563
1684	0	1359
2199	0	2198
8481	3	962
378	1	377
3722	4	3504
482	0	303
1	3	88
2258	0	1359
10876	4	10761
7326	0	7322
7288	0	7176
4945	0	4940
146	3	171
2915	0	2698
4860	0	4833
9092	3	277
6245	0	6246
9742	0	9720
465	0	303
4393	1	4412
8695	0	8620
1002	0	969
1103	4	969
3985	3	873
10234	3	1339
2534	1	2573
2898	0	2698
4843	0	4833
5442	0	5173
20	1	62
8404	3	585
1092	2	11152
8639	1	8638
1681	3	1093
985	0	969
3604	1	3705
4432	3	447
8177	0	8166
5721	0	5715
10438	3	1842
968	0	969
7875	0	7322
969	3	1092
3394	3	293
4924	0	4904
1737	0	1681
10011	0	9996
141	2	3390
10366	3	2097
10930	4	10761
10198	1	10219
5466	3	1346
10113	1	10112
1575	3	960
7835	1	8023
1879	3	1492
8383	3	1862
10368	0	10366
6051	2	1974
2666	0	2355
1991	0	1359
1511	3	1558
10861	1	10860
8690	0	8678
9790	3	3677
1242	1	1310
2699	3	447
7208	1	7220
10364	2	1968
2845	1	3144
4070	3	4096
7102	0	7092
9065	3	2207
5398	4	5173
10917	0	10761
8818	3	169
8263	0	8243
10614	3	1492
755	0	704
280	2	3551
4719	3	4721
8471	3	1862
1526	0	1508
10061	3	1638
5501	2	3679
4477	0	4474
3303	2	3216
4775	0	4755
8597	3	174
8286	0	8245
7071	4	177
7212	2	9089
738	0	704
9069	3	3666
3894	0	3504
2256	2	9061
2260	3	2286
6932	0	6854
2062	0	1359
4574	0	4495
10664	3	2100
10685	3	10756
152	0	143
8171	0	8153
4703	3	585
1472	3	172
8483	0	4733
2066	0	1882
4758	0	4755
4295	0	4282
10619	0	10614
7857	1	8128
174	2	8505
3877	0	3504
4851	0	4831
6270	2	6266
9959	0	8382
4557	0	4495
8154	0	8153
4551	1	4643
1879	3	821
4278	0	4282
284	3	293
6417	0	6344
9424	3	1861
6344	3	7034
9615	0	9460
9134	1	9172
7242	1	7260
1160	4	969
1915	0	1880
6344	3	1557
7077	0	7041
6400	0	6344
8238	3	175
2596	1	2595
341	4	301
9810	0	9798
10614	3	821
9598	0	9460
5880	1	5879
4146	2	10066
2214	1	2235
10247	1	10280
2316	0	2305
5747	3	5796
1898	0	1880
8395	1	8400
4176	2	3261
7480	0	7322
7083	4	7037
7060	0	7041
6383	0	6344
9117	0	9105
1147	0	969
10614	3	2110
1755	0	1680
5300	0	5176
3646	0	3561
8178	0	8165
10061	3	2256
3161	2	3160
9824	0	9790
3559	3	3671
5202	4	5176
4472	2	1356
6247	0	6250
307	4	301
5719	3	1557
4146	3	818
1738	0	1680
10586	0	10573
417	1	429
2468	1	2467
3629	0	3561
1507	3	1551
212	0	178
9807	0	9790
5185	4	5176
9389	0	9365
4783	0	4753
7431	1	7628
5081	1	5080
1113	0	969
2055	0	2048
376	0	299
9754	0	9725
5290	4	5176
8259	0	8236
395	4	301
2212	3	818
9372	0	9365
4582	0	4493
3502	3	585
4766	0	4753
6858	0	6854
3621	0	3561
727	0	418
359	0	299
9737	0	9725
1878	3	1964
3603	1	3725
2207	2	3550
447	2	8505
1509	3	279
1195	3	1342
3604	0	3561
3705	4	3504
2123	1	2134
10437	3	1862
8471	3	870
8946	0	8940
1711	1	1792
11109	1	11132
410	1	409
535	2	8155
2955	1	3137
2266	0	2264
7211	0	7209
10383	0	10366
5361	4	5176
2224	0	1359
470	0	705
349	4	299
9818	0	9796
478	1	516
2271	0	2259
5552	4	5523
9103	2	3337
10614	2	3257
2739	2	2429
7068	0	7039
8661	0	8620
9432	0	9424
5467	0	5468
6593	1	6834
10187	3	2293
3888	1	3949
1852	3	563
3635	0	3502
4002	3	280
3441	0	3396
10761	3	11153
1882	3	174
6063	1	6076
909	2	1480
5007	3	2578
8595	3	1093
5640	4	5523
4104	3	171
5930	1	5977
1483	2	1480
7322	3	7718
6562	0	6344
8510	2	8506
295	2	868
9739	0	9721
3228	2	3258
6938	1	7028
5935	0	5926
7434	1	7631
4972	3	447
208	1	252
5746	3	3669
8218	3	579
1507	2	1543
6545	0	6344
1359	3	1573
4155	0	4147
5357	0	5176
8634	4	8620
3395	0	3394
9461	0	9458
8214	1	8226
10435	3	1843
4396	1	4415
5445	0	5176
10382	0	10367
3612	0	3559
9591	1	9649
5347	4	5176
4495	2	1356
9717	3	2372
3559	3	585
10685	3	583
1879	2	1966
5428	0	5176
10365	0	10367
4014	0	3988
2767	0	2699
1095	2	9061
2261	1	2277
9318	3	295
4733	3	175
8404	2	1543
1424	1	1423
4736	3	1095
8220	1	8228
1909	0	1881
9790	3	1343
9788	2	3278
726	0	708
9425	3	962
2750	0	2699
8244	3	4826
5720	3	174
6869	0	6344
6539	1	6781
3241	0	3229
8919	0	8907
2855	0	2699
2355	3	911
7078	4	7042
277	2	3327
2097	2	10415
6852	0	6344
9999	2	913
10440	3	10458
7293	0	7175
8866	0	8842
9186	3	8103
4070	2	2826
10614	3	447
6211	0	6038
9819	0	9795
8471	3	817
3175	1	3176
1359	2	1966
2325	1	2348
706	3	816
8849	0	8842
447	2	3325
6366	0	6344
1686	1	1770
10581	0	10578
4433	3	297
8258	1	8313
340	1	339
2650	1	2649
6194	0	6038
6940	0	6344
6249	3	2294
4693	1	4697
7915	0	7322
9735	0	9714
6349	0	6344
10759	2	3257
2737	2	1356
9245	0	9194
7273	3	7283
6250	2	6267
5726	0	5714
6923	0	6344
1517	0	1506
93	2	3551
7898	0	7322
6248	3	169
4828	0	4837
195	0	178
9433	1	9445
4736	3	4746
8789	0	8620
9497	1	9561
744	1	825
8236	3	557
4859	0	4829
4156	0	4146
7507	1	7704
4071	1	4085
3996	0	3989
10626	0	6249
9105	3	3173
8404	3	292
2097	2	3328
6868	1	6958
4842	0	4829
3199	0	3178
5719	2	4098
2699	2	2828
817	2	8507
9813	0	9801
2358	3	1093
3302	2	3338
9627	1	9685
760	0	703
9706	3	1861
8404	2	1356
1671	0	1359
10695	1	10728
7172	3	7162
6101	0	6051
9386	0	9366
3860	0	3502
8678	3	8544
10782	0	5979
8291	0	8244
4473	1	4479
743	0	703
8818	3	92
744	0	707
3512	0	3501
7180	2	1968
9751	0	9726
2017	0	2012
1226	1	1294
8256	0	8237
8408	0	8404
9369	0	9366
10765	0	5979
8274	0	8244
4837	3	4835
1889	0	1878
6038	2	4298
9999	3	9996
9734	0	9726
3188	0	3180
2360	1	2366
8279	0	8239
5490	3	527
1359	3	2004
719	1	774
7754	1	7964
6249	3	818
8298	1	8353
9429	3	140
484	0	706
5529	1	5528
10447	0	10437
533	2	4969
8262	0	8239
6943	0	6855
358	1	357
8600	0	8552
9748	0	9718
467	0	706
30	1	72
6421	1	6662
10198	0	10185
8442	0	7174
6528	0	6344
8583	0	8552
1359	3	2138
8940	3	175
5799	3	279
5722	0	5718
5532	4	5524
970	0	965
2198	3	2110
10507	1	10563
6497	1	6738
5985	1	6008
8183	0	8164
10373	1	10403
7725	1	7938
10705	0	10614
10061	2	10087
3345	0	3300
10008	0	177
9821	0	9799
5637	4	5524
4904	3	450
3840	1	3842
2274	0	2262
10391	0	10364
10167	0	10102
9103	3	2113
9947	3	8382
9959	1	9980
3561	3	3675
9796	3	2207
10887	0	10761
7068	0	6344
5620	4	5524
573	2	564
7081	4	7037
7076	0	7037
10374	0	10364
1575	3	1635
1	3	92
3625	1	3724
40	0	1
5943	0	5799
5603	4	5524
7094	3	175
6245	0	6250
2008	0	2010
7092	3	447
4904	3	584
7437	1	7634
4331	0	4332
4544	0	4495
211	1	255
23	0	1
418	3	438
9747	0	9719
1024	0	965
3573	1	3687
10477	0	10460
5996	1	6014
7379	0	7322
10761	3	6270
1862	2	6264
2967	1	3065
918	1	940
9105	2	3218
9133	0	9107
4527	0	4495
9730	0	9719
7362	0	7322
5721	0	5719
817	2	3327
5573	0	5524
9116	0	9107
4831	3	2097
4002	3	4041
3635	1	3701
9713	0	9719
5979	3	583
1700	0	10460
9799	3	2207
7345	0	7322
2481	1	2488
10366	3	2101
999	0	965
1742	0	1680
6452	1	6692
1583	1	1611
7450	0	7322
1683	0	10460
970	1	1030
7328	0	7322
4837	3	2688
1423	4	1359
1725	0	1680
5502	3	5501
9211	0	9194
5641	1	5640
7433	0	7322
7087	4	177
5901	3	175
755	0	708
9365	2	1968
2015	1	2028
5415	1	5414
4070	3	2006
1708	0	1680
5006	0	5007
4901	3	531
998	1	1057
738	0	708
8285	0	8218
2260	3	2290
5211	1	5210
6253	0	6248
1670	2	10066
87	2	10051
201	1	246
10441	0	10435
6851	3	1348
1514	0	1507
1654	0	1359
4904	3	2491
5576	0	5524
8268	0	8218
450	2	3328
3635	0	3559
8407	1	8419
10953	0	10761
4113	0	4104
11054	4	10761
9324	0	9318
8261	1	8316
5044	4	5029
4970	3	3095
709	0	706
4856	0	4830
6379	1	6619
1224	0	1192
284	3	297
8251	0	8218
9738	0	9717
8834	3	1340
4510	0	4332
1878	3	1350
11037	4	10761
2260	3	1485
1332	2	4969
998	0	966
4839	0	4830
1914	0	1470
1247	0	1194
936	1	958
9325	1	9344
9060	3	175
6249	3	444
5132	4	5029
9810	0	9802
10919	0	10761
10465	1	10520
10020	1	10048
981	0	966
5647	0	5524
2355	3	2578
8222	0	8216
1853	3	579
280	2	6267
2877	1	3105
9788	3	9842
4002	3	821
964	0	966
6871	1	6961
7354	1	7552
4110	0	4254
8178	0	8169
2198	3	447
9824	0	9794
2531	0	2355
4970	2	910
8917	0	5719
9816	0	9804
5886	1	5885
7048	0	7040
10586	0	10577
4733	2	5484
458	1	496
4903	0	4901
6272	2	6266
1507	3	1555
9807	0	9794
5473	0	5466
7253	1	7270
2327	0	2306
280	2	2429
5499	1	5509
2853	0	2699
4002	3	3988
3515	0	3504
9798	2	2828
4391	2	2712
376	0	303
6573	1	6814
1229	1	1297
7170	2	3679
5500	2	82
8259	0	8240
6038	3	2135
8383	3	874
6275	1	6308
4327	3	1858
2385	0	2375
8251	1	8307
4018	0	3988
3502	3	3972
200	0	177
359	0	303
1860	2	9061
2602	0	2355
4830	2	1357
9065	3	280
9802	3	169
9069	3	450
2941	0	2699
464	0	303
4001	0	3988
183	0	177
3332	2	3327
6928	0	6851
9060	3	7209
5454	3	5456
4570	0	4492
112	1	132
8471	3	874
2355	3	2257
2609	4	2355
5118	4	5029
4954	0	4941
4703	3	4724
303	3	552
1757	0	1680
8620	2	2036
3586	0	3504
1450	0	1359
7400	1	7720
3984	0	3988
6911	0	6851
4553	0	4492
349	4	303
9818	0	9800
6424	1	6665
1109	1	1108
2262	3	1965
169	2	3550
2271	0	2263
837	3	870
4980	2	82
9067	0	9068
1740	0	1680
4732	0	4736
7202	0	7203
6038	3	175
2222	0	2210
9069	3	584
9060	2	3550
4153	0	4104
6894	0	6851
4536	0	4492
10366	2	10416
5141	1	5140
5097	1	5096
1852	3	567
9310	3	277
9800	3	9842
10686	3	565
9806	0	9795
8186	0	8167
143	3	146
397	4	301
9645	0	9588
9374	0	9365
10576	1	10595
9713	1	9755
10501	1	10556
2355	3	297
5799	3	873
401	0	301
5191	0	5173
9377	0	6249
11081	0	10761
8550	3	8569
8284	0	8238
9113	0	9102
7276	3	817
7248	0	7237
5071	0	5029
4394	0	4332
9628	0	9588
1021	0	966
3707	4	3504
2294	2	6259
8218	3	583
2111	2	2088
5993	1	6015
384	0	301
11064	0	10761
1359	2	1352
6164	0	6038
8267	0	8238
5925	2	3282
2771	0	2739
5279	0	5173
3589	0	3504
7067	4	7040
3690	4	3504
10367	2	9062
2226	0	1359
10761	3	1842
1842	2	6265
7747	1	7958
5159	0	5029
1757	0	1359
8437	3	2297
7440	1	7637
8970	0	8911
5037	0	5029
10664	3	441
2754	0	2739
9750	0	9722
5502	3	3972
5262	0	5173
10061	3	2207
3572	0	3504
4023	0	4002
2389	0	2358
2415	0	2355
1740	0	1359
1513	1	1533
8953	0	8911
8674	4	8632
639	4	303
9733	0	9722
9509	0	9460
10366	2	3679
4006	0	4002
5642	4	5523
2467	4	2460
3518	0	177
2021	1	2039
8218	3	2006
9492	0	9460
9373	1	9393
8238	3	960
4433	3	167
10384	0	9069
5755	0	5744
8518	3	274
10460	3	10571
7174	3	8370
7161	3	1188
626	0	303
9597	0	9460
8919	0	8911
10379	0	10363
3643	0	3504
8549	3	8570
9814	0	9793
2860	0	2698
7792	1	8116
847	1	863
10902	0	10761
3504	3	2256
9819	0	9799
487	0	303
7298	0	7174
2843	0	2698
706	3	820
5761	0	5746
8489	0	8481
4230	1	4249
10692	0	10686
592	0	303
10687	3	10756
10885	0	10761
7161	2	912
8906	3	441
4435	0	4433
4834	3	140
7239	0	7235
1261	0	1195
7049	4	7041
9735	0	9718
10614	3	2090
5726	0	5718
563	2	2088
284	3	1346
204	1	249
3901	0	3502
6144	1	6143
8437	3	821
4836	0	4831
1206	1	1274
1244	0	1195
7170	3	174
6925	1	7015
5353	0	5173
2855	1	3008
3592	1	3708
422	0	418
10386	0	9065
8812	4	8620
585	2	9064
2371	2	3550
2607	4	2355
4859	0	4833
7803	0	7322
703	3	812
3180	3	585
6498	0	6344
1340	2	3325
4217	0	4146
1227	0	1195
8553	0	8552
1194	3	1342
10369	0	9065
1102	4	969
1359	3	585
1652	0	1501
6385	0	6344
8940	3	9010
5441	0	5173
4842	0	4833
7786	0	7322
7124	0	7092
6481	0	6344
3270	1	3273
473	0	704
2532	0	2496
9328	1	9347
5799	3	2109
2594	0	2355
1919	0	1359
3263	3	563
760	0	707
984	0	969
560	2	564
10	1	52
1918	0	1884
6368	0	6344
5804	0	5805
5424	0	5173
10361	0	10364
4010	0	3985
8629	1	8628
2515	0	2496
8480	3	2035
4308	1	4312
1902	0	1359
10437	3	1842
6473	0	6344
743	0	707
3770	1	3800
3504	3	3813
744	0	711
179	3	86
1901	0	1884
3993	0	3985
4923	0	4904
4914	3	89
96	2	3218
5746	2	5788
303	3	528
476	0	418
2498	0	2496
5465	3	1346
3904	0	3502
1885	0	1359
1519	0	1506
2022	1	2038
6500	1	6741
6456	0	6344
1889	0	1882
7041	3	3331
1879	3	1553
4768	0	4753
8279	0	8243
9094	0	9091
8689	0	8678
8452	0	8404
7289	0	7172
3887	0	3502
7161	2	2819
4861	0	4829
6439	0	6344
5761	1	5784
7057	4	7039
4332	3	3266
484	0	710
553	2	9404
2775	1	2811
4567	0	4493
6576	1	6817
10110	4	10102
3561	3	2256
8262	0	8243
4444	0	4432
4832	3	450
5719	3	3094
2049	3	2107
4844	0	4829
9060	3	1842
7519	0	7322
9742	0	9460
3219	2	11152
8254	1	8310
5499	0	5501
9748	0	9722
467	0	710
1648	3	174
3416	1	3446
3314	0	3303
4550	0	4493
6372	1	6613
986	0	965
2699	3	2736
6037	1	6049
1920	0	1880
9364	3	280
754	0	303
7417	1	7614
11047	0	10761
5458	2	5463
6246	2	6264
6931	0	6854
8597	3	585
8479	3	169
8237	3	8356
1169	0	969
4533	0	4493
9736	0	9717
970	0	969
7070	0	7039
3306	0	3303
5045	1	5044
737	0	303
966	3	1094
11030	0	10761
5224	4	5176
6914	0	6854
0	1	43
9958	0	8382
4516	0	4493
746	0	303
1176	4	969
9998	3	2296
1508	3	92
3992	0	3986
10363	3	583
422	1	432
317	4	299
9789	3	1343
8281	0	8239
4279	3	3332
6897	0	6854
7494	1	7691
729	0	303
7076	0	7041
9817	0	9788
5211	0	5176
5312	4	5176
9069	2	1357
3502	3	2256
1	3	96
8264	0	8239
2963	0	2698
10687	2	3257
4980	3	1840
3851	0	3504
2315	0	2305
712	0	303
6105	0	6038
8602	0	8552
10504	1	10559
304	0	299
2586	1	2585
405	4	299
7292	0	7175
969	3	966
2698	3	1095
323	4	301
9069	2	9062
8247	0	8239
2946	0	2698
740	0	704
6530	0	6344
9747	0	9723
1024	0	969
2013	0	2009
8439	0	8438
5299	0	5176
8515	3	141
8585	0	8552
10143	1	10142
8697	1	8706
1862	2	6268
5518	3	5519
4403	0	4391
9475	0	9789
2218	1	2239
2929	0	2698
3564	1	3681
3233	0	3230
6193	0	6038
6513	0	6344
10891	1	10890
9730	0	9723
8471	3	447
6095	4	6038
10687	3	583
7212	3	3173
5204	1	5202
4002	3	4045
2054	0	2048
10393	0	10364
7841	1	8124
6496	0	6344
4119	0	4102
2737	3	272
9713	0	9723
10714	0	10687
9753	1	9782
2211	3	818
8285	1	8340
5893	4	5747
5896	3	558
6601	0	6344
9744	0	9715
10376	0	10364
10016	0	9999
10447	1	10455
6584	0	6344
10706	0	10687
3563	0	3502
9996	3	1092
7061	0	7037
2978	1	3075
2840	0	2699
455	0	703
5758	0	5747
10689	0	10687
3586	0	3561
4332	3	530
577	2	9061
10362	3	3173
6895	1	6985
3346	0	3303
3776	0	8169
909	2	10051
8687	0	8678
3161	3	277
2928	0	2699
1514	0	1511
8244	3	3330
10592	0	10575
3268	3	2254
2604	1	2603
2911	0	2699
9862	0	9460
5829	0	5747
4856	0	4834
2685	4	2643
5373	0	5176
9060	2	1863
539	2	5487
9738	0	9721
1471	3	274
4104	3	582
10433	3	3173
10633	0	10614
2894	0	2699
4024	0	3986
4839	0	4834
7209	3	1555
9213	0	9194
4282	3	4327
9882	1	9928
4982	0	4980
5805	2	5864
9205	1	9204
4703	3	138
10179	1	10178
4007	0	3986
5925	3	531
3589	0	3561
9311	3	293
4837	3	277
2681	4	2607
7172	3	7276
10664	3	5975
10434	3	1843
2736	3	963
3990	0	3986
3572	0	3561
9824	0	9798
5635	0	5523
5927	1	5952
9483	1	9547
6448	1	6689
8494	0	8480
5250	4	5173
1359	2	1543
4733	2	5488
9807	0	9798
2264	3	274
8244	3	565
5041	0	5029
4976	2	4909
3190	0	3180
9366	3	1862
8165	2	4046
5314	0	5176
9812	0	9793
7360	1	7558
3985	3	3406
8259	0	8244
8552	3	2206
4441	0	4433
751	0	705
2011	1	2025
1249	0	1194
407	0	299
10665	0	6249
7273	3	444
200	0	181
3643	0	3561
9274	4	9194
734	0	705
10439	3	10458
1505	0	1509
8550	2	913
390	0	299
1676	3	167
183	0	181
5747	3	2100
6928	0	6855
148	0	144
5903	0	5747
9872	1	9919
4847	0	4832
6911	0	6855
8700	0	8620
9818	0	9804
8443	1	8459
3487	4	3477
6344	3	6855
4970	3	818
86	2	9002
837	3	874
3244	0	3180
5886	0	5747
2736	2	1356
2640	1	2639
6894	0	6855
7900	1	8066
7073	0	7042
9800	2	2828
458	0	708
7070	0	6344
8692	0	8620
9806	0	9799
3580	0	3559
4341	1	4359
5878	0	5747
149	1	160
10945	1	10944
9379	0	9364
4589	0	4492
4832	2	1357
8284	0	8242
9790	3	2372
7497	1	7694
1751	0	1681
3198	0	3178
7350	1	7549
170	2	3160
1877	0	1881
9092	2	1863
8174	0	8166
9820	0	9791
3504	3	1642
4572	0	4492
1359	2	1356
9501	1	9565
8267	0	8242
1026	0	965
7190	0	7178
563	2	3218
7044	0	7037
4921	0	4904
1734	0	1681
8550	2	3975
3229	2	3216
3181	0	3178
4913	0	4914
8272	0	8237
5504	0	5500
9803	0	9791
6484	1	6725
9385	0	9366
3319	0	3302
4555	0	4492
1169	1	1168
2051	0	2049
3511	0	3501
6350	0	6340
9750	0	9726
8361	1	8365
2768	1	2805
2016	0	2012
10573	2	10610
169	2	6266
8255	0	8237
113	0	1
9069	2	446
6936	0	6853
8700	1	8709
294	2	3551
8242	3	8355
9144	0	9104
9368	0	9366
4538	0	4492
2900	1	3031
7172	3	2096
3161	2	82
9741	0	9716
4837	3	4896
6560	1	6801
10108	4	10102
9733	0	9726
9999	3	10057
5926	3	279
5433	1	5431
10103	0	10102
5558	0	5524
6919	0	6853
277	2	3551
8245	3	2206
3393	3	2578
8603	0	8597
10766	1	10789
2397	2	2727
2502	0	2496
5468	3	2256
8942	0	8941
7744	1	7954
5012	1	5022
5827	1	5870
4746	3	4682
9854	0	9850
8781	1	8780
9630	0	9588
1420	0	1359
5489	0	5490
8559	0	8550
9822	0	9787
99	1	119
6165	1	6183
10379	0	10367
9863	0	9850
8549	3	8574
4552	1	4688
9814	0	9797
2267	0	2260
5548	4	5524
9035	0	9014
10384	0	10362
9802	2	3278
8515	3	869
7064	0	7040
8824	4	8818
9805	0	9787
9387	0	9362
9097	2	3257
1653	0	1648
1359	2	1974
745	0	703
3437	0	3397
6853	3	1348
8182	0	8164
34	1	76
7089	4	6344
9370	0	9362
10273	0	10234
3504	3	3549
728	0	703
9735	0	9722
3496	1	3497
141	2	7159
8153	3	4724
10256	0	10234
8438	3	3330
3164	3	280
1188	2	2429
2901	1	3148
8222	0	7041
2478	0	2476
2736	3	2817
10386	0	9069
6249	3	558
2262	3	172
39	0	1
9060	3	3672
2767	0	2736
1195	3	1192
9069	2	2353
4859	0	4837
10127	1	10126
7063	4	7037
9801	3	169
10021	0	9998
10062	0	10061
1597	0	1575
10431	0	10433
7743	1	7955
1194	3	1346
10369	0	9069
1232	0	1194
9364	3	2110
8481	2	8507
10583	0	10573
2750	0	2736
9522	0	9457
4842	0	4837
173	2	3216
10904	0	10761
10004	0	9998
812	2	5487
10378	1	10425
2385	0	2355
7427	1	7624
5799	3	2113
9035	0	6249
6605	1	6847
4104	3	4209
1215	0	1194
1589	0	1575
5763	0	5746
9021	0	9014
1359	3	1878
9505	0	9457
3419	1	3449
4010	0	3989
7214	0	6249
8218	3	8239
2296	2	10610
2742	0	2736
813	2	3218
5615	0	5524
9337	0	9321
8675	4	8635
540	2	8155
724	0	418
1198	0	1194
7095	0	7094
2726	2	5482
9788	3	3674
7762	1	7972
9488	0	9457
5801	3	282
3993	0	3989
1699	0	10460
303	3	532
748	0	706
3988	3	272
8818	3	450
2231	0	2211
8482	3	962
8287	0	8237
7302	0	6249
6248	3	6272
731	0	706
7289	0	7176
2214	0	2211
3563	0	3559
9815	0	9796
4430	2	5025
8270	0	8237
5939	0	5925
8166	3	2294
6098	0	6051
2355	3	2371
8156	0	8165
9364	2	1968
450	2	10610
10965	4	10761
3871	1	3933
702	0	704
1921	1	1961
884	1	899
8244	3	2098
6249	2	1863
5405	1	5404
1920	0	1884
5925	2	1973
8396	0	8383
1841	2	5484
1023	1	1084
8250	0	8242
6246	2	6268
5060	4	5029
86	2	10051
10948	4	10761
8908	1	8934
10439	3	1842
1359	3	1557
1215	1	1283
3571	0	3504
1240	0	1192
9736	0	9721
10234	3	2372
3510	1	3527
5201	1	5200
9875	1	9922
9385	1	9402
2060	0	2046
6038	2	6079
7179	3	1095
8446	1	8462
1418	0	1359
7212	3	7231
4104	3	3672
7082	0	177
317	4	303
4521	0	4492
2259	3	2296
1992	0	1359
930	0	917
1523	0	1359
9824	0	9721
3392	0	3394
4581	1	4669
9817	0	9792
4396	0	4332
4736	3	3173
6902	0	6853
3836	1	3835
7288	0	6249
9809	0	9802
4504	0	4492
1975	0	1359
3478	4	3475
4446	0	4432
5651	4	5524
756	0	704
3642	0	3504
9476	1	9541
9807	0	9721
152	1	163
4226	0	4104
9060	3	586
304	0	303
5008	0	5007
405	4	303
556	2	9061
2680	4	2603
6885	0	6853
4776	0	4755
177	3	175
3508	0	3502
740	0	708
6347	0	6341
11049	0	10761
1465	4	1367
8252	0	8238
2530	0	2355
4759	0	4755
1594	0	1359
9475	0	9793
7172	3	2206
392	0	303
8235	0	8238
10474	1	10530
2513	0	2355
6487	1	6728
6063	0	6052
4558	0	4495
2050	0	1882
3596	0	3502
1577	0	1359
8382	3	171
1685	0	1680
9272	4	9194
2771	1	2808
5127	0	5029
4450	0	4332
2464	0	2460
8863	0	8842
837	3	447
140	2	9404
8153	3	3411
9634	1	9692
3319	1	3367
4837	3	818
2384	0	2375
3579	0	3502
4332	3	4372
4925	1	4933
5254	4	5173
9744	0	9719
11120	0	10761
358	0	303
4332	3	1339
8552	3	169
3503	0	177
8241	0	8240
8846	0	8842
9749	0	9714
4845	0	4832
286	0	181
3746	4	3504
2259	3	820
325	4	301
5799	3	450
9732	0	9714
7404	1	7601
3628	0	3504
1756	0	1680
9229	1	9228
8179	0	8165
4904	3	271
5723	0	5714
5220	4	5173
102	1	122
6910	0	6851
3180	3	565
4332	3	534
8906	3	555
5100	4	5029
2270	0	2263
3404	2	8155
10234	3	441
1739	0	1680
1359	3	565
413	4	301
7241	0	7235
6893	0	6851
1580	0	1359
3173	2	5487
5207	0	5173
10815	0	10810
2154	0	1359
8260	0	8236
1092	2	8160
7183	0	7172
9463	1	9527
9429	3	579
1685	0	1359
2764	0	2737
8218	3	8215
8299	0	8218
7104	1	7137
10018	0	9999
8410	0	4733
9738	0	9725
5715	3	2578
1507	3	140
5563	0	5523
6249	2	1355
3246	0	3227
1255	0	1192
9071	0	9069
9743	0	9720
8282	0	8218
4541	0	4332
7389	1	7588
6052	2	4298
7788	0	7322
9129	0	9108
7204	2	2826
1651	0	1359
2770	0	2739
10759	3	297
3689	4	3504
1190	1	1189
2225	0	1359
4524	0	4332
1756	0	1359
303	3	292
7771	0	7322
2272	0	2259
655	4	303
915	3	438
4507	0	4332
7876	0	7322
3996	1	4062
995	0	966
1739	0	1359
7754	0	7322
5536	4	5523
2228	0	2212
3636	0	3502
2100	2	4275
4970	3	1493
9508	0	9460
9802	3	9842
6138	0	6038
8645	0	8620
585	2	2091
7859	0	7322
2664	1	2663
2205	2	4275
279	2	4275
7737	0	7322
4527	1	4621
9812	0	9797
3986	3	280
10813	0	10761
1501	3	1662
3167	2	3174
8245	3	169
4070	2	4046
7842	0	7322
5754	0	5744
2046	3	2112
4746	3	2295
1704	0	1681
2497	1	2537
2650	0	2355
836	3	138
5694	4	5695
583	2	10418
1576	1	1604
3342	0	3300
754	1	827
1510	0	1508
8523	0	8518
2047	3	2092
5446	0	5176
8484	0	4733
2355	3	171
11024	1	11023
3878	0	3504
4852	0	4831
5374	4	5173
5826	0	5805
4220	1	4239
2022	0	2010
4102	3	2206
535	2	5484
1149	1	1148
6249	3	5742
6942	0	6851
1026	1	1087
2048	3	2099
9425	3	1861
2696	3	2286
5809	0	5805
8153	3	8164
9878	1	9925
4541	0	4495
6925	0	6851
194	1	239
1430	1	1429
7891	1	8060
2097	2	5487
1196	1	1264
6401	0	6344
1653	1	1660
1911	0	1882
8239	3	175
8449	1	8465
8404	3	1862
3180	3	3090
2695	0	2698
5340	4	5173
8939	3	171
5335	0	5173
6882	0	6854
3853	0	3504
6908	0	6851
10368	0	9065
1144	4	969
5979	3	567
6384	0	6344
4584	1	4672
9820	0	9795
3836	0	3504
1026	0	969
7933	0	7322
4703	3	89
2523	1	2563
2299	1	2301
2861	1	3101
7044	0	7041
6367	0	6344
10761	3	911
9803	0	9795
6941	0	6344
3986	3	93
3397	3	174
6435	1	6676
7916	0	7322
6391	1	6632
7447	0	7322
4177	3	440
6350	0	6344
8807	0	8620
4081	0	4070
8169	3	821
7899	0	7322
7204	2	1968
2209	3	295
10614	3	5802
7430	0	7322
3907	0	3504
1097	0	969
3414	0	3393
3485	1	3484
7882	0	7322
3227	2	3262
670	4	303
560	3	580
7067	4	177
9132	0	9103
6586	0	6344
9729	0	9715
3503	1	3521
1970	2	1357
3869	0	3502
2296	2	11151
5163	1	5162
8911	3	1091
653	4	303
2048	2	2091
2699	3	1858
818	2	8507
10362	2	2712
9814	0	9801
3303	2	3338
1238	0	1192
3379	3	277
9707	3	141
2267	0	2264
10384	0	10366
2218	0	2211
6151	4	6038
10685	3	140
8552	2	3975
299	3	1842
4915	0	4914
9065	3	585
5240	4	5176
177	3	1842
3861	0	3502
4532	0	4493
10362	2	10417
762	0	704
3571	0	3561
9797	2	9847
2306	3	450
7407	1	7604
640	0	303
9810	0	9786
1719	0	1681
7777	1	7980
6134	4	6038
3504	3	170
8409	0	8404
9370	0	9366
2023	1	2034
9311	3	273
145	1	157
2874	0	2698
7101	0	7092
5035	1	5034
9223	1	9221
7052	0	7039
6052	3	1092
9785	0	9796
978	0	966
8164	2	4046
1650	3	447
1561	0	1562
3243	0	3228
1894	0	1880
8178	0	8153
5401	0	5173
6441	0	6344
3302	2	3216
10102	3	438
3632	1	3718
10435	3	3173
2700	1	2707
7756	1	7965
3226	0	3228
8816	4	8798
7213	1	7222
7063	4	7041
6424	0	6344
10061	3	1089
5535	1	5534
2739	3	280
8601	0	8552
8818	3	8830
10431	0	10437
4904	3	3093
8242	3	817
10618	0	10614
1194	3	1350
708	3	815
8851	0	8841
2945	0	2698
10583	0	10577
1258	0	1195
4900	0	4901
8620	3	8712
5367	0	5173
141	2	3325
8584	0	8552
2737	2	913
8967	0	8940
7168	3	2093
9068	3	962
6512	0	6344
1359	3	1882
9618	1	9676
10706	0	10614
8950	0	8940
5638	4	5524
7172	3	169
5429	0	5176
3596	0	3559
10699	0	10685
197	0	177
2275	0	2262
10392	0	10364
5794	2	5788
7727	1	7939
303	3	536
10689	0	10614
748	0	710
5181	1	5180
3513	1	3530
1509	3	1556
461	0	303
1359	3	138
574	2	564
3998	0	3988
3579	0	3559
2751	0	2699
2258	0	2262
10375	0	10364
8482	3	3410
10672	0	10614
8920	0	8907
731	0	710
5395	0	5176
4254	2	3261
5502	2	2712
9815	0	9800
10585	0	10573
8156	0	8169
8485	0	8482
3628	0	3561
9311	3	86
175	2	3216
1359	3	272
4849	0	4832
7045	4	7042
10685	3	87
21	1	63
5501	2	4098
9242	4	9194
8953	1	8986
1664	2	8160
2699	3	3094
818	2	3327
398	0	301
9736	0	9725
2362	1	2365
8242	3	280
7324	1	7522
2737	2	2820
7172	3	7203
486	0	705
381	0	301
9229	0	9194
3986	3	4041
4223	1	4242
9644	1	9702
365	4	299
6161	0	6038
1719	1	1799
4023	0	3986
2223	0	1359
2264	3	2295
364	0	301
9817	0	9796
6144	0	6038
8404	3	817
197	1	242
756	0	708
4904	2	4909
6289	1	6322
3772	0	5747
3173	2	9061
4006	0	3986
5343	4	5176
9195	0	9194
331	4	299
2626	1	2625
9333	0	9318
5942	0	5747
3180	3	3334
4147	3	2103
8552	3	8549
6136	0	6038
5987	0	5980
335	0	299
5225	0	5176
2817	2	2429
8252	0	8242
4149	1	4162
5062	4	5029
1482	2	1480
6352	0	6340
9475	0	9797
8269	0	8218
3636	0	3559
5217	1	5216
4540	0	4492
8235	0	8242
727	0	703
2263	3	274
969	3	169
9594	0	9460
1702	0	1681
1506	2	1543
3189	0	3180
175	2	8506
6028	0	6019
4495	3	4682
6248	3	962
4523	0	4492
445	2	9062
7181	0	7180
4840	0	4830
7919	1	8085
1346	2	6264
3180	2	3216
9744	0	9723
5111	1	5110
8471	3	8510
4999	2	5002
8521	0	8518
4494	0	4332
8241	0	8244
2477	3	2373
9749	0	9718
1916	0	1881
4380	0	299
11008	1	11007
4070	3	140
427	0	418
8595	3	89
3593	1	3723
8673	4	8628
5806	0	5747
1860	2	10415
1359	2	2088
9732	0	9718
5925	3	271
7066	0	7040
5979	3	3173
8179	0	8169
7085	4	7042
5723	0	5718
5622	1	5709
9796	3	1093
6910	0	6855
1241	0	1195
191	0	178
3986	3	821
9862	1	9909
8404	3	280
4728	3	1486
11063	1	11062
6893	0	6855
5474	0	5466
1359	3	1508
9514	0	9458
4102	3	169
9797	3	2207
7410	1	7607
9813	0	9789
9799	2	2828
10663	1	10674
3302	2	3326
3502	3	1488
8792	4	8620
1194	3	171
8260	0	8240
10766	0	10761
1359	3	1858
9431	0	9429
2959	0	2699
10102	3	1487
8523	1	8530
334	1	333
8483	0	8482
583	2	5482
9497	0	9458
2644	1	2643
9378	0	9364
5604	4	5524
9065	2	9063
9751	0	9714
2942	0	2699
5257	1	5256
4830	3	572
10935	1	10934
10758	0	10761
6939	0	6344
7180	3	87
8964	0	8941
9137	0	9102
9361	0	9364
24	0	1
9734	0	9714
2925	0	2699
5983	1	6009
5503	0	5500
10686	3	175
9491	1	9555
6912	0	6851
450	2	6268
7	0	1
11110	1	11133
5570	4	5524
711	3	818
2050	0	2049
10124	4	10102
284	3	6270
10063	0	4146
112	0	1
7239	1	7257
4858	0	4829
9822	0	9714
9097	3	4749
5747	3	96
480	0	706
7054	4	7039
9740	0	9716
6082	1	6081
1000	0	965
87	2	3326
9621	1	9679
3306	1	3354
9433	0	9425
4841	0	4829
8730	1	8731
9805	0	9714
6300	0	6250
2584	1	2582
1675	3	1494
7329	0	7322
9812	0	9801
1918	1	1957
983	0	965
1195	2	1349
4432	3	171
9105	3	2035
2216	0	2211
178	3	277
3629	1	3748
451	0	704
8224	0	8215
7212	3	445
7287	0	6249
6283	0	6250
9821	0	9787
175	2	3326
6939	1	7029
4904	3	438
5799	3	1556
8532	3	4313
1407	4	1359
2670	1	2669
10761	3	297
3561	3	3663
4829	3	584
7417	0	7322
5924	0	5925
2095	2	2088
739	0	708
2763	0	2699
1758	0	1359
5947	0	5799
9786	3	1343
7400	0	7322
9365	3	8356
722	0	708
10205	0	10185
1741	0	1359
4852	0	4835
1876	2	2727
9069	3	2101
1095	2	3548
1373	4	1359
4904	3	572
10014	0	9996
3383	1	3389
24	1	66
8261	0	8239
6415	1	6656
7383	0	7322
10367	2	3679
8915	1	8926
2048	3	2103
8956	1	8989
8404	3	577
8437	3	3330
9947	2	1863
3188	1	3206
1879	3	1350
9362	3	87
9997	0	9996
6854	3	282
4543	1	4637
10815	0	10761
10916	4	10761
1915	0	1470
3180	3	3094
11021	4	10761
10020	0	9998
8939	3	175
295	2	3328
8489	1	8501
1638	2	10087
1722	1	1802
10368	0	9069
1898	0	1470
1983	1	1987
5719	3	447
4327	2	4330
9727	0	9723
3502	3	3663
7213	0	7212
10903	0	10761
4477	0	4332
9460	3	872
7084	0	6344
10003	0	9998
7052	1	7051
9820	0	9799
10781	0	10761
5631	0	5524
2224	0	2209
4734	0	4735
8908	0	8906
7209	3	1860
8490	0	8481
8918	0	5719
2259	3	450
7212	3	2352
8272	0	8245
807	2	8505
9803	0	9799
3180	3	3228
3890	1	3952
6025	0	6020
4000	1	4025
10991	0	10761
9808	0	9794
4187	1	4202
10869	0	10761
1579	0	1359
8255	0	8245
4152	1	4165
1869	1	1875
5597	0	5524
8218	3	3173
8896	1	8901
4514	1	4608
2679	4	2595
4834	2	1352
10974	0	10761
272	2	8835
8286	0	8237
8954	0	8940
4543	0	4495
730	0	706
6249	3	3331
1882	2	2088
560	3	584
5589	0	5524
9132	0	9107
4526	0	4495
2698	3	542
8244	3	870
205	0	179
9729	0	9719
7508	1	7705
1447	4	1359
343	0	303
2533	0	2496
2699	3	1862
2260	3	534
4509	0	4495
3587	0	3504
1506	3	295
9752	0	9721
2296	2	9061
4011	0	3985
326	0	303
2516	0	2496
2407	2	1968
923	0	915
2908	0	2699
1903	0	1359
5490	3	141
9817	0	9719
9719	2	3257
762	0	708
1434	0	1359
9810	0	9790
5992	0	5979
6895	0	6851
7372	1	7571
2891	0	2699
5005	3	2090
1886	0	1359
1724	0	1680
9801	3	9842
9865	1	9912
9790	2	3281
11128	1	11149
2496	3	2254
9425	3	873
6878	0	6851
585	2	6259
4769	0	4753
9375	0	9365
3880	1	3943
9785	0	9800
5672	4	5570
733	0	706
1707	0	1680
8170	0	8167
1400	0	1359
11084	1	11102
9816	0	9792
9475	0	9720
1899	0	1879
6861	0	6851
4733	2	8505
9331	0	9318
4752	0	4753
450	2	9061
7064	0	177
8218	3	7174
8404	3	874
1022	0	966
10362	2	3550
1505	0	1359
716	0	706
4571	1	4659
2447	0	2438
7520	0	7322
5055	0	5029
8818	3	8834
5156	4	5029
4551	0	4493
708	3	819
8491	0	8480
3341	0	3300
9754	0	9717
6346	0	6341
4112	0	4104
7503	0	7322
2046	3	2092
9321	3	9318
8480	3	169
8238	3	8356
9140	0	9105
2755	0	2739
6249	3	2205
8169	2	1352
7051	4	7040
7467	1	7664
9737	0	9717
2305	3	297
9069	2	10416
351	0	301
5143	0	5029
2416	0	2355
6915	0	6854
7903	1	8069
2208	1	2233
1246	0	1194
8834	3	2296
5939	0	5799
197	0	181
1756	1	1832
9587	0	9588
334	0	301
980	0	966
1724	0	1359
9014	3	292
8404	3	2297
303	3	540
9823	0	9804
6865	1	6955
8382	3	582
1229	0	1194
4069	1	4083
9519	0	9457
9818	0	9788
11119	0	10761
6347	1	6357
2382	0	2355
1707	0	1359
9624	1	9682
4177	3	1091
8920	0	8911
3989	3	4044
10380	0	10363
285	0	181
3644	0	3504
3745	4	3504
9476	0	9460
4580	0	4332
5715	3	277
6106	0	6038
9815	0	9804
3484	4	3477
5609	4	5523
3627	0	3504
221	1	266
3728	4	3504
4902	0	4901
488	0	303
9459	0	9460
1223	1	1291
8969	0	8940
8471	3	1346
9219	1	9218
9068	3	3678
3610	0	3504
5747	2	3282
10686	3	1842
10764	0	10761
7751	1	7961
3720	4	3504
172	2	9063
10761	3	541
8548	1	8577
756	1	803
4120	0	4102
4829	2	1357
8153	3	1862
1471	3	1494
7276	3	2094
2375	3	175
5579	0	5523
5241	1	5240
3342	1	3369
9428	3	579
3602	0	3504
2737	2	2824
10017	0	9999
8911	3	587
9377	1	9417
1228	0	1195
8959	1	8992
3585	0	3504
10579	0	10574
5337	0	5173
2746	0	2737
9366	3	9364
10000	0	9999
2591	4	2355
8404	3	821
836	3	870
4175	3	2206
2221	0	2210
1211	0	1195
5759	0	5747
9501	0	9458
6933	0	6853
1359	3	2049
8481	2	3551
2473	0	2355
8492	1	8504
2738	0	2737
272	2	4273
7770	0	7322
1986	1	1990
181	2	296
10363	3	3173
3852	1	3916
457	0	704
851	1	866
4492	3	450
4332	3	274
7209	3	7231
2264	3	1494
9644	0	9588
2382	1	2393
3492	4	3475
6352	0	6344
8600	0	8597
441	2	10051
3994	0	3985
7753	0	7322
2227	0	2212
3164	3	3163
4318	0	4282
5747	3	1092
9627	0	9588
10706	0	177
727	0	707
1515	0	1508
5295	0	5173
8386	0	8382
1681	3	874
9819	0	9787
460	0	418
9811	0	9797
8449	0	8437
5925	3	141
4223	0	4104
2139	1	2167
8266	0	8238
4475	0	4474
4190	1	4205
10772	0	10759
1472	3	274
6440	0	6344
10689	0	177
10513	0	10460
2920	1	3039
4857	0	4831
1359	3	89
9638	0	9460
7294	0	7174
9337	0	177
10367	3	444
8479	2	1863
7776	1	8114
2907	1	3033
8249	0	8238
5720	3	3094
10362	2	2826
1259	1	1327
6423	0	6344
9743	0	9460
9749	0	9722
6305	1	6338
5285	4	5173
9621	0	9460
6250	2	6259
4120	1	4140
8246	0	8243
10270	0	10234
1921	0	1880
10915	1	10914
531	2	868
4828	0	4829
6406	0	6344
9329	0	177
8244	3	175
9732	0	9722
10460	3	89
8223	0	8217
5989	0	5980
5458	3	5459
4534	0	4493
8242	3	447
10253	0	10234
5636	0	5523
4332	3	542
2461	0	2460
9613	0	9460
8834	3	3666
2056	0	2047
5825	0	5805
3504	3	3667
9319	3	1861
7248	0	7172
8580	1	8587
4733	2	910
9185	1	9189
4517	0	4493
1153	0	969
11014	1	11013
3764	0	3504
7832	1	8021
6454	1	6695
10365	1	10397
5356	4	5173
5799	3	2097
1139	1	1138
5208	4	5176
9813	0	9793
5995	0	5982
459	1	497
6898	0	6854
8164	3	2291
8490	0	8404
4500	0	4493
1194	3	175
4442	0	4433
7183	0	7180
1359	3	1862
608	0	303
5238	0	5173
5339	4	5173
5978	0	5982
7214	0	7172
6881	0	6854
272	2	5025
3263	3	1840
8473	0	8404
4901	3	92
713	0	303
9069	3	2292
5760	0	5746
3436	0	3393
9502	0	9457
4433	3	907
8514	1	8524
6343	0	6342
1898	1	1937
5195	0	5176
5221	0	5173
2413	1	2423
8248	0	8239
3874	1	3936
6864	0	6854
7238	0	7235
8164	3	1486
1260	0	1195
1126	4	969
5743	0	5746
4781	0	4753
9485	0	9457
8795	1	8794
4574	1	4662
5178	0	5176
9104	3	585
7302	0	7172
3900	0	3502
2930	0	2698
4831	2	4899
1243	0	1195
679	0	303
8165	2	3335
8479	3	962
8952	0	8940
2009	2	2036
8448	0	8404
1118	4	969
1731	1	1808
8815	4	8790
4943	0	4940
5820	1	5872
2913	0	2698
4858	0	4833
6497	0	6344
1226	0	1195
991	0	969
480	0	710
7470	1	7667
9309	0	9310
9740	0	9720
9295	1	9294
8794	4	8620
8517	0	8515
1000	0	969
576	2	564
4947	1	4961
9433	0	9429
9372	1	9422
9745	0	9715
2896	0	2698
4841	0	4833
1912	0	1878
5440	0	5173
10377	0	10364
6480	0	6344
4103	0	4102
1681	3	821
9438	0	9424
1646	0	1650
9131	0	9103
983	0	969
1195	2	1353
3637	1	3742
6585	0	6344
468	0	705
636	1	635
9728	0	9715
5423	0	5173
4939	0	4904
4746	3	4747
1882	3	276
7365	1	7565
8175	0	8166
9821	0	9791
2047	2	2091
1904	0	1878
6052	2	6079
8481	3	2113
9114	0	9103
2984	0	2698
8696	0	8678
6568	0	6344
10690	0	10687
11121	1	11143
4922	0	4904
1735	0	1681
3561	3	3667
95	2	3218
8404	3	447
5468	3	577
1887	0	1878
10687	3	87
5768	0	5744
6551	0	6344
9956	1	9977
1359	3	1675
9809	0	9786
10363	3	1860
10845	1	10844
10574	2	10610
9093	0	9091
2699	3	175
8688	0	8678
2197	3	2205
7056	4	7039
8248	1	8304
8261	0	8243
9863	0	9460
8552	3	2113
2048	3	2107
2358	3	93
2227	1	2248
9741	0	9460
3905	1	3966
402	4	303
6302	0	6250
1359	3	870
843	0	836
3313	0	3303
7202	1	7205
4549	0	4493
10577	3	172
3605	1	3732
753	0	303
2196	3	558
385	4	303
6285	0	6250
2060	0	1359
7896	1	8063
2064	0	1882
10617	0	10614
719	0	704
707	3	815
7278	1	7281
6270	2	3550
7097	1	7130
1762	1	1838
4863	1	4893
736	0	303
10025	1	10054
6913	0	6854
2736	2	913
9957	0	8382
2209	3	169
4182	0	4175
1529	0	1509
3992	1	4063
7488	1	7685
2861	0	2699
476	0	703
10368	0	10362
5323	0	5176
2148	0	1359
6038	3	86
1158	4	969
3576	0	3502
10818	1	10829
1477	0	1472
2580	1	2579
339	4	301
8446	0	8438
9808	0	9798
9714	3	169
4332	3	168
1882	3	89
4743	3	1963
9998	3	2097
5416	4	5176
8478	0	8480
4104	3	86
693	1	692
404	4	299
2679	4	2599
9321	3	3093
9889	1	9936
1145	0	969
5171	1	5170
1917	0	1470
205	1	250
1359	2	913
10666	0	6249
730	0	710
1518	0	1511
4901	3	873
2291	2	8505
3644	0	3561
1464	4	1363
10022	0	9998
1359	3	1488
10432	3	4288
9460	2	2828
1900	0	1470
2739	2	2828
7179	3	87
5281	0	5176
5799	3	568
4218	0	4147
3627	0	3561
7286	1	7303
8153	3	280
9747	1	9776
4448	0	4492
10317	1	10341
2053	0	2048
10632	0	6249
3167	2	446
9752	0	9725
153	0	146
10713	0	10687
3610	0	3561
8257	0	8236
2210	3	818
3988	3	821
5502	2	1968
420	3	96
1337	2	6266
725	0	418
4970	3	1343
10615	0	6249
6895	0	6855
8943	1	8976
4102	3	3666
2067	1	2086
3602	0	3561
4530	1	4624
340	0	299
8485	1	8498
3180	3	817
6878	0	6855
8297	0	8244
394	1	393
2986	1	3082
9785	0	9804
9796	3	4724
5757	0	5747
10685	3	2726
9886	0	9460
4904	3	873
844	1	860
3585	0	3561
9097	3	1346
1853	3	1860
9824	0	9786
563	2	5487
9816	0	9796
8280	0	8244
6861	0	6855
8167	3	2294
2269	0	2259
9869	0	9460
9807	0	9786
8659	0	8620
7191	0	7178
6848	1	6849
6052	3	295
3182	0	3178
4146	3	2103
10508	1	10562
3439	0	3396
5926	2	1973
6018	3	140
5005	3	2578
7856	0	7322
2046	3	2096
3877	1	3939
2910	0	2699
5828	0	5747
5295	1	5297
3167	3	535
10234	2	1356
2355	3	960
8508	2	8506
10267	1	10300
10712	1	10745
10364	3	6270
8243	3	8355
9145	0	9104
4539	0	4492
5627	1	5712
10761	3	277
10173	1	10172
2061	0	2046
5355	0	5176
10234	2	9061
2962	1	3062
10721	0	10685
5747	2	1863
8940	3	277
7861	1	8107
2736	3	280
4981	0	4980
9128	0	9104
4522	0	4492
10921	1	10920
444	2	9062
931	0	917
1524	0	1359
5338	0	5176
3180	2	3277
10014	0	177
9107	3	2035
6903	0	6853
9111	0	9104
4505	0	4492
2981	0	2699
8941	3	873
4950	1	4964
2521	1	2560
6038	3	167
10364	2	3550
10380	0	10367
2264	3	2035
8586	1	8593
280	2	10610
9997	0	177
6886	0	6853
2698	2	2712
8672	4	8628
758	0	705
9806	0	9787
4070	3	551
4291	2	4098
4706	1	4707
9122	1	9161
741	0	705
3768	1	3798
454	0	708
3166	1	3170
5409	0	5176
9365	3	9409
8242	3	4826
9371	0	9362
5145	0	5029
7275	0	7276
6867	0	6344
750	0	705
284	3	586
2514	0	2355
10498	1	10553
9852	1	9899
174	2	10087
8218	3	575
8917	0	8907
1970	3	170
5468	3	821
10146	4	10102
840	0	837
3867	1	3930
8957	0	8939
10257	0	10234
6850	0	6344
10614	3	175
10438	3	10458
8864	0	8842
4567	1	4656
4719	3	3404
2737	2	2828
7059	4	7042
2046	2	2088
7056	4	6344
147	0	144
5111	0	5029
4755	3	2688
704	3	816
8847	0	8842
2163	1	2191
5747	2	5864
9750	0	9714
5902	0	5747
10579	0	10578
881	0	876
3908	1	3969
303	3	573
2634	1	2633
2270	1	2283
6938	0	6344
4432	3	1842
8963	0	8941
2477	3	2113
9136	0	9102
2751	0	2736
2009	3	275
7047	4	7037
5247	1	5246
9733	0	9714
10583	1	10599
7212	2	9061
10005	0	9998
752	0	711
813	2	5487
1581	0	1575
9186	2	4330
7779	1	8147
4349	1	4369
6921	0	6344
2459	4	2462
6246	3	169
10695	0	10686
4703	3	557
9279	1	9278
193	0	178
10435	3	445
5805	3	277
457	0	708
7215	0	6249
2739	3	585
5926	3	1556
9019	0	6249
2816	2	4275
9338	0	9321
4901	3	3666
563	2	10456
741	1	794
303	3	707
9821	0	9714
2500	1	2577
6192	1	6218
5799	3	1483
3994	0	3989
4544	1	4686
3164	3	3167
86	2	3326
1488	2	9061
727	0	711
9819	0	9791
1368	1	1367
9811	0	9801
3300	2	3338
9611	1	9669
5881	1	5882
10581	0	10574
4857	0	4835
7110	1	7143
10440	3	2294
6099	0	6051
10780	0	5979
87	2	5026
9794	2	9847
3510	0	3501
6349	0	6340
1652	0	1359
9749	0	9726
2015	0	2012
5904	1	5914
9887	0	9850
6533	1	6774
10844	4	10761
8552	3	531
10763	0	5979
1921	0	1884
4733	3	2294
8397	0	8383
4828	0	4833
1680	3	170
9732	0	9726
5925	3	279
10925	0	10761
1	3	141
7289	1	7306
9870	0	9850
8602	0	8597
8380	0	8383
3504	3	3671
8911	3	1343
10013	0	9996
2501	0	2496
8294	0	8245
10932	4	10761
1359	3	577
196	0	181
10708	0	177
8287	1	8343
3321	1	3366
280	2	4275
7116	0	7094
6405	1	6646
9429	3	2096
9813	0	9797
5278	1	5276
8277	0	8245
10774	0	10759
8946	1	8979
10691	0	177
7831	1	8122
4175	3	2373
7930	1	8096
7066	0	177
4533	1	4627
4447	0	4432
4104	3	2103
8821	1	8819
9792	2	3257
9808	0	9721
5530	4	5524
9069	3	2296
3436	0	3397
2049	3	1965
2512	1	2550
9460	3	9793
2634	0	2355
8248	0	8243
4291	2	1496
4557	1	4690
10272	0	10234
6348	0	6341
7174	3	2109
9027	1	9050
1368	0	1359
7077	1	7078
389	4	303
5698	4	5609
8485	0	4733
7302	0	7176
10255	0	10234
5618	4	5524
723	0	704
1473	0	1359
3576	0	3559
9069	3	1491
6024	0	6020
10447	0	10433
9321	3	1861
3379	2	3390
2023	0	2010
1375	4	1359
8409	1	8426
10817	0	10809
4346	0	4332
6064	0	6052
9125	0	9105
5747	2	1973
4519	0	4493
8156	0	8153
11030	1	11029
2049	3	2099
2766	0	2736
8815	4	8794
8383	3	171
144	3	175
4733	3	818
1456	0	1359
7092	3	175
6249	2	912
4451	0	4332
1596	0	1575
10270	1	10303
1676	3	1554
4833	2	1352
1358	4	1359
355	4	303
6855	3	278
9998	3	3093
4834	3	295
10715	1	10748
4502	0	4493
450	2	2088
2749	0	2736
5658	4	5532
9073	0	9068
9745	0	9719
9521	0	9457
1912	0	1882
11121	0	10761
6038	3	277
10759	3	6270
4434	0	4332
8940	3	171
359	1	360
9438	0	9428
8471	3	171
10326	0	10234
9131	0	9107
4525	0	4495
9810	0	9717
1214	0	1194
2477	3	450
9728	0	9719
9504	0	9457
9425	3	450
4107	1	4127
1882	3	280
9821	0	9795
6866	0	6854
8834	3	450
909	2	4969
9114	0	9107
4829	3	2097
187	0	179
4151	0	4104
3394	3	3408
4523	1	4618
5501	2	3277
11087	0	10761
9368	1	9390
309	4	301
4400	0	4332
3393	3	1842
2946	1	3131
5549	1	5548
9816	0	9719
1575	3	1631
4493	3	4679
8163	0	8165
9194	2	913
11077	1	11100
3559	3	557
6111	1	6123
6342	3	3973
9809	0	9790
5991	0	5979
4082	0	4070
5084	4	5029
4709	1	4710
1723	0	1680
9209	0	9194
7209	3	445
7431	0	7322
5747	3	2816
5492	1	5495
8519	0	8515
4296	0	4291
5399	1	5398
9747	0	9715
8153	3	821
4222	0	4104
4105	0	4102
1706	0	1680
5004	0	5007
5458	3	3666
1842	2	4273
1359	3	874
380	4	301
7414	0	7322
8920	1	8929
9133	0	9103
9330	0	9318
1256	0	1192
3193	1	3209
8283	0	8218
1885	1	1924
9730	0	9715
6915	1	7006
8552	3	962
1689	0	1680
3596	1	3715
4012	0	4002
4074	1	4086
2698	3	282
987	1	1047
6249	2	2819
10091	1	10097
9116	0	9103
2986	0	2698
1239	0	1192
8440	1	8456
719	0	708
707	3	819
2166	1	2194
8266	0	8218
9713	0	9715
11052	4	10761
3995	0	4002
1727	1	1805
5042	4	5029
4854	0	4830
172	2	8506
1222	0	1192
7844	1	8030
763	0	704
476	0	707
8249	0	8218
8548	0	8549
4508	0	4332
11035	4	10761
3830	1	3829
1205	0	1192
9728	1	9757
4326	4	4299
1359	3	2297
342	1	341
4903	1	4905
4491	0	4332
9808	0	9802
3493	0	3477
979	0	966
7738	0	7322
9998	3	2101
8179	0	8153
3620	0	3502
1601	0	1359
8220	0	8216
404	4	303
2647	4	2355
10614	3	1842
3476	0	3477
7843	0	7322
10436	3	3173
7212	3	1555
10363	2	5798
7721	0	7322
2477	3	2491
3603	0	3502
280	2	868
3543	1	3556
4579	0	4332
5714	3	277
1359	3	1492
3180	3	1842
6481	1	6722
1593	0	1359
7826	0	7322
9468	1	9531
7855	1	8036
7113	1	7146
2765	1	2802
4562	0	4332
2512	0	2355
2207	2	5026
5719	3	2578
2739	3	963
3595	0	3502
7809	0	7322
3513	0	3504
269	2	1480
915	3	292
2150	0	1359
7168	2	3679
7276	3	7282
8257	0	8240
5799	3	1861
10707	0	10614
3578	0	3502
2383	0	2375
7792	0	7322
283	0	284
3901	1	3963
9209	1	9208
9999	3	169
3309	0	3300
2600	0	2355
4190	0	4177
10589	1	10605
7174	3	580
3229	2	3261
2736	2	2824
1018	1	1077
5236	4	5173
3999	0	3988
1245	1	1313
6926	0	6851
10768	1	10792
340	0	303
9186	3	5794
2583	0	2355
3180	3	3265
9065	2	5798
585	2	6267
5231	1	5230
937	0	915
4719	3	3811
9999	3	2397
1192	3	911
3303	3	87
8245	3	962
1359	3	821
6909	0	6851
752	0	418
6408	1	6649
9816	0	9800
2269	0	2263
3989	3	1340
4850	1	4880
5324	4	5173
2220	0	2210
428	0	303
7933	1	8099
4536	1	4630
6892	0	6851
5466	3	1859
9819	0	9714
1359	3	2110
456	0	704
585	2	2429
4703	3	1553
2263	3	1494
6875	0	6851
8557	1	8563
181	3	178
10978	1	10977
5412	4	5173
1976	1	1980
6351	0	6344
2739	2	1356
9787	3	3677
5189	0	5173
7287	0	7172
1472	3	1490
7722	1	8151
9145	0	9108
7383	1	7582
7900	0	7322
9137	1	9175
8385	0	8382
9128	0	9108
4264	1	4274
7883	0	7322
5390	1	5388
10759	3	1842
3180	2	3281
3891	0	3504
1755	0	1359
8153	3	447
10664	3	169
3246	1	3253
10718	1	10751
9111	0	9108
8968	0	8911
2049	2	2091
10363	2	2712
8218	3	445
2387	0	2358
3874	0	3504
9104	3	3411
1738	0	1359
9813	0	9720
8951	0	8911
3302	2	3257
6295	1	6328
637	4	303
9507	0	9460
9731	0	9722
9806	0	9791
5988	0	5980
1174	4	969
4110	1	4130
10363	2	10417
7178	3	563
4102	3	450
7858	0	7322
2465	4	2460
303	3	93
7114	0	7094
1720	0	1681
10686	3	911
5262	1	5260
9490	0	9460
9371	0	9366
3845	0	3502
9816	1	9838
5753	0	5744
10234	3	10309
5688	4	5689
7209	2	4275
1703	0	1681
8917	0	8911
11018	4	10761
4104	3	871
5744	3	5796
3397	3	2256
9327	0	9319
4104	3	4254
5606	4	5523
1686	0	1681
11001	4	10761
8522	0	8518
1093	2	5021
8905	0	8906
10436	3	1860
5468	3	5497
704	3	820
2841	0	2698
9065	2	2712
8487	0	8481
4214	1	4233
9750	0	9718
3435	0	3393
2698	3	1331
4914	3	138
7813	1	8148
303	3	577
9460	3	9850
8852	0	8841
10366	3	2207
695	0	303
699	1	698
3196	1	3212
7047	4	7041
10761	3	94
6408	0	6344
9733	0	9718
5660	4	5547
9065	2	10417
188	1	233
6557	1	6798
10712	0	10687
1242	0	1195
8911	3	3173
3192	1	3224
5351	0	5173
10950	1	11041
10384	0	9065
2260	3	168
10577	2	3551
2736	3	447
10201	1	10222
2912	0	2698
1225	0	1195
9130	1	9184
8549	3	8566
8551	0	8552
9814	0	9789
3303	2	3326
10690	0	10614
1506	3	279
2895	0	2698
3164	3	138
7460	1	7657
7122	0	7092
6479	0	6344
2739	3	2817
9731	1	9760
9285	1	9284
4104	3	1489
10673	0	10614
1520	0	1511
10759	2	10828
5422	0	5173
10135	0	10102
1600	0	1575
7105	0	7092
6462	0	6344
1881	3	276
9065	3	1862
8965	0	8941
1508	3	141
5588	4	5524
5926	3	2044
5307	1	5306
7049	4	7037
1359	3	447
7886	1	8138
7355	1	7555
5744	2	5788
577	2	6264
9109	1	9148
3902	0	3502
8	0	1
2678	4	2591
6249	3	9410
3863	1	3927
2974	1	3071
10485	1	10540
6038	3	818
3885	0	3502
7066	1	7065
4563	1	4653
8243	3	280
6437	0	6344
9635	0	9460
5910	1	5920
1194	3	1338
8865	1	8891
7322	3	4043
9074	0	9060
1882	3	821
3868	0	3502
10720	0	10685
9740	0	9460
5256	4	5176
4182	0	4102
6301	0	6250
4104	3	818
177	3	570
10687	3	2726
2150	1	2178
984	0	965
1918	0	1880
2217	0	2211
10579	1	10596
1882	3	2110
5239	4	5176
6255	0	284
6284	0	6250
6929	0	6854
7761	1	8109
10061	3	10071
1167	0	969
9734	1	9763
9796	2	9847
8240	3	272
1901	0	1880
5344	4	5176
821	2	3550
9217	1	9215
348	0	301
4978	2	9061
5222	4	5176
4175	3	3666
9460	3	9797
1528	0	1509
9996	3	2296
737	1	791
8410	0	8482
8244	3	8372
6161	1	6168
1752	1	1828
1739	1	1816
1391	4	1359
5814	1	5845
315	4	299
9787	3	1343
5205	4	5176
9362	3	3669
9707	3	292
7763	1	7971
723	0	708
3424	0	3396
2747	0	2699
10206	0	10185
7092	2	1863
764	0	418
9815	0	9788
5799	3	5972
5209	0	5176
5310	4	5176
869	2	868
314	0	301
8445	0	8438
298	4	299
10685	2	3257
2063	0	2046
9461	1	9525
8842	3	4827
2049	3	2103
4853	0	4832
10614	3	960
3620	0	3559
6103	0	6038
3587	1	3660
6465	1	6706
7290	0	7175
7386	1	7585
10713	0	10614
8550	3	8541
5658	4	5536
9745	0	9723
2011	0	2009
9105	3	169
2261	0	1359
3603	0	3559
9140	1	9178
7178	3	5800
1359	3	1549
177	3	1188
2355	3	1558
1917	0	1881
447	2	8160
8471	3	175
9810	0	9721
9728	0	9723
6520	1	6761
1909	1	1948
369	4	299
9060	3	444
2318	0	2306
1508	3	88
481	1	519
4432	3	533
10721	1	10754
1900	0	1881
3595	0	3559
1011	1	1071
2052	0	2048
2225	0	2209
373	0	299
837	3	171
7214	0	7209
9797	3	1093
8290	0	8242
2035	2	8160
5468	3	585
6909	1	6999
5891	4	5747
3263	3	2816
4177	3	1343
6599	0	6344
5411	0	5176
3578	0	3559
8481	3	3410
6026	0	6020
9060	3	9088
8163	0	8169
356	0	299
6401	1	6643
9809	0	9794
7212	3	2096
1562	3	280
1892	0	1881
727	1	782
8273	0	8242
9515	0	9458
1458	0	1359
6392	1	6633
5799	3	174
7178	3	807
9075	1	9084
8404	3	8510
9014	3	89
6877	0	6855
9362	2	1968
1528	1	1547
4102	3	1633
3631	1	3747
5756	0	5747
7810	1	8119
8484	0	8482
2838	0	2699
3432	0	3394
3504	3	3972
9498	0	9458
7917	1	8083
4773	1	4809
8654	4	8620
6860	0	6855
3415	0	3394
9481	0	9458
10440	3	10434
5384	4	5176
280	2	1543
2926	0	2699
911	2	4969
9065	3	1488
4217	1	4236
8218	3	2112
9720	2	3278
9714	3	9842
9464	0	9458
8948	0	8941
10762	0	5979
4102	3	4211
9121	0	9102
724	0	707
4939	0	4941
2909	0	2699
4854	0	4834
5827	0	5747
9818	0	9719
9460	3	295
763	0	708
303	3	821
10385	0	10367
476	0	711
6906	0	6344
5993	0	5979
6038	3	94
2892	0	2699
1882	2	1966
9434	0	9425
6889	0	6344
8298	0	8240
9127	0	9104
9806	0	9714
10204	1	10225
464	0	706
9724	0	9716
2375	3	911
3598	1	3706
4103	1	4124
9791	2	3278
9426	3	295
8439	0	7174
10911	1	10910
3180	2	3338
9332	0	9318
9110	0	9104
2980	0	2699
5490	3	5496
3244	0	3229
9299	0	9194
3167	3	141
3271	1	3276
10687	3	2352
2816	2	2429
3776	0	8165
3268	3	961
967	0	965
8279	1	8333
5157	4	5029
1883	0	1879
8180	0	8164
3263	3	535
3396	3	1573
8492	0	8480
86	2	1480
2262	3	274
9724	0	9850
5039	0	5029
4290	2	4098
6437	1	6679
4865	0	4837
2685	4	2639
6027	0	6019
9364	3	1862
606	1	605
10584	0	10578
7478	1	7675
8973	0	8939
4398	1	4416
8257	0	8244
2417	0	2355
1742	0	1359
8620	3	8810
4848	0	4837
215	0	178
10663	0	6249
2903	1	3112
8362	0	8244
9436	1	9448
839	0	837
7794	1	7993
8956	0	8939
3495	0	3477
1725	0	1359
10437	3	10458
10634	1	10657
5908	0	5901
4016	0	3989
2101	2	9061
198	0	178
2736	2	2828
8818	3	2296
7172	2	446
6926	0	6855
7772	1	8145
174	2	5021
1708	0	1359
715	0	705
2983	0	2699
280	2	9061
9856	1	9903
4581	0	4332
10900	4	10761
5716	3	277
6909	0	6855
4904	3	292
5720	3	447
4178	0	4176
2153	1	2181
1858	2	8835
8404	3	3330
8725	1	8724
3242	0	3180
4332	3	1494
10782	0	10761
4564	0	4332
6892	0	6855
4939	1	4955
2943	1	3053
8597	3	557
8403	0	8438
9737	1	9766
7342	0	7322
9812	0	9789
6252	0	6246
456	0	708
5945	0	5925
472	0	303
6596	1	6837
10765	0	10761
10866	4	10761
6875	0	6855
1679	1	1764
7325	0	7322
10870	0	10761
8481	3	2097
8907	3	1552
9377	0	9364
10971	4	10761
7287	0	7176
3436	1	3466
1472	3	1494
7277	0	7273
7753	1	7962
3196	0	3178
4835	2	1352
10853	0	10761
10954	4	10761
2471	0	2462
2066	0	2049
7339	1	7539
3179	0	3178
10984	1	10983
6468	1	6709
10439	3	2294
10393	1	10427
8620	3	1857
3317	0	3302
3509	0	3501
9060	3	1493
7100	1	7133
2752	1	2789
4443	1	4462
2014	0	2012
9143	1	9181
8253	0	8237
111	0	1
4510	0	4495
1507	3	295
8240	3	8355
7172	2	2353
8482	2	3551
1431	4	1359
458	0	704
9731	0	9726
9962	0	9947
1912	1	1951
6211	1	6242
6917	0	6853
8415	0	8481
1903	0	1884
1014	1	1074
8601	0	8597
9789	3	3677
1674	3	1494
3561	3	2041
2500	0	2496
7217	0	7212
4782	0	4755
7888	1	8057
9059	0	10364
807	2	6265
8293	0	8245
10011	0	177
5539	0	5524
303	3	447
10707	0	177
177	3	277
459	0	711
9460	3	9720
1886	0	1884
9820	0	9787
9428	3	2096
4581	0	4495
3167	3	572
8276	0	8245
10773	0	10759
2265	0	2260
5490	3	450
10514	0	10460
7416	0	7322
9803	0	9787
7295	0	7174
9385	0	9362
1651	0	1648
4564	0	4495
1691	0	1680
9068	3	2296
6017	0	6018
10497	0	10460
1384	0	1359
3435	0	3397
7399	0	7322
303	3	581
8971	0	8939
9368	0	9362
4290	2	1496
10271	0	10234
4776	1	4812
1522	1	1540
4332	3	4474
7504	0	7322
5925	3	2113
3997	0	4002
7382	0	7322
7036	4	177
8239	3	8356
9141	0	9105
7379	1	7579
10254	0	10234
3227	2	3254
8220	0	7041
1359	3	1472
9996	3	10058
7487	0	7322
9068	3	1491
9318	3	3093
4345	0	4332
5724	0	5719
6249	3	3669
9124	0	9105
4518	0	4493
8153	2	1352
1207	0	1192
10237	0	10234
1762	0	1680
143	3	175
10185	3	3173
9521	1	9585
4332	3	3669
10019	0	9998
7470	0	7322
5746	3	5796
3313	1	3352
1897	0	1470
4501	0	4493
1230	0	1194
180	0	177
8479	2	8507
3502	3	297
9520	0	9457
4215	0	4147
9065	3	577
318	0	301
2105	2	2091
10998	0	10761
10705	1	10738
8164	3	2035
6099	1	6126
3180	2	1354
9437	0	9428
10761	3	582
9094	1	9099
6022	3	2257
9809	0	9717
714	0	303
2223	0	2209
10629	0	6249
1213	0	1194
754	0	706
815	2	5482
3437	0	3393
9503	0	9457
1881	3	280
2736	3	585
140	2	8835
2467	4	2355
1192	3	541
9335	0	9321
2624	1	2623
5014	0	5005
697	0	303
1196	0	1194
737	0	706
4150	0	4104
9486	0	9457
9382	0	6249
9785	0	9788
8970	0	8940
8238	3	4827
746	0	706
2097	2	3548
577	2	6268
2931	0	2698
4832	2	4899
4547	0	4332
8480	3	962
8801	1	8800
4765	0	4753
8953	0	8940
6246	3	6272
729	0	706
4944	0	4940
2914	0	2698
4702	3	566
5313	1	5312
9430	1	9454
1359	3	2090
10956	0	10761
4530	0	4332
10759	3	1338
1018	0	966
3704	4	3504
4295	0	4291
712	0	706
558	2	5021
9301	1	9300
2768	0	2739
1001	0	966
3687	4	3504
5542	4	5523
5933	1	5956
4904	3	1341
10001	0	9999
5546	0	5523
1199	1	1267
10366	3	280
8482	3	2113
3569	0	3504
6569	0	6344
9859	1	9906
8225	0	8216
5942	0	5926
3486	0	3475
9823	0	9792
9460	3	9801
5529	0	5523
1906	0	1879
284	3	86
3180	2	3261
1221	0	1192
8244	3	8376
7210	3	7231
8296	0	8240
7322	3	2087
7080	0	177
4261	1	4270
315	4	303
9426	3	2096
4721	2	4276
928	0	917
1521	0	1359
11083	1	11091
7082	1	7081
4982	1	4990
7075	4	7040
9962	1	9983
1470	2	1496
2699	2	2727
1676	3	273
9815	0	9792
2663	4	2355
6255	0	6249
3820	1	3819
6900	0	6853
10443	0	10436
298	4	303
2440	0	2355
4729	0	4728
2446	0	2438
367	1	368
4004	1	4028
10061	3	4143
220	0	177
4224	0	4104
8818	2	8838
332	1	331
844	0	836
6883	0	6853
9611	0	9588
7046	0	177
3439	1	3469
4432	3	1342
8471	2	1863
3506	0	3502
6345	0	6341
5658	4	5540
367	0	301
9338	0	177
4021	0	3988
8250	0	8238
2528	0	2355
2629	4	2355
2061	0	1359
4347	1	4366
10363	2	2826
2047	3	450
1359	3	1553
9622	0	9460
350	0	301
7787	1	7987
2970	1	3068
821	2	6266
4190	0	4104
369	4	303
2511	0	2355
6471	1	6712
10667	0	10664
6061	0	6052
4183	0	4175
2684	4	2635
9605	0	9460
8243	3	447
2755	1	2792
373	0	303
5125	0	5029
2057	0	2047
584	2	4275
9824	0	9717
7094	2	1863
5252	4	5173
11118	0	10761
356	0	303
9809	0	9798
10685	3	563
1915	1	1954
5333	0	5173
3744	4	3504
9807	0	9717
878	0	876
3560	0	3502
5996	0	5982
9060	3	582
5235	4	5173
2010	3	95
6201	0	6038
8678	3	8711
7209	2	9061
8185	1	8201
3626	0	3504
3727	4	3504
9065	2	2826
4175	3	450
7215	0	7172
5218	4	5173
5801	3	441
1092	2	3216
9895	1	9942
2018	1	2031
7170	3	2110
3609	0	3504
392	0	299
2924	1	3042
8169	3	1862
5810	1	5842
1899	0	1359
10440	3	10438
411	4	301
1676	3	86
5466	2	5482
3420	0	3393
5306	4	5173
7216	0	7209
10813	0	10810
154	0	146
1192	3	167
2699	2	446
7181	0	7172
9749	1	9777
4433	3	277
724	0	711
2762	0	2737
2355	3	86
10664	3	96
7286	0	7172
358	0	299
10061	3	1862
3884	0	3502
8241	0	8236
6342	3	277
10968	1	10967
7093	1	7127
2745	0	2737
9517	0	9458
5980	3	1348
3315	1	3348
8432	0	8404
2888	1	3108
3867	0	3502
9434	0	9429
8298	0	8244
2897	0	2698
9127	0	9108
5615	1	5614
1210	0	1195
646	0	303
464	0	710
9724	0	9720
9500	0	9458
5424	1	5425
817	2	6259
8677	0	8620
2510	1	2547
8778	4	8620
8415	0	8404
484	0	418
8656	4	8620
2880	0	2698
7121	1	7154
1896	0	1878
7769	0	7322
749	1	800
7107	0	7092
2270	0	2259
6464	0	6344
9110	0	9108
10713	0	177
1193	0	1195
9483	0	9458
444	2	10416
10089	2	913
4970	3	282
2355	3	570
2386	0	2358
967	0	969
467	0	418
10664	3	580
2863	0	2698
5407	0	5173
7752	0	7322
9065	3	821
2113	2	8505
5534	4	5523
3634	0	3502
9506	0	9460
418	3	821
9466	0	9458
1888	0	1878
4184	1	4199
8643	0	8620
10705	0	177
583	2	2091
3232	0	3228
2927	1	3045
10367	3	2205
2846	0	2698
5390	0	5173
7735	0	7322
7069	4	7041
8595	3	565
459	0	418
1882	3	585
619	4	303
755	1	832
10771	0	10759
1969	0	1970
10363	2	1968
6249	2	1351
1253	1	1321
7840	0	7322
5752	0	5744
9743	0	9716
9637	0	9460
9336	0	177
9999	3	177
7272	0	7172
9249	1	9248
9129	0	9104
9326	0	9319
7823	0	7322
10761	3	3404
9620	0	9460
9793	2	3278
5380	4	5173
10761	3	10759
4760	1	4796
10578	3	172
9108	3	2035
6022	3	6018
4862	0	4833
2260	3	95
4220	0	4146
5457	3	5459
5363	4	5173
10230	0	10228
4833	3	807
5747	3	88
5824	0	5805
2837	1	2996
9708	0	9460
759	0	705
5936	1	5959
177	3	818
7124	1	7157
9813	0	9460
5807	0	5805
1593	1	1621
5451	4	5173
10164	4	10102
5994	0	5982
6252	0	6250
9065	2	1968
8489	0	8404
2355	3	2477
178	3	269
10591	0	10573
6547	1	6788
6038	3	1550
2381	1	2401
2358	3	2041
8447	0	8438
8299	0	8243
6880	0	6854
8958	0	8939
8472	0	8404
2386	1	2396
1142	4	969
10191	1	10212
8240	3	870
1522	0	1506
7058	0	7037
6382	0	6344
4104	2	4173
1882	3	1553
5321	4	5173
9965	1	9986
4587	0	4493
7057	4	6344
6863	0	6854
10446	0	10439
10779	1	10803
1023	0	965
8282	0	8243
4702	3	139
9060	3	9068
7931	0	7322
5400	4	5176
9107	3	169
1359	3	1663
2259	3	174
6365	0	6344
10759	3	911
5177	0	5176
9104	2	3218
3162	3	821
3164	3	1488
10761	2	11152
714	0	710
10197	0	10187
5383	4	5176
371	4	299
8805	0	8620
4332	2	1356
10061	3	2293
8169	3	1488
7212	3	1860
8405	0	8438
5265	0	5176
5366	4	5176
10436	3	445
7790	1	7990
9947	3	2430
5071	1	5070
5947	0	5925
6934	0	6854
2817	2	4275
1911	0	1878
10572	1	10594
10616	0	6249
4471	0	4474
3853	1	3917
9130	0	9103
4495	3	2206
5720	3	5741
5979	3	563
9727	0	9715
709	0	418
5147	1	5146
6207	1	6231
5231	0	5176
9797	3	4724
1183	0	969
6345	1	6355
816	2	2091
6567	0	6344
9887	0	9460
2265	0	2264
8552	3	141
10614	2	3160
6149	4	6038
324	0	299
6254	0	284
2923	1	3121
6100	0	6051
7174	3	3329
9870	0	9460
3569	0	3561
8531	0	8533
9795	2	9847
8188	1	8204
9808	0	9786
6017	0	6022
10362	3	1860
3173	2	6264
5647	1	5646
3440	0	3396
3180	3	537
4295	1	4303
7050	0	7039
2417	1	2426
5805	2	1973
9964	0	9947
7806	1	8002
2195	0	2196
4493	3	1093
6053	1	6066
418	3	447
3571	1	3648
3227	2	3258
3423	0	3396
3300	2	3216
4438	0	4433
1470	3	1963
1913	0	1470
5812	0	5747
5799	3	556
10433	3	1860
6102	0	6038
9717	2	2828
5337	1	5336
8240	3	817
3486	1	3487
2877	0	2699
2045	0	2046
6051	3	169
180	0	181
4175	3	4211
3577	1	3650
1586	1	1615
7234	1	7254
9112	0	9104
4506	0	4492
2982	0	2699
834	2	868
8241	1	8301
9809	0	9721
754	0	710
3636	1	3750
1386	0	1359
5322	0	5176
9999	3	1092
10688	0	10685
2965	0	2699
2317	0	2306
10697	0	10685
8404	3	8437
4297	1	4299
737	0	710
3393	3	3412
1899	1	1938
2881	1	3019
8620	3	8574
9785	0	9792
6870	0	6853
746	0	710
2948	0	2699
272	2	8506
9267	0	9194
1474	0	1359
1858	2	9404
9366	3	9409
8243	3	4826
1414	1	1413
9998	3	10058
8480	3	3410
4492	3	4683
10818	0	10809
4347	0	4332
3270	0	3268
8918	0	8907
729	0	710
7053	0	7042
3300	3	87
5393	0	5176
3560	0	3559
5466	3	1843
749	0	418
1359	3	2094
10686	3	277
9787	3	2372
2296	2	10826
4835	3	295
712	0	710
1256	1	1324
9074	0	9068
3626	0	3561
4682	2	5488
850	0	834
732	0	418
4435	0	4332
5011	1	5020
717	0	705
4864	0	4829
450	2	4276
2481	0	2355
1518	1	1537
8552	3	88
3316	0	3302
4831	3	280
3609	0	3561
6303	1	6336
4904	3	1345
5500	2	1351
9240	4	9194
2009	3	450
5095	0	5029
4763	1	4799
4830	3	2097
6249	2	6267
3299	0	3302
9719	2	3278
9384	0	6249
6922	0	6344
11088	0	10761
969	3	568
9120	0	9102
9823	0	9796
9789	3	140
8245	3	275
8185	0	8167
2104	2	3160
5939	1	5962
8296	0	8244
9367	0	6249
6905	0	6344
9194	3	909
8168	0	8167
7074	4	7040
5930	0	5925
2262	3	2295
1596	1	1624
1519	0	2210
10443	0	10440
2439	0	2355
6888	0	6344
4297	0	4291
6550	1	6791
4177	3	2372
220	0	181
5464	0	5468
2610	1	2609
6871	0	6344
7170	2	3338
5940	0	5747
8284	0	8218
10261	1	10294
5985	0	5980
5979	3	539
556	2	10082
2268	1	2281
4013	0	4002
6052	2	3278
10782	1	10806
10438	3	3091
8267	0	8218
3634	0	3559
725	0	703
5684	4	5685
4864	1	4894
8939	3	277
6246	3	962
95	2	9061
2230	0	2212
596	1	595
3504	3	813
7219	0	7212
10716	0	10686
478	0	708
1914	0	1881
2213	0	2212
4743	3	4744
8452	0	8437
3263	3	141
8536	1	8540
1359	3	2041
5809	1	5866
3856	1	3920
348	1	347
4475	0	4332
757	0	705
4432	3	86
7722	0	7322
10174	0	10102
817	2	3551
170	2	4909
6027	1	6035
9460	3	169
6868	0	6853
10499	0	10460
5468	3	138
10759	3	2578
2200	1	2203
3396	3	3407
1359	3	297
9588	3	447
11047	1	11046
1575	3	1188
8653	1	8652
9334	0	9321
4575	0	4492
10882	4	10761
5472	0	5466
3420	0	3397
7071	4	7037
2294	2	6268
9811	0	9789
3300	2	3326
2618	0	2355
5908	1	5917
9317	0	9321
9426	3	169
2059	0	2047
9727	1	9756
5801	3	579
9753	0	9726
7286	0	7176
3310	0	3300
7050	0	6344
10239	0	10234
5747	3	279
9891	0	9850
2446	1	2456
10664	3	450
962	2	4273
4017	0	3985
2522	0	2496
10812	0	10759
9135	0	9102
1195	3	818
22	0	1
9026	0	6249
9725	2	3257
5926	3	873
1580	0	1575
5580	1	5581
1359	2	1495
9883	0	9850
1681	3	1350
10840	4	10761
10327	0	10234
9118	0	9102
5	0	1
5568	4	5524
1896	0	1882
813	2	10415
9796	2	3281
8594	0	8595
833	0	834
9097	3	1094
3580	1	3653
10903	1	10901
110	0	1
9115	0	9107
9820	0	9714
6200	1	6225
8907	3	2097
8536	0	8532
7172	2	5797
5308	4	5173
1362	1	1361
1888	0	1882
8269	0	8243
9320	0	9321
9431	0	9425
6250	3	3173
9803	0	9714
9471	0	9457
6250	3	140
9206	4	9194
8482	3	8509
7327	0	7322
10460	3	565
669	1	668
2432	2	8155
1004	1	1064
10234	2	3548
4118	0	4104
5746	3	2206
7285	0	6249
1880	3	272
4443	0	4432
9891	1	9939
8244	3	8356
8225	0	7041
5806	1	5839
5278	0	5173
5449	1	5448
8218	3	4377
9317	1	9359
450	2	6264
3892	0	3504
9310	3	3266
2882	0	2698
5945	0	5799
4862	0	4837
7867	0	7322
2844	1	3154
8480	2	8505
284	3	2294
150	0	143
7398	0	7322
7297	1	7313
2294	2	1543
9745	1	9774
2388	0	2358
2306	3	585
720	0	708
10203	0	10185
9255	1	9254
5747	3	92
2865	0	2698
9814	0	9720
1331	2	3327
3303	2	3257
6604	1	6845
1371	4	1359
10012	0	9996
3394	3	818
7381	0	7322
4766	1	4802
1223	0	1192
8250	0	8218
4970	3	1843
7115	0	7094
9995	0	9996
4904	3	4972
4944	1	4958
10914	4	10761
9430	0	9426
2953	0	2698
1206	0	1192
5095	1	5094
178	3	273
10591	0	10577
747	0	704
460	0	707
9307	4	9292
4231	0	4147
9123	1	9162
7098	0	7094
7172	3	7175
8382	3	818
926	1	948
9328	0	9319
745	1	797
7180	3	2206
7058	0	7041
3240	0	3230
2048	3	1965
7048	0	177
140	2	10051
1470	3	276
177	3	10755
739	0	704
4393	0	4391
994	1	1055
1897	0	1881
1023	0	969
3643	1	3736
8176	0	8165
9362	3	3332
8163	0	8153
1359	3	1667
2480	0	2477
2063	0	1359
305	4	301
6248	3	450
10985	4	10761
7210	3	2352
6085	4	6038
5468	3	1858
2264	3	173
9091	3	3812
722	0	704
7344	1	7542
4999	2	3551
9069	3	2097
705	3	817
5007	2	5025
6023	0	6020
8218	3	8378
371	4	303
2739	2	913
5080	4	5029
10867	0	10761
4441	0	4332
8253	0	8245
2271	1	2284
6041	1	6046
10061	3	2297
2151	0	1359
211	0	179
2761	0	2737
318	1	317
10578	2	3551
1877	1	1922
6563	1	6804
8387	0	8381
5436	1	5434
969	3	141
9097	3	9096
194	0	179
7848	1	8033
2209	3	2255
9130	0	9107
4524	0	4495
4191	0	4177
8242	3	870
3562	0	3502
9727	0	9719
9823	0	9719
2117	0	1359
9460	3	279
2683	4	2627
4507	0	4495
4174	0	4177
3180	3	1346
2833	1	2993
836	3	167
2221	0	1507
11086	0	10761
8289	0	8238
324	0	303
1710	1	1793
558	2	9404
3164	3	821
1359	3	1346
921	0	915
9815	0	9719
10582	0	10575
9808	0	9790
5990	0	5979
1099	1	1098
8829	0	8818
3173	2	6268
5941	0	5926
7276	3	2814
2691	3	2694
1905	0	1879
1722	0	1680
4291	3	447
3180	3	541
169	2	9064
10367	2	5798
412	0	303
9108	3	9102
6876	0	6851
9373	0	9365
9060	2	9064
6534	1	6775
877	1	893
1359	3	541
3616	0	3502
1705	0	1680
5457	3	3666
7172	3	1861
1879	3	1964
7273	3	961
981	1	1041
6859	0	6851
8481	3	174
6142	1	6141
4102	3	141
2739	2	2820
7072	1	7071
343	0	299
1688	0	1680
7518	0	7322
5274	4	5173
6879	1	6969
4733	3	3331
4183	0	4102
5500	2	2831
5154	4	5029
5502	2	82
1185	0	969
1003	0	966
9752	0	9717
4110	0	4104
366	0	301
326	0	299
7501	0	7322
9112	0	9108
3770	0	3504
9138	0	9105
6038	3	6173
2753	0	2739
2870	1	3151
3322	0	3300
2208	0	1359
7430	1	7627
4337	1	4356
4493	2	1356
4176	3	3666
10234	3	1840
4702	3	440
4755	3	4827
1359	3	1964
2914	1	3147
414	0	299
7170	3	7164
5328	4	5176
8297	0	8236
7179	3	563
332	0	301
10016	1	10044
10003	1	10032
1722	0	1359
3619	0	3502
621	4	303
3425	0	3396
2748	0	2699
9491	0	9460
2273	0	2263
2355	3	818
5458	3	568
9816	0	9788
441	2	3550
8280	0	8236
10444	0	10432
3397	3	1492
5624	4	5523
8404	3	870
1705	0	1359
8918	0	8911
3566	1	3686
3642	0	3561
3743	4	3504
6019	3	2257
11081	1	11103
604	4	303
9474	0	9460
4702	3	574
4578	0	4332
6104	0	6038
7291	0	7175
7825	0	7322
9511	1	9575
5607	4	5523
5353	1	5352
1688	0	1359
5763	1	5787
10714	0	10614
1687	0	1681
1192	3	94
3726	4	3504
486	0	303
4561	0	4332
10880	4	10761
1124	4	969
277	2	2429
4864	0	4833
7808	0	7322
3244	1	3251
5590	4	5523
6882	1	6972
9746	0	9720
10664	3	962
469	0	303
8699	0	8620
7802	1	7999
1006	0	969
5465	2	5482
2439	1	2450
9104	3	821
10264	1	10297
2703	0	2698
6248	2	6267
5747	3	1491
452	0	303
8682	0	8620
989	0	969
7896	0	7322
9823	0	9800
4002	2	4046
2259	3	1093
4945	0	4904
1758	0	1681
2959	1	3059
10015	0	9999
4737	0	4736
6341	3	277
3989	3	4040
4332	3	807
176	0	178
4844	1	4874
5875	4	5747
4928	0	4904
1741	0	1681
3302	3	87
1507	3	279
5457	3	580
5338	1	5339
8173	0	8166
5543	0	5523
7079	4	7039
7123	0	7092
2219	0	2210
1209	0	1195
10460	3	138
5318	0	5173
5419	4	5173
3433	0	3394
9499	0	9458
3219	2	3216
4070	3	543
9794	3	3677
406	0	301
9014	3	6249
8479	2	3551
10234	3	5975
929	1	951
372	1	371
7062	4	7039
9069	3	2207
9482	0	9458
8966	0	8941
2262	3	1494
8663	1	8662
997	1	1058
8412	0	8481
10119	0	10102
7873	1	8133
9786	3	3677
1471	3	1490
9721	2	3278
6924	0	6344
8549	2	3338
8949	0	8941
11071	1	11070
3898	0	3504
725	0	707
1513	0	1508
8384	0	8382
5727	1	5738
6511	1	6752
4148	0	4146
1566	1	1571
5747	3	2109
6907	0	6344
6438	0	6344
4855	0	4831
8218	3	2206
9636	0	9460
4515	1	4611
9335	0	177
2476	3	2044
8773	0	8620
1359	3	167
2817	2	9061
5718	3	3094
6890	0	6344
8393	1	8398
1514	1	1534
6270	2	10418
9060	3	2095
6421	0	6344
5538	4	5524
752	0	703
4837	3	1843
836	3	277
6566	1	6807
9619	0	9460
8440	0	7174
8907	2	2036
9239	1	9238
4104	3	1343
10957	1	10958
8723	1	8721
1919	0	1880
3161	2	1351
9812	0	9720
3852	0	3502
6404	0	6344
9724	0	9460
8242	3	175
10173	0	10102
8221	0	8217
4219	0	4146
9602	0	9460
297	2	10415
5675	4	5577
2101	2	10415
1902	0	1880
5560	1	5561
8181	0	8164
7087	4	7037
5823	0	5805
6387	0	6344
10440	3	3091
3396	3	3411
10616	1	10640
1192	3	1330
4515	0	4493
280	2	10415
1151	0	969
1885	0	1880
2204	2	5025
7071	4	7041
5206	4	5176
9811	0	9793
6251	0	6250
7114	1	7147
6896	0	6854
1506	3	1556
10366	3	585
7252	1	7271
9068	2	1357
216	0	178
9608	1	9666
6879	0	6854
1117	0	969
10435	3	1860
10190	0	10185
2355	3	444
748	0	418
3434	0	3393
5747	3	3666
10257	1	10291
5193	0	5176
5294	4	5176
4017	0	3989
8246	0	8239
5172	4	5176
8911	3	8906
984	1	1044
6862	0	6854
9101	1	9146
7178	3	5975
2714	0	2699
7180	3	169
5747	3	1572
731	0	418
3417	0	3393
387	4	299
9102	3	585
5277	4	5176
5655	1	5654
817	2	6267
6136	1	6134
210	1	256
4829	2	4899
4179	0	4176
10133	1	10132
2697	0	2699
10159	0	10102
8294	0	8237
5260	4	5176
4259	1	4267
3881	0	3502
10881	1	10880
6495	0	6344
6053	0	6038
438	2	3551
8277	0	8237
9104	3	447
3502	2	3680
1910	0	1878
6478	0	6344
7072	0	7039
8275	1	8330
9436	0	9424
8482	3	2097
2477	3	174
7052	0	6344
9425	3	174
6583	0	6344
5490	3	1670
466	0	705
3562	0	3559
4007	1	4031
8969	1	9003
6461	0	6344
8834	3	174
4901	3	438
181	3	276
8479	3	2113
6566	0	6344
8404	3	175
3569	1	3689
287	1	291
4733	3	1965
10432	3	820
6344	2	1863
2067	0	2046
3416	0	3394
3491	1	3490
6549	0	6344
4159	0	4147
7172	2	7224
8604	0	8552
144	3	167
5757	1	5780
1346	2	5488
6885	1	6975
3399	0	3394
5979	3	169
991	0	965
5368	4	5176
917	3	295
9963	0	9947
6051	3	96
2304	1	2329
5557	0	5524
9073	0	9060
4494	0	4495
4492	3	1093
10719	0	10685
3616	0	3559
319	1	320
9208	4	9194
1415	4	1359
841	0	836
2594	1	2593
10364	2	10418
2893	0	2699
10575	3	172
747	0	708
2771	0	2699
460	0	711
4343	1	4362
8558	0	8550
1243	1	1311
7172	3	7179
1913	0	1881
9794	3	1343
2876	0	2699
9785	0	9719
1746	1	1822
4847	1	4877
9429	3	962
9296	4	9194
2754	0	2699
5439	4	5176
6873	0	6344
1470	3	280
8245	3	873
1527	0	1509
1652	0	1648
3245	0	3229
2859	0	2699
8176	0	8169
5326	4	5176
6856	0	6344
10614	3	277
9186	2	4298
5468	3	1862
2698	3	140
9283	0	9194
932	1	954
1690	1	1773
1475	0	1472
2842	0	2699
705	3	821
7065	4	7042
6215	0	6038
9059	0	7209
8853	0	8842
9996	3	2097
8252	0	8218
3619	0	3559
10761	3	2286
5636	1	5637
402	4	299
6198	0	6038
7488	0	7322
5124	4	5029
5744	2	3174
8235	0	8218
1404	1	1403
9249	0	9194
385	4	299
6514	1	6755
9804	3	1093
97	2	3551
2703	0	177
4216	0	4147
1194	3	818
5116	4	5029
5713	0	5714
3479	0	3477
849	0	834
10395	1	10426
2384	0	2355
6903	1	6993
6916	1	7005
10248	1	10281
2940	1	3129
1579	0	1575
8396	1	8401
3396	3	138
10630	0	6249
151	0	146
8289	0	8242
3553	2	5026
10433	3	445
8156	1	8159
1359	3	1350
3243	0	3180
4146	3	1347
10613	0	6249
4565	0	4332
9383	0	6249
6061	1	6074
6365	1	6606
5082	4	5029
764	0	703
9186	3	2135
7454	1	7651
5873	4	5747
3226	0	3180
272	2	1480
213	0	179
10761	3	4998
3180	2	3326
4548	0	4332
8295	0	8244
6876	0	6855
3502	3	175
935	1	957
1518	0	1507
3431	0	3394
2042	2	9404
3776	0	8153
5818	1	5848
4834	3	584
8412	0	8404
1681	3	175
5747	2	3551
4531	0	4332
10769	0	5979
6859	0	6855
8278	0	8244
1019	0	966
8165	3	2294
2739	2	2824
3192	0	3180
7038	0	7042
7174	3	438
279	2	1543
2703	1	2710
7189	0	7178
3688	4	3504
140	2	9063
488	0	706
2256	2	4276
10686	3	10755
7094	3	7092
2752	0	2739
4987	0	4980
3570	0	3504
7086	0	7040
1882	3	1858
9143	0	9104
8446	0	7174
4537	0	4492
6930	0	6855
2698	3	87
1649	1	1657
1907	0	1879
7174	2	5797
414	0	303
4835	3	169
9306	0	9194
4752	1	4790
3553	2	3550
8297	0	8240
4979	0	4980
9126	0	9104
4520	0	4492
10586	1	10602
929	0	917
1890	0	1879
8187	0	8164
9460	3	96
7174	3	1861
4736	3	2295
6368	1	6609
9065	3	2578
10012	0	177
8280	0	8240
10444	0	10436
9629	0	9588
9109	0	9104
4503	0	4492
2979	0	2699
8218	3	169
2699	3	2696
2262	3	2035
7161	2	1974
9995	0	177
6884	0	6853
9612	0	9588
2962	0	2699
2696	2	2712
10178	4	10102
4010	1	4034
8972	1	9006
7296	0	7174
9595	0	9588
4864	0	4837
10498	0	10460
8972	0	8939
8240	3	4826
8438	3	2294
4733	3	1859
5930	0	5799
10668	0	10664
4834	2	4898
10481	0	10460
9592	1	9650
3419	0	3397
2035	2	9063
838	0	837
8643	1	8642
8955	0	8939
10487	1	10543
677	1	676
1862	2	10416
8814	4	8784
2204	2	9404
5907	0	5901
1195	3	1095
10464	0	10460
5229	0	5173
5155	1	5154
7366	0	7322
7054	4	6344
8938	0	8939
1020	0	965
8221	1	8229
2264	3	1092
10473	0	10460
5109	0	5029
10238	0	10234
2205	2	9061
279	2	9061
4332	3	811
7471	0	7322
879	0	876
3986	3	1094
7349	0	7322
5895	0	5896
9134	0	9102
2474	4	2462
8672	4	8624
9731	0	9714
6108	1	6116
1502	1	1504
7454	0	7322
3393	3	2294
4176	3	450
4429	2	4969
4972	3	4977
8939	3	9011
9312	1	9315
6292	1	6325
3833	4	3504
9263	1	9262
454	0	704
10987	4	10761
7213	0	6249
7437	0	7322
5944	0	5925
10012	1	10041
4071	0	4070
4904	3	93
3988	3	175
9069	2	3679
9487	0	9457
8472	1	8477
7420	0	7322
7074	4	177
1883	0	1359
4694	1	4698
7172	3	2296
6249	3	3173
725	0	711
681	0	303
9470	0	9457
1468	4	1371
10445	0	10435
2739	3	447
5580	0	5524
1245	0	1192
6441	1	6682
4332	3	140
2047	3	2101
4855	0	4835
9070	0	9069
10957	0	10761
11058	4	10761
303	3	569
9460	3	9842
10438	3	2294
10187	3	86
10835	0	10761
6038	3	2286
1359	3	171
713	0	706
3240	1	3248
4860	0	4830
10234	3	9846
752	0	707
647	0	303
3312	0	3303
11041	4	10761
6517	1	6758
4719	3	2006
4843	0	4830
1919	0	1884
2881	0	2698
7108	0	7092
10714	0	177
1884	3	276
9961	0	9947
2600	1	2599
10923	0	10761
9310	3	294
10686	3	582
10251	1	10284
9408	2	9404
1902	0	1884
284	2	6267
2864	0	2698
1413	4	1359
7087	4	7041
7091	0	7092
5943	0	5926
4703	3	1842
2499	0	2496
10687	3	2100
1192	3	1334
8292	0	8245
5490	2	296
2969	0	2698
1885	0	1884
5391	0	5173
4580	0	4495
8275	0	8245
563	2	6264
2476	3	438
2929	1	3046
10332	1	10355
10590	0	10577
6536	0	6344
3561	3	1842
5267	1	5266
2322	1	2345
2055	0	1882
4409	0	4391
9790	2	3257
586	2	6266
8258	0	8245
221	0	177
3519	0	3504
2531	1	2571
3434	0	3397
2389	0	2375
4022	0	3988
7869	1	8130
204	0	177
3417	0	3397
387	4	303
531	2	4251
3756	1	3787
7834	1	8123
138	2	5482
2048	3	282
4728	3	551
5585	1	5584
7486	0	7322
4005	0	3988
9709	0	9460
4191	0	4104
167	2	4251
9494	1	9558
2045	0	1359
9381	1	9400
1472	3	169
6062	0	6052
4344	0	4332
9123	0	9105
4184	0	4175
1715	1	1796
196	0	177
9814	0	9460
6494	0	6344
4970	3	3677
1454	0	1359
10363	3	169
721	0	303
11014	0	10761
4174	0	4104
353	4	303
9822	0	9800
10699	1	10732
9996	3	3093
876	3	907
585	2	4275
10380	1	10430
9106	0	9105
2305	3	273
4278	0	4279
10174	1	10175
4833	3	1840
1910	0	1882
6249	3	87
3502	3	1842
343	1	344
4157	0	4104
4789	0	4753
9436	0	9428
336	4	303
9805	0	9800
1359	3	2212
10324	0	10234
308	1	307
9808	0	9717
3892	1	3953
2631	1	2629
1212	0	1194
2618	1	2617
8941	3	5972
753	0	706
6553	1	6794
8238	3	172
1681	3	1842
8190	0	8167
6202	0	6038
4904	3	174
300	0	301
4735	3	1347
9460	3	9789
8382	3	558
4588	0	4493
4772	0	4753
2045	1	2068
181	3	280
736	0	706
9108	3	169
4149	0	4104
837	3	834
389	4	299
2220	0	1507
9381	0	6249
11085	0	10761
6942	1	7032
6185	0	6038
8288	0	8238
6038	3	139
5075	0	5029
3163	3	821
1467	4	1391
920	0	915
3711	4	3504
2372	2	6267
5283	0	5176
388	0	301
1674	3	169
3559	3	3668
5202	4	5173
11068	0	10761
2292	2	8835
10687	3	169
2207	2	10418
8271	0	8238
306	0	303
2775	0	2739
10574	2	4276
3593	0	3504
2098	2	2088
155	0	146
7182	0	7172
5185	4	5173
355	4	299
4294	0	4291
1842	2	10417
660	4	303
10631	1	10654
6160	0	6038
8153	3	1488
9595	1	9653
4013	0	3986
5249	0	5176
3311	1	3353
4904	3	4980
1254	0	1192
8957	0	8911
10364	3	444
7179	3	140
342	0	299
8637	1	8635
8238	3	440
4010	0	4002
971	1	1031
813	2	6264
1428	1	1427
5545	0	5523
5646	4	5523
7203	2	2826
1384	1	1383
8856	1	8881
1237	0	1192
3587	0	3561
3394	3	3404
438	2	2429
3993	0	4002
5747	3	584
5629	4	5523
3505	0	177
9484	0	9458
761	0	704
2305	3	86
10383	0	10363
3570	0	3561
10234	3	962
469	1	506
6133	4	6038
8640	4	8620
8265	0	8244
9427	0	9426
9467	0	9458
9854	0	9460
8644	0	8620
3433	1	3463
5830	0	5747
3228	2	1966
7736	0	7322
6389	1	6630
9996	3	2101
3618	0	3502
3985	3	280
5925	3	1861
2645	4	2355
4439	0	4433
4732	1	4738
169	2	3327
8627	0	8620
5599	0	5523
10434	3	3173
5813	0	5747
9707	3	97
7210	3	1555
7881	1	8135
9739	0	9718
3228	2	3255
3601	0	3502
283	1	288
9473	0	9460
7824	0	7322
5746	3	3666
11106	1	11130
5357	0	5173
9429	3	295
1992	1	1998
9320	0	177
3584	0	3502
426	0	418
10390	0	9065
5713	0	5718
1194	2	1351
7061	1	7062
7807	0	7322
4221	0	4146
7511	1	7708
9709	1	9712
5117	1	5116
8698	0	8620
10234	3	3674
5884	0	5747
2381	0	2375
7790	0	7322
5347	4	5173
4279	3	4288
764	0	707
5808	0	5805
10254	1	10287
6250	3	579
7172	3	580
4014	0	3985
4255	0	4256
6200	0	6038
1906	0	1359
6477	0	6344
10685	3	2458
5602	0	5523
3843	0	3504
5746	2	3174
726	0	705
2355	3	558
8176	1	8211
10148	4	10102
8620	3	8668
480	0	418
6276	1	6309
3908	0	3502
526	2	9062
1523	0	1506
1501	3	89
8405	0	8479
5585	0	5523
1893	0	1882
3826	0	3504
4279	3	450
7486	1	7684
9060	2	912
7293	0	7172
718	0	705
4865	0	4829
10367	2	1968
3164	3	1663
5305	4	5173
488	0	710
3180	3	94
2693	2	2689
4832	3	280
10114	4	10102
1007	0	965
2477	3	1093
710	3	818
362	1	361
3245	0	3180
3303	3	3332
4848	0	4829
8479	3	8509
7285	0	7172
5468	3	874
7212	3	2035
9143	0	9108
990	0	965
8620	3	292
7203	2	1968
3229	2	3257
2736	2	2820
10581	1	10611
4440	0	4432
8431	0	8404
9126	0	9108
8429	3	279
7881	0	7322
1192	3	907
6501	1	6742
5376	4	5173
4736	3	4743
8214	0	8215
2263	3	2295
7729	1	7942
6912	1	7002
750	0	303
10444	0	10440
1895	0	1878
9109	0	9108
4725	2	10610
10367	3	583
9108	3	279
8285	0	8239
8906	2	2036
4147	3	3669
9102	3	3411
9811	0	9720
3300	2	3257
5941	0	5747
5986	0	5980
8268	0	8239
2967	0	2698
2319	0	2305
2737	3	557
8383	3	277
6351	0	6340
1718	0	1681
4510	1	4605
10439	3	3091
4972	3	175
8251	0	8239
7441	1	7638
2259	3	2256
6534	0	6344
9751	0	9723
8443	0	8438
1965	2	5482
3539	1	3545
1701	0	1681
4407	0	4391
6038	2	912
5490	3	174
4378	2	9404
1680	3	89
1852	2	1863
2090	2	5025
9734	0	9723
5468	3	1842
1684	0	1681
3502	2	1968
6249	3	7231
5188	4	5176
1020	0	969
4832	3	93
6050	0	6051
4403	1	4422
8520	0	8518
10578	3	10577
5925	3	1487
10434	3	1860
9598	1	9656
9374	1	9394
2702	0	177
1708	1	1790
9339	1	9357
5525	0	5524
10229	0	10228
8850	0	8841
2748	0	2736
6605	0	6344
5621	0	5524
683	1	682
7082	0	7037
4101	0	4254
9731	0	9718
818	2	3551
8908	0	5719
1654	0	1648
974	1	1034
9812	0	9460
8904	1	8932
9019	0	9014
10710	0	10687
1359	3	2135
3397	3	3407
4293	1	4304
8293	0	8237
5722	0	5715
10575	2	3551
303	3	439
2844	0	2699
4070	3	1840
459	0	703
10693	0	10687
1370	0	1359
1183	1	1182
2699	2	1349
7232	3	7167
8276	0	8237
2047	3	816
5979	3	1840
4332	3	4682
721	0	710
4984	1	4993
5215	1	5214
8515	3	3972
10445	0	10439
9435	0	9424
10671	0	10614
9883	0	9460
3180	3	175
7773	1	8112
2737	3	2814
2047	3	2105
5501	2	2712
1359	3	175
713	0	710
4860	0	4834
5291	1	5290
9075	0	9068
10196	0	10187
5586	4	5524
7180	3	5975
6249	3	2372
9742	0	9721
851	0	834
733	0	418
9365	3	444
7784	1	7984
5065	1	5064
10328	0	10234
418	3	435
10624	1	10648
9947	3	2097
4843	0	4834
6	0	1
4147	3	583
1424	0	1359
9797	2	3281
1995	1	2001
1884	3	280
9329	1	9348
716	0	418
10962	1	10961
10469	1	10524
7212	3	2816
10024	1	10052
11	1	53
9804	3	4724
1199	0	1194
3481	1	3480
7514	1	7711
3593	0	3561
8177	0	8167
8245	3	450
140	2	3216
7884	1	8144
9224	4	9194
7204	3	3412
4402	0	4332
6019	3	818
9072	0	9060
1880	3	821
2232	0	2211
6875	1	6965
6344	3	3973
4256	2	3160
6299	0	6250
4282	3	4291
4385	0	4332
1520	0	1507
5925	3	5972
2215	0	2211
2770	0	2699
7286	0	6249
10702	1	10735
6253	0	284
6282	0	6250
9717	3	169
1192	3	533
221	0	181
4177	2	3261
6577	1	6818
1233	1	1301
3989	3	3406
8263	0	8244
10083	0	10061
6279	1	6312
3228	2	2828
1526	0	1509
1920	0	1470
2678	4	2587
1253	0	1194
5659	4	5544
2698	3	2295
7172	3	2113
204	0	181
277	2	3218
5693	4	5696
10889	1	10888
9278	4	9194
2406	0	2355
5653	0	5524
7748	1	7959
4904	3	2138
3422	0	3396
2256	2	9062
10204	0	10185
10587	0	10573
539	2	7224
6932	0	6855
10441	0	10432
116	1	136
447	2	3216
174	2	8506
4851	0	4832
4116	0	4254
2715	1	2733
3618	0	3559
9822	0	9804
6428	1	6669
709	0	703
876	3	911
1113	1	1112
9362	3	5975
7517	1	7714
10704	0	10685
3601	0	3559
8620	2	4098
914	0	917
5466	3	1965
9805	0	9804
1915	0	1881
3474	4	3477
2989	1	3085
5506	1	5513
8670	1	8669
5101	1	5100
753	0	710
7077	0	7042
10514	1	10570
4722	2	5484
3584	0	3559
5823	1	5851
2316	0	2306
181	3	284
1898	0	1881
917	3	169
280	2	6264
736	0	710
7060	0	7042
2481	0	2477
584	2	10415
2699	3	2005
8288	0	8242
6869	0	6853
6051	3	909
6893	1	6983
8760	1	8761
5889	4	5747
9794	3	2372
3574	1	3692
8479	3	3410
272	2	10051
3559	3	3672
3340	0	3302
3396	3	1488
4576	0	4492
10670	0	10664
8271	0	8242
6852	0	6853
10234	3	1637
4442	0	4332
1578	0	1359
4382	1	4386
3592	0	3504
3185	0	3178
271	2	1480
212	0	179
10614	3	10755
3287	1	3294
3323	0	3302
9786	3	2372
4559	0	4492
2497	0	2355
7444	1	7641
7168	3	817
8254	0	8242
813	2	10456
4002	3	3985
1512	1	1531
175	2	3550
1561	0	1359
5713	1	5730
2055	0	2049
3430	0	3394
9754	0	9726
2260	3	811
2009	2	296
6940	0	6853
4757	1	4793
4542	0	4492
2480	0	2355
169	2	10418
6858	0	6855
324	1	323
4018	0	3985
3315	0	3302
342	0	303
6923	0	6853
9027	0	6249
9726	2	3257
2924	0	2699
8239	3	269
1509	3	280
1195	3	1343
4001	0	3985
2222	0	1507
8946	0	8941
8290	0	8238
8820	1	8817
9119	0	9102
2352	2	5482
7330	1	7529
303	3	549
922	0	915
761	0	708
3984	0	3985
10383	0	10367
1590	1	1618
9867	0	9850
9481	1	9545
6904	0	6344
1562	3	276
8273	0	8238
10779	0	10759
5490	3	552
1880	2	1966
2100	2	2088
7068	0	7040
2656	0	2355
5165	0	5029
9432	0	9425
6887	0	6344
6877	0	6851
2306	3	276
2048	3	583
749	0	703
2260	3	140
8448	0	8437
5422	1	5421
9090	0	9097
9426	3	962
9374	0	9362
4104	3	172
6860	0	6851
567	2	6259
8482	3	174
4832	3	821
3242	0	3229
732	0	703
9739	0	9722
3228	2	3259
5174	0	5173
8471	3	2294
4987	1	4996
8678	3	543
1444	1	1443
6148	1	6147
2482	0	2476
7172	3	450
10390	0	9069
724	0	703
1194	2	1355
3602	1	3738
5946	0	5799
3771	0	3504
5138	4	5029
5747	3	5744
3507	0	177
4863	0	4837
9753	0	9714
303	3	817
10385	0	10363
10025	0	9998
7462	1	7659
140	2	3326
10670	1	10678
9364	3	8356
915	3	963
3876	0	3504
7764	1	8110
5929	0	5799
2895	1	3029
3754	0	3504
4833	2	4898
10715	0	10686
10444	1	10452
4846	0	4837
2763	0	2736
9707	3	585
8298	0	8236
5747	3	1556
3859	0	3504
1723	0	1359
764	0	711
5767	0	5746
1879	2	1967
1593	0	1575
14	1	56
5906	0	5901
10698	0	10686
4014	0	3989
8633	1	8632
6204	1	6228
7365	0	7322
967	1	1028
1725	1	1847
297	2	4251
667	1	666
1909	0	1882
8852	1	8878
1706	0	1359
5750	0	5746
7099	0	7094
10996	0	10761
9425	3	963
10383	1	10405
605	4	303
9475	0	9460
6038	3	6051
9802	3	2207
10898	4	10761
7348	0	7322
8383	3	818
5718	3	447
8834	3	963
4472	3	1663
3241	0	3230
1689	0	1359
6340	3	86
11003	4	10761
5719	3	1639
7864	1	8043
277	2	3328
465	1	503
1359	3	1842
10780	0	10761
7293	0	7176
4865	0	4833
10584	0	10574
3622	1	3741
9097	3	277
8471	3	818
470	0	303
6580	1	6821
10763	0	10761
10864	4	10761
1007	0	969
5453	1	5451
8164	2	3335
6282	1	6315
447	2	3326
4848	0	4833
1862	2	5484
7285	0	7176
8479	3	2097
10969	4	10761
4904	3	1093
3420	1	3450
9890	0	9850
990	0	969
4016	0	3985
3989	3	1556
7421	1	7618
4332	3	2295
4735	3	172
6250	2	6268
5726	0	5715
10851	0	10761
761	1	826
417	0	420
10614	3	582
2064	0	2049
1346	2	8505
5049	1	5048
9091	3	1088
5437	4	5173
2013	0	1359
585	2	9061
8243	3	870
10437	3	2294
444	2	10087
1895	0	1882
4332	3	551
4156	0	4147
1884	3	1492
8432	1	8434
7086	0	177
10939	0	10761
5420	4	5173
8285	0	8243
1996	0	1359
8695	0	8678
4508	0	4495
4978	2	10456
8404	3	3676
1527	0	1359
7498	1	7695
1429	4	1359
2699	2	2829
4573	0	4493
8268	0	8243
32	1	74
4491	0	4495
760	0	704
3886	1	3950
8413	0	8481
8597	3	1842
308	0	303
5012	0	5007
8481	3	8509
1672	3	1494
4327	2	4046
4780	0	4755
4556	0	4493
7250	1	7268
8291	0	8245
579	2	6264
8251	0	8243
6896	1	6986
743	0	704
10364	2	2831
1471	3	295
3512	0	3502
744	0	708
3899	0	3504
8172	1	8208
11053	0	10761
8256	0	8238
10147	1	10146
6937	0	6854
2067	0	1359
10188	1	10209
8701	1	8710
4579	0	4495
4763	0	4755
8176	0	8153
8488	0	4733
8274	0	8245
2222	1	2243
3180	3	2005
10624	0	10614
10512	0	10460
4471	0	4332
6920	0	6854
3290	1	3297
1359	3	2005
9964	0	8382
4562	0	4495
2054	0	1882
1182	4	969
4254	3	277
1884	3	821
5944	0	5799
9947	3	9993
1851	0	1359
6422	0	6344
4184	0	4102
484	0	707
5457	3	2097
837	3	277
7397	0	7322
149	0	143
363	4	301
7051	4	177
4706	0	4702
2312	1	2335
4832	3	447
7189	1	7200
8289	1	8344
7502	0	7322
9748	0	9719
7082	0	7041
11124	0	10761
467	0	707
346	4	301
7380	0	7322
8404	3	911
10665	1	10683
9139	0	9105
2063	1	2083
2321	0	2305
1903	0	1880
2264	3	295
7485	0	7322
3397	3	3411
5799	3	280
3549	2	3551
329	4	301
5722	0	5719
9122	0	9105
2982	1	3079
303	3	443
970	0	966
459	0	707
1760	0	1680
9460	3	9716
10088	0	10089
1886	0	1880
8183	0	8165
7170	3	1862
7468	0	7322
2699	2	1353
5104	4	5029
1135	0	969
4499	0	4493
2358	3	557
2746	1	2782
1743	0	1680
9518	0	9457
8281	0	8236
316	0	301
2103	2	2091
7451	0	7322
6899	1	6989
5190	4	5176
4788	0	4753
9435	0	9428
10759	3	582
6096	1	6095
10364	2	1355
4002	3	175
1562	3	870
282	2	2091
2047	3	2109
8744	1	8745
5096	4	5029
8264	0	8236
9614	1	9672
8243	3	817
2465	4	2355
2608	1	2607
4506	1	4602
2715	0	2699
6088	0	6038
9742	0	9725
8968	0	8940
9104	3	3090
8247	0	8236
418	3	439
1259	0	1192
4830	2	4899
1213	1	1281
3710	4	3504
210	0	179
4545	0	4332
11072	4	10761
8951	0	8940
5724	0	5715
5574	4	5523
4942	0	4940
143	3	171
3175	0	3167
8471	3	444
3592	0	3561
453	0	303
7090	0	7039
2229	0	1359
4528	0	4332
6054	0	6038
876	3	297
7775	0	7322
9108	2	3337
1882	3	1492
8582	1	8590
818	2	2429
3502	3	3676
1704	1	1787
403	1	404
4511	0	4332
6037	0	6038
7880	0	7322
9437	0	9424
999	0	966
3986	2	4046
7821	1	8012
5540	4	5523
3640	0	3502
2044	2	3548
9474	1	9539
6142	0	6038
5650	1	5651
8649	0	8620
7863	0	7322
8480	3	2113
8404	3	8429
6250	2	1356
5379	0	5176
3623	0	3502
7161	3	140
5940	0	5926
8818	3	174
1975	0	1970
2992	1	3088
5628	4	5523
10366	2	5798
7867	1	8046
7272	0	7274
4492	3	1642
9069	3	3671
9030	1	9053
3558	1	3684
4433	3	2286
2260	3	2291
10587	0	10577
3346	0	3300
6253	0	6249
10441	0	10436
93	2	4251
10440	3	1843
1514	0	1508
9876	1	9923
7094	2	3551
218	0	177
299	3	570
9324	0	9319
842	0	836
5641	0	5523
709	0	707
4856	0	4831
5378	4	5173
1884	2	1966
10259	1	10290
4733	3	1843
4019	0	3988
2772	0	2699
7424	1	7621
2699	3	2814
2260	3	1486
6891	0	6344
9361	1	9413
4839	0	4831
6249	2	6259
962	2	8506
425	0	418
4722	2	5488
6874	0	6344
9823	0	9788
5943	0	5747
6405	0	6344
7	1	50
4181	0	4175
8243	3	175
1340	2	3216
153	1	164
5747	3	5801
5243	0	5173
3180	2	3257
8222	0	8217
280	2	6268
6197	1	6222
9603	0	9460
7083	4	7042
2905	1	3157
10949	1	10948
8296	0	8236
7172	3	7273
2737	2	446
576	2	6265
6857	0	6344
2717	1	2724
6388	0	6344
7501	1	7698
9998	3	280
1476	0	1472
3161	2	3165
9824	0	9795
10443	0	10432
3396	3	1492
2304	0	2305
9505	1	9569
2259	3	276
6249	3	579
6371	0	6344
8583	1	8589
10586	0	10578
1705	1	1786
6272	2	6267
6199	0	6038
9807	0	9795
3398	1	3402
7182	0	7180
3410	2	3551
7920	0	7322
1129	1	1128
4002	3	3989
5314	0	5173
4492	3	3549
10689	1	10722
4391	2	2713
7213	0	7172
299	3	1188
7903	0	7322
2225	1	2246
7168	3	2110
4018	0	3989
200	0	178
